/* ####### body_detect_cfg.cfg converted to body_detect_cfg.h file! ####### */

#ifndef __BODYDETECT_CFG_H__
#define __BODYDETECT_CFG_H__ 

unsigned char bodydetect_cfg[] = {
	0x72, 0x00, 0x00, 0x00, 0xEE, 0x7C, 0x00, 0x00, 0x0A, 0x0B, 0x54, 0x53, 0x48, 0x2D, 0x54, 0x48,
	0x49, 0x4E, 0x4B, 0x45, 0x52, 0x12, 0x04, 0x44, 0x54, 0x35, 0x36, 0x1A, 0x11, 0x44, 0x54, 0x35,
	0x36, 0x5F, 0x56, 0x31, 0x2E, 0x33, 0x2E, 0x30, 0x2E, 0x36, 0x5F, 0x31, 0x2E, 0x30, 0x2A, 0xE2,
	0x01, 0x08, 0x80, 0x80, 0x5A, 0x12, 0x36, 0x08, 0x00, 0x12, 0x13, 0x69, 0x6E, 0x70, 0x75, 0x74,
	0x5F, 0x63, 0x75, 0x73, 0x74, 0x6F, 0x6D, 0x5F, 0x69, 0x6E, 0x70, 0x75, 0x74, 0x5F, 0x18, 0x01,
	0x20, 0x80, 0x03, 0x28, 0x80, 0x05, 0x30, 0x03, 0x38, 0x00, 0x40, 0x00, 0x48, 0x08, 0x50, 0x01,
	0x58, 0x01, 0x60, 0x00, 0x6D, 0x00, 0x00, 0x80, 0x3F, 0x70, 0x00, 0x78, 0x00, 0x12, 0x36, 0x08,
	0x01, 0x12, 0x13, 0x6D, 0x6F, 0x64, 0x65, 0x6C, 0x2E, 0x6D, 0x6F, 0x64, 0x65, 0x6C, 0x2E, 0x32,
	0x34, 0x2E, 0x61, 0x63, 0x74, 0x31, 0x18, 0x01, 0x20, 0x30, 0x28, 0x50, 0x30, 0x12, 0x38, 0x80,
	0xF0, 0x01, 0x40, 0x07, 0x48, 0x08, 0x50, 0x01, 0x58, 0x00, 0x60, 0x00, 0x6D, 0xBE, 0x37, 0x80,
	0x3B, 0x70, 0x00, 0x78, 0x00, 0x12, 0x34, 0x08, 0x02, 0x12, 0x13, 0x6D, 0x6F, 0x64, 0x65, 0x6C,
	0x2E, 0x6D, 0x6F, 0x64, 0x65, 0x6C, 0x2E, 0x32, 0x34, 0x2E, 0x61, 0x63, 0x74, 0x32, 0x18, 0x01,
	0x20, 0x18, 0x28, 0x28, 0x30, 0x12, 0x38, 0x00, 0x40, 0x07, 0x48, 0x08, 0x50, 0x01, 0x58, 0x00,
	0x60, 0x00, 0x6D, 0xC7, 0xCE, 0x7F, 0x3B, 0x70, 0x00, 0x78, 0x00, 0x12, 0x36, 0x08, 0x03, 0x12,
	0x13, 0x6D, 0x6F, 0x64, 0x65, 0x6C, 0x2E, 0x6D, 0x6F, 0x64, 0x65, 0x6C, 0x2E, 0x32, 0x34, 0x2E,
	0x61, 0x63, 0x74, 0x33, 0x18, 0x01, 0x20, 0x0C, 0x28, 0x14, 0x30, 0x12, 0x38, 0x80, 0xB0, 0x09,
	0x40, 0x07, 0x48, 0x08, 0x50, 0x01, 0x58, 0x00, 0x60, 0x00, 0x6D, 0x48, 0x4B, 0x7C, 0x3B, 0x70,
	0x00, 0x78, 0x00, 0x32, 0xED, 0xF1, 0x01, 0x0A, 0x02, 0x08, 0x00, 0x12, 0x06, 0x08, 0x01, 0x08,
	0x02, 0x08, 0x03, 0x1A, 0xDD, 0xF1, 0x01, 0x12, 0x90, 0xF1, 0x01, 0x00, 0x00, 0x00, 0x00, 0x00,
	0x00, 0x00, 0x00, 0x00, 0x00, 0x00, 0x00, 0x00, 0x00, 0x14, 0x00, 0x00, 0x00, 0x00, 0x00, 0x00,
	0x00, 0x00, 0x00, 0x66, 0x00, 0x00, 0x00, 0x20, 0x00, 0x50, 0x05, 0x00, 0x00, 0x00, 0x00, 0x3D,
	0x9F, 0x22, 0x02, 0x20, 0x02, 0x80, 0x88, 0x08, 0x00, 0x04, 0x00, 0x28, 0x00, 0x00, 0x00, 0x00,
	0x00, 0x00, 0x00, 0x00, 0x00, 0x00, 0x00, 0x38, 0x00, 0x00, 0x00, 0x00, 0x00, 0x00, 0x00, 0x00,
	0x00, 0x4A, 0x23, 0x16, 0x00, 0x00, 0x00, 0x00, 0x00, 0x30, 0x00, 0x00, 0x00, 0x00, 0x00, 0x26,
	0x00, 0x00, 0x00, 0x00, 0x00, 0x01, 0x00, 0x00, 0x00, 0x00, 0x00, 0x29, 0x60, 0x00, 0x04, 0x00,
	0x00, 0x00, 0x00, 0x00, 0x80, 0x01, 0x00, 0x28, 0x00, 0x00, 0x00, 0x00, 0x00, 0x00, 0x00, 0x00,
	0x00, 0x00, 0x00, 0x38, 0x00, 0x00, 0x00, 0x00, 0x00, 0x00, 0x00, 0x00, 0x00, 0x48, 0x2B, 0x16,
	0x20, 0x01, 0x00, 0x00, 0x00, 0x6C, 0x00, 0x10, 0x0C, 0x00, 0x00, 0x26, 0x00, 0x00, 0x00, 0x01,
	0x80, 0x01, 0x00, 0x3C, 0x00, 0x00, 0x00, 0x29, 0x38, 0x08, 0x00, 0x04, 0x80, 0x01, 0x12, 0x7C,
	0x80, 0x00, 0x00, 0x76, 0x00, 0x03, 0x00, 0x00, 0x00, 0x80, 0x42, 0x00, 0x00, 0x00, 0x00, 0x00,
	0x00, 0x00, 0x00, 0x00, 0x00, 0x00, 0x00, 0x00, 0x00, 0x00, 0x00, 0x00, 0x00, 0x14, 0x00, 0x00,
	0x00, 0x00, 0x00, 0x00, 0x00, 0x00, 0x00, 0x66, 0x00, 0x00, 0x00, 0x20, 0x00, 0xF0, 0x05, 0x00,
	0x18, 0x01, 0x00, 0x3D, 0xDF, 0x23, 0x02, 0x20, 0x02, 0x80, 0x88, 0x08, 0x00, 0x04, 0x00, 0x28,
	0x00, 0x00, 0x00, 0x00, 0x00, 0x00, 0x00, 0x00, 0x00, 0x00, 0x00, 0x38, 0x00, 0x00, 0x00, 0x00,
	0x00, 0x00, 0x00, 0x00, 0x00, 0x4A, 0x23, 0x16, 0x00, 0x00, 0x00, 0x00, 0x00, 0x30, 0x00, 0x00,
	0x00, 0x00, 0x00, 0x26, 0x00, 0x00, 0x00, 0x00, 0x00, 0x01, 0x00, 0x14, 0x00, 0x00, 0x00, 0x29,
	0x60, 0x0C, 0x10, 0x08, 0x00, 0x00, 0x00, 0x14, 0x80, 0x01, 0x00, 0x28, 0x00, 0x00, 0x00, 0x00,
	0x00, 0x00, 0x00, 0x00, 0x00, 0x00, 0x00, 0x38, 0x00, 0x00, 0x00, 0x00, 0x00, 0x00, 0x00, 0x00,
	0x00, 0x48, 0x2B, 0x16, 0x20, 0x01, 0x00, 0x00, 0x00, 0x6C, 0x00, 0x10, 0x0C, 0x00, 0x00, 0x26,
	0x00, 0x00, 0x00, 0x01, 0x80, 0x01, 0x00, 0x28, 0x00, 0x00, 0x00, 0x29, 0x38, 0x08, 0x0C, 0x0C,
	0x80, 0x01, 0x12, 0x68, 0x80, 0x00, 0x00, 0x76, 0x00, 0x03, 0x00, 0x00, 0x00, 0x80, 0x42, 0x00,
	0xA0, 0x00, 0x00, 0x00, 0x00, 0x00, 0x00, 0x00, 0x00, 0x00, 0x00, 0x00, 0x00, 0x00, 0x00, 0x00,
	0x00, 0x14, 0x00, 0x00, 0x00, 0x00, 0x00, 0x00, 0x00, 0x00, 0x00, 0x66, 0x00, 0x00, 0x00, 0x20,
	0x00, 0xF0, 0x05, 0x00, 0x58, 0x02, 0x00, 0x3D, 0xDF, 0x23, 0x02, 0x20, 0x02, 0x80, 0x88, 0x08,
	0x00, 0x04, 0x00, 0x28, 0x00, 0x00, 0x00, 0x00, 0x00, 0x00, 0x00, 0x00, 0x00, 0x00, 0x00, 0x38,
	0x00, 0x00, 0x00, 0x00, 0x00, 0x00, 0x00, 0x00, 0x00, 0x4A, 0x23, 0x16, 0x00, 0x00, 0x00, 0x00,
	0x00, 0x30, 0x00, 0x00, 0x00, 0x00, 0x00, 0x26, 0x00, 0x00, 0x00, 0x00, 0x00, 0x01, 0x00, 0x00,
	0x00, 0x00, 0x00, 0x29, 0x60, 0x0C, 0x10, 0x08, 0x00, 0x00, 0x00, 0x00, 0x80, 0x01, 0x00, 0x28,
	0x00, 0x00, 0x00, 0x00, 0x00, 0x00, 0x00, 0x00, 0x00, 0x00, 0x00, 0x38, 0x00, 0x00, 0x00, 0x00,
	0x00, 0x00, 0x00, 0x00, 0x00, 0x48, 0x2B, 0x16, 0x20, 0x01, 0x00, 0x00, 0x00, 0x6C, 0x00, 0x10,
	0x0C, 0x00, 0x00, 0x26, 0x00, 0x00, 0x00, 0x01, 0x80, 0x01, 0x00, 0x3C, 0x00, 0x00, 0x00, 0x29,
	0x38, 0x08, 0x0C, 0x0C, 0x80, 0x01, 0x12, 0x7C, 0x80, 0x00, 0x00, 0x76, 0x00, 0x03, 0x00, 0x00,
	0x00, 0x80, 0x42, 0x00, 0x40, 0x01, 0x00, 0x00, 0x00, 0x00, 0x00, 0x00, 0x00, 0x00, 0x00, 0x00,
	0x00, 0x00, 0x00, 0x00, 0x00, 0x14, 0x00, 0x00, 0x00, 0x00, 0x00, 0x00, 0x00, 0x00, 0x00, 0x66,
	0x00, 0x00, 0x00, 0x20, 0x00, 0xF0, 0x05, 0x00, 0x98, 0x03, 0x00, 0x3D, 0xDF, 0x23, 0x02, 0x20,
	0x02, 0x80, 0x88, 0x08, 0x00, 0x04, 0x00, 0x28, 0x00, 0x00, 0x00, 0x00, 0x00, 0x00, 0x00, 0x00,
	0x00, 0x00, 0x00, 0x38, 0x00, 0x00, 0x00, 0x00, 0x00, 0x00, 0x00, 0x00, 0x00, 0x4A, 0x23, 0x16,
	0x00, 0x00, 0x00, 0x00, 0x00, 0x30, 0x00, 0x00, 0x00, 0x00, 0x00, 0x26, 0x00, 0x00, 0x00, 0x00,
	0x00, 0x01, 0x00, 0x14, 0x00, 0x00, 0x00, 0x29, 0x60, 0x0C, 0x10, 0x08, 0x00, 0x00, 0x00, 0x14,
	0x80, 0x01, 0x00, 0x28, 0x00, 0x00, 0x00, 0x00, 0x00, 0x00, 0x00, 0x00, 0x00, 0x00, 0x00, 0x38,
	0x00, 0x00, 0x00, 0x00, 0x00, 0x00, 0x00, 0x00, 0x00, 0x48, 0x2B, 0x16, 0x20, 0x01, 0x00, 0x00,
	0x00, 0x6C, 0x00, 0x10, 0x0C, 0x00, 0x00, 0x26, 0x00, 0x00, 0x00, 0x01, 0x80, 0x01, 0x00, 0x28,
	0x00, 0x00, 0x00, 0x29, 0x38, 0x08, 0x0C, 0x0C, 0x80, 0x01, 0x12, 0x68, 0x80, 0x00, 0x00, 0x76,
	0x00, 0x03, 0x00, 0x00, 0x00, 0x80, 0x42, 0x00, 0xE0, 0x01, 0x00, 0x00, 0x00, 0x00, 0x00, 0x00,
	0x00, 0x00, 0x00, 0x00, 0x00, 0x00, 0x00, 0x00, 0x00, 0x14, 0x00, 0x00, 0x00, 0x00, 0x00, 0x00,
	0x00, 0x00, 0x00, 0x66, 0x00, 0x00, 0x00, 0x20, 0x00, 0xF0, 0x05, 0x00, 0xD8, 0x04, 0x00, 0x3D,
	0xDF, 0x23, 0x02, 0x20, 0x02, 0x80, 0x88, 0x08, 0x00, 0x04, 0x00, 0x28, 0x00, 0x00, 0x00, 0x00,
	0x00, 0x00, 0x00, 0x00, 0x00, 0x00, 0x00, 0x38, 0x00, 0x00, 0x00, 0x00, 0x00, 0x00, 0x00, 0x00,
	0x00, 0x4A, 0x23, 0x16, 0x00, 0x00, 0x00, 0x00, 0x00, 0x30, 0x00, 0x00, 0x00, 0x00, 0x00, 0x26,
	0x00, 0x00, 0x00, 0x00, 0x00, 0x01, 0x00, 0x00, 0x00, 0x00, 0x00, 0x29, 0x60, 0x0C, 0x10, 0x08,
	0x00, 0x00, 0x00, 0x00, 0x80, 0x01, 0x00, 0x28, 0x00, 0x00, 0x00, 0x00, 0x00, 0x00, 0x00, 0x00,
	0x00, 0x00, 0x00, 0x38, 0x00, 0x00, 0x00, 0x00, 0x00, 0x00, 0x00, 0x00, 0x00, 0x48, 0x2B, 0x16,
	0x20, 0x01, 0x00, 0x00, 0x00, 0x6C, 0x00, 0x10, 0x0C, 0x00, 0x00, 0x26, 0x00, 0x00, 0x00, 0x01,
	0x80, 0x01, 0x00, 0x3C, 0x00, 0x00, 0x00, 0x29, 0x38, 0x08, 0x0C, 0x0C, 0x80, 0x01, 0x12, 0x7C,
	0x80, 0x00, 0x00, 0x76, 0x00, 0x03, 0x00, 0x00, 0x00, 0x80, 0x42, 0x00, 0x80, 0x02, 0x00, 0x00,
	0x00, 0x00, 0x00, 0x00, 0x00, 0x00, 0x00, 0x00, 0x00, 0x00, 0x00, 0x00, 0x00, 0x14, 0x00, 0x00,
	0x00, 0x00, 0x00, 0x00, 0x00, 0x00, 0x00, 0x66, 0x00, 0x00, 0x00, 0x20, 0x00, 0xF0, 0x05, 0x00,
	0x18, 0x06, 0x00, 0x3D, 0xDF, 0x23, 0x02, 0x20, 0x02, 0x80, 0x88, 0x08, 0x00, 0x04, 0x00, 0x28,
	0x00, 0x00, 0x00, 0x00, 0x00, 0x00, 0x00, 0x00, 0x00, 0x00, 0x00, 0x38, 0x00, 0x00, 0x00, 0x00,
	0x00, 0x00, 0x00, 0x00, 0x00, 0x4A, 0x23, 0x16, 0x00, 0x00, 0x00, 0x00, 0x00, 0x30, 0x00, 0x00,
	0x00, 0x00, 0x00, 0x26, 0x00, 0x00, 0x00, 0x00, 0x00, 0x01, 0x00, 0x14, 0x00, 0x00, 0x00, 0x29,
	0x60, 0x0C, 0x10, 0x08, 0x00, 0x00, 0x00, 0x14, 0x80, 0x01, 0x00, 0x28, 0x00, 0x00, 0x00, 0x00,
	0x00, 0x00, 0x00, 0x00, 0x00, 0x00, 0x00, 0x38, 0x00, 0x00, 0x00, 0x00, 0x00, 0x00, 0x00, 0x00,
	0x00, 0x48, 0x2B, 0x16, 0x20, 0x01, 0x00, 0x00, 0x00, 0x6C, 0x00, 0x10, 0x0C, 0x00, 0x00, 0x26,
	0x00, 0x00, 0x00, 0x01, 0x80, 0x01, 0x00, 0x28, 0x00, 0x00, 0x00, 0x29, 0x38, 0x08, 0x0C, 0x0C,
	0x80, 0x01, 0x12, 0x68, 0x80, 0x00, 0x00, 0x76, 0x00, 0x03, 0x00, 0x00, 0x00, 0x80, 0x42, 0x00,
	0x20, 0x03, 0x00, 0x00, 0x00, 0x00, 0x00, 0x00, 0x00, 0x00, 0x00, 0x00, 0x00, 0x00, 0x00, 0x00,
	0x00, 0x14, 0x00, 0x00, 0x00, 0x00, 0x00, 0x00, 0x00, 0x00, 0x00, 0x66, 0x00, 0x00, 0x00, 0x20,
	0x00, 0xF0, 0x05, 0x00, 0x58, 0x07, 0x00, 0x3D, 0xDF, 0x23, 0x02, 0x20, 0x02, 0x80, 0x88, 0x08,
	0x00, 0x04, 0x00, 0x28, 0x00, 0x00, 0x00, 0x00, 0x00, 0x00, 0x00, 0x00, 0x00, 0x00, 0x00, 0x38,
	0x00, 0x00, 0x00, 0x00, 0x00, 0x00, 0x00, 0x00, 0x00, 0x4A, 0x23, 0x16, 0x00, 0x00, 0x00, 0x00,
	0x00, 0x30, 0x00, 0x00, 0x00, 0x00, 0x00, 0x26, 0x00, 0x00, 0x00, 0x00, 0x00, 0x01, 0x00, 0x00,
	0x00, 0x00, 0x00, 0x29, 0x60, 0x0C, 0x10, 0x08, 0x00, 0x00, 0x00, 0x00, 0x80, 0x01, 0x00, 0x28,
	0x00, 0x00, 0x00, 0x00, 0x00, 0x00, 0x00, 0x00, 0x00, 0x00, 0x00, 0x38, 0x00, 0x00, 0x00, 0x00,
	0x00, 0x00, 0x00, 0x00, 0x00, 0x48, 0x2B, 0x16, 0x20, 0x01, 0x00, 0x00, 0x00, 0x6C, 0x00, 0x10,
	0x0C, 0x00, 0x00, 0x26, 0x00, 0x00, 0x00, 0x01, 0x80, 0x01, 0x00, 0x3C, 0x00, 0x00, 0x00, 0x29,
	0x38, 0x08, 0x0C, 0x0C, 0x80, 0x01, 0x12, 0x7C, 0x80, 0x00, 0x00, 0x76, 0x00, 0x03, 0x00, 0x00,
	0x00, 0x80, 0x42, 0x00, 0xC0, 0x03, 0x00, 0x00, 0x00, 0x00, 0x00, 0x00, 0x00, 0x00, 0x00, 0x00,
	0x00, 0x00, 0x00, 0x00, 0x00, 0x14, 0x00, 0x00, 0x00, 0x00, 0x00, 0x00, 0x00, 0x00, 0x00, 0x66,
	0x00, 0x00, 0x00, 0x20, 0x00, 0xF0, 0x05, 0x00, 0x98, 0x08, 0x00, 0x3D, 0xDF, 0x23, 0x02, 0x20,
	0x02, 0x80, 0x88, 0x08, 0x00, 0x04, 0x00, 0x28, 0x00, 0x00, 0x00, 0x00, 0x00, 0x00, 0x00, 0x00,
	0x00, 0x00, 0x00, 0x38, 0x00, 0x00, 0x00, 0x00, 0x00, 0x00, 0x00, 0x00, 0x00, 0x4A, 0x23, 0x16,
	0x00, 0x00, 0x00, 0x00, 0x00, 0x30, 0x00, 0x00, 0x00, 0x00, 0x00, 0x26, 0x00, 0x00, 0x00, 0x00,
	0x00, 0x01, 0x00, 0x14, 0x00, 0x00, 0x00, 0x29, 0x60, 0x0C, 0x10, 0x08, 0x00, 0x00, 0x00, 0x14,
	0x80, 0x01, 0x00, 0x28, 0x00, 0x00, 0x00, 0x00, 0x00, 0x00, 0x00, 0x00, 0x00, 0x00, 0x00, 0x38,
	0x00, 0x00, 0x00, 0x00, 0x00, 0x00, 0x00, 0x00, 0x00, 0x48, 0x2B, 0x16, 0x20, 0x01, 0x00, 0x00,
	0x00, 0x6C, 0x00, 0x10, 0x0C, 0x00, 0x00, 0x26, 0x00, 0x00, 0x00, 0x01, 0x80, 0x01, 0x00, 0x28,
	0x00, 0x00, 0x00, 0x29, 0x38, 0x08, 0x0C, 0x0C, 0x80, 0x01, 0x12, 0x68, 0x80, 0x00, 0x00, 0x76,
	0x00, 0x03, 0x00, 0x00, 0x00, 0x80, 0x42, 0x00, 0x60, 0x04, 0x00, 0x00, 0x00, 0x00, 0x00, 0x00,
	0x00, 0x00, 0x00, 0x00, 0x00, 0x00, 0x00, 0x00, 0x00, 0x14, 0x00, 0x00, 0x00, 0x00, 0x00, 0x00,
	0x00, 0x00, 0x00, 0x66, 0x00, 0x00, 0x00, 0x20, 0x00, 0xF0, 0x05, 0x00, 0xD8, 0x09, 0x00, 0x3D,
	0xDF, 0x23, 0x02, 0x20, 0x02, 0x80, 0x88, 0x08, 0x00, 0x04, 0x00, 0x28, 0x00, 0x00, 0x00, 0x00,
	0x00, 0x00, 0x00, 0x00, 0x00, 0x00, 0x00, 0x38, 0x00, 0x00, 0x00, 0x00, 0x00, 0x00, 0x00, 0x00,
	0x00, 0x4A, 0x23, 0x16, 0x00, 0x00, 0x00, 0x00, 0x00, 0x30, 0x00, 0x00, 0x00, 0x00, 0x00, 0x26,
	0x00, 0x00, 0x00, 0x00, 0x00, 0x01, 0x00, 0x00, 0x00, 0x00, 0x00, 0x29, 0x60, 0x0C, 0x10, 0x08,
	0x00, 0x00, 0x00, 0x00, 0x80, 0x01, 0x00, 0x28, 0x00, 0x00, 0x00, 0x00, 0x00, 0x00, 0x00, 0x00,
	0x00, 0x00, 0x00, 0x38, 0x00, 0x00, 0x00, 0x00, 0x00, 0x00, 0x00, 0x00, 0x00, 0x48, 0x2B, 0x16,
	0x20, 0x01, 0x00, 0x00, 0x00, 0x6C, 0x00, 0x10, 0x0C, 0x00, 0x00, 0x26, 0x00, 0x00, 0x00, 0x01,
	0x80, 0x01, 0x00, 0x3C, 0x00, 0x00, 0x00, 0x29, 0x38, 0x08, 0x0C, 0x0C, 0x80, 0x01, 0x12, 0x7C,
	0x80, 0x00, 0x00, 0x76, 0x00, 0x03, 0x00, 0x00, 0x00, 0x80, 0x42, 0x00, 0x00, 0x05, 0x00, 0x00,
	0x00, 0x00, 0x00, 0x00, 0x00, 0x00, 0x00, 0x00, 0x00, 0x00, 0x00, 0x00, 0x00, 0x14, 0x00, 0x00,
	0x00, 0x00, 0x00, 0x00, 0x00, 0x00, 0x00, 0x66, 0x00, 0x00, 0x00, 0x20, 0x00, 0xF0, 0x05, 0x00,
	0x18, 0x0B, 0x00, 0x3D, 0xDF, 0x23, 0x02, 0x20, 0x02, 0x80, 0x88, 0x08, 0x00, 0x04, 0x00, 0x28,
	0x00, 0x00, 0x00, 0x00, 0x00, 0x00, 0x00, 0x00, 0x00, 0x00, 0x00, 0x38, 0x00, 0x00, 0x00, 0x00,
	0x00, 0x00, 0x00, 0x00, 0x00, 0x4A, 0x23, 0x16, 0x00, 0x00, 0x00, 0x00, 0x00, 0x30, 0x00, 0x00,
	0x00, 0x00, 0x00, 0x26, 0x00, 0x00, 0x00, 0x00, 0x00, 0x01, 0x00, 0x14, 0x00, 0x00, 0x00, 0x29,
	0x60, 0x0C, 0x10, 0x08, 0x00, 0x00, 0x00, 0x14, 0x80, 0x01, 0x00, 0x28, 0x00, 0x00, 0x00, 0x00,
	0x00, 0x00, 0x00, 0x00, 0x00, 0x00, 0x00, 0x38, 0x00, 0x00, 0x00, 0x00, 0x00, 0x00, 0x00, 0x00,
	0x00, 0x48, 0x2B, 0x16, 0x20, 0x01, 0x00, 0x00, 0x00, 0x6C, 0x00, 0x10, 0x0C, 0x00, 0x00, 0x26,
	0x00, 0x00, 0x00, 0x01, 0x80, 0x01, 0x00, 0x28, 0x00, 0x00, 0x00, 0x29, 0x38, 0x08, 0x0C, 0x0C,
	0x80, 0x01, 0x12, 0x68, 0x80, 0x00, 0x00, 0x76, 0x00, 0x03, 0x00, 0x00, 0x00, 0x80, 0x42, 0x00,
	0xA0, 0x05, 0x00, 0x00, 0x00, 0x00, 0x00, 0x00, 0x00, 0x00, 0x00, 0x00, 0x00, 0x00, 0x00, 0x00,
	0x00, 0x14, 0x00, 0x00, 0x00, 0x00, 0x00, 0x00, 0x00, 0x00, 0x00, 0x66, 0x00, 0x00, 0x00, 0x20,
	0x00, 0xF0, 0x05, 0x00, 0x58, 0x0C, 0x00, 0x3D, 0xDF, 0x23, 0x02, 0x20, 0x02, 0x80, 0x88, 0x08,
	0x00, 0x04, 0x00, 0x28, 0x00, 0x00, 0x00, 0x00, 0x00, 0x00, 0x00, 0x00, 0x00, 0x00, 0x00, 0x38,
	0x00, 0x00, 0x00, 0x00, 0x00, 0x00, 0x00, 0x00, 0x00, 0x4A, 0x23, 0x16, 0x00, 0x00, 0x00, 0x00,
	0x00, 0x30, 0x00, 0x00, 0x00, 0x00, 0x00, 0x26, 0x00, 0x00, 0x00, 0x00, 0x00, 0x01, 0x00, 0x00,
	0x00, 0x00, 0x00, 0x29, 0x60, 0x0C, 0x10, 0x08, 0x00, 0x00, 0x00, 0x00, 0x80, 0x01, 0x00, 0x28,
	0x00, 0x00, 0x00, 0x00, 0x00, 0x00, 0x00, 0x00, 0x00, 0x00, 0x00, 0x38, 0x00, 0x00, 0x00, 0x00,
	0x00, 0x00, 0x00, 0x00, 0x00, 0x48, 0x2B, 0x16, 0x20, 0x01, 0x00, 0x00, 0x00, 0x6C, 0x00, 0x10,
	0x0C, 0x00, 0x00, 0x26, 0x00, 0x00, 0x00, 0x01, 0x80, 0x01, 0x00, 0x3C, 0x00, 0x00, 0x00, 0x29,
	0x38, 0x08, 0x0C, 0x0C, 0x80, 0x01, 0x12, 0x7C, 0x80, 0x00, 0x00, 0x76, 0x00, 0x03, 0x00, 0x00,
	0x00, 0x80, 0x42, 0x00, 0x40, 0x06, 0x00, 0x00, 0x00, 0x00, 0x00, 0x00, 0x00, 0x00, 0x00, 0x00,
	0x00, 0x00, 0x00, 0x00, 0x00, 0x14, 0x00, 0x00, 0x00, 0x00, 0x00, 0x00, 0x00, 0x00, 0x00, 0x66,
	0x00, 0x00, 0x00, 0x20, 0x00, 0xA0, 0x05, 0x00, 0x98, 0x0D, 0x00, 0x3D, 0x3F, 0x23, 0x02, 0x20,
	0x02, 0x80, 0x88, 0x08, 0x00, 0x04, 0x00, 0x28, 0x00, 0x00, 0x00, 0x00, 0x00, 0x00, 0x00, 0x00,
	0x00, 0x00, 0x00, 0x38, 0x00, 0x00, 0x00, 0x00, 0x00, 0x00, 0x00, 0x00, 0x00, 0x4A, 0x23, 0x16,
	0x00, 0x00, 0x00, 0x00, 0x00, 0x30, 0x00, 0x00, 0x00, 0x00, 0x00, 0x26, 0x00, 0x00, 0x00, 0x00,
	0x00, 0x01, 0x00, 0x14, 0x00, 0x00, 0x00, 0x29, 0x60, 0x0C, 0x14, 0x10, 0x00, 0x00, 0x00, 0x14,
	0x80, 0x01, 0x00, 0x28, 0x00, 0x00, 0x00, 0x00, 0x00, 0x00, 0x00, 0x00, 0x00, 0x00, 0x00, 0x38,
	0x00, 0x00, 0x00, 0x00, 0x00, 0x00, 0x00, 0x00, 0x00, 0x48, 0x2B, 0x16, 0x20, 0x01, 0x00, 0x00,
	0x00, 0x6C, 0x00, 0x10, 0x0C, 0x00, 0x00, 0x26, 0x00, 0x00, 0x00, 0x01, 0x80, 0x01, 0x00, 0x28,
	0x00, 0x00, 0x00, 0x29, 0x38, 0x08, 0x0C, 0x0C, 0x80, 0x01, 0x12, 0x68, 0x80, 0x00, 0x00, 0x76,
	0x00, 0x03, 0x00, 0x00, 0x00, 0x80, 0x42, 0x00, 0xE0, 0x06, 0x00, 0x00, 0x00, 0x00, 0x00, 0x00,
	0x00, 0x00, 0x00, 0x00, 0x00, 0x00, 0x00, 0x00, 0x00, 0x14, 0x00, 0x00, 0x00, 0x00, 0x00, 0x00,
	0x00, 0x00, 0x00, 0x00, 0x00, 0x00, 0x00, 0x00, 0x00, 0x00, 0x00, 0x00, 0x00, 0x00, 0x00, 0x00,
	0x00, 0x14, 0x00, 0x00, 0x00, 0x00, 0x00, 0x00, 0x00, 0x00, 0x00, 0x66, 0x00, 0x00, 0x00, 0x00,
	0x00, 0x80, 0x07, 0x00, 0x00, 0x00, 0x00, 0x3D, 0xFF, 0x02, 0x00, 0x00, 0x00, 0x00, 0xF0, 0x0F,
	0x00, 0x06, 0x00, 0x28, 0x00, 0x00, 0x00, 0x00, 0x00, 0x00, 0x00, 0x00, 0x00, 0x00, 0x00, 0x38,
	0x00, 0x00, 0x00, 0x00, 0x00, 0x00, 0x00, 0x00, 0x00, 0x84, 0x2B, 0x16, 0x00, 0x00, 0x00, 0x00,
	0x00, 0x06, 0x00, 0x00, 0x27, 0x00, 0x00, 0x26, 0x00, 0x00, 0x00, 0x03, 0x00, 0x01, 0x00, 0x00,
	0x00, 0x00, 0x00, 0x29, 0x84, 0x18, 0x1C, 0x14, 0x00, 0x00, 0x00, 0x00, 0x80, 0x00, 0x00, 0x76,
	0x80, 0x00, 0x00, 0x00, 0x00, 0xC0, 0x03, 0x01, 0x80, 0x07, 0x00, 0x00, 0x00, 0x00, 0x00, 0x00,
	0x00, 0x00, 0x00, 0x00, 0x00, 0x00, 0x00, 0x00, 0x00, 0x14, 0x00, 0x00, 0x00, 0x00, 0x00, 0x00,
	0x00, 0x00, 0x00, 0x66, 0x00, 0x00, 0x00, 0x00, 0x00, 0x80, 0x07, 0x00, 0xE0, 0x01, 0x00, 0x3D,
	0xFF, 0x02, 0x00, 0x00, 0x00, 0x00, 0xF0, 0x0F, 0x00, 0x06, 0x00, 0x28, 0x00, 0x00, 0x00, 0x00,
	0x00, 0x00, 0x00, 0x00, 0x00, 0x00, 0x00, 0x38, 0x00, 0x00, 0x00, 0x00, 0x00, 0x00, 0x00, 0x00,
	0x00, 0x84, 0x2B, 0x16, 0x20, 0x01, 0x00, 0x00, 0x00, 0x06, 0x00, 0x10, 0x27, 0x00, 0x00, 0x26,
	0x00, 0x00, 0x00, 0x03, 0x00, 0x01, 0x00, 0x3C, 0x00, 0x00, 0x00, 0x29, 0x84, 0x18, 0x1C, 0x14,
	0x00, 0x00, 0x12, 0x7C, 0x80, 0x00, 0x00, 0x76, 0x80, 0x00, 0x00, 0x00, 0x00, 0xC0, 0x03, 0x01,
	0x70, 0x08, 0x00, 0x00, 0x00, 0x00, 0x00, 0x00, 0x00, 0x00, 0x00, 0x00, 0x00, 0x00, 0x00, 0x00,
	0x00, 0x14, 0x00, 0x00, 0x00, 0x00, 0x00, 0x00, 0x00, 0x00, 0x00, 0x66, 0x00, 0x00, 0x00, 0x00,
	0x00, 0x80, 0x07, 0x00, 0xC0, 0x03, 0x00, 0x3D, 0xFF, 0x02, 0x00, 0x00, 0x00, 0x00, 0xF0, 0x0F,
	0x00, 0x06, 0x00, 0x28, 0x00, 0x00, 0x00, 0x00, 0x00, 0x00, 0x00, 0x00, 0x00, 0x00, 0x00, 0x38,
	0x00, 0x00, 0x00, 0x00, 0x00, 0x00, 0x00, 0x00, 0x00, 0x84, 0x2B, 0x16, 0x00, 0x00, 0x00, 0x00,
	0x00, 0x06, 0x00, 0x00, 0x27, 0x00, 0x00, 0x26, 0x00, 0x00, 0x00, 0x03, 0x00, 0x01, 0x00, 0x14,
	0x00, 0x00, 0x00, 0x29, 0x84, 0x18, 0x1C, 0x14, 0x00, 0x00, 0x00, 0x14, 0x80, 0x00, 0x00, 0x76,
	0x80, 0x00, 0x00, 0x00, 0x00, 0xC0, 0x03, 0x01, 0x60, 0x09, 0x00, 0x00, 0x00, 0x00, 0x00, 0x00,
	0x00, 0x00, 0x00, 0x00, 0x00, 0x00, 0x00, 0x00, 0x00, 0x14, 0x00, 0x00, 0x00, 0x00, 0x00, 0x00,
	0x00, 0x00, 0x00, 0x66, 0x00, 0x00, 0x00, 0x00, 0x00, 0x80, 0x07, 0x00, 0xA0, 0x05, 0x00, 0x3D,
	0xFF, 0x02, 0x00, 0x00, 0x00, 0x00, 0xF0, 0x0F, 0x00, 0x06, 0x00, 0x28, 0x00, 0x00, 0x00, 0x00,
	0x00, 0x00, 0x00, 0x00, 0x00, 0x00, 0x00, 0x38, 0x00, 0x00, 0x00, 0x00, 0x00, 0x00, 0x00, 0x00,
	0x00, 0x84, 0x2B, 0x16, 0x20, 0x01, 0x00, 0x00, 0x00, 0x06, 0x00, 0x10, 0x27, 0x00, 0x00, 0x26,
	0x00, 0x00, 0x00, 0x03, 0x00, 0x01, 0x00, 0x28, 0x00, 0x00, 0x00, 0x29, 0x84, 0x18, 0x1C, 0x14,
	0x00, 0x00, 0x12, 0x68, 0x80, 0x00, 0x00, 0x76, 0x80, 0x00, 0x00, 0x00, 0x00, 0xC0, 0x03, 0x01,
	0x50, 0x0A, 0x00, 0x00, 0x00, 0x00, 0x00, 0x00, 0x00, 0x00, 0x00, 0x00, 0x00, 0x00, 0x00, 0x00,
	0x00, 0x14, 0x00, 0x00, 0x00, 0x00, 0x00, 0x00, 0x00, 0x00, 0x00, 0x00, 0x00, 0x00, 0x00, 0x00,
	0x00, 0x00, 0x00, 0x00, 0x00, 0x00, 0x00, 0x00, 0x00, 0x14, 0x00, 0x00, 0x00, 0x00, 0x00, 0x00,
	0x00, 0x00, 0x00, 0x66, 0xB0, 0x01, 0x00, 0x00, 0x00, 0x28, 0xC5, 0x00, 0x80, 0x07, 0x00, 0x3D,
	0xFF, 0x03, 0x00, 0xC0, 0xC3, 0x06, 0x00, 0x0F, 0x00, 0xCA, 0x00, 0x28, 0x00, 0x00, 0x00, 0x00,
	0x00, 0x00, 0x00, 0x00, 0x00, 0x00, 0x00, 0x38, 0x00, 0x00, 0x00, 0x00, 0x00, 0x00, 0x00, 0x00,
	0x00, 0x84, 0x2B, 0x16, 0x00, 0x00, 0x00, 0x02, 0x00, 0x06, 0x00, 0x00, 0x28, 0x00, 0x00, 0x26,
	0x00, 0x00, 0x00, 0x00, 0x00, 0x01, 0x00, 0x00, 0x01, 0x00, 0x00, 0x29, 0x00, 0x20, 0x20, 0x14,
	0xB4, 0x01, 0x00, 0x00, 0x80, 0x00, 0x04, 0x28, 0x00, 0x00, 0x00, 0x00, 0x00, 0x00, 0x00, 0x00,
	0x00, 0x00, 0x00, 0x38, 0x00, 0x00, 0x00, 0x00, 0x00, 0x00, 0x00, 0x00, 0x00, 0x46, 0x2B, 0x16,
	0x20, 0x01, 0x00, 0x00, 0x00, 0x36, 0x00, 0x10, 0x2A, 0x00, 0x00, 0x26, 0x00, 0x00, 0x00, 0x01,
	0x00, 0x01, 0x00, 0x3C, 0x01, 0x00, 0x00, 0x29, 0x70, 0x24, 0x20, 0x18, 0x00, 0x00, 0x12, 0x7C,
	0x80, 0x00, 0x00, 0x76, 0x00, 0x02, 0x00, 0x00, 0x00, 0x00, 0xC5, 0x00, 0x40, 0x0B, 0x00, 0x00,
	0x00, 0x00, 0x00, 0x00, 0x00, 0x00, 0x00, 0x00, 0x00, 0x00, 0x00, 0x00, 0x00, 0x14, 0x00, 0x00,
	0x00, 0x00, 0x00, 0x00, 0x00, 0x00, 0x00, 0x66, 0x60, 0x01, 0x00, 0x00, 0x00, 0x50, 0xC5, 0x00,
	0xB6, 0x08, 0x00, 0x3D, 0xFF, 0x03, 0x00, 0xC0, 0x83, 0x05, 0x00, 0x0F, 0x00, 0xCA, 0x00, 0x28,
	0x00, 0x00, 0x00, 0x00, 0x00, 0x00, 0x00, 0x00, 0x00, 0x00, 0x00, 0x38, 0x00, 0x00, 0x00, 0x00,
	0x00, 0x00, 0x00, 0x00, 0x00, 0x84, 0x2B, 0x16, 0x00, 0x00, 0x00, 0x02, 0x00, 0x06, 0x00, 0x00,
	0x28, 0x00, 0x00, 0x26, 0x00, 0x00, 0x00, 0x00, 0x00, 0x01, 0x00, 0x14, 0x01, 0x00, 0x00, 0x29,
	0x00, 0x28, 0x28, 0x14, 0xAC, 0x01, 0x00, 0x14, 0x80, 0x00, 0x00, 0x28, 0x00, 0x00, 0x00, 0x00,
	0x00, 0x00, 0x00, 0x00, 0x00, 0x00, 0x00, 0x38, 0x00, 0x00, 0x00, 0x00, 0x00, 0x00, 0x00, 0x00,
	0x00, 0x46, 0x2B, 0x16, 0x20, 0x01, 0x00, 0x00, 0x00, 0x36, 0x00, 0x10, 0x2A, 0x00, 0x00, 0x26,
	0x00, 0x00, 0x00, 0x01, 0x00, 0x01, 0x00, 0x28, 0x01, 0x00, 0x00, 0x29, 0x70, 0x24, 0x28, 0x1C,
	0x00, 0x00, 0x12, 0x68, 0x80, 0x00, 0x00, 0x76, 0x00, 0x02, 0x00, 0x00, 0x00, 0x00, 0xC5, 0x00,
	0x80, 0x0C, 0x00, 0x00, 0x00, 0x00, 0x00, 0x00, 0x00, 0x00, 0x00, 0x00, 0x00, 0x00, 0x00, 0x00,
	0x00, 0x14, 0x00, 0x00, 0x00, 0x00, 0x00, 0x00, 0x00, 0x00, 0x00, 0x66, 0xB0, 0x01, 0x00, 0x00,
	0x00, 0x28, 0xC5, 0x00, 0xF6, 0x09, 0x00, 0x3D, 0xFF, 0x03, 0x00, 0xC0, 0xC3, 0x06, 0x00, 0x0F,
	0x00, 0xCA, 0x00, 0x28, 0x00, 0x00, 0x00, 0x00, 0x00, 0x00, 0x00, 0x00, 0x00, 0x00, 0x00, 0x38,
	0x00, 0x00, 0x00, 0x00, 0x00, 0x00, 0x00, 0x00, 0x00, 0x84, 0x2B, 0x16, 0x00, 0x00, 0x00, 0x02,
	0x00, 0x06, 0x00, 0x00, 0x28, 0x00, 0x00, 0x26, 0x00, 0x00, 0x00, 0x00, 0x00, 0x01, 0x00, 0x00,
	0x01, 0x00, 0x00, 0x29, 0x00, 0x20, 0x20, 0x14, 0xB4, 0x01, 0x00, 0x00, 0x80, 0x00, 0x04, 0x28,
	0x00, 0x00, 0x00, 0x00, 0x00, 0x00, 0x00, 0x00, 0x00, 0x00, 0x00, 0x38, 0x00, 0x00, 0x00, 0x00,
	0x00, 0x00, 0x00, 0x00, 0x00, 0x46, 0x2B, 0x16, 0x20, 0x01, 0x00, 0x00, 0x00, 0x36, 0x00, 0x10,
	0x2A, 0x00, 0x00, 0x26, 0x00, 0x00, 0x00, 0x01, 0x00, 0x01, 0x00, 0x3C, 0x01, 0x00, 0x00, 0x29,
	0x70, 0x24, 0x20, 0x20, 0x00, 0x00, 0x12, 0x7C, 0x80, 0x00, 0x00, 0x76, 0x00, 0x02, 0x00, 0x00,
	0x00, 0x00, 0xC5, 0x00, 0xC0, 0x0D, 0x00, 0x00, 0x00, 0x00, 0x00, 0x00, 0x00, 0x00, 0x00, 0x00,
	0x00, 0x00, 0x00, 0x00, 0x00, 0x14, 0x00, 0x00, 0x00, 0x00, 0x00, 0x00, 0x00, 0x00, 0x00, 0x00,
	0x00, 0x00, 0x00, 0x00, 0x00, 0x00, 0x00, 0x00, 0x00, 0x00, 0x00, 0x00, 0x00, 0x14, 0x00, 0x00,
	0x00, 0x00, 0x00, 0x00, 0x00, 0x00, 0x00, 0x66, 0x00, 0x00, 0x00, 0x00, 0x00, 0xC0, 0x03, 0x00,
	0x80, 0x07, 0x00, 0x3D, 0x7F, 0x03, 0x00, 0xC0, 0x03, 0x00, 0x00, 0x0F, 0x00, 0x02, 0x00, 0x66,
	0x80, 0x00, 0x00, 0x00, 0x00, 0xC0, 0x03, 0x01, 0x40, 0x0B, 0x00, 0x3D, 0xFF, 0x03, 0x00, 0xC0,
	0x03, 0x02, 0x00, 0x0F, 0x00, 0x0A, 0x01, 0x40, 0xD3, 0x4C, 0x18, 0xB9, 0x01, 0x00, 0x00, 0x00,
	0x00, 0x00, 0x00, 0x0B, 0x80, 0x18, 0x00, 0x01, 0x01, 0x00, 0x08, 0x00, 0x00, 0xDE, 0x1B, 0x40,
	0x7D, 0x51, 0x00, 0x00, 0x00, 0x00, 0x00, 0x00, 0x00, 0x00, 0x00, 0xDC, 0x00, 0x18, 0x00, 0x10,
	0x00, 0x02, 0x00, 0x00, 0x00, 0xC0, 0x0B, 0x28, 0x00, 0x00, 0x00, 0x00, 0x00, 0x00, 0x00, 0x00,
	0x00, 0x00, 0x00, 0x38, 0x00, 0x00, 0x00, 0x00, 0x00, 0x00, 0x00, 0x00, 0x00, 0x00, 0x00, 0x16,
	0x00, 0x00, 0x00, 0x02, 0x00, 0x02, 0x00, 0x00, 0x37, 0x00, 0x00, 0x26, 0x00, 0x00, 0x00, 0x02,
	0x00, 0x01, 0x00, 0x14, 0x01, 0x00, 0x00, 0x31, 0x48, 0x2C, 0x18, 0x14, 0x00, 0x00, 0x00, 0x14,
	0x80, 0x00, 0x00, 0x76, 0x00, 0x01, 0x00, 0x00, 0x00, 0x80, 0x87, 0x00, 0x00, 0x0F, 0x00, 0x00,
	0x00, 0x00, 0x00, 0x00, 0x00, 0x00, 0x00, 0x00, 0x00, 0x00, 0x00, 0x00, 0x00, 0x14, 0x00, 0x00,
	0x00, 0x00, 0x00, 0x00, 0x00, 0x00, 0x00, 0x66, 0x00, 0x00, 0x00, 0x00, 0x00, 0xC0, 0x03, 0x00,
	0x70, 0x08, 0x00, 0x3D, 0x7F, 0x03, 0x00, 0xC0, 0x03, 0x00, 0x00, 0x0F, 0x00, 0x02, 0x00, 0x66,
	0x80, 0x00, 0x00, 0x00, 0x00, 0xC0, 0x03, 0x01, 0x30, 0x0C, 0x00, 0x3D, 0xFF, 0x03, 0x00, 0xC0,
	0x03, 0x02, 0x00, 0x0F, 0x00, 0x0A, 0x01, 0x40, 0xD3, 0x4C, 0x18, 0xB9, 0x01, 0x00, 0x00, 0x00,
	0x00, 0x00, 0x00, 0x0B, 0x80, 0x18, 0x00, 0x01, 0x01, 0x00, 0x08, 0x00, 0x00, 0xDE, 0x1B, 0x40,
	0x7D, 0x51, 0x00, 0x00, 0x00, 0x00, 0x00, 0x00, 0x00, 0x00, 0x00, 0xDC, 0x00, 0x18, 0x00, 0x10,
	0x00, 0x02, 0x00, 0x00, 0x00, 0xC0, 0x0B, 0x28, 0x00, 0x00, 0x00, 0x00, 0x00, 0x00, 0x00, 0x00,
	0x00, 0x00, 0x00, 0x38, 0x00, 0x00, 0x00, 0x00, 0x00, 0x00, 0x00, 0x00, 0x00, 0x00, 0x00, 0x16,
	0x20, 0x01, 0x00, 0x02, 0x00, 0x02, 0x00, 0x10, 0x37, 0x00, 0x00, 0x26, 0x00, 0x00, 0x00, 0x02,
	0x00, 0x01, 0x00, 0x28, 0x01, 0x00, 0x00, 0x31, 0x48, 0x2C, 0x18, 0x14, 0x00, 0x00, 0x12, 0x68,
	0x80, 0x00, 0x00, 0x76, 0x00, 0x01, 0x00, 0x00, 0x00, 0x80, 0x87, 0x00, 0xE0, 0x10, 0x00, 0x00,
	0x00, 0x00, 0x00, 0x00, 0x00, 0x00, 0x00, 0x00, 0x00, 0x00, 0x00, 0x00, 0x00, 0x14, 0x00, 0x00,
	0x00, 0x00, 0x00, 0x00, 0x00, 0x00, 0x00, 0x66, 0x00, 0x00, 0x00, 0x00, 0x00, 0xC0, 0x03, 0x00,
	0x60, 0x09, 0x00, 0x3D, 0x7F, 0x03, 0x00, 0xC0, 0x03, 0x00, 0x00, 0x0F, 0x00, 0x02, 0x00, 0x66,
	0x80, 0x00, 0x00, 0x00, 0x00, 0xC0, 0x03, 0x01, 0x20, 0x0D, 0x00, 0x3D, 0xFF, 0x03, 0x00, 0xC0,
	0x03, 0x02, 0x00, 0x0F, 0x00, 0x0A, 0x01, 0x40, 0xD3, 0x4C, 0x18, 0xB9, 0x01, 0x00, 0x00, 0x00,
	0x00, 0x00, 0x00, 0x0B, 0x80, 0x18, 0x00, 0x01, 0x01, 0x00, 0x08, 0x00, 0x00, 0xDE, 0x1B, 0x40,
	0x7D, 0x51, 0x00, 0x00, 0x00, 0x00, 0x00, 0x00, 0x00, 0x00, 0x00, 0xDC, 0x00, 0x18, 0x00, 0x10,
	0x00, 0x02, 0x00, 0x00, 0x00, 0xC0, 0x0B, 0x28, 0x00, 0x00, 0x00, 0x00, 0x00, 0x00, 0x00, 0x00,
	0x00, 0x00, 0x00, 0x38, 0x00, 0x00, 0x00, 0x00, 0x00, 0x00, 0x00, 0x00, 0x00, 0x00, 0x00, 0x16,
	0x00, 0x00, 0x00, 0x02, 0x00, 0x02, 0x00, 0x00, 0x37, 0x00, 0x00, 0x26, 0x00, 0x00, 0x00, 0x02,
	0x00, 0x01, 0x00, 0x00, 0x01, 0x00, 0x00, 0x31, 0x48, 0x2C, 0x18, 0x14, 0x00, 0x00, 0x00, 0x00,
	0x80, 0x00, 0x00, 0x76, 0x00, 0x01, 0x00, 0x00, 0x00, 0x80, 0x87, 0x00, 0xC0, 0x12, 0x00, 0x00,
	0x00, 0x00, 0x00, 0x00, 0x00, 0x00, 0x00, 0x00, 0x00, 0x00, 0x00, 0x00, 0x00, 0x14, 0x00, 0x00,
	0x00, 0x00, 0x00, 0x00, 0x00, 0x00, 0x00, 0x66, 0x00, 0x00, 0x00, 0x00, 0x00, 0xC0, 0x03, 0x00,
	0x50, 0x0A, 0x00, 0x3D, 0x7F, 0x03, 0x00, 0xC0, 0x03, 0x00, 0x00, 0x0F, 0x00, 0x02, 0x00, 0x66,
	0x80, 0x00, 0x00, 0x00, 0x00, 0xC0, 0x03, 0x01, 0x10, 0x0E, 0x00, 0x3D, 0xFF, 0x03, 0x00, 0xC0,
	0x03, 0x02, 0x00, 0x0F, 0x00, 0x0A, 0x01, 0x40, 0xD3, 0x4C, 0x18, 0xB9, 0x01, 0x00, 0x00, 0x00,
	0x00, 0x00, 0x00, 0x0B, 0x80, 0x18, 0x00, 0x01, 0x01, 0x00, 0x08, 0x00, 0x00, 0xDE, 0x1B, 0x40,
	0x7D, 0x51, 0x00, 0x00, 0x00, 0x00, 0x00, 0x00, 0x00, 0x00, 0x00, 0xDC, 0x00, 0x18, 0x00, 0x10,
	0x00, 0x02, 0x00, 0x00, 0x00, 0xC0, 0x0B, 0x28, 0x00, 0x00, 0x00, 0x00, 0x00, 0x00, 0x00, 0x00,
	0x00, 0x00, 0x00, 0x38, 0x00, 0x00, 0x00, 0x00, 0x00, 0x00, 0x00, 0x00, 0x00, 0x00, 0x00, 0x16,
	0x20, 0x01, 0x00, 0x02, 0x00, 0x02, 0x00, 0x10, 0x37, 0x00, 0x00, 0x26, 0x00, 0x00, 0x00, 0x02,
	0x00, 0x01, 0x00, 0x3C, 0x01, 0x00, 0x00, 0x31, 0x48, 0x2C, 0x18, 0x14, 0x00, 0x00, 0x12, 0x7C,
	0x80, 0x00, 0x00, 0x76, 0x00, 0x01, 0x00, 0x00, 0x00, 0x80, 0x87, 0x00, 0xA0, 0x14, 0x00, 0x00,
	0x00, 0x00, 0x00, 0x00, 0x00, 0x00, 0x00, 0x00, 0x00, 0x00, 0x00, 0x00, 0x00, 0x14, 0x00, 0x00,
	0x00, 0x00, 0x00, 0x00, 0x00, 0x00, 0x00, 0x00, 0x00, 0x00, 0x00, 0x00, 0x00, 0x00, 0x00, 0x00,
	0x00, 0x00, 0x00, 0x00, 0x00, 0x14, 0x00, 0x00, 0x00, 0x00, 0x00, 0x00, 0x00, 0x00, 0x00, 0x66,
	0x00, 0x00, 0x00, 0x00, 0x00, 0x80, 0x07, 0x00, 0x00, 0x00, 0x00, 0x3D, 0xFF, 0x02, 0x00, 0x00,
	0x00, 0x00, 0xF0, 0x0F, 0x00, 0x06, 0x00, 0x28, 0x00, 0x00, 0x00, 0x00, 0x00, 0x00, 0x00, 0x00,
	0x00, 0x00, 0x00, 0x38, 0x00, 0x00, 0x00, 0x00, 0x00, 0x00, 0x00, 0x00, 0x00, 0x46, 0x2B, 0x16,
	0x00, 0x00, 0x00, 0x00, 0x00, 0x06, 0x00, 0x00, 0x38, 0x00, 0x00, 0x26, 0x00, 0x00, 0x00, 0x00,
	0x00, 0x01, 0x00, 0x14, 0x02, 0x00, 0x00, 0x29, 0x84, 0x18, 0x1C, 0x14, 0x00, 0x00, 0x00, 0x14,
	0x80, 0x00, 0x00, 0x40, 0x4E, 0x55, 0x00, 0x00, 0x00, 0x00, 0x00, 0x00, 0x00, 0x00, 0x00, 0xDC,
	0x00, 0x18, 0x00, 0x10, 0x00, 0x02, 0x00, 0x00, 0x00, 0xC0, 0x0B, 0x28, 0x00, 0x00, 0x00, 0x00,
	0x00, 0x00, 0x00, 0x00, 0x00, 0x00, 0x00, 0x38, 0x00, 0x00, 0x00, 0x00, 0x00, 0x00, 0x00, 0x00,
	0x00, 0x00, 0x00, 0x16, 0x20, 0x01, 0x00, 0x02, 0x00, 0x02, 0x00, 0x10, 0x37, 0x00, 0x00, 0x26,
	0x00, 0x00, 0x00, 0x02, 0x00, 0x01, 0x00, 0x28, 0x01, 0x00, 0x00, 0x31, 0x48, 0x2C, 0x18, 0x14,
	0x00, 0x00, 0x12, 0x68, 0x80, 0x00, 0x00, 0x76, 0x00, 0x01, 0x00, 0x00, 0x00, 0x80, 0x87, 0x00,
	0x80, 0x07, 0x00, 0x00, 0x00, 0x00, 0x00, 0x00, 0x00, 0x00, 0x00, 0x00, 0x00, 0x00, 0x00, 0x00,
	0x00, 0x14, 0x00, 0x00, 0x00, 0x00, 0x00, 0x00, 0x00, 0x00, 0x00, 0x66, 0x00, 0x00, 0x00, 0x00,
	0x00, 0x80, 0x07, 0x00, 0xE0, 0x01, 0x00, 0x3D, 0xFF, 0x02, 0x00, 0x00, 0x00, 0x00, 0xF0, 0x0F,
	0x00, 0x06, 0x00, 0x28, 0x00, 0x00, 0x00, 0x00, 0x00, 0x00, 0x00, 0x00, 0x00, 0x00, 0x00, 0x38,
	0x00, 0x00, 0x00, 0x00, 0x00, 0x00, 0x00, 0x00, 0x00, 0x46, 0x2B, 0x16, 0x00, 0x00, 0x00, 0x00,
	0x00, 0x06, 0x00, 0x00, 0x38, 0x00, 0x00, 0x26, 0x00, 0x00, 0x00, 0x00, 0x00, 0x01, 0x00, 0x00,
	0x02, 0x00, 0x00, 0x29, 0x84, 0x18, 0x1C, 0x14, 0x00, 0x00, 0x00, 0x00, 0x80, 0x00, 0x00, 0x40,
	0x4E, 0x55, 0x00, 0x00, 0x00, 0x00, 0x00, 0x00, 0x00, 0x00, 0x00, 0xDC, 0x00, 0x18, 0x00, 0x10,
	0x00, 0x02, 0x00, 0x00, 0x00, 0xC0, 0x0B, 0x28, 0x00, 0x00, 0x00, 0x00, 0x00, 0x00, 0x00, 0x00,
	0x00, 0x00, 0x00, 0x38, 0x00, 0x00, 0x00, 0x00, 0x00, 0x00, 0x00, 0x00, 0x00, 0x00, 0x00, 0x16,
	0x20, 0x01, 0x00, 0x02, 0x00, 0x02, 0x00, 0x10, 0x37, 0x00, 0x00, 0x26, 0x00, 0x00, 0x00, 0x02,
	0x00, 0x01, 0x00, 0x3C, 0x01, 0x00, 0x00, 0x31, 0x48, 0x2C, 0x18, 0x14, 0x00, 0x00, 0x12, 0x7C,
	0x80, 0x00, 0x00, 0x76, 0x00, 0x01, 0x00, 0x00, 0x00, 0x80, 0x87, 0x00, 0x60, 0x09, 0x00, 0x00,
	0x00, 0x00, 0x00, 0x00, 0x00, 0x00, 0x00, 0x00, 0x00, 0x00, 0x00, 0x00, 0x00, 0x14, 0x00, 0x00,
	0x00, 0x00, 0x00, 0x00, 0x00, 0x00, 0x00, 0x66, 0x00, 0x00, 0x00, 0x00, 0x00, 0x80, 0x07, 0x00,
	0xC0, 0x03, 0x00, 0x3D, 0xFF, 0x02, 0x00, 0x00, 0x00, 0x00, 0xF0, 0x0F, 0x00, 0x06, 0x00, 0x28,
	0x00, 0x00, 0x00, 0x00, 0x00, 0x00, 0x00, 0x00, 0x00, 0x00, 0x00, 0x38, 0x00, 0x00, 0x00, 0x00,
	0x00, 0x00, 0x00, 0x00, 0x00, 0x46, 0x2B, 0x16, 0x00, 0x00, 0x00, 0x00, 0x00, 0x06, 0x00, 0x00,
	0x38, 0x00, 0x00, 0x26, 0x00, 0x00, 0x00, 0x00, 0x00, 0x01, 0x00, 0x14, 0x02, 0x00, 0x00, 0x29,
	0x84, 0x18, 0x1C, 0x14, 0x00, 0x00, 0x00, 0x14, 0x80, 0x00, 0x00, 0x40, 0x4E, 0x55, 0x00, 0x00,
	0x00, 0x00, 0x00, 0x00, 0x00, 0x00, 0x00, 0xDC, 0x00, 0x18, 0x00, 0x10, 0x00, 0x02, 0x00, 0x00,
	0x00, 0xC0, 0x0B, 0x28, 0x00, 0x00, 0x00, 0x00, 0x00, 0x00, 0x00, 0x00, 0x00, 0x00, 0x00, 0x38,
	0x00, 0x00, 0x00, 0x00, 0x00, 0x00, 0x00, 0x00, 0x00, 0x00, 0x00, 0x16, 0x20, 0x01, 0x00, 0x02,
	0x00, 0x02, 0x00, 0x10, 0x37, 0x00, 0x00, 0x26, 0x00, 0x00, 0x00, 0x02, 0x00, 0x01, 0x00, 0x28,
	0x01, 0x00, 0x00, 0x31, 0x48, 0x2C, 0x18, 0x14, 0x00, 0x00, 0x12, 0x68, 0x80, 0x00, 0x00, 0x76,
	0x00, 0x01, 0x00, 0x00, 0x00, 0x80, 0x87, 0x00, 0x40, 0x0B, 0x00, 0x00, 0x00, 0x00, 0x00, 0x00,
	0x00, 0x00, 0x00, 0x00, 0x00, 0x00, 0x00, 0x00, 0x00, 0x14, 0x00, 0x00, 0x00, 0x00, 0x00, 0x00,
	0x00, 0x00, 0x00, 0x66, 0x00, 0x00, 0x00, 0x00, 0x00, 0x80, 0x07, 0x00, 0xA0, 0x05, 0x00, 0x3D,
	0xFF, 0x02, 0x00, 0x00, 0x00, 0x00, 0xF0, 0x0F, 0x00, 0x06, 0x00, 0x28, 0x00, 0x00, 0x00, 0x00,
	0x00, 0x00, 0x00, 0x00, 0x00, 0x00, 0x00, 0x38, 0x00, 0x00, 0x00, 0x00, 0x00, 0x00, 0x00, 0x00,
	0x00, 0x46, 0x2B, 0x16, 0x00, 0x00, 0x00, 0x00, 0x00, 0x06, 0x00, 0x00, 0x38, 0x00, 0x00, 0x26,
	0x00, 0x00, 0x00, 0x00, 0x00, 0x01, 0x00, 0x00, 0x02, 0x00, 0x00, 0x29, 0x84, 0x18, 0x1C, 0x14,
	0x00, 0x00, 0x00, 0x00, 0x80, 0x00, 0x00, 0x40, 0x4E, 0x55, 0x00, 0x00, 0x00, 0x00, 0x00, 0x00,
	0x00, 0x00, 0x00, 0xDC, 0x00, 0x18, 0x00, 0x10, 0x00, 0x02, 0x00, 0x00, 0x00, 0xC0, 0x0B, 0x28,
	0x00, 0x00, 0x00, 0x00, 0x00, 0x00, 0x00, 0x00, 0x00, 0x00, 0x00, 0x38, 0x00, 0x00, 0x00, 0x00,
	0x00, 0x00, 0x00, 0x00, 0x00, 0x00, 0x00, 0x16, 0x20, 0x01, 0x00, 0x02, 0x00, 0x02, 0x00, 0x10,
	0x37, 0x00, 0x00, 0x26, 0x00, 0x00, 0x00, 0x02, 0x00, 0x01, 0x00, 0x3C, 0x01, 0x00, 0x00, 0x31,
	0x48, 0x2C, 0x18, 0x14, 0x00, 0x00, 0x12, 0x7C, 0x80, 0x00, 0x00, 0x76, 0x00, 0x01, 0x00, 0x00,
	0x00, 0x80, 0x87, 0x00, 0x20, 0x0D, 0x00, 0x00, 0x00, 0x00, 0x00, 0x00, 0x00, 0x00, 0x00, 0x00,
	0x00, 0x00, 0x00, 0x00, 0x00, 0x14, 0x00, 0x00, 0x00, 0x00, 0x00, 0x00, 0x00, 0x00, 0x00, 0x00,
	0x00, 0x00, 0x00, 0x00, 0x00, 0x00, 0x00, 0x00, 0x00, 0x00, 0x00, 0x00, 0x00, 0x14, 0x00, 0x00,
	0x00, 0x00, 0x00, 0x00, 0x00, 0x00, 0x00, 0x66, 0x00, 0x03, 0x00, 0x00, 0x00, 0x80, 0x82, 0x00,
	0x00, 0x0F, 0x00, 0x3D, 0xFF, 0x03, 0x00, 0xC0, 0x03, 0xFC, 0xFF, 0x0F, 0x00, 0x86, 0x00, 0x0D,
	0x00, 0x33, 0x00, 0x00, 0x00, 0x0C, 0x00, 0x00, 0x00, 0x88, 0x00, 0x66, 0x00, 0x03, 0x00, 0x00,
	0x00, 0x80, 0x82, 0x00, 0x80, 0x07, 0x00, 0x3D, 0xFF, 0x03, 0x00, 0xC0, 0x03, 0xFC, 0xFF, 0x0F,
	0x00, 0x86, 0x00, 0x55, 0x00, 0x24, 0x00, 0x00, 0x00, 0x0C, 0x02, 0x00, 0x00, 0x80, 0x00, 0x75,
	0x00, 0x27, 0x00, 0x03, 0x00, 0x00, 0x02, 0x00, 0x00, 0x08, 0x00, 0x28, 0x00, 0x00, 0x00, 0x00,
	0x00, 0x00, 0x00, 0x00, 0x00, 0x00, 0x00, 0x38, 0x00, 0x00, 0x00, 0x00, 0x00, 0x00, 0x00, 0x00,
	0x00, 0x82, 0x23, 0x16, 0x00, 0x00, 0x00, 0x02, 0x00, 0x0C, 0x00, 0x00, 0x39, 0x00, 0x00, 0x26,
	0x00, 0x00, 0x00, 0x01, 0x80, 0x01, 0x00, 0x14, 0x02, 0x00, 0x00, 0x29, 0x00, 0x08, 0x34, 0x14,
	0x60, 0x02, 0x00, 0x14, 0x80, 0x00, 0x00, 0x28, 0x00, 0x00, 0x00, 0x00, 0x00, 0x00, 0x00, 0x00,
	0x00, 0x00, 0x00, 0x38, 0x00, 0x00, 0x00, 0x00, 0x00, 0x00, 0x00, 0x00, 0x00, 0x48, 0x33, 0x16,
	0x20, 0x01, 0x00, 0x02, 0x00, 0x90, 0x00, 0x10, 0x3C, 0x00, 0x00, 0x26, 0x00, 0x00, 0x00, 0x03,
	0x00, 0x02, 0x00, 0x28, 0x02, 0x00, 0x00, 0x29, 0xB3, 0x38, 0x08, 0x04, 0x00, 0x00, 0x12, 0x68,
	0x80, 0x20, 0x00, 0x16, 0x00, 0x00, 0x00, 0x02, 0x00, 0x24, 0x00, 0x00, 0x60, 0x00, 0x00, 0x26,
	0x00, 0x00, 0x00, 0x01, 0x80, 0x00, 0x00, 0x00, 0x03, 0x00, 0x00, 0x29, 0xBD, 0x3C, 0x08, 0x04,
	0x00, 0x00, 0x00, 0x00, 0x80, 0x20, 0x00, 0x2E, 0x70, 0x2A, 0x00, 0x00, 0x00, 0xE0, 0x41, 0x01,
	0x00, 0x00, 0x00, 0x76, 0xB0, 0x03, 0x00, 0x00, 0x00, 0x28, 0x40, 0x01, 0xE0, 0x01, 0x00, 0x00,
	0x00, 0x00, 0x00, 0x00, 0x00, 0x00, 0x00, 0x00, 0x00, 0x00, 0x00, 0x00, 0x00, 0x14, 0x00, 0x00,
	0x00, 0x00, 0x00, 0x00, 0x00, 0x00, 0x00, 0x66, 0x60, 0x02, 0x00, 0x00, 0x00, 0xD0, 0x82, 0x00,
	0x8C, 0x0F, 0x00, 0x3D, 0xFF, 0x03, 0x00, 0xC0, 0x83, 0xF9, 0xFF, 0x0F, 0x00, 0x86, 0x00, 0x0D,
	0x60, 0x42, 0x00, 0x00, 0x80, 0x09, 0x00, 0x00, 0x00, 0x88, 0x00, 0x66, 0x60, 0x02, 0x00, 0x00,
	0x00, 0xD0, 0x82, 0x00, 0x0C, 0x08, 0x00, 0x3D, 0xFF, 0x03, 0x00, 0xC0, 0x83, 0xF9, 0xFF, 0x0F,
	0x00, 0x86, 0x00, 0x55, 0x00, 0x2C, 0x00, 0x00, 0x80, 0x09, 0x02, 0x00, 0x00, 0x80, 0x00, 0x75,
	0x60, 0x2E, 0x00, 0x03, 0x00, 0x00, 0x02, 0x00, 0x00, 0x08, 0x00, 0x28, 0x00, 0x00, 0x00, 0x00,
	0x00, 0x00, 0x00, 0x00, 0x00, 0x00, 0x00, 0x38, 0x00, 0x00, 0x00, 0x00, 0x00, 0x00, 0x00, 0x00,
	0x00, 0x82, 0x23, 0x16, 0x20, 0x01, 0x00, 0x02, 0x00, 0x0C, 0x00, 0x10, 0x39, 0x00, 0x00, 0x26,
	0x00, 0x00, 0x00, 0x01, 0x80, 0x01, 0x00, 0x3C, 0x02, 0x00, 0x00, 0x29, 0x00, 0x44, 0x48, 0x14,
	0x4C, 0x02, 0x12, 0x7C, 0x80, 0x00, 0x00, 0x28, 0x00, 0x00, 0x00, 0x00, 0x00, 0x00, 0x00, 0x00,
	0x00, 0x00, 0x00, 0x38, 0x00, 0x00, 0x00, 0x00, 0x00, 0x00, 0x00, 0x00, 0x00, 0x48, 0x33, 0x16,
	0x00, 0x00, 0x00, 0x02, 0x00, 0x90, 0x00, 0x00, 0x3C, 0x00, 0x00, 0x26, 0x00, 0x00, 0x00, 0x03,
	0x00, 0x02, 0x00, 0x14, 0x02, 0x00, 0x00, 0x29, 0xB3, 0x38, 0x44, 0x0C, 0x00, 0x00, 0x00, 0x14,
	0x80, 0x20, 0x00, 0x16, 0x20, 0x01, 0x00, 0x02, 0x00, 0x24, 0x00, 0x10, 0x60, 0x00, 0x00, 0x26,
	0x00, 0x00, 0x00, 0x01, 0x80, 0x00, 0x00, 0x28, 0x03, 0x00, 0x00, 0x29, 0xBD, 0x3C, 0x44, 0x0C,
	0x00, 0x00, 0x12, 0x68, 0x80, 0x20, 0x00, 0x2E, 0x70, 0x2A, 0x00, 0x00, 0x00, 0xE0, 0x41, 0x01,
	0x28, 0x00, 0x00, 0x76, 0xB0, 0x03, 0x00, 0x00, 0x00, 0x28, 0x40, 0x01, 0xEA, 0x01, 0x00, 0x00,
	0x00, 0x00, 0x00, 0x00, 0x00, 0x00, 0x00, 0x00, 0x00, 0x00, 0x00, 0x00, 0x00, 0x14, 0x00, 0x00,
	0x00, 0x00, 0x00, 0x00, 0x00, 0x00, 0x00, 0x66, 0x60, 0x02, 0x00, 0x00, 0x00, 0xD0, 0x82, 0x00,
	0x2C, 0x10, 0x00, 0x3D, 0xFF, 0x03, 0x00, 0xC0, 0x83, 0xF9, 0xFF, 0x0F, 0x00, 0x86, 0x00, 0x0D,
	0x60, 0x42, 0x00, 0x00, 0x80, 0x09, 0x00, 0x00, 0x00, 0x88, 0x00, 0x66, 0x60, 0x02, 0x00, 0x00,
	0x00, 0xD0, 0x82, 0x00, 0xAC, 0x08, 0x00, 0x3D, 0xFF, 0x03, 0x00, 0xC0, 0x83, 0xF9, 0xFF, 0x0F,
	0x00, 0x86, 0x00, 0x55, 0x00, 0x2C, 0x00, 0x00, 0x80, 0x09, 0x02, 0x00, 0x00, 0x80, 0x00, 0x75,
	0x60, 0x2E, 0x00, 0x03, 0x00, 0x00, 0x02, 0x00, 0x00, 0x08, 0x00, 0x28, 0x00, 0x00, 0x00, 0x00,
	0x00, 0x00, 0x00, 0x00, 0x00, 0x00, 0x00, 0x38, 0x00, 0x00, 0x00, 0x00, 0x00, 0x00, 0x00, 0x00,
	0x00, 0x82, 0x23, 0x16, 0x00, 0x00, 0x00, 0x02, 0x00, 0x0C, 0x00, 0x00, 0x39, 0x00, 0x00, 0x26,
	0x00, 0x00, 0x00, 0x01, 0x80, 0x01, 0x00, 0x00, 0x02, 0x00, 0x00, 0x29, 0x00, 0x44, 0x48, 0x14,
	0x4C, 0x02, 0x00, 0x00, 0x80, 0x00, 0x00, 0x28, 0x00, 0x00, 0x00, 0x00, 0x00, 0x00, 0x00, 0x00,
	0x00, 0x00, 0x00, 0x38, 0x00, 0x00, 0x00, 0x00, 0x00, 0x00, 0x00, 0x00, 0x00, 0x48, 0x33, 0x16,
	0x20, 0x01, 0x00, 0x02, 0x00, 0x90, 0x00, 0x10, 0x3C, 0x00, 0x00, 0x26, 0x00, 0x00, 0x00, 0x03,
	0x00, 0x02, 0x00, 0x3C, 0x02, 0x00, 0x00, 0x29, 0xB3, 0x38, 0x44, 0x0C, 0x00, 0x00, 0x12, 0x7C,
	0x80, 0x20, 0x00, 0x16, 0x00, 0x00, 0x00, 0x02, 0x00, 0x24, 0x00, 0x00, 0x60, 0x00, 0x00, 0x26,
	0x00, 0x00, 0x00, 0x01, 0x80, 0x00, 0x00, 0x14, 0x03, 0x00, 0x00, 0x29, 0xBD, 0x3C, 0x44, 0x0C,
	0x00, 0x00, 0x00, 0x14, 0x80, 0x20, 0x00, 0x2E, 0x70, 0x2A, 0x00, 0x00, 0x00, 0xE0, 0x41, 0x01,
	0x50, 0x00, 0x00, 0x76, 0xB0, 0x03, 0x00, 0x00, 0x00, 0x28, 0x40, 0x01, 0xF4, 0x01, 0x00, 0x00,
	0x00, 0x00, 0x00, 0x00, 0x00, 0x00, 0x00, 0x00, 0x00, 0x00, 0x00, 0x00, 0x00, 0x14, 0x00, 0x00,
	0x00, 0x00, 0x00, 0x00, 0x00, 0x00, 0x00, 0x66, 0x60, 0x02, 0x00, 0x00, 0x00, 0xD0, 0x82, 0x00,
	0xCC, 0x10, 0x00, 0x3D, 0xFF, 0x03, 0x00, 0xC0, 0x83, 0xF9, 0xFF, 0x0F, 0x00, 0x86, 0x00, 0x0D,
	0x60, 0x42, 0x00, 0x00, 0x80, 0x09, 0x00, 0x00, 0x00, 0x88, 0x00, 0x66, 0x60, 0x02, 0x00, 0x00,
	0x00, 0xD0, 0x82, 0x00, 0x4C, 0x09, 0x00, 0x3D, 0xFF, 0x03, 0x00, 0xC0, 0x83, 0xF9, 0xFF, 0x0F,
	0x00, 0x86, 0x00, 0x55, 0x00, 0x2C, 0x00, 0x00, 0x80, 0x09, 0x02, 0x00, 0x00, 0x80, 0x00, 0x75,
	0x60, 0x2E, 0x00, 0x03, 0x00, 0x00, 0x02, 0x00, 0x00, 0x08, 0x00, 0x28, 0x00, 0x00, 0x00, 0x00,
	0x00, 0x00, 0x00, 0x00, 0x00, 0x00, 0x00, 0x38, 0x00, 0x00, 0x00, 0x00, 0x00, 0x00, 0x00, 0x00,
	0x00, 0x82, 0x23, 0x16, 0x20, 0x01, 0x00, 0x02, 0x00, 0x0C, 0x00, 0x10, 0x39, 0x00, 0x00, 0x26,
	0x00, 0x00, 0x00, 0x01, 0x80, 0x01, 0x00, 0x28, 0x02, 0x00, 0x00, 0x29, 0x00, 0x44, 0x48, 0x14,
	0x4C, 0x02, 0x12, 0x68, 0x80, 0x00, 0x00, 0x28, 0x00, 0x00, 0x00, 0x00, 0x00, 0x00, 0x00, 0x00,
	0x00, 0x00, 0x00, 0x38, 0x00, 0x00, 0x00, 0x00, 0x00, 0x00, 0x00, 0x00, 0x00, 0x48, 0x33, 0x16,
	0x00, 0x00, 0x00, 0x02, 0x00, 0x90, 0x00, 0x00, 0x3C, 0x00, 0x00, 0x26, 0x00, 0x00, 0x00, 0x03,
	0x00, 0x02, 0x00, 0x00, 0x02, 0x00, 0x00, 0x29, 0xB3, 0x38, 0x44, 0x0C, 0x00, 0x00, 0x00, 0x00,
	0x80, 0x20, 0x00, 0x16, 0x20, 0x01, 0x00, 0x02, 0x00, 0x24, 0x00, 0x10, 0x60, 0x00, 0x00, 0x26,
	0x00, 0x00, 0x00, 0x01, 0x80, 0x00, 0x00, 0x3C, 0x03, 0x00, 0x00, 0x29, 0xBD, 0x3C, 0x44, 0x0C,
	0x00, 0x00, 0x12, 0x7C, 0x80, 0x20, 0x00, 0x2E, 0x70, 0x2A, 0x00, 0x00, 0x00, 0xE0, 0x41, 0x01,
	0x78, 0x00, 0x00, 0x76, 0xB0, 0x03, 0x00, 0x00, 0x00, 0x28, 0x40, 0x01, 0xFE, 0x01, 0x00, 0x00,
	0x00, 0x00, 0x00, 0x00, 0x00, 0x00, 0x00, 0x00, 0x00, 0x00, 0x00, 0x00, 0x00, 0x14, 0x00, 0x00,
	0x00, 0x00, 0x00, 0x00, 0x00, 0x00, 0x00, 0x66, 0x60, 0x02, 0x00, 0x00, 0x00, 0xD0, 0x82, 0x00,
	0x6C, 0x11, 0x00, 0x3D, 0xFF, 0x03, 0x00, 0xC0, 0x83, 0xF9, 0xFF, 0x0F, 0x00, 0x86, 0x00, 0x0D,
	0x60, 0x42, 0x00, 0x00, 0x80, 0x09, 0x00, 0x00, 0x00, 0x88, 0x00, 0x66, 0x60, 0x02, 0x00, 0x00,
	0x00, 0xD0, 0x82, 0x00, 0xEC, 0x09, 0x00, 0x3D, 0xFF, 0x03, 0x00, 0xC0, 0x83, 0xF9, 0xFF, 0x0F,
	0x00, 0x86, 0x00, 0x55, 0x00, 0x2C, 0x00, 0x00, 0x80, 0x09, 0x02, 0x00, 0x00, 0x80, 0x00, 0x75,
	0x60, 0x2E, 0x00, 0x03, 0x00, 0x00, 0x02, 0x00, 0x00, 0x08, 0x00, 0x28, 0x00, 0x00, 0x00, 0x00,
	0x00, 0x00, 0x00, 0x00, 0x00, 0x00, 0x00, 0x38, 0x00, 0x00, 0x00, 0x00, 0x00, 0x00, 0x00, 0x00,
	0x00, 0x82, 0x23, 0x16, 0x00, 0x00, 0x00, 0x02, 0x00, 0x0C, 0x00, 0x00, 0x39, 0x00, 0x00, 0x26,
	0x00, 0x00, 0x00, 0x01, 0x80, 0x01, 0x00, 0x14, 0x02, 0x00, 0x00, 0x29, 0x00, 0x44, 0x48, 0x14,
	0x4C, 0x02, 0x00, 0x14, 0x80, 0x00, 0x00, 0x28, 0x00, 0x00, 0x00, 0x00, 0x00, 0x00, 0x00, 0x00,
	0x00, 0x00, 0x00, 0x38, 0x00, 0x00, 0x00, 0x00, 0x00, 0x00, 0x00, 0x00, 0x00, 0x48, 0x33, 0x16,
	0x20, 0x01, 0x00, 0x02, 0x00, 0x90, 0x00, 0x10, 0x3C, 0x00, 0x00, 0x26, 0x00, 0x00, 0x00, 0x03,
	0x00, 0x02, 0x00, 0x28, 0x02, 0x00, 0x00, 0x29, 0xB3, 0x38, 0x44, 0x0C, 0x00, 0x00, 0x12, 0x68,
	0x80, 0x20, 0x00, 0x16, 0x00, 0x00, 0x00, 0x02, 0x00, 0x24, 0x00, 0x00, 0x60, 0x00, 0x00, 0x26,
	0x00, 0x00, 0x00, 0x01, 0x80, 0x00, 0x00, 0x00, 0x03, 0x00, 0x00, 0x29, 0xBD, 0x3C, 0x44, 0x0C,
	0x00, 0x00, 0x00, 0x00, 0x80, 0x20, 0x00, 0x2E, 0x70, 0x2A, 0x00, 0x00, 0x00, 0xE0, 0x41, 0x01,
	0xA0, 0x00, 0x00, 0x76, 0xB0, 0x03, 0x00, 0x00, 0x00, 0x28, 0x40, 0x01, 0x08, 0x02, 0x00, 0x00,
	0x00, 0x00, 0x00, 0x00, 0x00, 0x00, 0x00, 0x00, 0x00, 0x00, 0x00, 0x00, 0x00, 0x14, 0x00, 0x00,
	0x00, 0x00, 0x00, 0x00, 0x00, 0x00, 0x00, 0x66, 0x60, 0x02, 0x00, 0x00, 0x00, 0xD0, 0x82, 0x00,
	0x0C, 0x12, 0x00, 0x3D, 0xFF, 0x03, 0x00, 0xC0, 0x83, 0xF9, 0xFF, 0x0F, 0x00, 0x86, 0x00, 0x0D,
	0x60, 0x42, 0x00, 0x00, 0x80, 0x09, 0x00, 0x00, 0x00, 0x88, 0x00, 0x66, 0x60, 0x02, 0x00, 0x00,
	0x00, 0xD0, 0x82, 0x00, 0x8C, 0x0A, 0x00, 0x3D, 0xFF, 0x03, 0x00, 0xC0, 0x83, 0xF9, 0xFF, 0x0F,
	0x00, 0x86, 0x00, 0x55, 0x00, 0x2C, 0x00, 0x00, 0x80, 0x09, 0x02, 0x00, 0x00, 0x80, 0x00, 0x75,
	0x60, 0x2E, 0x00, 0x03, 0x00, 0x00, 0x02, 0x00, 0x00, 0x08, 0x00, 0x28, 0x00, 0x00, 0x00, 0x00,
	0x00, 0x00, 0x00, 0x00, 0x00, 0x00, 0x00, 0x38, 0x00, 0x00, 0x00, 0x00, 0x00, 0x00, 0x00, 0x00,
	0x00, 0x82, 0x23, 0x16, 0x20, 0x01, 0x00, 0x02, 0x00, 0x0C, 0x00, 0x10, 0x39, 0x00, 0x00, 0x26,
	0x00, 0x00, 0x00, 0x01, 0x80, 0x01, 0x00, 0x3C, 0x02, 0x00, 0x00, 0x29, 0x00, 0x44, 0x48, 0x14,
	0x4C, 0x02, 0x12, 0x7C, 0x80, 0x00, 0x00, 0x28, 0x00, 0x00, 0x00, 0x00, 0x00, 0x00, 0x00, 0x00,
	0x00, 0x00, 0x00, 0x38, 0x00, 0x00, 0x00, 0x00, 0x00, 0x00, 0x00, 0x00, 0x00, 0x48, 0x33, 0x16,
	0x00, 0x00, 0x00, 0x02, 0x00, 0x90, 0x00, 0x00, 0x3C, 0x00, 0x00, 0x26, 0x00, 0x00, 0x00, 0x03,
	0x00, 0x02, 0x00, 0x14, 0x02, 0x00, 0x00, 0x29, 0xB3, 0x38, 0x44, 0x0C, 0x00, 0x00, 0x00, 0x14,
	0x80, 0x20, 0x00, 0x16, 0x20, 0x01, 0x00, 0x02, 0x00, 0x24, 0x00, 0x10, 0x60, 0x00, 0x00, 0x26,
	0x00, 0x00, 0x00, 0x01, 0x80, 0x00, 0x00, 0x28, 0x03, 0x00, 0x00, 0x29, 0xBD, 0x3C, 0x44, 0x0C,
	0x00, 0x00, 0x12, 0x68, 0x80, 0x20, 0x00, 0x2E, 0x70, 0x2A, 0x00, 0x00, 0x00, 0xE0, 0x41, 0x01,
	0xC8, 0x00, 0x00, 0x76, 0xB0, 0x03, 0x00, 0x00, 0x00, 0x28, 0x40, 0x01, 0x12, 0x02, 0x00, 0x00,
	0x00, 0x00, 0x00, 0x00, 0x00, 0x00, 0x00, 0x00, 0x00, 0x00, 0x00, 0x00, 0x00, 0x14, 0x00, 0x00,
	0x00, 0x00, 0x00, 0x00, 0x00, 0x00, 0x00, 0x66, 0x60, 0x02, 0x00, 0x00, 0x00, 0xD0, 0x82, 0x00,
	0xAC, 0x12, 0x00, 0x3D, 0xFF, 0x03, 0x00, 0xC0, 0x83, 0xF9, 0xFF, 0x0F, 0x00, 0x86, 0x00, 0x0D,
	0x60, 0x42, 0x00, 0x00, 0x80, 0x09, 0x00, 0x00, 0x00, 0x88, 0x00, 0x66, 0x60, 0x02, 0x00, 0x00,
	0x00, 0xD0, 0x82, 0x00, 0x2C, 0x0B, 0x00, 0x3D, 0xFF, 0x03, 0x00, 0xC0, 0x83, 0xF9, 0xFF, 0x0F,
	0x00, 0x86, 0x00, 0x55, 0x00, 0x2C, 0x00, 0x00, 0x80, 0x09, 0x02, 0x00, 0x00, 0x80, 0x00, 0x75,
	0x60, 0x2E, 0x00, 0x03, 0x00, 0x00, 0x02, 0x00, 0x00, 0x08, 0x00, 0x28, 0x00, 0x00, 0x00, 0x00,
	0x00, 0x00, 0x00, 0x00, 0x00, 0x00, 0x00, 0x38, 0x00, 0x00, 0x00, 0x00, 0x00, 0x00, 0x00, 0x00,
	0x00, 0x82, 0x23, 0x16, 0x00, 0x00, 0x00, 0x02, 0x00, 0x0C, 0x00, 0x00, 0x39, 0x00, 0x00, 0x26,
	0x00, 0x00, 0x00, 0x01, 0x80, 0x01, 0x00, 0x00, 0x02, 0x00, 0x00, 0x29, 0x00, 0x44, 0x48, 0x14,
	0x4C, 0x02, 0x00, 0x00, 0x80, 0x00, 0x00, 0x28, 0x00, 0x00, 0x00, 0x00, 0x00, 0x00, 0x00, 0x00,
	0x00, 0x00, 0x00, 0x38, 0x00, 0x00, 0x00, 0x00, 0x00, 0x00, 0x00, 0x00, 0x00, 0x48, 0x33, 0x16,
	0x20, 0x01, 0x00, 0x02, 0x00, 0x90, 0x00, 0x10, 0x3C, 0x00, 0x00, 0x26, 0x00, 0x00, 0x00, 0x03,
	0x00, 0x02, 0x00, 0x3C, 0x02, 0x00, 0x00, 0x29, 0xB3, 0x38, 0x44, 0x0C, 0x00, 0x00, 0x12, 0x7C,
	0x80, 0x20, 0x00, 0x16, 0x00, 0x00, 0x00, 0x02, 0x00, 0x24, 0x00, 0x00, 0x60, 0x00, 0x00, 0x26,
	0x00, 0x00, 0x00, 0x01, 0x80, 0x00, 0x00, 0x14, 0x03, 0x00, 0x00, 0x29, 0xBD, 0x3C, 0x44, 0x0C,
	0x00, 0x00, 0x00, 0x14, 0x80, 0x20, 0x00, 0x2E, 0x70, 0x2A, 0x00, 0x00, 0x00, 0xE0, 0x41, 0x01,
	0xF0, 0x00, 0x00, 0x76, 0xB0, 0x03, 0x00, 0x00, 0x00, 0x28, 0x40, 0x01, 0x1C, 0x02, 0x00, 0x00,
	0x00, 0x00, 0x00, 0x00, 0x00, 0x00, 0x00, 0x00, 0x00, 0x00, 0x00, 0x00, 0x00, 0x14, 0x00, 0x00,
	0x00, 0x00, 0x00, 0x00, 0x00, 0x00, 0x00, 0x66, 0x60, 0x02, 0x00, 0x00, 0x00, 0xD0, 0x82, 0x00,
	0x4C, 0x13, 0x00, 0x3D, 0xFF, 0x03, 0x00, 0xC0, 0x83, 0xF9, 0xFF, 0x0F, 0x00, 0x86, 0x00, 0x0D,
	0x60, 0x42, 0x00, 0x00, 0x80, 0x09, 0x00, 0x00, 0x00, 0x88, 0x00, 0x66, 0x60, 0x02, 0x00, 0x00,
	0x00, 0xD0, 0x82, 0x00, 0xCC, 0x0B, 0x00, 0x3D, 0xFF, 0x03, 0x00, 0xC0, 0x83, 0xF9, 0xFF, 0x0F,
	0x00, 0x86, 0x00, 0x55, 0x00, 0x2C, 0x00, 0x00, 0x80, 0x09, 0x02, 0x00, 0x00, 0x80, 0x00, 0x75,
	0x60, 0x2E, 0x00, 0x03, 0x00, 0x00, 0x02, 0x00, 0x00, 0x08, 0x00, 0x28, 0x00, 0x00, 0x00, 0x00,
	0x00, 0x00, 0x00, 0x00, 0x00, 0x00, 0x00, 0x38, 0x00, 0x00, 0x00, 0x00, 0x00, 0x00, 0x00, 0x00,
	0x00, 0x82, 0x23, 0x16, 0x20, 0x01, 0x00, 0x02, 0x00, 0x0C, 0x00, 0x10, 0x39, 0x00, 0x00, 0x26,
	0x00, 0x00, 0x00, 0x01, 0x80, 0x01, 0x00, 0x28, 0x02, 0x00, 0x00, 0x29, 0x00, 0x44, 0x48, 0x14,
	0x4C, 0x02, 0x12, 0x68, 0x80, 0x00, 0x00, 0x28, 0x00, 0x00, 0x00, 0x00, 0x00, 0x00, 0x00, 0x00,
	0x00, 0x00, 0x00, 0x38, 0x00, 0x00, 0x00, 0x00, 0x00, 0x00, 0x00, 0x00, 0x00, 0x48, 0x33, 0x16,
	0x00, 0x00, 0x00, 0x02, 0x00, 0x90, 0x00, 0x00, 0x3C, 0x00, 0x00, 0x26, 0x00, 0x00, 0x00, 0x03,
	0x00, 0x02, 0x00, 0x00, 0x02, 0x00, 0x00, 0x29, 0xB3, 0x38, 0x44, 0x0C, 0x00, 0x00, 0x00, 0x00,
	0x80, 0x20, 0x00, 0x16, 0x20, 0x01, 0x00, 0x02, 0x00, 0x24, 0x00, 0x10, 0x60, 0x00, 0x00, 0x26,
	0x00, 0x00, 0x00, 0x01, 0x80, 0x00, 0x00, 0x3C, 0x03, 0x00, 0x00, 0x29, 0xBD, 0x3C, 0x44, 0x0C,
	0x00, 0x00, 0x12, 0x7C, 0x80, 0x20, 0x00, 0x2E, 0x70, 0x2A, 0x00, 0x00, 0x00, 0xE0, 0x41, 0x01,
	0x18, 0x01, 0x00, 0x76, 0xB0, 0x03, 0x00, 0x00, 0x00, 0x28, 0x40, 0x01, 0x26, 0x02, 0x00, 0x00,
	0x00, 0x00, 0x00, 0x00, 0x00, 0x00, 0x00, 0x00, 0x00, 0x00, 0x00, 0x00, 0x00, 0x14, 0x00, 0x00,
	0x00, 0x00, 0x00, 0x00, 0x00, 0x00, 0x00, 0x66, 0x60, 0x02, 0x00, 0x00, 0x00, 0xD0, 0x82, 0x00,
	0xEC, 0x13, 0x00, 0x3D, 0xFF, 0x03, 0x00, 0xC0, 0x83, 0xF9, 0xFF, 0x0F, 0x00, 0x86, 0x00, 0x0D,
	0x60, 0x42, 0x00, 0x00, 0x80, 0x09, 0x00, 0x00, 0x00, 0x88, 0x00, 0x66, 0x60, 0x02, 0x00, 0x00,
	0x00, 0xD0, 0x82, 0x00, 0x6C, 0x0C, 0x00, 0x3D, 0xFF, 0x03, 0x00, 0xC0, 0x83, 0xF9, 0xFF, 0x0F,
	0x00, 0x86, 0x00, 0x55, 0x00, 0x2C, 0x00, 0x00, 0x80, 0x09, 0x02, 0x00, 0x00, 0x80, 0x00, 0x75,
	0x60, 0x2E, 0x00, 0x03, 0x00, 0x00, 0x02, 0x00, 0x00, 0x08, 0x00, 0x28, 0x00, 0x00, 0x00, 0x00,
	0x00, 0x00, 0x00, 0x00, 0x00, 0x00, 0x00, 0x38, 0x00, 0x00, 0x00, 0x00, 0x00, 0x00, 0x00, 0x00,
	0x00, 0x82, 0x23, 0x16, 0x00, 0x00, 0x00, 0x02, 0x00, 0x0C, 0x00, 0x00, 0x39, 0x00, 0x00, 0x26,
	0x00, 0x00, 0x00, 0x01, 0x80, 0x01, 0x00, 0x14, 0x02, 0x00, 0x00, 0x29, 0x00, 0x44, 0x48, 0x14,
	0x4C, 0x02, 0x00, 0x14, 0x80, 0x00, 0x00, 0x28, 0x00, 0x00, 0x00, 0x00, 0x00, 0x00, 0x00, 0x00,
	0x00, 0x00, 0x00, 0x38, 0x00, 0x00, 0x00, 0x00, 0x00, 0x00, 0x00, 0x00, 0x00, 0x48, 0x33, 0x16,
	0x20, 0x01, 0x00, 0x02, 0x00, 0x90, 0x00, 0x10, 0x3C, 0x00, 0x00, 0x26, 0x00, 0x00, 0x00, 0x03,
	0x00, 0x02, 0x00, 0x28, 0x02, 0x00, 0x00, 0x29, 0xB3, 0x38, 0x44, 0x0C, 0x00, 0x00, 0x12, 0x68,
	0x80, 0x20, 0x00, 0x16, 0x00, 0x00, 0x00, 0x02, 0x00, 0x24, 0x00, 0x00, 0x60, 0x00, 0x00, 0x26,
	0x00, 0x00, 0x00, 0x01, 0x80, 0x00, 0x00, 0x00, 0x03, 0x00, 0x00, 0x29, 0xBD, 0x3C, 0x44, 0x0C,
	0x00, 0x00, 0x00, 0x00, 0x80, 0x20, 0x00, 0x2E, 0x70, 0x2A, 0x00, 0x00, 0x00, 0xE0, 0x41, 0x01,
	0x40, 0x01, 0x00, 0x76, 0xB0, 0x03, 0x00, 0x00, 0x00, 0x28, 0x40, 0x01, 0x30, 0x02, 0x00, 0x00,
	0x00, 0x00, 0x00, 0x00, 0x00, 0x00, 0x00, 0x00, 0x00, 0x00, 0x00, 0x00, 0x00, 0x14, 0x00, 0x00,
	0x00, 0x00, 0x00, 0x00, 0x00, 0x00, 0x00, 0x66, 0x60, 0x02, 0x00, 0x00, 0x00, 0xD0, 0x82, 0x00,
	0x8C, 0x14, 0x00, 0x3D, 0xFF, 0x03, 0x00, 0xC0, 0x83, 0xF9, 0xFF, 0x0F, 0x00, 0x86, 0x00, 0x0D,
	0x60, 0x42, 0x00, 0x00, 0x80, 0x09, 0x00, 0x00, 0x00, 0x88, 0x00, 0x66, 0x60, 0x02, 0x00, 0x00,
	0x00, 0xD0, 0x82, 0x00, 0x0C, 0x0D, 0x00, 0x3D, 0xFF, 0x03, 0x00, 0xC0, 0x83, 0xF9, 0xFF, 0x0F,
	0x00, 0x86, 0x00, 0x55, 0x00, 0x2C, 0x00, 0x00, 0x80, 0x09, 0x02, 0x00, 0x00, 0x80, 0x00, 0x75,
	0x60, 0x2E, 0x00, 0x03, 0x00, 0x00, 0x02, 0x00, 0x00, 0x08, 0x00, 0x28, 0x00, 0x00, 0x00, 0x00,
	0x00, 0x00, 0x00, 0x00, 0x00, 0x00, 0x00, 0x38, 0x00, 0x00, 0x00, 0x00, 0x00, 0x00, 0x00, 0x00,
	0x00, 0x82, 0x23, 0x16, 0x20, 0x01, 0x00, 0x02, 0x00, 0x0C, 0x00, 0x10, 0x39, 0x00, 0x00, 0x26,
	0x00, 0x00, 0x00, 0x01, 0x80, 0x01, 0x00, 0x3C, 0x02, 0x00, 0x00, 0x29, 0x00, 0x44, 0x48, 0x14,
	0x4C, 0x02, 0x12, 0x7C, 0x80, 0x00, 0x00, 0x28, 0x00, 0x00, 0x00, 0x00, 0x00, 0x00, 0x00, 0x00,
	0x00, 0x00, 0x00, 0x38, 0x00, 0x00, 0x00, 0x00, 0x00, 0x00, 0x00, 0x00, 0x00, 0x48, 0x33, 0x16,
	0x00, 0x00, 0x00, 0x02, 0x00, 0x90, 0x00, 0x00, 0x3C, 0x00, 0x00, 0x26, 0x00, 0x00, 0x00, 0x03,
	0x00, 0x02, 0x00, 0x14, 0x02, 0x00, 0x00, 0x29, 0xB3, 0x38, 0x44, 0x0C, 0x00, 0x00, 0x00, 0x14,
	0x80, 0x20, 0x00, 0x16, 0x20, 0x01, 0x00, 0x02, 0x00, 0x24, 0x00, 0x10, 0x60, 0x00, 0x00, 0x26,
	0x00, 0x00, 0x00, 0x01, 0x80, 0x00, 0x00, 0x28, 0x03, 0x00, 0x00, 0x29, 0xBD, 0x3C, 0x44, 0x0C,
	0x00, 0x00, 0x12, 0x68, 0x80, 0x20, 0x00, 0x2E, 0x70, 0x2A, 0x00, 0x00, 0x00, 0xE0, 0x41, 0x01,
	0x68, 0x01, 0x00, 0x76, 0xB0, 0x03, 0x00, 0x00, 0x00, 0x28, 0x40, 0x01, 0x3A, 0x02, 0x00, 0x00,
	0x00, 0x00, 0x00, 0x00, 0x00, 0x00, 0x00, 0x00, 0x00, 0x00, 0x00, 0x00, 0x00, 0x14, 0x00, 0x00,
	0x00, 0x00, 0x00, 0x00, 0x00, 0x00, 0x00, 0x66, 0x60, 0x02, 0x00, 0x00, 0x00, 0xD0, 0x82, 0x00,
	0x2C, 0x15, 0x00, 0x3D, 0xFF, 0x03, 0x00, 0xC0, 0x83, 0xF9, 0xFF, 0x0F, 0x00, 0x86, 0x00, 0x0D,
	0x60, 0x42, 0x00, 0x00, 0x80, 0x09, 0x00, 0x00, 0x00, 0x88, 0x00, 0x66, 0x60, 0x02, 0x00, 0x00,
	0x00, 0xD0, 0x82, 0x00, 0xAC, 0x0D, 0x00, 0x3D, 0xFF, 0x03, 0x00, 0xC0, 0x83, 0xF9, 0xFF, 0x0F,
	0x00, 0x86, 0x00, 0x55, 0x00, 0x2C, 0x00, 0x00, 0x80, 0x09, 0x02, 0x00, 0x00, 0x80, 0x00, 0x75,
	0x60, 0x2E, 0x00, 0x03, 0x00, 0x00, 0x02, 0x00, 0x00, 0x08, 0x00, 0x28, 0x00, 0x00, 0x00, 0x00,
	0x00, 0x00, 0x00, 0x00, 0x00, 0x00, 0x00, 0x38, 0x00, 0x00, 0x00, 0x00, 0x00, 0x00, 0x00, 0x00,
	0x00, 0x82, 0x23, 0x16, 0x00, 0x00, 0x00, 0x02, 0x00, 0x0C, 0x00, 0x00, 0x39, 0x00, 0x00, 0x26,
	0x00, 0x00, 0x00, 0x01, 0x80, 0x01, 0x00, 0x00, 0x02, 0x00, 0x00, 0x29, 0x00, 0x44, 0x48, 0x14,
	0x4C, 0x02, 0x00, 0x00, 0x80, 0x00, 0x00, 0x28, 0x00, 0x00, 0x00, 0x00, 0x00, 0x00, 0x00, 0x00,
	0x00, 0x00, 0x00, 0x38, 0x00, 0x00, 0x00, 0x00, 0x00, 0x00, 0x00, 0x00, 0x00, 0x48, 0x33, 0x16,
	0x20, 0x01, 0x00, 0x02, 0x00, 0x90, 0x00, 0x10, 0x3C, 0x00, 0x00, 0x26, 0x00, 0x00, 0x00, 0x03,
	0x00, 0x02, 0x00, 0x3C, 0x02, 0x00, 0x00, 0x29, 0xB3, 0x38, 0x44, 0x0C, 0x00, 0x00, 0x12, 0x7C,
	0x80, 0x20, 0x00, 0x16, 0x00, 0x00, 0x00, 0x02, 0x00, 0x24, 0x00, 0x00, 0x60, 0x00, 0x00, 0x26,
	0x00, 0x00, 0x00, 0x01, 0x80, 0x00, 0x00, 0x14, 0x03, 0x00, 0x00, 0x29, 0xBD, 0x3C, 0x44, 0x0C,
	0x00, 0x00, 0x00, 0x14, 0x80, 0x20, 0x00, 0x2E, 0x70, 0x2A, 0x00, 0x00, 0x00, 0xE0, 0x41, 0x01,
	0x90, 0x01, 0x00, 0x76, 0xB0, 0x03, 0x00, 0x00, 0x00, 0x28, 0x40, 0x01, 0x44, 0x02, 0x00, 0x00,
	0x00, 0x00, 0x00, 0x00, 0x00, 0x00, 0x00, 0x00, 0x00, 0x00, 0x00, 0x00, 0x00, 0x14, 0x00, 0x00,
	0x00, 0x00, 0x00, 0x00, 0x00, 0x00, 0x00, 0x66, 0x60, 0x02, 0x00, 0x00, 0x00, 0xD0, 0x82, 0x00,
	0xCC, 0x15, 0x00, 0x3D, 0xFF, 0x03, 0x00, 0xC0, 0x83, 0xF9, 0xFF, 0x0F, 0x00, 0x86, 0x00, 0x0D,
	0x60, 0x42, 0x00, 0x00, 0x80, 0x09, 0x00, 0x00, 0x00, 0x88, 0x00, 0x66, 0x60, 0x02, 0x00, 0x00,
	0x00, 0xD0, 0x82, 0x00, 0x4C, 0x0E, 0x00, 0x3D, 0xFF, 0x03, 0x00, 0xC0, 0x83, 0xF9, 0xFF, 0x0F,
	0x00, 0x86, 0x00, 0x55, 0x00, 0x2C, 0x00, 0x00, 0x80, 0x09, 0x02, 0x00, 0x00, 0x80, 0x00, 0x75,
	0x60, 0x2E, 0x00, 0x03, 0x00, 0x00, 0x02, 0x00, 0x00, 0x08, 0x00, 0x28, 0x00, 0x00, 0x00, 0x00,
	0x00, 0x00, 0x00, 0x00, 0x00, 0x00, 0x00, 0x38, 0x00, 0x00, 0x00, 0x00, 0x00, 0x00, 0x00, 0x00,
	0x00, 0x82, 0x23, 0x16, 0x20, 0x01, 0x00, 0x02, 0x00, 0x0C, 0x00, 0x10, 0x39, 0x00, 0x00, 0x26,
	0x00, 0x00, 0x00, 0x01, 0x80, 0x01, 0x00, 0x28, 0x02, 0x00, 0x00, 0x29, 0x00, 0x44, 0x48, 0x14,
	0x4C, 0x02, 0x12, 0x68, 0x80, 0x00, 0x00, 0x28, 0x00, 0x00, 0x00, 0x00, 0x00, 0x00, 0x00, 0x00,
	0x00, 0x00, 0x00, 0x38, 0x00, 0x00, 0x00, 0x00, 0x00, 0x00, 0x00, 0x00, 0x00, 0x48, 0x33, 0x16,
	0x00, 0x00, 0x00, 0x02, 0x00, 0x90, 0x00, 0x00, 0x3C, 0x00, 0x00, 0x26, 0x00, 0x00, 0x00, 0x03,
	0x00, 0x02, 0x00, 0x00, 0x02, 0x00, 0x00, 0x29, 0xB3, 0x38, 0x44, 0x0C, 0x00, 0x00, 0x00, 0x00,
	0x80, 0x20, 0x00, 0x16, 0x20, 0x01, 0x00, 0x02, 0x00, 0x24, 0x00, 0x10, 0x60, 0x00, 0x00, 0x26,
	0x00, 0x00, 0x00, 0x01, 0x80, 0x00, 0x00, 0x3C, 0x03, 0x00, 0x00, 0x29, 0xBD, 0x3C, 0x44, 0x0C,
	0x00, 0x00, 0x12, 0x7C, 0x80, 0x20, 0x00, 0x2E, 0x70, 0x2A, 0x00, 0x00, 0x00, 0xE0, 0x41, 0x01,
	0xB8, 0x01, 0x00, 0x76, 0xB0, 0x03, 0x00, 0x00, 0x00, 0x28, 0x40, 0x01, 0x4E, 0x02, 0x00, 0x00,
	0x00, 0x00, 0x00, 0x00, 0x00, 0x00, 0x00, 0x00, 0x00, 0x00, 0x00, 0x00, 0x00, 0x14, 0x00, 0x00,
	0x00, 0x00, 0x00, 0x00, 0x00, 0x00, 0x00, 0x00, 0x00, 0x00, 0x00, 0x00, 0x00, 0x00, 0x00, 0x00,
	0x00, 0x00, 0x00, 0x00, 0x00, 0x14, 0x00, 0x00, 0x00, 0x00, 0x00, 0x00, 0x00, 0x00, 0x00, 0x0E,
	0x00, 0x30, 0x00, 0x00, 0x00, 0xE0, 0x01, 0x00, 0x00, 0x00, 0x00, 0x66, 0x80, 0x03, 0x00, 0x00,
	0x00, 0xF0, 0x40, 0x00, 0xE0, 0x01, 0x00, 0x28, 0x00, 0x00, 0x00, 0x00, 0x00, 0x00, 0x00, 0x00,
	0x00, 0x00, 0x00, 0x38, 0x00, 0x00, 0x00, 0x00, 0x00, 0x00, 0x00, 0x00, 0x00, 0x84, 0x33, 0x16,
	0x00, 0x00, 0x00, 0x02, 0x00, 0x14, 0x00, 0x00, 0x69, 0x00, 0x00, 0x26, 0x00, 0x00, 0x80, 0x01,
	0x80, 0x01, 0x00, 0x14, 0x03, 0x00, 0x00, 0x29, 0x84, 0x4C, 0x50, 0x14, 0x00, 0x00, 0x00, 0x14,
	0x80, 0x00, 0x00, 0x76, 0x80, 0x00, 0x00, 0x00, 0x00, 0xC0, 0x03, 0x01, 0x58, 0x02, 0x00, 0x00,
	0x00, 0x00, 0x00, 0x00, 0x00, 0x00, 0x00, 0x00, 0x00, 0x00, 0x00, 0x00, 0x00, 0x14, 0x00, 0x00,
	0x00, 0x00, 0x00, 0x00, 0x00, 0x00, 0x00, 0x0E, 0x00, 0x30, 0x00, 0x00, 0x00, 0xE0, 0x01, 0x00,
	0xF0, 0x00, 0x00, 0x66, 0x80, 0x03, 0x00, 0x00, 0x00, 0xF0, 0x40, 0x00, 0x1C, 0x02, 0x00, 0x28,
	0x00, 0x00, 0x00, 0x00, 0x00, 0x00, 0x00, 0x00, 0x00, 0x00, 0x00, 0x38, 0x00, 0x00, 0x00, 0x00,
	0x00, 0x00, 0x00, 0x00, 0x00, 0x84, 0x33, 0x16, 0x20, 0x01, 0x00, 0x02, 0x00, 0x14, 0x00, 0x10,
	0x69, 0x00, 0x00, 0x26, 0x00, 0x00, 0x80, 0x01, 0x80, 0x01, 0x00, 0x28, 0x03, 0x00, 0x00, 0x29,
	0x84, 0x4C, 0x50, 0x14, 0x00, 0x00, 0x12, 0x68, 0x80, 0x00, 0x00, 0x76, 0x80, 0x00, 0x00, 0x00,
	0x00, 0xC0, 0x03, 0x01, 0x48, 0x03, 0x00, 0x00, 0x00, 0x00, 0x00, 0x00, 0x00, 0x00, 0x00, 0x00,
	0x00, 0x00, 0x00, 0x00, 0x00, 0x14, 0x00, 0x00, 0x00, 0x00, 0x00, 0x00, 0x00, 0x00, 0x00, 0x00,
	0x00, 0x00, 0x00, 0x00, 0x00, 0x00, 0x00, 0x00, 0x00, 0x00, 0x00, 0x00, 0x00, 0x14, 0x00, 0x00,
	0x00, 0x00, 0x00, 0x00, 0x00, 0x00, 0x00, 0x66, 0x30, 0x00, 0x00, 0x00, 0x00, 0xE8, 0x03, 0x01,
	0x58, 0x02, 0x00, 0x3D, 0xFF, 0x03, 0x00, 0x00, 0xC0, 0x00, 0xFF, 0x0F, 0x00, 0x0A, 0x01, 0x28,
	0x00, 0x00, 0x00, 0x00, 0x00, 0x00, 0x00, 0x00, 0x00, 0x00, 0x00, 0x38, 0x00, 0x00, 0x00, 0x00,
	0x00, 0x00, 0x00, 0x00, 0x00, 0x44, 0x33, 0x16, 0x00, 0x00, 0x00, 0x02, 0x00, 0x0A, 0x00, 0x00,
	0x6E, 0x00, 0x00, 0x26, 0x00, 0x00, 0x80, 0x03, 0x80, 0x01, 0x00, 0x00, 0x03, 0x00, 0x00, 0x29,
	0x00, 0x54, 0x54, 0x14, 0x04, 0x02, 0x00, 0x00, 0x80, 0x00, 0x04, 0x28, 0x00, 0x00, 0x00, 0x00,
	0x00, 0x00, 0x00, 0x00, 0x00, 0x00, 0x00, 0x38, 0x00, 0x00, 0x00, 0x00, 0x00, 0x00, 0x00, 0x00,
	0x00, 0x46, 0x33, 0x16, 0x20, 0x01, 0x00, 0x00, 0x00, 0x5A, 0x00, 0x10, 0x71, 0x00, 0x00, 0x26,
	0x00, 0x00, 0x80, 0x01, 0x80, 0x01, 0x00, 0x3C, 0x04, 0x00, 0x00, 0x29, 0x84, 0x4C, 0x54, 0x18,
	0x00, 0x00, 0x12, 0x7C, 0x80, 0x00, 0x00, 0x76, 0x80, 0x00, 0x00, 0x00, 0x00, 0xC0, 0x03, 0x01,
	0x38, 0x04, 0x00, 0x00, 0x00, 0x00, 0x00, 0x00, 0x00, 0x00, 0x00, 0x00, 0x00, 0x00, 0x00, 0x00,
	0x00, 0x14, 0x00, 0x00, 0x00, 0x00, 0x00, 0x00, 0x00, 0x00, 0x00, 0x66, 0x30, 0x00, 0x00, 0x00,
	0x00, 0xE8, 0x03, 0x01, 0x3E, 0x03, 0x00, 0x3D, 0xFF, 0x03, 0x00, 0x00, 0xC0, 0x00, 0xFF, 0x0F,
	0x00, 0x0A, 0x01, 0x28, 0x00, 0x00, 0x00, 0x00, 0x00, 0x00, 0x00, 0x00, 0x00, 0x00, 0x00, 0x38,
	0x00, 0x00, 0x00, 0x00, 0x00, 0x00, 0x00, 0x00, 0x00, 0x44, 0x33, 0x16, 0x00, 0x00, 0x00, 0x02,
	0x00, 0x0A, 0x00, 0x00, 0x6E, 0x00, 0x00, 0x26, 0x00, 0x00, 0x80, 0x03, 0x80, 0x01, 0x00, 0x14,
	0x03, 0x00, 0x00, 0x29, 0x00, 0x54, 0x54, 0x14, 0x04, 0x02, 0x00, 0x14, 0x80, 0x00, 0x04, 0x28,
	0x00, 0x00, 0x00, 0x00, 0x00, 0x00, 0x00, 0x00, 0x00, 0x00, 0x00, 0x38, 0x00, 0x00, 0x00, 0x00,
	0x00, 0x00, 0x00, 0x00, 0x00, 0x46, 0x33, 0x16, 0x20, 0x01, 0x00, 0x00, 0x00, 0x5A, 0x00, 0x10,
	0x71, 0x00, 0x00, 0x26, 0x00, 0x00, 0x80, 0x01, 0x80, 0x01, 0x00, 0x28, 0x04, 0x00, 0x00, 0x29,
	0x84, 0x4C, 0x54, 0x20, 0x00, 0x00, 0x12, 0x68, 0x80, 0x00, 0x00, 0x76, 0x80, 0x00, 0x00, 0x00,
	0x00, 0xC0, 0x03, 0x01, 0x28, 0x05, 0x00, 0x00, 0x00, 0x00, 0x00, 0x00, 0x00, 0x00, 0x00, 0x00,
	0x00, 0x00, 0x00, 0x00, 0x00, 0x14, 0x00, 0x00, 0x00, 0x00, 0x00, 0x00, 0x00, 0x00, 0x00, 0x00,
	0x00, 0x00, 0x00, 0x00, 0x00, 0x00, 0x00, 0x00, 0x00, 0x00, 0x00, 0x00, 0x00, 0x14, 0x00, 0x00,
	0x00, 0x00, 0x00, 0x00, 0x00, 0x00, 0x00, 0x66, 0x00, 0x00, 0x00, 0x00, 0x00, 0xC0, 0x03, 0x00,
	0x58, 0x02, 0x00, 0x3D, 0x7F, 0x03, 0x00, 0x00, 0x00, 0x00, 0xFF, 0x0F, 0x00, 0x02, 0x00, 0x66,
	0x80, 0x00, 0x00, 0x00, 0x00, 0xC0, 0x03, 0x01, 0x38, 0x04, 0x00, 0x3D, 0xFF, 0x03, 0x00, 0x00,
	0x00, 0x02, 0xFF, 0x0F, 0x00, 0x0A, 0x01, 0x40, 0x0C, 0x4C, 0xA0, 0x7E, 0x01, 0x00, 0x00, 0x00,
	0x00, 0x00, 0x00, 0x0B, 0x80, 0x58, 0x00, 0x01, 0x01, 0x00, 0x08, 0x00, 0x00, 0xDE, 0x1B, 0x76,
	0x80, 0x00, 0x00, 0x00, 0x00, 0xC0, 0x03, 0x01, 0x18, 0x06, 0x00, 0x00, 0x00, 0x00, 0x00, 0x00,
	0x00, 0x00, 0x00, 0x00, 0x00, 0x00, 0x00, 0x00, 0x00, 0x14, 0x00, 0x00, 0x00, 0x00, 0x00, 0x00,
	0x00, 0x00, 0x00, 0x66, 0x00, 0x00, 0x00, 0x00, 0x00, 0xC0, 0x03, 0x00, 0x48, 0x03, 0x00, 0x3D,
	0x7F, 0x03, 0x00, 0x00, 0x00, 0x00, 0xFF, 0x0F, 0x00, 0x02, 0x00, 0x66, 0x80, 0x00, 0x00, 0x00,
	0x00, 0xC0, 0x03, 0x01, 0x28, 0x05, 0x00, 0x3D, 0xFF, 0x03, 0x00, 0x00, 0x00, 0x02, 0xFF, 0x0F,
	0x00, 0x0A, 0x01, 0x40, 0x0C, 0x4C, 0xA0, 0x7E, 0x01, 0x00, 0x00, 0x00, 0x00, 0x00, 0x00, 0x0B,
	0x80, 0x58, 0x00, 0x01, 0x01, 0x00, 0x08, 0x00, 0x00, 0xDE, 0x1B, 0x76, 0x80, 0x00, 0x00, 0x00,
	0x00, 0xC0, 0x03, 0x01, 0x08, 0x07, 0x00, 0x00, 0x00, 0x00, 0x00, 0x00, 0x00, 0x00, 0x00, 0x00,
	0x00, 0x00, 0x00, 0x00, 0x00, 0x14, 0x00, 0x00, 0x00, 0x00, 0x00, 0x00, 0x00, 0x00, 0x00, 0x00,
	0x00, 0x00, 0x00, 0x00, 0x00, 0x00, 0x00, 0x00, 0x00, 0x00, 0x00, 0x00, 0x00, 0x14, 0x00, 0x00,
	0x00, 0x00, 0x00, 0x00, 0x00, 0x00, 0x00, 0x66, 0x30, 0x00, 0x00, 0x00, 0x00, 0xE8, 0x03, 0x01,
	0x18, 0x06, 0x00, 0x3D, 0xFF, 0x03, 0x00, 0x00, 0xC0, 0x00, 0xFF, 0x0F, 0x00, 0x0A, 0x01, 0x28,
	0x00, 0x00, 0x00, 0x00, 0x00, 0x00, 0x00, 0x00, 0x00, 0x00, 0x00, 0x38, 0x00, 0x00, 0x00, 0x00,
	0x00, 0x00, 0x00, 0x00, 0x00, 0x84, 0x2B, 0x16, 0x00, 0x00, 0x00, 0x02, 0x00, 0x0A, 0x00, 0x00,
	0x87, 0x00, 0x00, 0x26, 0x00, 0x00, 0x80, 0x03, 0x80, 0x01, 0x00, 0x00, 0x04, 0x00, 0x00, 0x29,
	0x00, 0x54, 0x54, 0x14, 0x04, 0x02, 0x00, 0x00, 0x80, 0x00, 0x04, 0x28, 0x00, 0x00, 0x00, 0x00,
	0x00, 0x00, 0x00, 0x00, 0x00, 0x00, 0x00, 0x38, 0x00, 0x00, 0x00, 0x00, 0x00, 0x00, 0x00, 0x00,
	0x00, 0xC6, 0x2B, 0x16, 0x20, 0x01, 0x00, 0x00, 0x00, 0x5A, 0x00, 0x10, 0x8A, 0x00, 0x00, 0x26,
	0x00, 0x00, 0x80, 0x01, 0x80, 0x01, 0x00, 0x3C, 0x05, 0x00, 0x00, 0x29, 0x84, 0x4C, 0x54, 0x18,
	0x00, 0x00, 0x12, 0x7C, 0x80, 0x00, 0x00, 0x76, 0x80, 0x00, 0x00, 0x00, 0x00, 0xC0, 0x03, 0x01,
	0x58, 0x02, 0x00, 0x00, 0x00, 0x00, 0x00, 0x00, 0x00, 0x00, 0x00, 0x00, 0x00, 0x00, 0x00, 0x00,
	0x00, 0x14, 0x00, 0x00, 0x00, 0x00, 0x00, 0x00, 0x00, 0x00, 0x00, 0x66, 0x30, 0x00, 0x00, 0x00,
	0x00, 0xE8, 0x03, 0x01, 0xFE, 0x06, 0x00, 0x3D, 0xFF, 0x03, 0x00, 0x00, 0xC0, 0x00, 0xFF, 0x0F,
	0x00, 0x0A, 0x01, 0x28, 0x00, 0x00, 0x00, 0x00, 0x00, 0x00, 0x00, 0x00, 0x00, 0x00, 0x00, 0x38,
	0x00, 0x00, 0x00, 0x00, 0x00, 0x00, 0x00, 0x00, 0x00, 0x84, 0x2B, 0x16, 0x00, 0x00, 0x00, 0x02,
	0x00, 0x0A, 0x00, 0x00, 0x87, 0x00, 0x00, 0x26, 0x00, 0x00, 0x80, 0x03, 0x80, 0x01, 0x00, 0x14,
	0x04, 0x00, 0x00, 0x29, 0x00, 0x54, 0x54, 0x14, 0x04, 0x02, 0x00, 0x14, 0x80, 0x00, 0x04, 0x28,
	0x00, 0x00, 0x00, 0x00, 0x00, 0x00, 0x00, 0x00, 0x00, 0x00, 0x00, 0x38, 0x00, 0x00, 0x00, 0x00,
	0x00, 0x00, 0x00, 0x00, 0x00, 0xC6, 0x2B, 0x16, 0x20, 0x01, 0x00, 0x00, 0x00, 0x5A, 0x00, 0x10,
	0x8A, 0x00, 0x00, 0x26, 0x00, 0x00, 0x80, 0x01, 0x80, 0x01, 0x00, 0x28, 0x05, 0x00, 0x00, 0x29,
	0x84, 0x4C, 0x54, 0x20, 0x00, 0x00, 0x12, 0x68, 0x80, 0x00, 0x00, 0x76, 0x80, 0x00, 0x00, 0x00,
	0x00, 0xC0, 0x03, 0x01, 0x48, 0x03, 0x00, 0x00, 0x00, 0x00, 0x00, 0x00, 0x00, 0x00, 0x00, 0x00,
	0x00, 0x00, 0x00, 0x00, 0x00, 0x14, 0x00, 0x00, 0x00, 0x00, 0x00, 0x00, 0x00, 0x00, 0x00, 0x00,
	0x00, 0x00, 0x00, 0x00, 0x00, 0x00, 0x00, 0x00, 0x00, 0x00, 0x00, 0x00, 0x00, 0x14, 0x00, 0x00,
	0x00, 0x00, 0x00, 0x00, 0x00, 0x00, 0x00, 0x66, 0x80, 0x00, 0x00, 0x00, 0x00, 0xC0, 0x03, 0x01,
	0x18, 0x06, 0x00, 0x3D, 0xFF, 0x03, 0x00, 0x00, 0x00, 0x02, 0xFF, 0x0F, 0x00, 0x0A, 0x01, 0x66,
	0x00, 0x00, 0x00, 0x00, 0x00, 0xC0, 0x03, 0x00, 0x58, 0x02, 0x00, 0x3D, 0x7F, 0x03, 0x00, 0x00,
	0x00, 0x00, 0xFF, 0x0F, 0x00, 0x02, 0x00, 0x40, 0x29, 0x53, 0x84, 0x8E, 0x01, 0x00, 0x00, 0x00,
	0x00, 0x00, 0x00, 0x0B, 0x00, 0x58, 0x00, 0x10, 0x00, 0x02, 0x00, 0x00, 0x00, 0xDE, 0x1B, 0x76,
	0x00, 0x00, 0x00, 0x00, 0x00, 0xC0, 0x03, 0x00, 0x38, 0x04, 0x00, 0x00, 0x00, 0x00, 0x00, 0x00,
	0x00, 0x00, 0x00, 0x00, 0x00, 0x00, 0x00, 0x00, 0x00, 0x14, 0x00, 0x00, 0x00, 0x00, 0x00, 0x00,
	0x00, 0x00, 0x00, 0x66, 0x80, 0x00, 0x00, 0x00, 0x00, 0xC0, 0x03, 0x01, 0x08, 0x07, 0x00, 0x3D,
	0xFF, 0x03, 0x00, 0x00, 0x00, 0x02, 0xFF, 0x0F, 0x00, 0x0A, 0x01, 0x66, 0x00, 0x00, 0x00, 0x00,
	0x00, 0xC0, 0x03, 0x00, 0x48, 0x03, 0x00, 0x3D, 0x7F, 0x03, 0x00, 0x00, 0x00, 0x00, 0xFF, 0x0F,
	0x00, 0x02, 0x00, 0x40, 0x29, 0x53, 0x84, 0x8E, 0x01, 0x00, 0x00, 0x00, 0x00, 0x00, 0x00, 0x0B,
	0x00, 0x58, 0x00, 0x10, 0x00, 0x02, 0x00, 0x00, 0x00, 0xDE, 0x1B, 0x76, 0x00, 0x00, 0x00, 0x00,
	0x00, 0xC0, 0x03, 0x00, 0x28, 0x05, 0x00, 0x00, 0x00, 0x00, 0x00, 0x00, 0x00, 0x00, 0x00, 0x00,
	0x00, 0x00, 0x00, 0x00, 0x00, 0x14, 0x00, 0x00, 0x00, 0x00, 0x00, 0x00, 0x00, 0x00, 0x00, 0x00,
	0x00, 0x00, 0x00, 0x00, 0x00, 0x00, 0x00, 0x00, 0x00, 0x00, 0x00, 0x00, 0x00, 0x14, 0x00, 0x00,
	0x00, 0x00, 0x00, 0x00, 0x00, 0x00, 0x00, 0x0E, 0x00, 0x30, 0x00, 0x00, 0x00, 0xE0, 0x01, 0x00,
	0x00, 0x00, 0x00, 0x66, 0x80, 0x03, 0x00, 0x00, 0x00, 0xF0, 0x40, 0x00, 0xE0, 0x01, 0x00, 0x28,
	0x00, 0x00, 0x00, 0x00, 0x00, 0x00, 0x00, 0x00, 0x00, 0x00, 0x00, 0x38, 0x00, 0x00, 0x00, 0x00,
	0x00, 0x00, 0x00, 0x00, 0x00, 0x44, 0x33, 0x16, 0x00, 0x00, 0x00, 0x02, 0x00, 0x14, 0x00, 0x00,
	0xA0, 0x00, 0x00, 0x26, 0x00, 0x00, 0x80, 0x03, 0x80, 0x01, 0x00, 0x00, 0x05, 0x00, 0x00, 0x29,
	0x84, 0x4C, 0x50, 0x14, 0x00, 0x00, 0x00, 0x00, 0x80, 0x00, 0x00, 0x40, 0xC3, 0x52, 0x00, 0x00,
	0x00, 0x00, 0x00, 0x00, 0x00, 0x00, 0x00, 0xDC, 0x00, 0x58, 0x00, 0x10, 0x00, 0x02, 0x00, 0x00,
	0x00, 0xC0, 0x0B, 0x76, 0x00, 0x00, 0x00, 0x00, 0x00, 0xC0, 0x03, 0x00, 0x58, 0x02, 0x00, 0x00,
	0x00, 0x00, 0x00, 0x00, 0x00, 0x00, 0x00, 0x00, 0x00, 0x00, 0x00, 0x00, 0x00, 0x14, 0x00, 0x00,
	0x00, 0x00, 0x00, 0x00, 0x00, 0x00, 0x00, 0x0E, 0x00, 0x30, 0x00, 0x00, 0x00, 0xE0, 0x01, 0x00,
	0xF0, 0x00, 0x00, 0x66, 0x80, 0x03, 0x00, 0x00, 0x00, 0xF0, 0x40, 0x00, 0x1C, 0x02, 0x00, 0x28,
	0x00, 0x00, 0x00, 0x00, 0x00, 0x00, 0x00, 0x00, 0x00, 0x00, 0x00, 0x38, 0x00, 0x00, 0x00, 0x00,
	0x00, 0x00, 0x00, 0x00, 0x00, 0x44, 0x33, 0x16, 0x20, 0x01, 0x00, 0x02, 0x00, 0x14, 0x00, 0x10,
	0xA0, 0x00, 0x00, 0x26, 0x00, 0x00, 0x80, 0x03, 0x80, 0x01, 0x00, 0x3C, 0x05, 0x00, 0x00, 0x29,
	0x84, 0x4C, 0x50, 0x14, 0x00, 0x00, 0x12, 0x7C, 0x80, 0x00, 0x00, 0x40, 0xC3, 0x52, 0x00, 0x00,
	0x00, 0x00, 0x00, 0x00, 0x00, 0x00, 0x00, 0xDC, 0x00, 0x58, 0x00, 0x10, 0x00, 0x02, 0x00, 0x00,
	0x00, 0xC0, 0x0B, 0x76, 0x00, 0x00, 0x00, 0x00, 0x00, 0xC0, 0x03, 0x00, 0x48, 0x03, 0x00, 0x00,
	0x00, 0x00, 0x00, 0x00, 0x00, 0x00, 0x00, 0x00, 0x00, 0x00, 0x00, 0x00, 0x00, 0x14, 0x00, 0x00,
	0x00, 0x00, 0x00, 0x00, 0x00, 0x00, 0x00, 0x00, 0x00, 0x00, 0x00, 0x00, 0x00, 0x00, 0x00, 0x00,
	0x00, 0x00, 0x00, 0x00, 0x00, 0x14, 0x00, 0x00, 0x00, 0x00, 0x00, 0x00, 0x00, 0x00, 0x00, 0x66,
	0x00, 0x00, 0x00, 0x00, 0x00, 0xE0, 0x81, 0x00, 0x38, 0x04, 0x00, 0x3D, 0xBF, 0x03, 0x00, 0x00,
	0x00, 0x00, 0xFF, 0x0F, 0x00, 0x84, 0x00, 0x0D, 0x00, 0x5C, 0x00, 0x00, 0x00, 0x00, 0x00, 0x00,
	0x00, 0x80, 0x00, 0x66, 0x00, 0x00, 0x00, 0x00, 0x00, 0xE0, 0x81, 0x00, 0x58, 0x02, 0x00, 0x3D,
	0xBF, 0x03, 0x00, 0x00, 0x00, 0x00, 0xFF, 0x0F, 0x00, 0x84, 0x00, 0x55, 0x40, 0x34, 0x00, 0x00,
	0x00, 0x00, 0x02, 0x00, 0x00, 0x8A, 0x00, 0x75, 0x00, 0x34, 0x00, 0x21, 0x00, 0x01, 0x02, 0x00,
	0x00, 0x40, 0x01, 0x55, 0x40, 0x38, 0x00, 0x00, 0x00, 0x00, 0x02, 0x00, 0x00, 0x8B, 0x80, 0x75,
	0xC0, 0x3B, 0x00, 0x00, 0x00, 0x01, 0x02, 0x00, 0x00, 0x40, 0x01, 0x28, 0x00, 0x00, 0x00, 0x00,
	0x00, 0x00, 0x00, 0x00, 0x00, 0x00, 0x00, 0x38, 0x00, 0x00, 0x00, 0x00, 0x00, 0x00, 0x00, 0x00,
	0x00, 0x44, 0x2B, 0x16, 0x00, 0x00, 0x00, 0x02, 0x00, 0x20, 0x00, 0x00, 0xA5, 0x00, 0x00, 0x26,
	0x00, 0x00, 0x80, 0x01, 0x00, 0x02, 0x00, 0x14, 0x06, 0x00, 0x00, 0x29, 0x9A, 0x60, 0x64, 0x14,
	0x00, 0x00, 0x00, 0x14, 0x80, 0x20, 0x00, 0x16, 0x20, 0x01, 0x00, 0x02, 0x00, 0x08, 0x00, 0x10,
	0xAD, 0x00, 0x00, 0x26, 0x00, 0x00, 0x80, 0x03, 0x80, 0x00, 0x00, 0x28, 0x06, 0x00, 0x00, 0x29,
	0xB8, 0x68, 0x64, 0x14, 0x00, 0x00, 0x12, 0x68, 0x80, 0x20, 0x00, 0x2E, 0x50, 0x3F, 0x00, 0x00,
	0x00, 0xE0, 0x01, 0x01, 0x00, 0x00, 0x00, 0x76, 0x10, 0x03, 0x00, 0x00, 0x00, 0x78, 0x40, 0x01,
	0xE0, 0x01, 0x00, 0x00, 0x00, 0x00, 0x00, 0x00, 0x00, 0x00, 0x00, 0x00, 0x00, 0x00, 0x00, 0x00,
	0x00, 0x14, 0x00, 0x00, 0x00, 0x00, 0x00, 0x00, 0x00, 0x00, 0x00, 0x66, 0x00, 0x00, 0x00, 0x00,
	0x00, 0xE0, 0x81, 0x00, 0xB0, 0x04, 0x00, 0x3D, 0xBF, 0x03, 0x00, 0x00, 0x00, 0x00, 0xFF, 0x0F,
	0x00, 0x84, 0x00, 0x0D, 0x00, 0x5C, 0x00, 0x00, 0x00, 0x00, 0x00, 0x00, 0x00, 0x80, 0x00, 0x66,
	0x00, 0x00, 0x00, 0x00, 0x00, 0xE0, 0x81, 0x00, 0xD0, 0x02, 0x00, 0x3D, 0xBF, 0x03, 0x00, 0x00,
	0x00, 0x00, 0xFF, 0x0F, 0x00, 0x84, 0x00, 0x55, 0x40, 0x34, 0x00, 0x00, 0x00, 0x00, 0x02, 0x00,
	0x00, 0x8A, 0x00, 0x75, 0x00, 0x34, 0x00, 0x21, 0x00, 0x01, 0x02, 0x00, 0x00, 0x40, 0x01, 0x55,
	0x40, 0x38, 0x00, 0x00, 0x00, 0x00, 0x02, 0x00, 0x00, 0x8B, 0x80, 0x75, 0xC0, 0x3B, 0x00, 0x00,
	0x00, 0x01, 0x02, 0x00, 0x00, 0x40, 0x01, 0x28, 0x00, 0x00, 0x00, 0x00, 0x00, 0x00, 0x00, 0x00,
	0x00, 0x00, 0x00, 0x38, 0x00, 0x00, 0x00, 0x00, 0x00, 0x00, 0x00, 0x00, 0x00, 0x44, 0x2B, 0x16,
	0x00, 0x00, 0x00, 0x02, 0x00, 0x20, 0x00, 0x00, 0xA5, 0x00, 0x00, 0x26, 0x00, 0x00, 0x80, 0x01,
	0x00, 0x02, 0x00, 0x00, 0x06, 0x00, 0x00, 0x29, 0x9A, 0x60, 0x64, 0x14, 0x00, 0x00, 0x00, 0x00,
	0x80, 0x20, 0x00, 0x16, 0x20, 0x01, 0x00, 0x02, 0x00, 0x08, 0x00, 0x10, 0xAD, 0x00, 0x00, 0x26,
	0x00, 0x00, 0x80, 0x03, 0x80, 0x00, 0x00, 0x3C, 0x06, 0x00, 0x00, 0x29, 0xB8, 0x68, 0x64, 0x14,
	0x00, 0x00, 0x12, 0x7C, 0x80, 0x20, 0x00, 0x2E, 0x50, 0x3F, 0x00, 0x00, 0x00, 0xE0, 0x01, 0x01,
	0x78, 0x00, 0x00, 0x76, 0x10, 0x03, 0x00, 0x00, 0x00, 0x78, 0x40, 0x01, 0xFE, 0x01, 0x00, 0x00,
	0x00, 0x00, 0x00, 0x00, 0x00, 0x00, 0x00, 0x00, 0x00, 0x00, 0x00, 0x00, 0x00, 0x14, 0x00, 0x00,
	0x00, 0x00, 0x00, 0x00, 0x00, 0x00, 0x00, 0x66, 0x00, 0x00, 0x00, 0x00, 0x00, 0xE0, 0x81, 0x00,
	0x28, 0x05, 0x00, 0x3D, 0xBF, 0x03, 0x00, 0x00, 0x00, 0x00, 0xFF, 0x0F, 0x00, 0x84, 0x00, 0x0D,
	0x00, 0x5C, 0x00, 0x00, 0x00, 0x00, 0x00, 0x00, 0x00, 0x80, 0x00, 0x66, 0x00, 0x00, 0x00, 0x00,
	0x00, 0xE0, 0x81, 0x00, 0x48, 0x03, 0x00, 0x3D, 0xBF, 0x03, 0x00, 0x00, 0x00, 0x00, 0xFF, 0x0F,
	0x00, 0x84, 0x00, 0x55, 0x40, 0x34, 0x00, 0x00, 0x00, 0x00, 0x02, 0x00, 0x00, 0x8A, 0x00, 0x75,
	0x00, 0x34, 0x00, 0x21, 0x00, 0x01, 0x02, 0x00, 0x00, 0x40, 0x01, 0x55, 0x40, 0x38, 0x00, 0x00,
	0x00, 0x00, 0x02, 0x00, 0x00, 0x8B, 0x80, 0x75, 0xC0, 0x3B, 0x00, 0x00, 0x00, 0x01, 0x02, 0x00,
	0x00, 0x40, 0x01, 0x28, 0x00, 0x00, 0x00, 0x00, 0x00, 0x00, 0x00, 0x00, 0x00, 0x00, 0x00, 0x38,
	0x00, 0x00, 0x00, 0x00, 0x00, 0x00, 0x00, 0x00, 0x00, 0x44, 0x2B, 0x16, 0x00, 0x00, 0x00, 0x02,
	0x00, 0x20, 0x00, 0x00, 0xA5, 0x00, 0x00, 0x26, 0x00, 0x00, 0x80, 0x01, 0x00, 0x02, 0x00, 0x14,
	0x06, 0x00, 0x00, 0x29, 0x9A, 0x60, 0x64, 0x14, 0x00, 0x00, 0x00, 0x14, 0x80, 0x20, 0x00, 0x16,
	0x20, 0x01, 0x00, 0x02, 0x00, 0x08, 0x00, 0x10, 0xAD, 0x00, 0x00, 0x26, 0x00, 0x00, 0x80, 0x03,
	0x80, 0x00, 0x00, 0x28, 0x06, 0x00, 0x00, 0x29, 0xB8, 0x68, 0x64, 0x14, 0x00, 0x00, 0x12, 0x68,
	0x80, 0x20, 0x00, 0x2E, 0x50, 0x3F, 0x00, 0x00, 0x00, 0xE0, 0x01, 0x01, 0xF0, 0x00, 0x00, 0x76,
	0x10, 0x03, 0x00, 0x00, 0x00, 0x78, 0x40, 0x01, 0x1C, 0x02, 0x00, 0x00, 0x00, 0x00, 0x00, 0x00,
	0x00, 0x00, 0x00, 0x00, 0x00, 0x00, 0x00, 0x00, 0x00, 0x14, 0x00, 0x00, 0x00, 0x00, 0x00, 0x00,
	0x00, 0x00, 0x00, 0x66, 0x00, 0x00, 0x00, 0x00, 0x00, 0xE0, 0x81, 0x00, 0xA0, 0x05, 0x00, 0x3D,
	0xBF, 0x03, 0x00, 0x00, 0x00, 0x00, 0xFF, 0x0F, 0x00, 0x84, 0x00, 0x0D, 0x00, 0x5C, 0x00, 0x00,
	0x00, 0x00, 0x00, 0x00, 0x00, 0x80, 0x00, 0x66, 0x00, 0x00, 0x00, 0x00, 0x00, 0xE0, 0x81, 0x00,
	0xC0, 0x03, 0x00, 0x3D, 0xBF, 0x03, 0x00, 0x00, 0x00, 0x00, 0xFF, 0x0F, 0x00, 0x84, 0x00, 0x55,
	0x40, 0x34, 0x00, 0x00, 0x00, 0x00, 0x02, 0x00, 0x00, 0x8A, 0x00, 0x75, 0x00, 0x34, 0x00, 0x21,
	0x00, 0x01, 0x02, 0x00, 0x00, 0x40, 0x01, 0x55, 0x40, 0x38, 0x00, 0x00, 0x00, 0x00, 0x02, 0x00,
	0x00, 0x8B, 0x80, 0x75, 0xC0, 0x3B, 0x00, 0x00, 0x00, 0x01, 0x02, 0x00, 0x00, 0x40, 0x01, 0x28,
	0x00, 0x00, 0x00, 0x00, 0x00, 0x00, 0x00, 0x00, 0x00, 0x00, 0x00, 0x38, 0x00, 0x00, 0x00, 0x00,
	0x00, 0x00, 0x00, 0x00, 0x00, 0x44, 0x2B, 0x16, 0x00, 0x00, 0x00, 0x02, 0x00, 0x20, 0x00, 0x00,
	0xA5, 0x00, 0x00, 0x26, 0x00, 0x00, 0x80, 0x01, 0x00, 0x02, 0x00, 0x00, 0x06, 0x00, 0x00, 0x29,
	0x9A, 0x60, 0x64, 0x14, 0x00, 0x00, 0x00, 0x00, 0x80, 0x20, 0x00, 0x16, 0x20, 0x01, 0x00, 0x02,
	0x00, 0x08, 0x00, 0x10, 0xAD, 0x00, 0x00, 0x26, 0x00, 0x00, 0x80, 0x03, 0x80, 0x00, 0x00, 0x3C,
	0x06, 0x00, 0x00, 0x29, 0xB8, 0x68, 0x64, 0x14, 0x00, 0x00, 0x12, 0x7C, 0x80, 0x20, 0x00, 0x2E,
	0x50, 0x3F, 0x00, 0x00, 0x00, 0xE0, 0x01, 0x01, 0x68, 0x01, 0x00, 0x76, 0x10, 0x03, 0x00, 0x00,
	0x00, 0x78, 0x40, 0x01, 0x3A, 0x02, 0x00, 0x00, 0x00, 0x00, 0x00, 0x00, 0x00, 0x00, 0x00, 0x00,
	0x00, 0x00, 0x00, 0x00, 0x00, 0x14, 0x00, 0x00, 0x00, 0x00, 0x00, 0x00, 0x00, 0x00, 0x00, 0x00,
	0x00, 0x00, 0x00, 0x00, 0x00, 0x00, 0x00, 0x00, 0x00, 0x00, 0x00, 0x00, 0x00, 0x14, 0x00, 0x00,
	0x00, 0x00, 0x00, 0x00, 0x00, 0x00, 0x00, 0x0E, 0x00, 0x30, 0x00, 0x00, 0x00, 0xE0, 0x01, 0x00,
	0x00, 0x00, 0x00, 0x66, 0x80, 0x03, 0x00, 0x00, 0x00, 0xF0, 0x40, 0x00, 0xE0, 0x01, 0x00, 0x28,
	0x00, 0x00, 0x00, 0x00, 0x00, 0x00, 0x00, 0x00, 0x00, 0x00, 0x00, 0x38, 0x00, 0x00, 0x00, 0x00,
	0x00, 0x00, 0x00, 0x00, 0x00, 0x48, 0x33, 0x16, 0x00, 0x00, 0x00, 0x02, 0x00, 0x20, 0x01, 0x00,
	0xAF, 0x00, 0x00, 0x26, 0x00, 0x00, 0x00, 0x00, 0x00, 0x02, 0x00, 0x14, 0x07, 0x00, 0x00, 0x29,
	0x9A, 0x6C, 0x50, 0x04, 0x00, 0x00, 0x00, 0x14, 0x80, 0x20, 0x00, 0x16, 0x20, 0x01, 0x00, 0x02,
	0x00, 0x20, 0x01, 0x10, 0xF7, 0x00, 0x00, 0x26, 0x00, 0x00, 0x00, 0x02, 0x00, 0x02, 0x00, 0x28,
	0x07, 0x00, 0x00, 0x29, 0xA9, 0x6C, 0x50, 0x04, 0x00, 0x00, 0x12, 0x68, 0x80, 0x20, 0x00, 0x16,
	0x00, 0x00, 0x00, 0x02, 0x00, 0x90, 0x00, 0x00, 0x3F, 0x01, 0x00, 0x26, 0x00, 0x00, 0x00, 0x00,
	0x00, 0x01, 0x00, 0x00, 0x08, 0x00, 0x00, 0x29, 0xB8, 0x70, 0x50, 0x04, 0x00, 0x00, 0x00, 0x00,
	0x80, 0x20, 0x00, 0x2E, 0x50, 0x43, 0x00, 0x00, 0x00, 0x78, 0x00, 0x01, 0x58, 0x02, 0x00, 0x76,
	0x10, 0x03, 0x00, 0x00, 0x00, 0x78, 0x40, 0x01, 0x48, 0x03, 0x00, 0x00, 0x00, 0x00, 0x00, 0x00,
	0x00, 0x00, 0x00, 0x00, 0x00, 0x00, 0x00, 0x00, 0x00, 0x14, 0x00, 0x00, 0x00, 0x00, 0x00, 0x00,
	0x00, 0x00, 0x00, 0x0E, 0x00, 0x44, 0x00, 0x00, 0x00, 0xE0, 0x01, 0x00, 0xE6, 0x00, 0x00, 0x66,
	0xD0, 0x03, 0x00, 0x02, 0x00, 0xFA, 0x40, 0x00, 0x19, 0x02, 0x00, 0x28, 0x00, 0x00, 0x00, 0x00,
	0x00, 0x00, 0x00, 0x00, 0x00, 0x00, 0x00, 0x38, 0x00, 0x00, 0x00, 0x00, 0x00, 0x00, 0x00, 0x00,
	0x00, 0x48, 0x33, 0x16, 0x20, 0x01, 0x00, 0x02, 0x00, 0x20, 0x01, 0x10, 0xAF, 0x00, 0x00, 0x26,
	0x00, 0x00, 0x00, 0x00, 0x00, 0x02, 0x00, 0x3C, 0x07, 0x00, 0x00, 0x29, 0x9A, 0x6C, 0x74, 0x0C,
	0x00, 0x00, 0x12, 0x7C, 0x80, 0x20, 0x00, 0x16, 0x00, 0x00, 0x00, 0x02, 0x00, 0x20, 0x01, 0x00,
	0xF7, 0x00, 0x00, 0x26, 0x00, 0x00, 0x00, 0x02, 0x00, 0x02, 0x00, 0x14, 0x07, 0x00, 0x00, 0x29,
	0xA9, 0x6C, 0x74, 0x0C, 0x00, 0x00, 0x00, 0x14, 0x80, 0x20, 0x00, 0x16, 0x20, 0x01, 0x00, 0x02,
	0x00, 0x90, 0x00, 0x10, 0x3F, 0x01, 0x00, 0x26, 0x00, 0x00, 0x00, 0x00, 0x00, 0x01, 0x00, 0x28,
	0x08, 0x00, 0x00, 0x29, 0xB8, 0x70, 0x74, 0x0C, 0x00, 0x00, 0x12, 0x68, 0x80, 0x20, 0x00, 0x2E,
	0x50, 0x43, 0x00, 0x00, 0x00, 0x78, 0x00, 0x01, 0x94, 0x02, 0x00, 0x76, 0x10, 0x03, 0x00, 0x00,
	0x00, 0x78, 0x40, 0x01, 0x66, 0x03, 0x00, 0x00, 0x00, 0x00, 0x00, 0x00, 0x00, 0x00, 0x00, 0x00,
	0x00, 0x00, 0x00, 0x00, 0x00, 0x14, 0x00, 0x00, 0x00, 0x00, 0x00, 0x00, 0x00, 0x00, 0x00, 0x66,
	0x00, 0x00, 0x00, 0x00, 0x00, 0xB0, 0x04, 0x00, 0x58, 0x02, 0x00, 0x28, 0x00, 0x00, 0x00, 0x00,
	0x00, 0x00, 0x00, 0x00, 0x00, 0x00, 0x00, 0x38, 0x00, 0x00, 0x00, 0x00, 0x00, 0x00, 0x00, 0x00,
	0x00, 0x06, 0x2B, 0x16, 0x00, 0x00, 0x00, 0x02, 0x00, 0x30, 0x00, 0x00, 0x63, 0x01, 0x00, 0x26,
	0x00, 0x00, 0x00, 0x01, 0x00, 0x02, 0x00, 0x00, 0x08, 0x00, 0x00, 0x29, 0x9A, 0x78, 0x7C, 0x14,
	0x00, 0x00, 0x00, 0x00, 0x80, 0x20, 0x00, 0x16, 0x20, 0x01, 0x00, 0x02, 0x00, 0x0C, 0x00, 0x10,
	0x6F, 0x01, 0x00, 0x26, 0x00, 0x00, 0x00, 0x03, 0x80, 0x00, 0x00, 0x3C, 0x08, 0x00, 0x00, 0x29,
	0xB8, 0x80, 0x7C, 0x14, 0x00, 0x00, 0x12, 0x7C, 0x80, 0x20, 0x00, 0x28, 0x00, 0x00, 0x00, 0x00,
	0x00, 0x00, 0x00, 0x00, 0x00, 0x00, 0x00, 0x38, 0x00, 0x00, 0x00, 0x00, 0x00, 0x00, 0x00, 0x00,
	0x00, 0x46, 0x2B, 0x16, 0x00, 0x00, 0x00, 0x02, 0x00, 0x20, 0x00, 0x00, 0x72, 0x01, 0x00, 0x26,
	0x00, 0x00, 0x80, 0x03, 0x00, 0x02, 0x00, 0x14, 0x08, 0x00, 0x00, 0x29, 0x5A, 0x78, 0x84, 0x14,
	0x68, 0x02, 0x00, 0x14, 0x80, 0x20, 0x04, 0x16, 0x20, 0x01, 0x00, 0x02, 0x00, 0x08, 0x00, 0x10,
	0x7A, 0x01, 0x00, 0x26, 0x00, 0x00, 0x80, 0x01, 0x80, 0x00, 0x00, 0x28, 0x09, 0x00, 0x00, 0x29,
	0x78, 0x80, 0x84, 0x14, 0x68, 0x02, 0x12, 0x68, 0x80, 0x20, 0x04, 0x28, 0x00, 0x00, 0x00, 0x00,
	0x00, 0x00, 0x00, 0x00, 0x00, 0x00, 0x00, 0x38, 0x00, 0x00, 0x00, 0x00, 0x00, 0x00, 0x00, 0x00,
	0x00, 0x48, 0x33, 0x16, 0x00, 0x00, 0x00, 0x02, 0x00, 0x20, 0x01, 0x00, 0x7C, 0x01, 0x00, 0x26,
	0x00, 0x00, 0x00, 0x02, 0x00, 0x02, 0x00, 0x00, 0x09, 0x00, 0x00, 0x29, 0x00, 0x78, 0x84, 0x48,
	0x68, 0x01, 0x00, 0x00, 0x80, 0x00, 0x04, 0x16, 0x20, 0x01, 0x00, 0x02, 0x00, 0x48, 0x00, 0x10,
	0xC4, 0x01, 0x00, 0x26, 0x00, 0x00, 0x00, 0x00, 0x80, 0x00, 0x00, 0x3C, 0x0A, 0x00, 0x00, 0x29,
	0x1E, 0x80, 0x84, 0x48, 0x68, 0x01, 0x12, 0x7C, 0x80, 0x00, 0x04, 0x40, 0x1E, 0x24, 0xA4, 0x46,
	0x01, 0x00, 0x00, 0x00, 0x00, 0x00, 0x00, 0x0B, 0x00, 0x84, 0x00, 0x10, 0x40, 0x0D, 0x00, 0x00,
	0x00, 0x9C, 0x1B, 0x28, 0x00, 0x00, 0x00, 0x00, 0x00, 0x00, 0x00, 0x00, 0x00, 0x00, 0x00, 0x38,
	0x00, 0x00, 0x00, 0x00, 0x00, 0x00, 0x00, 0x00, 0x00, 0x84, 0x33, 0x16, 0x00, 0x00, 0x00, 0x02,
	0x00, 0x20, 0x00, 0x00, 0xD6, 0x01, 0x00, 0x26, 0x00, 0x00, 0x80, 0x00, 0x00, 0x02, 0x00, 0x14,
	0x0A, 0x00, 0x00, 0x29, 0x40, 0x78, 0x84, 0x14, 0x00, 0x00, 0x00, 0x14, 0x80, 0x00, 0x00, 0x16,
	0x20, 0x01, 0x00, 0x02, 0x00, 0x08, 0x00, 0x10, 0xDE, 0x01, 0x00, 0x26, 0x00, 0x00, 0x80, 0x02,
	0x80, 0x00, 0x00, 0x28, 0x0A, 0x00, 0x00, 0x29, 0x5E, 0x80, 0x84, 0x14, 0x00, 0x00, 0x12, 0x68,
	0x80, 0x00, 0x00, 0x28, 0x00, 0x00, 0x00, 0x00, 0x00, 0x00, 0x00, 0x00, 0x00, 0x00, 0x00, 0x38,
	0x00, 0x00, 0x00, 0x00, 0x00, 0x00, 0x00, 0x00, 0x00, 0x46, 0x33, 0x16, 0x00, 0x00, 0x00, 0x02,
	0x00, 0x20, 0x01, 0x00, 0xE0, 0x01, 0x00, 0x26, 0x00, 0x00, 0x00, 0x03, 0x00, 0x02, 0x00, 0x00,
	0x0A, 0x00, 0x00, 0x29, 0x9A, 0x78, 0x84, 0x48, 0x00, 0x01, 0x00, 0x00, 0x80, 0x20, 0x00, 0x16,
	0x20, 0x01, 0x00, 0x02, 0x00, 0x48, 0x00, 0x10, 0x28, 0x02, 0x00, 0x26, 0x00, 0x00, 0x00, 0x01,
	0x80, 0x00, 0x00, 0x3C, 0x0B, 0x00, 0x00, 0x29, 0xB8, 0x80, 0x84, 0x48, 0x00, 0x01, 0x12, 0x7C,
	0x80, 0x20, 0x00, 0x40, 0x41, 0x22, 0x6C, 0x1B, 0x01, 0x00, 0x00, 0x00, 0x00, 0x00, 0x00, 0x0B,
	0x50, 0x87, 0x00, 0x01, 0x01, 0x00, 0x35, 0x00, 0x00, 0x9C, 0x1B, 0x28, 0x00, 0x00, 0x00, 0x00,
	0x00, 0x00, 0x00, 0x00, 0x00, 0x00, 0x00, 0x38, 0x00, 0x00, 0x00, 0x00, 0x00, 0x00, 0x00, 0x00,
	0x00, 0x84, 0x33, 0x16, 0x00, 0x00, 0x00, 0x02, 0x00, 0x20, 0x00, 0x00, 0x3A, 0x02, 0x00, 0x26,
	0x00, 0x00, 0x80, 0x01, 0x00, 0x02, 0x00, 0x14, 0x0B, 0x00, 0x00, 0x29, 0x5A, 0x78, 0x84, 0x14,
	0x68, 0x02, 0x00, 0x14, 0x80, 0x20, 0x04, 0x06, 0x00, 0x04, 0x00, 0x00, 0x00, 0x10, 0x00, 0x00,
	0x30, 0x00, 0x00, 0x08, 0x00, 0x00, 0x00, 0x00, 0x00, 0x00, 0x00, 0x00, 0x00, 0x00, 0x00, 0x18,
	0x00, 0x04, 0x00, 0x00, 0x00, 0x00, 0x00, 0x00, 0x00, 0x00, 0x00, 0x16, 0x20, 0x01, 0x00, 0x02,
	0x00, 0x08, 0x00, 0x10, 0x42, 0x02, 0x00, 0x26, 0x00, 0x00, 0x80, 0x03, 0x80, 0x00, 0x00, 0x28,
	0x0B, 0x00, 0x00, 0x29, 0x78, 0x80, 0x84, 0x14, 0x68, 0x02, 0x12, 0x68, 0x80, 0x20, 0x04, 0x28,
	0x00, 0x00, 0x00, 0x00, 0x00, 0x00, 0x00, 0x00, 0x00, 0x00, 0x00, 0x38, 0x00, 0x00, 0x00, 0x00,
	0x00, 0x00, 0x00, 0x00, 0x00, 0x46, 0x3B, 0x16, 0x00, 0x00, 0x00, 0x02, 0x00, 0x20, 0x01, 0x00,
	0x44, 0x02, 0x00, 0x26, 0x00, 0x00, 0x00, 0x00, 0x00, 0x02, 0x00, 0x00, 0x0C, 0x00, 0x00, 0x29,
	0x00, 0x78, 0x84, 0x48, 0x68, 0x01, 0x00, 0x00, 0x80, 0x00, 0x04, 0x16, 0x20, 0x01, 0x00, 0x02,
	0x00, 0x48, 0x00, 0x10, 0x8C, 0x02, 0x00, 0x26, 0x00, 0x00, 0x00, 0x02, 0x80, 0x00, 0x00, 0x3C,
	0x0C, 0x00, 0x00, 0x29, 0x1E, 0x80, 0x84, 0x48, 0x68, 0x01, 0x12, 0x7C, 0x80, 0x00, 0x04, 0x40,
	0xA7, 0x18, 0x48, 0x02, 0x01, 0x00, 0x00, 0x00, 0x00, 0x00, 0x00, 0x0B, 0x00, 0x84, 0x00, 0x10,
	0x40, 0x0D, 0x00, 0x00, 0x00, 0x9C, 0x1B, 0x0D, 0x00, 0x78, 0x00, 0x00, 0x00, 0x00, 0x00, 0x00,
	0x00, 0x04, 0x00, 0x28, 0x00, 0x00, 0x00, 0x00, 0x00, 0x00, 0x00, 0x00, 0x00, 0x00, 0x00, 0x38,
	0x00, 0x00, 0x00, 0x00, 0x00, 0x00, 0x00, 0x00, 0x00, 0x00, 0x00, 0x16, 0x00, 0x00, 0x00, 0x02,
	0x00, 0x02, 0x00, 0x00, 0x9E, 0x02, 0x00, 0x26, 0x00, 0x00, 0x80, 0x02, 0x80, 0x00, 0x00, 0x14,
	0x0C, 0x00, 0x00, 0x31, 0x5E, 0x88, 0x80, 0x14, 0x78, 0x00, 0x00, 0x14, 0x80, 0x00, 0x00, 0x76,
	0x00, 0x00, 0x00, 0x00, 0x00, 0xC0, 0x83, 0x00, 0x84, 0x03, 0x00, 0x66, 0x00, 0x00, 0x00, 0x00,
	0x00, 0xB0, 0x04, 0x00, 0x58, 0x02, 0x00, 0x28, 0x00, 0x00, 0x00, 0x00, 0x00, 0x00, 0x00, 0x00,
	0x00, 0x00, 0x00, 0x38, 0x00, 0x00, 0x00, 0x00, 0x00, 0x00, 0x00, 0x00, 0x00, 0x84, 0x33, 0x16,
	0x20, 0x01, 0x00, 0x00, 0x00, 0x30, 0x00, 0x10, 0x9F, 0x02, 0x00, 0x26, 0x00, 0x00, 0x80, 0x00,
	0x00, 0x02, 0x00, 0x28, 0x0D, 0x00, 0x00, 0x29, 0x9A, 0x78, 0x7C, 0x14, 0x00, 0x00, 0x12, 0x68,
	0x80, 0x20, 0x00, 0x16, 0x00, 0x00, 0x00, 0x00, 0x00, 0x0C, 0x00, 0x00, 0xAB, 0x02, 0x00, 0x26,
	0x00, 0x00, 0x80, 0x02, 0x80, 0x00, 0x00, 0x00, 0x0D, 0x00, 0x00, 0x29, 0xB8, 0x80, 0x7C, 0x14,
	0x00, 0x00, 0x00, 0x00, 0x80, 0x20, 0x00, 0x40, 0xE2, 0x54, 0x00, 0x00, 0x00, 0x00, 0x00, 0x00,
	0x00, 0x00, 0x00, 0xDC, 0x00, 0x84, 0x00, 0x10, 0x40, 0x0D, 0x00, 0x00, 0x00, 0xC0, 0x0B, 0x0D,
	0x80, 0x78, 0x00, 0x00, 0x00, 0x00, 0x00, 0x00, 0x00, 0x08, 0x00, 0x28, 0x00, 0x00, 0x00, 0x00,
	0x00, 0x00, 0x00, 0x00, 0x00, 0x00, 0x00, 0x38, 0x00, 0x00, 0x00, 0x00, 0x00, 0x00, 0x00, 0x00,
	0x00, 0x00, 0x00, 0x16, 0x20, 0x01, 0x00, 0x02, 0x00, 0x02, 0x00, 0x10, 0x9E, 0x02, 0x00, 0x26,
	0x00, 0x00, 0x80, 0x02, 0x80, 0x00, 0x00, 0x3C, 0x0C, 0x00, 0x00, 0x31, 0xA2, 0x88, 0x80, 0x14,
	0x78, 0x00, 0x12, 0x7C, 0x80, 0x00, 0x00, 0x76, 0x80, 0x00, 0x00, 0x00, 0x00, 0xC0, 0x03, 0x01,
	0x58, 0x02, 0x00, 0x66, 0x00, 0x00, 0x00, 0x00, 0x00, 0xC0, 0xC3, 0x00, 0x84, 0x03, 0x00, 0x3D,
	0x7F, 0x03, 0x00, 0xFC, 0x03, 0xFF, 0xFF, 0x0F, 0x00, 0xC8, 0x00, 0x0D, 0x00, 0x8C, 0x00, 0x00,
	0x00, 0x00, 0x00, 0x00, 0x00, 0xC0, 0x00, 0x66, 0x00, 0x00, 0x00, 0x00, 0x00, 0xC0, 0xC3, 0x00,
	0x58, 0x02, 0x00, 0x3D, 0x7F, 0x03, 0x00, 0xFC, 0x03, 0xFF, 0xFF, 0x0F, 0x00, 0xC8, 0x00, 0x55,
	0x40, 0x4C, 0x00, 0x00, 0x00, 0x00, 0x02, 0x00, 0x00, 0xCA, 0x00, 0x75, 0xC0, 0x4F, 0x00, 0x02,
	0x00, 0x01, 0x02, 0x00, 0x00, 0x40, 0x01, 0x55, 0x40, 0x50, 0x00, 0x00, 0x02, 0x00, 0x02, 0x00,
	0x00, 0xCA, 0x80, 0x75, 0x80, 0x53, 0x00, 0x00, 0x00, 0x01, 0x02, 0x00, 0x00, 0x42, 0x01, 0x55,
	0x40, 0x4C, 0x00, 0x00, 0x00, 0x0F, 0x02, 0x00, 0x00, 0xCA, 0x00, 0x75, 0x80, 0x4F, 0x00, 0x02,
	0x00, 0x01, 0x02, 0x00, 0x00, 0x42, 0x01, 0x28, 0x00, 0x00, 0x00, 0x00, 0x00, 0x00, 0x00, 0x00,
	0x00, 0x00, 0x00, 0x38, 0x00, 0x00, 0x00, 0x00, 0x00, 0x00, 0x00, 0x00, 0x00, 0x84, 0x2B, 0x16,
	0x00, 0x00, 0x00, 0x00, 0x00, 0x30, 0x00, 0x00, 0xAE, 0x02, 0x00, 0x26, 0x00, 0x00, 0x00, 0x03,
	0x00, 0x02, 0x00, 0x14, 0x0D, 0x00, 0x00, 0x29, 0x75, 0x78, 0x90, 0x14, 0x00, 0x00, 0x00, 0x14,
	0x80, 0x00, 0x00, 0x16, 0x20, 0x01, 0x00, 0x00, 0x00, 0x30, 0x00, 0x10, 0xBA, 0x02, 0x00, 0x26,
	0x00, 0x00, 0x00, 0x01, 0x00, 0x02, 0x00, 0x28, 0x0E, 0x00, 0x00, 0x29, 0x93, 0x78, 0x90, 0x14,
	0x00, 0x00, 0x12, 0x68, 0x80, 0x00, 0x00, 0x16, 0x00, 0x00, 0x00, 0x00, 0x00, 0x18, 0x00, 0x00,
	0xC6, 0x02, 0x00, 0x26, 0x00, 0x00, 0x00, 0x03, 0x00, 0x01, 0x00, 0x00, 0x0E, 0x00, 0x00, 0x29,
	0xB1, 0x94, 0x90, 0x14, 0x00, 0x00, 0x00, 0x00, 0x80, 0x00, 0x00, 0x76, 0xA0, 0x02, 0x00, 0x00,
	0x00, 0xB0, 0xC4, 0x00, 0x58, 0x02, 0x00, 0x28, 0x00, 0x00, 0x00, 0x00, 0x00, 0x00, 0x00, 0x00,
	0x00, 0x00, 0x00, 0x38, 0x00, 0x00, 0x00, 0x00, 0x00, 0x00, 0x00, 0x00, 0x00, 0x48, 0x33, 0x16,
	0x20, 0x01, 0x00, 0x00, 0x00, 0xB0, 0x01, 0x10, 0xCC, 0x02, 0x00, 0x26, 0x00, 0x00, 0x00, 0x00,
	0x00, 0x02, 0x00, 0x3C, 0x0F, 0x00, 0x00, 0x29, 0x00, 0x98, 0x7C, 0x04, 0xD4, 0x01, 0x12, 0x7C,
	0x80, 0x00, 0x00, 0x16, 0x00, 0x00, 0x00, 0x00, 0x00, 0xB0, 0x01, 0x00, 0x38, 0x03, 0x00, 0x26,
	0x00, 0x00, 0x00, 0x02, 0x00, 0x02, 0x00, 0x14, 0x0F, 0x00, 0x00, 0x29, 0x07, 0x98, 0x7C, 0x04,
	0xD4, 0x01, 0x00, 0x14, 0x80, 0x20, 0x00, 0x16, 0x20, 0x01, 0x00, 0x00, 0x00, 0xB0, 0x01, 0x10,
	0xA4, 0x03, 0x00, 0x26, 0x00, 0x00, 0x00, 0x00, 0x00, 0x02, 0x00, 0x28, 0x10, 0x00, 0x00, 0x29,
	0x0F, 0x98, 0x7C, 0x04, 0xD4, 0x01, 0x12, 0x68, 0x80, 0x00, 0x00, 0x16, 0x00, 0x00, 0x00, 0x00,
	0x00, 0xB0, 0x01, 0x00, 0x10, 0x04, 0x00, 0x26, 0x00, 0x00, 0x00, 0x02, 0x00, 0x02, 0x00, 0x00,
	0x10, 0x00, 0x00, 0x29, 0x16, 0x98, 0x7C, 0x04, 0xD4, 0x01, 0x00, 0x00, 0x80, 0x20, 0x00, 0x16,
	0x20, 0x01, 0x00, 0x00, 0x00, 0xB0, 0x01, 0x10, 0x7C, 0x04, 0x00, 0x26, 0x00, 0x00, 0x00, 0x00,
	0x00, 0x02, 0x00, 0x3C, 0x11, 0x00, 0x00, 0x29, 0x1E, 0x98, 0x7C, 0x04, 0xD4, 0x01, 0x12, 0x7C,
	0x80, 0x00, 0x00, 0x28, 0x00, 0x00, 0x00, 0x00, 0x00, 0x00, 0x00, 0x00, 0x00, 0x00, 0x00, 0x38,
	0x00, 0x00, 0x00, 0x00, 0x00, 0x00, 0x00, 0x00, 0x00, 0x44, 0x33, 0x16, 0x00, 0x00, 0x00, 0x00,
	0x00, 0x50, 0x00, 0x00, 0xE8, 0x04, 0x00, 0x26, 0x00, 0x00, 0x00, 0x02, 0x00, 0x02, 0x00, 0x14,
	0x11, 0x00, 0x00, 0x29, 0xAD, 0x98, 0x9C, 0x14, 0x00, 0x00, 0x00, 0x14, 0x80, 0x10, 0x00, 0x16,
	0x20, 0x01, 0x00, 0x00, 0x00, 0x50, 0x00, 0x10, 0xFC, 0x04, 0x00, 0x26, 0x00, 0x00, 0x00, 0x00,
	0x00, 0x02, 0x00, 0x28, 0x12, 0x00, 0x00, 0x29, 0xB4, 0x98, 0x9C, 0x14, 0x00, 0x00, 0x12, 0x68,
	0x80, 0x30, 0x00, 0x16, 0x00, 0x00, 0x00, 0x00, 0x00, 0x28, 0x00, 0x00, 0x10, 0x05, 0x00, 0x26,
	0x00, 0x00, 0x00, 0x02, 0x00, 0x01, 0x00, 0x00, 0x12, 0x00, 0x00, 0x29, 0xBC, 0xA0, 0x9C, 0x14,
	0x00, 0x00, 0x00, 0x00, 0x80, 0x10, 0x00, 0x28, 0x00, 0x00, 0x00, 0x00, 0x00, 0x00, 0x00, 0x00,
	0x00, 0x00, 0x00, 0x38, 0x00, 0x00, 0x00, 0x00, 0x00, 0x00, 0x00, 0x00, 0x00, 0x44, 0x33, 0x16,
	0x20, 0x01, 0x00, 0x00, 0x00, 0x30, 0x00, 0x10, 0x1A, 0x05, 0x00, 0x26, 0x00, 0x00, 0x00, 0x03,
	0x00, 0x02, 0x00, 0x3C, 0x12, 0x00, 0x00, 0x29, 0x8D, 0x98, 0xA4, 0x14, 0xB4, 0x02, 0x12, 0x7C,
	0x80, 0x10, 0x02, 0x16, 0x00, 0x00, 0x00, 0x00, 0x00, 0x30, 0x00, 0x00, 0x26, 0x05, 0x00, 0x26,
	0x00, 0x00, 0x00, 0x01, 0x00, 0x02, 0x00, 0x14, 0x13, 0x00, 0x00, 0x29, 0x94, 0x98, 0xA4, 0x14,
	0xB4, 0x02, 0x00, 0x14, 0x80, 0x30, 0x02, 0x16, 0x20, 0x01, 0x00, 0x00, 0x00, 0x18, 0x00, 0x10,
	0x32, 0x05, 0x00, 0x26, 0x00, 0x00, 0x00, 0x03, 0x00, 0x01, 0x00, 0x28, 0x13, 0x00, 0x00, 0x29,
	0x9C, 0xA0, 0xA4, 0x14, 0xB4, 0x02, 0x12, 0x68, 0x80, 0x10, 0x02, 0x28, 0x00, 0x00, 0x00, 0x00,
	0x00, 0x00, 0x00, 0x00, 0x00, 0x00, 0x00, 0x38, 0x00, 0x00, 0x00, 0x00, 0x00, 0x00, 0x00, 0x00,
	0x00, 0x86, 0x33, 0x16, 0x00, 0x00, 0x00, 0x00, 0x00, 0xB0, 0x01, 0x00, 0x38, 0x05, 0x00, 0x26,
	0x00, 0x00, 0x00, 0x00, 0x00, 0x02, 0x00, 0x00, 0x14, 0x00, 0x00, 0x29, 0x25, 0x98, 0xA4, 0x48,
	0x34, 0x02, 0x00, 0x00, 0x80, 0x20, 0x02, 0x16, 0x20, 0x01, 0x00, 0x00, 0x00, 0xB0, 0x01, 0x10,
	0xA4, 0x05, 0x00, 0x26, 0x00, 0x00, 0x00, 0x02, 0x00, 0x02, 0x00, 0x3C, 0x14, 0x00, 0x00, 0x29,
	0x2D, 0x98, 0xA4, 0x48, 0x34, 0x02, 0x12, 0x7C, 0x80, 0x00, 0x02, 0x16, 0x00, 0x00, 0x00, 0x00,
	0x00, 0xD8, 0x00, 0x00, 0x10, 0x06, 0x00, 0x26, 0x00, 0x00, 0x00, 0x00, 0x00, 0x01, 0x00, 0x14,
	0x15, 0x00, 0x00, 0x29, 0x34, 0xA0, 0xA4, 0x48, 0x34, 0x02, 0x00, 0x14, 0x80, 0x20, 0x02, 0x40,
	0xE7, 0x14, 0x00, 0x00, 0x01, 0x00, 0x00, 0x00, 0x00, 0x00, 0x00, 0x0B, 0xB0, 0xA4, 0x40, 0x54,
	0xA0, 0x06, 0x0B, 0x00, 0x00, 0x9C, 0x1B, 0x0D, 0x00, 0xA8, 0x00, 0x00, 0xC0, 0x02, 0x00, 0x00,
	0x00, 0x44, 0x00, 0x28, 0x00, 0x00, 0x00, 0x00, 0x00, 0x00, 0x00, 0x00, 0x00, 0x00, 0x00, 0x38,
	0x00, 0x00, 0x00, 0x00, 0x00, 0x00, 0x00, 0x00, 0x00, 0x00, 0x00, 0x16, 0x20, 0x01, 0x00, 0x00,
	0x00, 0x02, 0x00, 0x10, 0x46, 0x06, 0x00, 0x26, 0x00, 0x00, 0x00, 0x01, 0x00, 0x01, 0x00, 0x28,
	0x15, 0x00, 0x00, 0x31, 0x4F, 0xAC, 0xA0, 0x14, 0xD0, 0x00, 0x12, 0x68, 0x80, 0x00, 0x04, 0x28,
	0x00, 0x00, 0x00, 0x00, 0x00, 0x00, 0x00, 0x00, 0x00, 0x00, 0x00, 0x38, 0x00, 0x00, 0x00, 0x00,
	0x00, 0x00, 0x00, 0x00, 0x00, 0x44, 0x33, 0x16, 0x00, 0x00, 0x00, 0x02, 0x00, 0x50, 0x00, 0x00,
	0x46, 0x06, 0x00, 0x26, 0x00, 0x00, 0x00, 0x03, 0x00, 0x02, 0x00, 0x00, 0x15, 0x00, 0x00, 0x29,
	0xAD, 0x98, 0x9C, 0x14, 0x00, 0x00, 0x00, 0x00, 0x80, 0x10, 0x00, 0x16, 0x20, 0x01, 0x00, 0x02,
	0x00, 0x50, 0x00, 0x10, 0x5A, 0x06, 0x00, 0x26, 0x00, 0x00, 0x00, 0x01, 0x00, 0x02, 0x00, 0x3C,
	0x16, 0x00, 0x00, 0x29, 0xB4, 0x98, 0x9C, 0x14, 0x00, 0x00, 0x12, 0x7C, 0x80, 0x30, 0x00, 0x16,
	0x00, 0x00, 0x00, 0x02, 0x00, 0x28, 0x00, 0x00, 0x6E, 0x06, 0x00, 0x26, 0x00, 0x00, 0x00, 0x03,
	0x00, 0x01, 0x00, 0x14, 0x16, 0x00, 0x00, 0x29, 0xBC, 0xA0, 0x9C, 0x14, 0x00, 0x00, 0x00, 0x14,
	0x80, 0x10, 0x00, 0x40, 0xB8, 0x64, 0x00, 0x00, 0x00, 0x00, 0x00, 0x00, 0x00, 0x00, 0x00, 0xDC,
	0x00, 0xA4, 0x00, 0x14, 0xA0, 0x06, 0x00, 0x00, 0x00, 0xC0, 0x0B, 0x0D, 0x30, 0xA9, 0x00, 0x00,
	0x00, 0x00, 0x00, 0x00, 0x00, 0x02, 0x00, 0x28, 0x00, 0x00, 0x00, 0x00, 0x00, 0x00, 0x00, 0x00,
	0x00, 0x00, 0x00, 0x38, 0x00, 0x00, 0x00, 0x00, 0x00, 0x00, 0x00, 0x00, 0x00, 0x00, 0x00, 0x16,
	0x20, 0x01, 0x00, 0x00, 0x00, 0x02, 0x00, 0x10, 0x46, 0x06, 0x00, 0x26, 0x00, 0x00, 0x00, 0x01,
	0x00, 0x01, 0x00, 0x28, 0x15, 0x00, 0x00, 0x31, 0x38, 0xAC, 0xA0, 0x14, 0x3C, 0x00, 0x12, 0x68,
	0x80, 0x20, 0x00, 0x0D, 0x50, 0xB3, 0x00, 0x00, 0x00, 0x00, 0x00, 0x00, 0x00, 0x88, 0x00, 0x55,
	0x10, 0x57, 0x00, 0x00, 0xC0, 0x04, 0x02, 0x00, 0x00, 0x40, 0x00, 0x75, 0x30, 0x55, 0x00, 0x20,
	0x40, 0x0C, 0x02, 0x00, 0x00, 0x0A, 0x00, 0x55, 0x10, 0x57, 0x00, 0x00, 0xC2, 0x04, 0x02, 0x00,
	0x00, 0x40, 0x00, 0x75, 0x20, 0x56, 0x00, 0x00, 0x40, 0x0C, 0x02, 0x00, 0x00, 0x0A, 0x00, 0x55,
	0x10, 0x57, 0x00, 0x00, 0x80, 0x08, 0x02, 0x00, 0x00, 0x40, 0x00, 0x75, 0x20, 0x56, 0x00, 0x20,
	0x40, 0x0C, 0x02, 0x00, 0x00, 0x0A, 0x00, 0x55, 0x10, 0x57, 0x00, 0x00, 0x82, 0x08, 0x02, 0x00,
	0x00, 0x40, 0x00, 0x75, 0x10, 0x57, 0x00, 0x00, 0x40, 0x0C, 0x02, 0x00, 0x00, 0x0A, 0x00, 0x55,
	0x10, 0x57, 0x00, 0x00, 0x40, 0x0C, 0x02, 0x00, 0x00, 0x40, 0x00, 0x75, 0x10, 0x57, 0x00, 0x20,
	0x40, 0x0C, 0x02, 0x00, 0x00, 0x0A, 0x00, 0x28, 0x00, 0x00, 0x00, 0x00, 0x00, 0x00, 0x00, 0x00,
	0x00, 0x00, 0x00, 0x38, 0x00, 0x00, 0x00, 0x00, 0x00, 0x00, 0x00, 0x00, 0x00, 0x06, 0x33, 0x16,
	0x00, 0x00, 0x00, 0x02, 0x00, 0x50, 0x00, 0x00, 0x78, 0x06, 0x00, 0x26, 0x00, 0x00, 0x00, 0x00,
	0x00, 0x02, 0x00, 0x00, 0x17, 0x00, 0x00, 0x29, 0x00, 0x98, 0x9C, 0x14, 0x68, 0x02, 0x00, 0x00,
	0x80, 0x00, 0x04, 0x16, 0x20, 0x01, 0x00, 0x02, 0x00, 0x50, 0x00, 0x10, 0x8C, 0x06, 0x00, 0x26,
	0x00, 0x00, 0x00, 0x02, 0x00, 0x02, 0x00, 0x3C, 0x17, 0x00, 0x00, 0x29, 0x07, 0x98, 0x9C, 0x14,
	0x68, 0x02, 0x12, 0x7C, 0x80, 0x20, 0x04, 0x16, 0x00, 0x00, 0x00, 0x02, 0x00, 0x50, 0x00, 0x00,
	0xA0, 0x06, 0x00, 0x26, 0x00, 0x00, 0x00, 0x00, 0x00, 0x02, 0x00, 0x14, 0x18, 0x00, 0x00, 0x29,
	0x0F, 0x98, 0x9C, 0x14, 0x68, 0x02, 0x00, 0x14, 0x80, 0x00, 0x04, 0x16, 0x20, 0x01, 0x00, 0x02,
	0x00, 0x50, 0x00, 0x10, 0xB4, 0x06, 0x00, 0x26, 0x00, 0x00, 0x00, 0x02, 0x00, 0x02, 0x00, 0x28,
	0x18, 0x00, 0x00, 0x29, 0x16, 0x98, 0x9C, 0x14, 0x68, 0x02, 0x12, 0x68, 0x80, 0x20, 0x04, 0x16,
	0x00, 0x00, 0x00, 0x02, 0x00, 0x50, 0x00, 0x00, 0xC8, 0x06, 0x00, 0x26, 0x00, 0x00, 0x00, 0x00,
	0x00, 0x02, 0x00, 0x00, 0x19, 0x00, 0x00, 0x29, 0x1E, 0x98, 0x9C, 0x14, 0x68, 0x02, 0x00, 0x00,
	0x80, 0x00, 0x04, 0x28, 0x00, 0x00, 0x00, 0x00, 0x00, 0x00, 0x00, 0x00, 0x00, 0x00, 0x00, 0x38,
	0x00, 0x00, 0x00, 0x00, 0x00, 0x00, 0x00, 0x00, 0x00, 0x84, 0x33, 0x16, 0x20, 0x01, 0x00, 0x02,
	0x00, 0x50, 0x00, 0x10, 0xDC, 0x06, 0x00, 0x26, 0x00, 0x00, 0x00, 0x02, 0x00, 0x02, 0x00, 0x3C,
	0x19, 0x00, 0x00, 0x29, 0xAD, 0x98, 0x9C, 0x14, 0x00, 0x00, 0x12, 0x7C, 0x80, 0x10, 0x00, 0x16,
	0x00, 0x00, 0x00, 0x02, 0x00, 0x50, 0x00, 0x00, 0xF0, 0x06, 0x00, 0x26, 0x00, 0x00, 0x00, 0x00,
	0x00, 0x02, 0x00, 0x14, 0x1A, 0x00, 0x00, 0x29, 0xB4, 0x98, 0x9C, 0x14, 0x00, 0x00, 0x00, 0x14,
	0x80, 0x30, 0x00, 0x16, 0x20, 0x01, 0x00, 0x02, 0x00, 0x28, 0x00, 0x10, 0x04, 0x07, 0x00, 0x26,
	0x00, 0x00, 0x00, 0x02, 0x00, 0x01, 0x00, 0x28, 0x1A, 0x00, 0x00, 0x29, 0xBC, 0xA0, 0x9C, 0x14,
	0x00, 0x00, 0x12, 0x68, 0x80, 0x10, 0x00, 0x30, 0x00, 0x00, 0x00, 0x00, 0x00, 0x00, 0x00, 0x00,
	0x00, 0x00, 0x00, 0x5A, 0xA8, 0xA5, 0x00, 0x58, 0xA0, 0x46, 0x0A, 0x00, 0x00, 0x40, 0x0A, 0x40,
	0x4D, 0x6C, 0x00, 0x00, 0x00, 0x00, 0x00, 0x00, 0x00, 0x00, 0x00, 0xDC, 0x00, 0xA4, 0x00, 0x10,
	0xA0, 0x06, 0x00, 0x00, 0x00, 0xC0, 0x0B, 0x30, 0x00, 0x00, 0x00, 0x00, 0x00, 0x00, 0x00, 0x00,
	0x00, 0x00, 0x00, 0x5A, 0x50, 0xA7, 0x00, 0x58, 0x00, 0x40, 0x00, 0x00, 0x00, 0x5C, 0x0A, 0x30,
	0x00, 0x00, 0x00, 0x00, 0x00, 0x00, 0x00, 0x00, 0x00, 0x00, 0x00, 0x5A, 0x58, 0xA6, 0x00, 0x58,
	0x40, 0x0D, 0x08, 0x00, 0x00, 0x40, 0x0A, 0x40, 0xDA, 0x76, 0x00, 0x00, 0x00, 0x00, 0x00, 0x00,
	0x00, 0x00, 0x00, 0xDC, 0xF8, 0xA4, 0x00, 0x01, 0x60, 0x09, 0x00, 0x00, 0x00, 0xC0, 0x0B, 0x0D,
	0x58, 0xAA, 0x00, 0x00, 0xE0, 0x03, 0x00, 0x00, 0x00, 0x00, 0x01, 0x28, 0x00, 0x00, 0x00, 0x00,
	0x00, 0x00, 0x00, 0x00, 0x00, 0x00, 0x00, 0x38, 0x00, 0x00, 0x00, 0x00, 0x00, 0x00, 0x00, 0x00,
	0x00, 0x00, 0x00, 0x16, 0x00, 0x00, 0x00, 0x00, 0x00, 0x02, 0x00, 0x00, 0x46, 0x06, 0x00, 0x26,
	0x00, 0x00, 0x00, 0x01, 0x00, 0x01, 0x00, 0x00, 0x15, 0x00, 0x00, 0x31, 0x21, 0xAC, 0xA0, 0x14,
	0x58, 0x02, 0x00, 0x00, 0x80, 0x30, 0x06, 0x76, 0x58, 0x02, 0x00, 0x00, 0x00, 0x68, 0x01, 0x00,
	0x84, 0x03, 0x00, 0x40, 0xDA, 0x76, 0x00, 0x00, 0x00, 0x00, 0x00, 0x00, 0x00, 0x00, 0x00, 0xDC,
	0xA8, 0xA5, 0xC0, 0x10, 0x40, 0x0D, 0x00, 0x00, 0x00, 0xC0, 0x0B, 0x0D, 0x58, 0xAA, 0x00, 0x00,
	0xA0, 0x06, 0x00, 0x00, 0x00, 0xC0, 0x00, 0x28, 0x00, 0x00, 0x00, 0x00, 0x00, 0x00, 0x00, 0x00,
	0x00, 0x00, 0x00, 0x38, 0x00, 0x00, 0x00, 0x00, 0x00, 0x00, 0x00, 0x00, 0x00, 0x00, 0x00, 0x16,
	0x20, 0x01, 0x00, 0x00, 0x00, 0x02, 0x00, 0x10, 0x46, 0x06, 0x00, 0x26, 0x00, 0x00, 0x00, 0x01,
	0x00, 0x01, 0x00, 0x3C, 0x15, 0x00, 0x00, 0x31, 0x21, 0xAC, 0xA0, 0x14, 0xF0, 0x01, 0x12, 0x7C,
	0x80, 0x30, 0x02, 0x76, 0x58, 0x02, 0x00, 0x00, 0x00, 0x68, 0x01, 0x00, 0xDE, 0x03, 0x00, 0x40,
	0xDA, 0x76, 0x00, 0x00, 0x00, 0x00, 0x00, 0x00, 0x00, 0x00, 0x00, 0xDC, 0x00, 0xA4, 0x40, 0x00,
	0x00, 0x00, 0x00, 0x00, 0x00, 0xC0, 0x0B, 0x0D, 0x30, 0xA9, 0x00, 0x00, 0x00, 0x00, 0x00, 0x00,
	0x00, 0x40, 0x00, 0x28, 0x00, 0x00, 0x00, 0x00, 0x00, 0x00, 0x00, 0x00, 0x00, 0x00, 0x00, 0x38,
	0x00, 0x00, 0x00, 0x00, 0x00, 0x00, 0x00, 0x00, 0x00, 0x00, 0x00, 0x16, 0x00, 0x00, 0x00, 0x00,
	0x00, 0x02, 0x00, 0x00, 0x46, 0x06, 0x00, 0x26, 0x00, 0x00, 0x00, 0x01, 0x00, 0x01, 0x00, 0x14,
	0x15, 0x00, 0x00, 0x31, 0x18, 0xAC, 0xA0, 0x14, 0xBC, 0x00, 0x00, 0x14, 0x80, 0x20, 0x00, 0x40,
	0x90, 0x64, 0x00, 0x00, 0x00, 0x00, 0x00, 0x00, 0x00, 0x00, 0x00, 0xDC, 0xA8, 0xA5, 0x00, 0x15,
	0xA0, 0x06, 0x00, 0x00, 0x00, 0xC0, 0x0B, 0x0D, 0x00, 0xA8, 0x00, 0x00, 0xA0, 0x06, 0x00, 0x00,
	0x00, 0x02, 0x01, 0x28, 0x00, 0x00, 0x00, 0x00, 0x00, 0x00, 0x00, 0x00, 0x00, 0x00, 0x00, 0x38,
	0x00, 0x00, 0x00, 0x00, 0x00, 0x00, 0x00, 0x00, 0x00, 0x00, 0x00, 0x16, 0x20, 0x01, 0x00, 0x00,
	0x00, 0x02, 0x00, 0x10, 0x46, 0x06, 0x00, 0x26, 0x00, 0x00, 0x00, 0x01, 0x00, 0x01, 0x00, 0x28,
	0x15, 0x00, 0x00, 0x31, 0x2F, 0xAC, 0xA0, 0x14, 0x70, 0x02, 0x12, 0x68, 0x80, 0x00, 0x02, 0x0D,
	0x00, 0xB0, 0x00, 0x00, 0x00, 0x00, 0x00, 0x00, 0x00, 0x44, 0x00, 0x55, 0x10, 0x57, 0x00, 0x00,
	0xC0, 0x04, 0x02, 0x00, 0x00, 0x0A, 0x00, 0x75, 0xE0, 0x55, 0x00, 0x20, 0x40, 0x0C, 0x02, 0x00,
	0x00, 0x44, 0x01, 0x55, 0x10, 0x57, 0x00, 0x00, 0xC2, 0x04, 0x02, 0x00, 0x00, 0x0A, 0x00, 0x75,
	0xD0, 0x56, 0x00, 0x00, 0x40, 0x0C, 0x02, 0x00, 0x00, 0x44, 0x01, 0x55, 0x10, 0x57, 0x00, 0x00,
	0x80, 0x08, 0x02, 0x00, 0x00, 0x0A, 0x00, 0x75, 0xD0, 0x56, 0x00, 0x20, 0x40, 0x0C, 0x02, 0x00,
	0x00, 0x44, 0x01, 0x55, 0x10, 0x57, 0x00, 0x00, 0x82, 0x08, 0x02, 0x00, 0x00, 0x0A, 0x00, 0x75,
	0xC0, 0x57, 0x00, 0x00, 0x40, 0x0C, 0x02, 0x00, 0x00, 0x44, 0x01, 0x55, 0x10, 0x57, 0x00, 0x00,
	0x40, 0x0C, 0x02, 0x00, 0x00, 0x0A, 0x00, 0x75, 0xC0, 0x57, 0x00, 0x20, 0x40, 0x0C, 0x02, 0x00,
	0x00, 0x44, 0x01, 0x66, 0x00, 0x00, 0x00, 0x00, 0x00, 0x68, 0x01, 0x00, 0xDE, 0x03, 0x00, 0x3D,
	0xCF, 0x02, 0x00, 0x00, 0x80, 0xF7, 0xFF, 0x0F, 0x00, 0x00, 0x00, 0x0D, 0xB0, 0xB0, 0x00, 0x00,
	0x00, 0x00, 0x00, 0x00, 0x00, 0x06, 0x00, 0x66, 0x00, 0x00, 0x00, 0x00, 0x00, 0x68, 0x01, 0x00,
	0x84, 0x03, 0x00, 0x3D, 0xCF, 0x02, 0x00, 0x00, 0x80, 0xF7, 0xFF, 0x0F, 0x00, 0x00, 0x00, 0x55,
	0x10, 0x57, 0x00, 0x00, 0x00, 0x00, 0x02, 0x00, 0x00, 0x0A, 0x00, 0x75, 0x90, 0x56, 0x00, 0x20,
	0x40, 0x0C, 0x02, 0x00, 0x00, 0x46, 0x01, 0x55, 0x10, 0x57, 0x00, 0x00, 0x02, 0x00, 0x02, 0x00,
	0x00, 0x0A, 0x00, 0x75, 0x80, 0x57, 0x00, 0x00, 0x40, 0x0C, 0x02, 0x00, 0x00, 0x46, 0x01, 0x55,
	0x10, 0x57, 0x00, 0x00, 0xC0, 0x03, 0x02, 0x00, 0x00, 0x0A, 0x00, 0x75, 0x80, 0x57, 0x00, 0x20,
	0x40, 0x0C, 0x02, 0x00, 0x00, 0x46, 0x01, 0x55, 0x10, 0x57, 0x00, 0x00, 0xC2, 0x03, 0x02, 0x00,
	0x00, 0x0A, 0x00, 0x75, 0x70, 0x54, 0x00, 0x00, 0x40, 0x0C, 0x02, 0x00, 0x00, 0x48, 0x01, 0x55,
	0x10, 0x57, 0x00, 0x00, 0x80, 0x07, 0x02, 0x00, 0x00, 0x0A, 0x00, 0x75, 0x70, 0x54, 0x00, 0x20,
	0x40, 0x0C, 0x02, 0x00, 0x00, 0x48, 0x01, 0x28, 0x00, 0x00, 0x00, 0x00, 0x00, 0x00, 0x00, 0x00,
	0x00, 0x00, 0x00, 0x38, 0x00, 0x00, 0x00, 0x00, 0x00, 0x00, 0x00, 0x00, 0x00, 0x46, 0x33, 0x16,
	0x00, 0x00, 0x00, 0x02, 0x00, 0xA0, 0x00, 0x00, 0x0E, 0x07, 0x00, 0x26, 0x00, 0x00, 0x00, 0x03,
	0x00, 0x02, 0x00, 0x00, 0x1A, 0x00, 0x00, 0x29, 0x1A, 0x98, 0xB4, 0x14, 0x00, 0x01, 0x00, 0x00,
	0x80, 0x20, 0x00, 0x16, 0x20, 0x01, 0x00, 0x02, 0x00, 0xA0, 0x00, 0x10, 0x36, 0x07, 0x00, 0x26,
	0x00, 0x00, 0x00, 0x01, 0x00, 0x02, 0x00, 0x3C, 0x1B, 0x00, 0x00, 0x29, 0x22, 0x98, 0xB4, 0x14,
	0x00, 0x01, 0x12, 0x7C, 0x80, 0x00, 0x00, 0x16, 0x00, 0x00, 0x00, 0x02, 0x00, 0xA0, 0x00, 0x00,
	0x5E, 0x07, 0x00, 0x26, 0x00, 0x00, 0x00, 0x03, 0x00, 0x02, 0x00, 0x14, 0x1B, 0x00, 0x00, 0x29,
	0x29, 0x98, 0xB4, 0x14, 0x00, 0x01, 0x00, 0x14, 0x80, 0x20, 0x00, 0x16, 0x20, 0x01, 0x00, 0x02,
	0x00, 0xA0, 0x00, 0x10, 0x86, 0x07, 0x00, 0x26, 0x00, 0x00, 0x00, 0x01, 0x00, 0x02, 0x00, 0x28,
	0x1C, 0x00, 0x00, 0x29, 0x31, 0x98, 0xB4, 0x14, 0x00, 0x01, 0x12, 0x68, 0x80, 0x00, 0x00, 0x16,
	0x00, 0x00, 0x00, 0x02, 0x00, 0xA0, 0x00, 0x00, 0xAE, 0x07, 0x00, 0x26, 0x00, 0x00, 0x00, 0x03,
	0x00, 0x02, 0x00, 0x00, 0x1C, 0x00, 0x00, 0x29, 0x38, 0x98, 0xB4, 0x14, 0x00, 0x01, 0x00, 0x00,
	0x80, 0x20, 0x00, 0x28, 0x00, 0x00, 0x00, 0x00, 0x00, 0x00, 0x00, 0x00, 0x00, 0x00, 0x00, 0x38,
	0x00, 0x00, 0x00, 0x00, 0x00, 0x00, 0x00, 0x00, 0x00, 0x82, 0x33, 0x16, 0x20, 0x01, 0x00, 0x02,
	0x00, 0x50, 0x00, 0x10, 0xD6, 0x07, 0x00, 0x26, 0x00, 0x00, 0x00, 0x01, 0x00, 0x02, 0x00, 0x3C,
	0x1D, 0x00, 0x00, 0x29, 0x40, 0x98, 0x9C, 0x14, 0x68, 0x00, 0x12, 0x7C, 0x80, 0x00, 0x04, 0x16,
	0x00, 0x00, 0x00, 0x02, 0x00, 0x50, 0x00, 0x00, 0xEA, 0x07, 0x00, 0x26, 0x00, 0x00, 0x00, 0x03,
	0x00, 0x02, 0x00, 0x14, 0x1D, 0x00, 0x00, 0x29, 0x47, 0x98, 0x9C, 0x14, 0x68, 0x00, 0x00, 0x14,
	0x80, 0x20, 0x04, 0x16, 0x20, 0x01, 0x00, 0x02, 0x00, 0x28, 0x00, 0x10, 0xFE, 0x07, 0x00, 0x26,
	0x00, 0x00, 0x00, 0x01, 0x00, 0x01, 0x00, 0x28, 0x1E, 0x00, 0x00, 0x29, 0x4F, 0xA0, 0x9C, 0x14,
	0x68, 0x00, 0x12, 0x68, 0x80, 0x00, 0x04, 0x0D, 0x30, 0xA9, 0x00, 0x00, 0x00, 0x00, 0x00, 0x00,
	0x00, 0x82, 0x00, 0x28, 0x00, 0x00, 0x00, 0x00, 0x00, 0x00, 0x00, 0x00, 0x00, 0x00, 0x00, 0x38,
	0x00, 0x00, 0x00, 0x00, 0x00, 0x00, 0x00, 0x00, 0x00, 0x00, 0x00, 0x16, 0x00, 0x00, 0x00, 0x00,
	0x00, 0x02, 0x00, 0x00, 0x46, 0x06, 0x00, 0x26, 0x00, 0x00, 0x00, 0x01, 0x00, 0x01, 0x00, 0x00,
	0x15, 0x00, 0x00, 0x31, 0x38, 0xAC, 0xA0, 0x14, 0x3C, 0x01, 0x00, 0x00, 0x80, 0x20, 0x00, 0x76,
	0x30, 0x01, 0x00, 0x00, 0x00, 0x68, 0x41, 0x00, 0x84, 0x03, 0x00, 0x66, 0x30, 0x01, 0x00, 0x00,
	0x00, 0x68, 0x41, 0x01, 0x84, 0x03, 0x00, 0x3D, 0xFF, 0x03, 0x00, 0x00, 0x40, 0xFC, 0xFF, 0x0F,
	0x00, 0x4A, 0x01, 0x35, 0x00, 0x5C, 0x00, 0x00, 0xC0, 0x24, 0x00, 0x00, 0x00, 0x40, 0x01, 0x35,
	0x01, 0x5C, 0x00, 0x00, 0xC0, 0x24, 0x00, 0x00, 0x00, 0x40, 0x01, 0x35, 0x28, 0x5C, 0x00, 0x00,
	0xC0, 0x24, 0x00, 0x00, 0x00, 0x40, 0x01, 0x35, 0x29, 0x5C, 0x00, 0x00, 0xC0, 0x24, 0x00, 0x00,
	0x00, 0x40, 0x01, 0x35, 0x50, 0x5C, 0x00, 0x00, 0x10, 0x25, 0x00, 0x00, 0x00, 0x40, 0x01, 0x35,
	0x51, 0x5C, 0x00, 0x00, 0x10, 0x25, 0x00, 0x00, 0x00, 0x40, 0x01, 0x35, 0x78, 0x5C, 0x00, 0x00,
	0x10, 0x25, 0x00, 0x00, 0x00, 0x40, 0x01, 0x35, 0x79, 0x5C, 0x00, 0x00, 0x10, 0x25, 0x00, 0x00,
	0x00, 0x40, 0x01, 0x35, 0xA0, 0x5C, 0x00, 0x00, 0x60, 0x25, 0x00, 0x00, 0x00, 0x40, 0x01, 0x35,
	0xA1, 0x5C, 0x00, 0x00, 0x60, 0x25, 0x00, 0x00, 0x00, 0x40, 0x01, 0x35, 0xC8, 0x5C, 0x00, 0x00,
	0x60, 0x25, 0x00, 0x00, 0x00, 0x40, 0x01, 0x35, 0xC9, 0x5C, 0x00, 0x00, 0x60, 0x25, 0x00, 0x00,
	0x00, 0x40, 0x01, 0x35, 0xF0, 0x5C, 0x00, 0x00, 0xB0, 0x25, 0x00, 0x00, 0x00, 0x40, 0x01, 0x35,
	0xF1, 0x5C, 0x00, 0x00, 0xB0, 0x25, 0x00, 0x00, 0x00, 0x40, 0x01, 0x35, 0x18, 0x5D, 0x00, 0x00,
	0xB0, 0x25, 0x00, 0x00, 0x00, 0x40, 0x01, 0x35, 0x19, 0x5D, 0x00, 0x00, 0xB0, 0x25, 0x00, 0x00,
	0x00, 0x40, 0x01, 0x35, 0x40, 0x5D, 0x00, 0x00, 0x00, 0x26, 0x00, 0x00, 0x00, 0x40, 0x01, 0x35,
	0x41, 0x5D, 0x00, 0x00, 0x00, 0x26, 0x00, 0x00, 0x00, 0x40, 0x01, 0x35, 0x68, 0x5D, 0x00, 0x00,
	0x00, 0x26, 0x00, 0x00, 0x00, 0x40, 0x01, 0x35, 0x69, 0x5D, 0x00, 0x00, 0x00, 0x26, 0x00, 0x00,
	0x00, 0x40, 0x01, 0x35, 0x90, 0x5D, 0x00, 0x00, 0x50, 0x26, 0x00, 0x00, 0x00, 0x40, 0x01, 0x35,
	0x91, 0x5D, 0x00, 0x00, 0x50, 0x26, 0x00, 0x00, 0x00, 0x40, 0x01, 0x35, 0xB8, 0x5D, 0x00, 0x00,
	0x50, 0x26, 0x00, 0x00, 0x00, 0x40, 0x01, 0x35, 0xB9, 0x5D, 0x00, 0x00, 0x50, 0x26, 0x00, 0x00,
	0x00, 0x40, 0x01, 0x35, 0xE0, 0x5D, 0x00, 0x00, 0xA0, 0x26, 0x00, 0x00, 0x00, 0x40, 0x01, 0x35,
	0xE1, 0x5D, 0x00, 0x00, 0xA0, 0x26, 0x00, 0x00, 0x00, 0x40, 0x01, 0x35, 0x08, 0x5E, 0x00, 0x00,
	0xA0, 0x26, 0x00, 0x00, 0x00, 0x40, 0x01, 0x35, 0x09, 0x5E, 0x00, 0x00, 0xA0, 0x26, 0x00, 0x00,
	0x00, 0x40, 0x01, 0x35, 0x30, 0x5E, 0x00, 0x00, 0xF0, 0x26, 0x00, 0x00, 0x00, 0x40, 0x01, 0x35,
	0x31, 0x5E, 0x00, 0x00, 0xF0, 0x26, 0x00, 0x00, 0x00, 0x40, 0x01, 0x35, 0x58, 0x5E, 0x00, 0x00,
	0xF0, 0x26, 0x00, 0x00, 0x00, 0x40, 0x01, 0x35, 0x59, 0x5E, 0x00, 0x00, 0xF0, 0x26, 0x00, 0x00,
	0x00, 0x40, 0x01, 0x35, 0x80, 0x5E, 0x00, 0x00, 0x40, 0x27, 0x00, 0x00, 0x00, 0x40, 0x01, 0x35,
	0x81, 0x5E, 0x00, 0x00, 0x40, 0x27, 0x00, 0x00, 0x00, 0x40, 0x01, 0x35, 0xA8, 0x5E, 0x00, 0x00,
	0x40, 0x27, 0x00, 0x00, 0x00, 0x40, 0x01, 0x35, 0xA9, 0x5E, 0x00, 0x00, 0x40, 0x27, 0x00, 0x00,
	0x00, 0x40, 0x01, 0x35, 0xD0, 0x5E, 0x00, 0x00, 0x90, 0x27, 0x00, 0x00, 0x00, 0x40, 0x01, 0x35,
	0xD1, 0x5E, 0x00, 0x00, 0x90, 0x27, 0x00, 0x00, 0x00, 0x40, 0x01, 0x35, 0xF8, 0x5E, 0x00, 0x00,
	0x90, 0x27, 0x00, 0x00, 0x00, 0x40, 0x01, 0x35, 0xF9, 0x5E, 0x00, 0x00, 0x90, 0x27, 0x00, 0x00,
	0x00, 0x40, 0x01, 0x35, 0x20, 0x5F, 0x00, 0x00, 0xE0, 0x27, 0x00, 0x00, 0x00, 0x40, 0x01, 0x35,
	0x21, 0x5F, 0x00, 0x00, 0xE0, 0x27, 0x00, 0x00, 0x00, 0x40, 0x01, 0x35, 0x48, 0x5F, 0x00, 0x00,
	0xE0, 0x27, 0x00, 0x00, 0x00, 0x40, 0x01, 0x35, 0x49, 0x5F, 0x00, 0x00, 0xE0, 0x27, 0x00, 0x00,
	0x00, 0x40, 0x01, 0x35, 0x70, 0x5F, 0x00, 0x00, 0x30, 0x28, 0x00, 0x00, 0x00, 0x40, 0x01, 0x35,
	0x71, 0x5F, 0x00, 0x00, 0x30, 0x28, 0x00, 0x00, 0x00, 0x40, 0x01, 0x35, 0x98, 0x5F, 0x00, 0x00,
	0x30, 0x28, 0x00, 0x00, 0x00, 0x40, 0x01, 0x35, 0x99, 0x5F, 0x00, 0x00, 0x30, 0x28, 0x00, 0x00,
	0x00, 0x40, 0x01, 0x35, 0xC0, 0x5F, 0x00, 0x00, 0x80, 0x28, 0x00, 0x00, 0x00, 0x40, 0x01, 0x35,
	0xC1, 0x5F, 0x00, 0x00, 0x80, 0x28, 0x00, 0x00, 0x00, 0x40, 0x01, 0x35, 0xE8, 0x5F, 0x00, 0x00,
	0x80, 0x28, 0x00, 0x00, 0x00, 0x40, 0x01, 0x35, 0xE9, 0x5F, 0x00, 0x00, 0x80, 0x28, 0x00, 0x00,
	0x00, 0x40, 0x01, 0x35, 0x10, 0x5C, 0x00, 0x00, 0xD0, 0x28, 0x00, 0x00, 0x00, 0x42, 0x01, 0x35,
	0x11, 0x5C, 0x00, 0x00, 0xD0, 0x28, 0x00, 0x00, 0x00, 0x42, 0x01, 0x35, 0x38, 0x5C, 0x00, 0x00,
	0xD0, 0x28, 0x00, 0x00, 0x00, 0x42, 0x01, 0x35, 0x39, 0x5C, 0x00, 0x00, 0xD0, 0x28, 0x00, 0x00,
	0x00, 0x42, 0x01, 0x35, 0x60, 0x5C, 0x00, 0x00, 0x20, 0x29, 0x00, 0x00, 0x00, 0x42, 0x01, 0x35,
	0x61, 0x5C, 0x00, 0x00, 0x20, 0x29, 0x00, 0x00, 0x00, 0x42, 0x01, 0x35, 0x88, 0x5C, 0x00, 0x00,
	0x20, 0x29, 0x00, 0x00, 0x00, 0x42, 0x01, 0x35, 0x89, 0x5C, 0x00, 0x00, 0x20, 0x29, 0x00, 0x00,
	0x00, 0x42, 0x01, 0x35, 0xB0, 0x5C, 0x00, 0x00, 0x70, 0x29, 0x00, 0x00, 0x00, 0x42, 0x01, 0x35,
	0xB1, 0x5C, 0x00, 0x00, 0x70, 0x29, 0x00, 0x00, 0x00, 0x42, 0x01, 0x35, 0xD8, 0x5C, 0x00, 0x00,
	0x70, 0x29, 0x00, 0x00, 0x00, 0x42, 0x01, 0x35, 0xD9, 0x5C, 0x00, 0x00, 0x70, 0x29, 0x00, 0x00,
	0x00, 0x42, 0x01, 0x35, 0x00, 0x5D, 0x00, 0x00, 0xC0, 0x29, 0x00, 0x00, 0x00, 0x42, 0x01, 0x35,
	0x01, 0x5D, 0x00, 0x00, 0xC0, 0x29, 0x00, 0x00, 0x00, 0x42, 0x01, 0x35, 0x28, 0x5D, 0x00, 0x00,
	0xC0, 0x29, 0x00, 0x00, 0x00, 0x42, 0x01, 0x35, 0x29, 0x5D, 0x00, 0x00, 0xC0, 0x29, 0x00, 0x00,
	0x00, 0x42, 0x01, 0x35, 0x50, 0x5D, 0x00, 0x00, 0x10, 0x2A, 0x00, 0x00, 0x00, 0x42, 0x01, 0x35,
	0x51, 0x5D, 0x00, 0x00, 0x10, 0x2A, 0x00, 0x00, 0x00, 0x42, 0x01, 0x35, 0x78, 0x5D, 0x00, 0x00,
	0x10, 0x2A, 0x00, 0x00, 0x00, 0x42, 0x01, 0x35, 0x79, 0x5D, 0x00, 0x00, 0x10, 0x2A, 0x00, 0x00,
	0x00, 0x42, 0x01, 0x35, 0xA0, 0x5D, 0x00, 0x00, 0x60, 0x2A, 0x00, 0x00, 0x00, 0x42, 0x01, 0x35,
	0xA1, 0x5D, 0x00, 0x00, 0x60, 0x2A, 0x00, 0x00, 0x00, 0x42, 0x01, 0x35, 0xC8, 0x5D, 0x00, 0x00,
	0x60, 0x2A, 0x00, 0x00, 0x00, 0x42, 0x01, 0x35, 0xC9, 0x5D, 0x00, 0x00, 0x60, 0x2A, 0x00, 0x00,
	0x00, 0x42, 0x01, 0x35, 0xF0, 0x5D, 0x00, 0x00, 0xB0, 0x2A, 0x00, 0x00, 0x00, 0x42, 0x01, 0x35,
	0xF1, 0x5D, 0x00, 0x00, 0xB0, 0x2A, 0x00, 0x00, 0x00, 0x42, 0x01, 0x35, 0x18, 0x5E, 0x00, 0x00,
	0xB0, 0x2A, 0x00, 0x00, 0x00, 0x42, 0x01, 0x35, 0x19, 0x5E, 0x00, 0x00, 0xB0, 0x2A, 0x00, 0x00,
	0x00, 0x42, 0x01, 0x35, 0x40, 0x5E, 0x00, 0x00, 0x00, 0x2B, 0x00, 0x00, 0x00, 0x42, 0x01, 0x35,
	0x41, 0x5E, 0x00, 0x00, 0x00, 0x2B, 0x00, 0x00, 0x00, 0x42, 0x01, 0x35, 0x68, 0x5E, 0x00, 0x00,
	0x00, 0x2B, 0x00, 0x00, 0x00, 0x42, 0x01, 0x35, 0x69, 0x5E, 0x00, 0x00, 0x00, 0x2B, 0x00, 0x00,
	0x00, 0x42, 0x01, 0x35, 0x90, 0x5E, 0x00, 0x00, 0x50, 0x2B, 0x00, 0x00, 0x00, 0x42, 0x01, 0x35,
	0x91, 0x5E, 0x00, 0x00, 0x50, 0x2B, 0x00, 0x00, 0x00, 0x42, 0x01, 0x35, 0xB8, 0x5E, 0x00, 0x00,
	0x50, 0x2B, 0x00, 0x00, 0x00, 0x42, 0x01, 0x35, 0xB9, 0x5E, 0x00, 0x00, 0x50, 0x2B, 0x00, 0x00,
	0x00, 0x42, 0x01, 0x35, 0xE0, 0x5E, 0x00, 0x00, 0xA0, 0x2B, 0x00, 0x00, 0x00, 0x42, 0x01, 0x35,
	0xE1, 0x5E, 0x00, 0x00, 0xA0, 0x2B, 0x00, 0x00, 0x00, 0x42, 0x01, 0x35, 0x08, 0x5F, 0x00, 0x00,
	0xA0, 0x2B, 0x00, 0x00, 0x00, 0x42, 0x01, 0x35, 0x09, 0x5F, 0x00, 0x00, 0xA0, 0x2B, 0x00, 0x00,
	0x00, 0x42, 0x01, 0x35, 0x30, 0x5F, 0x00, 0x00, 0xF0, 0x2B, 0x00, 0x00, 0x00, 0x42, 0x01, 0x35,
	0x31, 0x5F, 0x00, 0x00, 0xF0, 0x2B, 0x00, 0x00, 0x00, 0x42, 0x01, 0x35, 0x58, 0x5F, 0x00, 0x00,
	0xF0, 0x2B, 0x00, 0x00, 0x00, 0x42, 0x01, 0x35, 0x59, 0x5F, 0x00, 0x00, 0xF0, 0x2B, 0x00, 0x00,
	0x00, 0x42, 0x01, 0x35, 0x80, 0x5F, 0x00, 0x00, 0x40, 0x2C, 0x00, 0x00, 0x00, 0x42, 0x01, 0x35,
	0x81, 0x5F, 0x00, 0x00, 0x40, 0x2C, 0x00, 0x00, 0x00, 0x42, 0x01, 0x35, 0xA8, 0x5F, 0x00, 0x00,
	0x40, 0x2C, 0x00, 0x00, 0x00, 0x42, 0x01, 0x35, 0xA9, 0x5F, 0x00, 0x00, 0x40, 0x2C, 0x00, 0x00,
	0x00, 0x42, 0x01, 0x35, 0xD0, 0x5F, 0x00, 0x00, 0x90, 0x2C, 0x00, 0x00, 0x00, 0x42, 0x01, 0x35,
	0xD1, 0x5F, 0x00, 0x00, 0x90, 0x2C, 0x00, 0x00, 0x00, 0x42, 0x01, 0x35, 0xF8, 0x5F, 0x00, 0x00,
	0x90, 0x2C, 0x00, 0x00, 0x00, 0x42, 0x01, 0x35, 0xF9, 0x5F, 0x00, 0x00, 0x90, 0x2C, 0x00, 0x00,
	0x00, 0x42, 0x01, 0x35, 0x20, 0x5C, 0x00, 0x00, 0xE0, 0x2C, 0x00, 0x00, 0x00, 0x44, 0x01, 0x35,
	0x21, 0x5C, 0x00, 0x00, 0xE0, 0x2C, 0x00, 0x00, 0x00, 0x44, 0x01, 0x35, 0x48, 0x5C, 0x00, 0x00,
	0xE0, 0x2C, 0x00, 0x00, 0x00, 0x44, 0x01, 0x35, 0x49, 0x5C, 0x00, 0x00, 0xE0, 0x2C, 0x00, 0x00,
	0x00, 0x44, 0x01, 0x35, 0x70, 0x5C, 0x00, 0x00, 0x30, 0x2D, 0x00, 0x00, 0x00, 0x44, 0x01, 0x35,
	0x71, 0x5C, 0x00, 0x00, 0x30, 0x2D, 0x00, 0x00, 0x00, 0x44, 0x01, 0x35, 0x98, 0x5C, 0x00, 0x00,
	0x30, 0x2D, 0x00, 0x00, 0x00, 0x44, 0x01, 0x35, 0x99, 0x5C, 0x00, 0x00, 0x30, 0x2D, 0x00, 0x00,
	0x00, 0x44, 0x01, 0x35, 0xC0, 0x5C, 0x00, 0x00, 0x80, 0x2D, 0x00, 0x00, 0x00, 0x44, 0x01, 0x35,
	0xC1, 0x5C, 0x00, 0x00, 0x80, 0x2D, 0x00, 0x00, 0x00, 0x44, 0x01, 0x35, 0xE8, 0x5C, 0x00, 0x00,
	0x80, 0x2D, 0x00, 0x00, 0x00, 0x44, 0x01, 0x35, 0xE9, 0x5C, 0x00, 0x00, 0x80, 0x2D, 0x00, 0x00,
	0x00, 0x44, 0x01, 0x35, 0x10, 0x5D, 0x00, 0x00, 0xD0, 0x2D, 0x00, 0x00, 0x00, 0x44, 0x01, 0x35,
	0x11, 0x5D, 0x00, 0x00, 0xD0, 0x2D, 0x00, 0x00, 0x00, 0x44, 0x01, 0x35, 0x38, 0x5D, 0x00, 0x00,
	0xD0, 0x2D, 0x00, 0x00, 0x00, 0x44, 0x01, 0x35, 0x39, 0x5D, 0x00, 0x00, 0xD0, 0x2D, 0x00, 0x00,
	0x00, 0x44, 0x01, 0x35, 0x60, 0x5D, 0x00, 0x00, 0x20, 0x2E, 0x00, 0x00, 0x00, 0x44, 0x01, 0x35,
	0x61, 0x5D, 0x00, 0x00, 0x20, 0x2E, 0x00, 0x00, 0x00, 0x44, 0x01, 0x35, 0x88, 0x5D, 0x00, 0x00,
	0x20, 0x2E, 0x00, 0x00, 0x00, 0x44, 0x01, 0x35, 0x89, 0x5D, 0x00, 0x00, 0x20, 0x2E, 0x00, 0x00,
	0x00, 0x44, 0x01, 0x35, 0xB0, 0x5D, 0x00, 0x00, 0x70, 0x2E, 0x00, 0x00, 0x00, 0x44, 0x01, 0x35,
	0xB1, 0x5D, 0x00, 0x00, 0x70, 0x2E, 0x00, 0x00, 0x00, 0x44, 0x01, 0x35, 0xD8, 0x5D, 0x00, 0x00,
	0x70, 0x2E, 0x00, 0x00, 0x00, 0x44, 0x01, 0x35, 0xD9, 0x5D, 0x00, 0x00, 0x70, 0x2E, 0x00, 0x00,
	0x00, 0x44, 0x01, 0x35, 0x00, 0x5E, 0x00, 0x00, 0xC0, 0x2E, 0x00, 0x00, 0x00, 0x44, 0x01, 0x35,
	0x01, 0x5E, 0x00, 0x00, 0xC0, 0x2E, 0x00, 0x00, 0x00, 0x44, 0x01, 0x35, 0x28, 0x5E, 0x00, 0x00,
	0xC0, 0x2E, 0x00, 0x00, 0x00, 0x44, 0x01, 0x35, 0x29, 0x5E, 0x00, 0x00, 0xC0, 0x2E, 0x00, 0x00,
	0x00, 0x44, 0x01, 0x35, 0x50, 0x5E, 0x00, 0x00, 0x10, 0x2F, 0x00, 0x00, 0x00, 0x44, 0x01, 0x35,
	0x51, 0x5E, 0x00, 0x00, 0x10, 0x2F, 0x00, 0x00, 0x00, 0x44, 0x01, 0x35, 0x78, 0x5E, 0x00, 0x00,
	0x10, 0x2F, 0x00, 0x00, 0x00, 0x44, 0x01, 0x35, 0x79, 0x5E, 0x00, 0x00, 0x10, 0x2F, 0x00, 0x00,
	0x00, 0x44, 0x01, 0x35, 0xA0, 0x5E, 0x00, 0x00, 0x60, 0x2F, 0x00, 0x00, 0x00, 0x44, 0x01, 0x35,
	0xA1, 0x5E, 0x00, 0x00, 0x60, 0x2F, 0x00, 0x00, 0x00, 0x44, 0x01, 0x35, 0xC8, 0x5E, 0x00, 0x00,
	0x60, 0x2F, 0x00, 0x00, 0x00, 0x44, 0x01, 0x35, 0xC9, 0x5E, 0x00, 0x00, 0x60, 0x2F, 0x00, 0x00,
	0x00, 0x44, 0x01, 0x35, 0xF0, 0x5E, 0x00, 0x00, 0xB0, 0x2F, 0x00, 0x00, 0x00, 0x44, 0x01, 0x35,
	0xF1, 0x5E, 0x00, 0x00, 0xB0, 0x2F, 0x00, 0x00, 0x00, 0x44, 0x01, 0x35, 0x18, 0x5F, 0x00, 0x00,
	0xB0, 0x2F, 0x00, 0x00, 0x00, 0x44, 0x01, 0x35, 0x19, 0x5F, 0x00, 0x00, 0xB0, 0x2F, 0x00, 0x00,
	0x00, 0x44, 0x01, 0x40, 0xB1, 0x7C, 0x00, 0x00, 0x00, 0x00, 0x00, 0x00, 0x00, 0x00, 0x00, 0xDC,
	0xC0, 0x90, 0xC0, 0x00, 0x00, 0x00, 0x00, 0x00, 0x00, 0xC0, 0x0B, 0x76, 0xC0, 0x00, 0x00, 0x00,
	0x00, 0xA0, 0xC5, 0x00, 0xDE, 0x03, 0x00, 0x66, 0x00, 0x00, 0x00, 0x00, 0x00, 0x68, 0x01, 0x00,
	0x84, 0x03, 0x00, 0x3D, 0xCF, 0x02, 0x00, 0x00, 0x80, 0xF7, 0xFF, 0x0F, 0x00, 0x00, 0x00, 0x40,
	0x3A, 0x5B, 0x00, 0x00, 0x00, 0x00, 0x00, 0x00, 0x00, 0x00, 0x00, 0xDC, 0x30, 0xB1, 0x40, 0x01,
	0x00, 0x00, 0x00, 0x00, 0x00, 0xC0, 0x0B, 0x76, 0x30, 0x01, 0x00, 0x00, 0x00, 0x68, 0x41, 0x01,
	0x84, 0x03, 0x00, 0x66, 0xA0, 0x02, 0x00, 0x00, 0x00, 0xB0, 0xC4, 0x00, 0x58, 0x02, 0x00, 0x40,
	0xFE, 0x6F, 0x00, 0x00, 0x00, 0x00, 0x00, 0x00, 0x00, 0x00, 0x00, 0xDC, 0x00, 0x7C, 0x00, 0x0C,
	0x80, 0x0A, 0x00, 0x00, 0x00, 0xC0, 0x0B, 0x0D, 0xC0, 0xB8, 0x00, 0x00, 0x00, 0x00, 0x00, 0x00,
	0x00, 0x06, 0x00, 0x28, 0x00, 0x00, 0x00, 0x00, 0x00, 0x00, 0x00, 0x00, 0x00, 0x00, 0x00, 0x38,
	0x00, 0x00, 0x00, 0x00, 0x00, 0x00, 0x00, 0x00, 0x00, 0x00, 0x00, 0x16, 0x20, 0x01, 0x00, 0x00,
	0x00, 0x02, 0x00, 0x10, 0x46, 0x06, 0x00, 0x26, 0x00, 0x00, 0x00, 0x01, 0x00, 0x01, 0x00, 0x3C,
	0x15, 0x00, 0x00, 0x31, 0xA2, 0xBC, 0x94, 0x14, 0xF0, 0x00, 0x12, 0x7C, 0x80, 0x00, 0x00, 0x76,
	0xC0, 0x00, 0x00, 0x00, 0x00, 0xA0, 0xC5, 0x00, 0x46, 0x05, 0x00, 0x00, 0x00, 0x00, 0x00, 0x00,
	0x00, 0x00, 0x00, 0x00, 0x00, 0x00, 0x00, 0x00, 0x00, 0x14, 0x00, 0x00, 0x00, 0x00, 0x00, 0x00,
	0x00, 0x00, 0x00, 0x0E, 0x60, 0x62, 0x00, 0x00, 0x00, 0x78, 0x40, 0x00, 0xDE, 0x03, 0x00, 0x3D,
	0xFF, 0x03, 0x00, 0x00, 0x80, 0xF8, 0xFF, 0x0F, 0x00, 0x84, 0x00, 0x0D, 0xA0, 0xC2, 0x00, 0x00,
	0x80, 0x09, 0x00, 0x00, 0x00, 0x46, 0x00, 0x0E, 0x60, 0x62, 0x00, 0x00, 0x00, 0x78, 0x40, 0x00,
	0x46, 0x05, 0x00, 0x3D, 0xFF, 0x03, 0x00, 0x00, 0x80, 0xF8, 0xFF, 0x0F, 0x00, 0x84, 0x00, 0x55,
	0x00, 0x64, 0x00, 0x00, 0x80, 0x09, 0x02, 0x00, 0x00, 0x40, 0x00, 0x75, 0x60, 0x66, 0x00, 0x20,
	0x00, 0x00, 0x02, 0x00, 0x00, 0x08, 0x00, 0x55, 0x00, 0x64, 0x00, 0x00, 0x82, 0x09, 0x02, 0x00,
	0x00, 0x40, 0x00, 0x75, 0x40, 0x64, 0x00, 0x00, 0x00, 0x00, 0x02, 0x00, 0x00, 0x0A, 0x00, 0x55,
	0x00, 0x64, 0x00, 0x00, 0x00, 0x01, 0x02, 0x00, 0x00, 0x80, 0x00, 0x75, 0x40, 0x64, 0x00, 0x20,
	0x00, 0x00, 0x02, 0x00, 0x00, 0x0A, 0x00, 0x55, 0x00, 0x64, 0x00, 0x00, 0x02, 0x01, 0x02, 0x00,
	0x00, 0x80, 0x00, 0x75, 0x20, 0x66, 0x00, 0x00, 0x00, 0x00, 0x02, 0x00, 0x00, 0x0A, 0x00, 0x55,
	0x00, 0x64, 0x00, 0x00, 0x80, 0x08, 0x02, 0x00, 0x00, 0x80, 0x00, 0x75, 0x20, 0x66, 0x00, 0x20,
	0x00, 0x00, 0x02, 0x00, 0x00, 0x0A, 0x00, 0x2E, 0xA0, 0x6A, 0x00, 0x00, 0x00, 0x78, 0xC0, 0x00,
	0xAE, 0x06, 0x00, 0x00, 0x00, 0x00, 0x00, 0x00, 0x00, 0x00, 0x00, 0x00, 0x00, 0x00, 0x00, 0x00,
	0x00, 0x14, 0x00, 0x00, 0x00, 0x00, 0x00, 0x00, 0x00, 0x00, 0x00, 0x0E, 0x60, 0x62, 0x00, 0x00,
	0x00, 0x78, 0x40, 0x00, 0x1A, 0x04, 0x00, 0x3D, 0xFF, 0x03, 0x00, 0x00, 0x80, 0xF8, 0xFF, 0x0F,
	0x00, 0x84, 0x00, 0x0D, 0xA0, 0xC2, 0x00, 0x00, 0x80, 0x09, 0x00, 0x00, 0x00, 0x46, 0x00, 0x0E,
	0x60, 0x62, 0x00, 0x00, 0x00, 0x78, 0x40, 0x00, 0x82, 0x05, 0x00, 0x3D, 0xFF, 0x03, 0x00, 0x00,
	0x80, 0xF8, 0xFF, 0x0F, 0x00, 0x84, 0x00, 0x55, 0x00, 0x64, 0x00, 0x00, 0x80, 0x09, 0x02, 0x00,
	0x00, 0x40, 0x00, 0x75, 0x60, 0x66, 0x00, 0x20, 0x00, 0x00, 0x02, 0x00, 0x00, 0x08, 0x00, 0x55,
	0x00, 0x64, 0x00, 0x00, 0x82, 0x09, 0x02, 0x00, 0x00, 0x40, 0x00, 0x75, 0x40, 0x64, 0x00, 0x00,
	0x00, 0x00, 0x02, 0x00, 0x00, 0x0A, 0x00, 0x55, 0x00, 0x64, 0x00, 0x00, 0x00, 0x01, 0x02, 0x00,
	0x00, 0x80, 0x00, 0x75, 0x40, 0x64, 0x00, 0x20, 0x00, 0x00, 0x02, 0x00, 0x00, 0x0A, 0x00, 0x55,
	0x00, 0x64, 0x00, 0x00, 0x02, 0x01, 0x02, 0x00, 0x00, 0x80, 0x00, 0x75, 0x20, 0x66, 0x00, 0x00,
	0x00, 0x00, 0x02, 0x00, 0x00, 0x0A, 0x00, 0x55, 0x00, 0x64, 0x00, 0x00, 0x80, 0x08, 0x02, 0x00,
	0x00, 0x80, 0x00, 0x75, 0x20, 0x66, 0x00, 0x20, 0x00, 0x00, 0x02, 0x00, 0x00, 0x0A, 0x00, 0x2E,
	0xA0, 0x6A, 0x00, 0x00, 0x00, 0x78, 0xC0, 0x00, 0xEA, 0x06, 0x00, 0x00, 0x00, 0x00, 0x00, 0x00,
	0x00, 0x00, 0x00, 0x00, 0x00, 0x00, 0x00, 0x00, 0x00, 0x14, 0x00, 0x00, 0x00, 0x00, 0x00, 0x00,
	0x00, 0x00, 0x00, 0x00, 0x00, 0x00, 0x00, 0x00, 0x00, 0x00, 0x00, 0x00, 0x00, 0x00, 0x00, 0x00,
	0x00, 0x14, 0x00, 0x00, 0x00, 0x00, 0x00, 0x00, 0x00, 0x00, 0x00, 0x0E, 0xD8, 0x6D, 0x00, 0x00,
	0x00, 0x78, 0xC0, 0x00, 0xAE, 0x06, 0x00, 0x28, 0x00, 0x00, 0x00, 0x00, 0x00, 0x00, 0x00, 0x00,
	0x00, 0x00, 0x00, 0x38, 0x00, 0x00, 0x00, 0x00, 0x00, 0x00, 0x00, 0x00, 0x00, 0x44, 0x33, 0x16,
	0x00, 0x00, 0x00, 0x02, 0x00, 0x50, 0x00, 0x00, 0x08, 0x08, 0x00, 0x26, 0x00, 0x00, 0x00, 0x02,
	0x00, 0x02, 0x00, 0x14, 0x1E, 0x00, 0x00, 0x29, 0x00, 0xC4, 0xC8, 0x14, 0xB8, 0x01, 0x00, 0x14,
	0x80, 0x00, 0x06, 0x16, 0x20, 0x01, 0x00, 0x02, 0x00, 0x14, 0x00, 0x10, 0x1C, 0x08, 0x00, 0x26,
	0x00, 0x00, 0x00, 0x00, 0x80, 0x00, 0x00, 0x28, 0x1F, 0x00, 0x00, 0x29, 0x10, 0xCC, 0xC8, 0x14,
	0xB8, 0x01, 0x12, 0x68, 0x80, 0x10, 0x06, 0x28, 0x00, 0x00, 0x00, 0x00, 0x00, 0x00, 0x00, 0x00,
	0x00, 0x00, 0x00, 0x38, 0x00, 0x00, 0x00, 0x00, 0x00, 0x00, 0x00, 0x00, 0x00, 0x84, 0x33, 0x16,
	0x00, 0x00, 0x00, 0x02, 0x00, 0x20, 0x00, 0x00, 0x21, 0x08, 0x00, 0x26, 0x00, 0x00, 0x80, 0x00,
	0x00, 0x02, 0x00, 0x00, 0x1F, 0x00, 0x00, 0x29, 0xAB, 0xC4, 0xD0, 0x14, 0x00, 0x00, 0x00, 0x00,
	0x80, 0x2C, 0x00, 0x16, 0x20, 0x01, 0x00, 0x02, 0x00, 0x08, 0x00, 0x10, 0x29, 0x08, 0x00, 0x26,
	0x00, 0x00, 0x80, 0x02, 0x80, 0x00, 0x00, 0x3C, 0x1F, 0x00, 0x00, 0x29, 0xBB, 0xCC, 0xD0, 0x14,
	0x00, 0x00, 0x12, 0x7C, 0x80, 0x3C, 0x00, 0x28, 0x00, 0x00, 0x00, 0x00, 0x00, 0x00, 0x00, 0x00,
	0x00, 0x00, 0x00, 0x38, 0x00, 0x00, 0x00, 0x00, 0x00, 0x00, 0x00, 0x00, 0x00, 0x86, 0x33, 0x16,
	0x00, 0x00, 0x00, 0x02, 0x00, 0x20, 0x01, 0x00, 0x2B, 0x08, 0x00, 0x26, 0x00, 0x00, 0x00, 0x03,
	0x00, 0x02, 0x00, 0x14, 0x1F, 0x00, 0x00, 0x29, 0x00, 0x6C, 0xD0, 0x18, 0xAC, 0x02, 0x00, 0x14,
	0x80, 0x80, 0x05, 0x16, 0x20, 0x01, 0x00, 0x02, 0x00, 0x48, 0x00, 0x10, 0x73, 0x08, 0x00, 0x26,
	0x00, 0x00, 0x00, 0x01, 0x80, 0x00, 0x00, 0x28, 0x20, 0x00, 0x00, 0x29, 0x0F, 0xD4, 0xD0, 0x18,
	0xAC, 0x02, 0x12, 0x68, 0x80, 0x80, 0x05, 0x0D, 0x40, 0x6C, 0x00, 0x00, 0x00, 0x00, 0x00, 0x00,
	0x00, 0x0A, 0x00, 0x28, 0x00, 0x00, 0x00, 0x00, 0x00, 0x00, 0x00, 0x00, 0x00, 0x00, 0x00, 0x38,
	0x00, 0x00, 0x00, 0x00, 0x00, 0x00, 0x00, 0x00, 0x00, 0x00, 0x00, 0x16, 0x00, 0x00, 0x00, 0x02,
	0x00, 0x02, 0x00, 0x00, 0x9E, 0x02, 0x00, 0x26, 0x00, 0x00, 0x80, 0x02, 0x80, 0x00, 0x00, 0x00,
	0x0C, 0x00, 0x00, 0x31, 0xB1, 0xD8, 0xD4, 0x14, 0x3C, 0x00, 0x00, 0x00, 0x80, 0x00, 0x00, 0x2E,
	0x40, 0x40, 0x00, 0x00, 0x00, 0x78, 0x40, 0x01, 0x58, 0x02, 0x00, 0x00, 0x00, 0x00, 0x00, 0x00,
	0x00, 0x00, 0x00, 0x00, 0x00, 0x00, 0x00, 0x00, 0x00, 0x14, 0x00, 0x00, 0x00, 0x00, 0x00, 0x00,
	0x00, 0x00, 0x00, 0x0E, 0xD8, 0x6D, 0x00, 0x00, 0x00, 0x78, 0xC0, 0x00, 0xE5, 0x06, 0x00, 0x28,
	0x00, 0x00, 0x00, 0x00, 0x00, 0x00, 0x00, 0x00, 0x00, 0x00, 0x00, 0x38, 0x00, 0x00, 0x00, 0x00,
	0x00, 0x00, 0x00, 0x00, 0x00, 0x44, 0x33, 0x16, 0x20, 0x01, 0x00, 0x02, 0x00, 0x50, 0x00, 0x10,
	0x08, 0x08, 0x00, 0x26, 0x00, 0x00, 0x00, 0x02, 0x00, 0x02, 0x00, 0x3C, 0x1E, 0x00, 0x00, 0x29,
	0x00, 0xC4, 0xC8, 0x14, 0xB8, 0x01, 0x12, 0x7C, 0x80, 0x00, 0x06, 0x16, 0x00, 0x00, 0x00, 0x02,
	0x00, 0x14, 0x00, 0x00, 0x1C, 0x08, 0x00, 0x26, 0x00, 0x00, 0x00, 0x00, 0x80, 0x00, 0x00, 0x14,
	0x1F, 0x00, 0x00, 0x29, 0x10, 0xCC, 0xC8, 0x14, 0xB8, 0x01, 0x00, 0x14, 0x80, 0x10, 0x06, 0x28,
	0x00, 0x00, 0x00, 0x00, 0x00, 0x00, 0x00, 0x00, 0x00, 0x00, 0x00, 0x38, 0x00, 0x00, 0x00, 0x00,
	0x00, 0x00, 0x00, 0x00, 0x00, 0x84, 0x33, 0x16, 0x20, 0x01, 0x00, 0x02, 0x00, 0x20, 0x00, 0x10,
	0x21, 0x08, 0x00, 0x26, 0x00, 0x00, 0x80, 0x00, 0x00, 0x02, 0x00, 0x28, 0x1F, 0x00, 0x00, 0x29,
	0xAB, 0xC4, 0xD0, 0x14, 0x00, 0x00, 0x12, 0x68, 0x80, 0x2C, 0x00, 0x16, 0x00, 0x00, 0x00, 0x02,
	0x00, 0x08, 0x00, 0x00, 0x29, 0x08, 0x00, 0x26, 0x00, 0x00, 0x80, 0x02, 0x80, 0x00, 0x00, 0x00,
	0x1F, 0x00, 0x00, 0x29, 0xBB, 0xCC, 0xD0, 0x14, 0x00, 0x00, 0x00, 0x00, 0x80, 0x3C, 0x00, 0x28,
	0x00, 0x00, 0x00, 0x00, 0x00, 0x00, 0x00, 0x00, 0x00, 0x00, 0x00, 0x38, 0x00, 0x00, 0x00, 0x00,
	0x00, 0x00, 0x00, 0x00, 0x00, 0x86, 0x33, 0x16, 0x20, 0x01, 0x00, 0x02, 0x00, 0x20, 0x01, 0x10,
	0x2B, 0x08, 0x00, 0x26, 0x00, 0x00, 0x00, 0x03, 0x00, 0x02, 0x00, 0x3C, 0x1F, 0x00, 0x00, 0x29,
	0x00, 0x6C, 0xD0, 0x20, 0xAC, 0x02, 0x12, 0x7C, 0x80, 0x80, 0x05, 0x16, 0x00, 0x00, 0x00, 0x02,
	0x00, 0x48, 0x00, 0x00, 0x73, 0x08, 0x00, 0x26, 0x00, 0x00, 0x00, 0x01, 0x80, 0x00, 0x00, 0x14,
	0x20, 0x00, 0x00, 0x29, 0x0F, 0xD4, 0xD0, 0x20, 0xAC, 0x02, 0x00, 0x14, 0x80, 0x80, 0x05, 0x0D,
	0x40, 0x6C, 0x00, 0x00, 0x00, 0x00, 0x00, 0x00, 0x00, 0x0A, 0x00, 0x28, 0x00, 0x00, 0x00, 0x00,
	0x00, 0x00, 0x00, 0x00, 0x00, 0x00, 0x00, 0x38, 0x00, 0x00, 0x00, 0x00, 0x00, 0x00, 0x00, 0x00,
	0x00, 0x00, 0x00, 0x16, 0x20, 0x01, 0x00, 0x02, 0x00, 0x02, 0x00, 0x10, 0x9E, 0x02, 0x00, 0x26,
	0x00, 0x00, 0x80, 0x02, 0x80, 0x00, 0x00, 0x28, 0x0C, 0x00, 0x00, 0x31, 0xB1, 0xD8, 0xD4, 0x14,
	0x3C, 0x00, 0x12, 0x68, 0x80, 0x00, 0x00, 0x2E, 0x40, 0x40, 0x00, 0x00, 0x00, 0x78, 0x40, 0x01,
	0x94, 0x02, 0x00, 0x00, 0x00, 0x00, 0x00, 0x00, 0x00, 0x00, 0x00, 0x00, 0x00, 0x00, 0x00, 0x00,
	0x00, 0x14, 0x00, 0x00, 0x00, 0x00, 0x00, 0x00, 0x00, 0x00, 0x00, 0x00, 0x00, 0x00, 0x00, 0x00,
	0x00, 0x00, 0x00, 0x00, 0x00, 0x00, 0x00, 0x00, 0x00, 0x14, 0x00, 0x00, 0x00, 0x00, 0x00, 0x00,
	0x00, 0x00, 0x00, 0x0E, 0x00, 0x68, 0x00, 0x00, 0x00, 0x78, 0x00, 0x00, 0xAE, 0x06, 0x00, 0x28,
	0x00, 0x00, 0x00, 0x00, 0x00, 0x00, 0x00, 0x00, 0x00, 0x00, 0x00, 0x38, 0x00, 0x00, 0x00, 0x00,
	0x00, 0x00, 0x00, 0x00, 0x00, 0x44, 0x33, 0x16, 0x00, 0x00, 0x00, 0x02, 0x00, 0x50, 0x00, 0x00,
	0x85, 0x08, 0x00, 0x26, 0x00, 0x00, 0x80, 0x01, 0x00, 0x02, 0x00, 0x00, 0x20, 0x00, 0x00, 0x29,
	0xAD, 0x6C, 0xDC, 0x14, 0x00, 0x00, 0x00, 0x00, 0x80, 0x10, 0x00, 0x16, 0x20, 0x01, 0x00, 0x02,
	0x00, 0x14, 0x00, 0x10, 0x99, 0x08, 0x00, 0x26, 0x00, 0x00, 0x80, 0x03, 0x80, 0x00, 0x00, 0x3C,
	0x20, 0x00, 0x00, 0x29, 0xBC, 0xD4, 0xDC, 0x14, 0x00, 0x00, 0x12, 0x7C, 0x80, 0x10, 0x00, 0x40,
	0x7A, 0x66, 0x00, 0x00, 0x00, 0x00, 0x00, 0x00, 0x00, 0x00, 0x00, 0xDC, 0x00, 0xE0, 0x00, 0x14,
	0xA0, 0x06, 0x00, 0x00, 0x00, 0xC0, 0x0B, 0x0D, 0x40, 0x6C, 0x00, 0x00, 0x00, 0x00, 0x00, 0x00,
	0x00, 0x0A, 0x00, 0x28, 0x00, 0x00, 0x00, 0x00, 0x00, 0x00, 0x00, 0x00, 0x00, 0x00, 0x00, 0x38,
	0x00, 0x00, 0x00, 0x00, 0x00, 0x00, 0x00, 0x00, 0x00, 0x00, 0x00, 0x16, 0x00, 0x00, 0x00, 0x02,
	0x00, 0x02, 0x00, 0x00, 0x9E, 0x02, 0x00, 0x26, 0x00, 0x00, 0x80, 0x02, 0x80, 0x00, 0x00, 0x14,
	0x0C, 0x00, 0x00, 0x31, 0xB1, 0xD8, 0xD4, 0x14, 0x3C, 0x00, 0x00, 0x14, 0x80, 0x00, 0x00, 0x2E,
	0x40, 0x40, 0x00, 0x00, 0x00, 0x78, 0x40, 0x01, 0xDE, 0x03, 0x00, 0x00, 0x00, 0x00, 0x00, 0x00,
	0x00, 0x00, 0x00, 0x00, 0x00, 0x00, 0x00, 0x00, 0x00, 0x14, 0x00, 0x00, 0x00, 0x00, 0x00, 0x00,
	0x00, 0x00, 0x00, 0x0E, 0x00, 0x68, 0x00, 0x00, 0x00, 0x78, 0x00, 0x00, 0xEA, 0x06, 0x00, 0x28,
	0x00, 0x00, 0x00, 0x00, 0x00, 0x00, 0x00, 0x00, 0x00, 0x00, 0x00, 0x38, 0x00, 0x00, 0x00, 0x00,
	0x00, 0x00, 0x00, 0x00, 0x00, 0x44, 0x33, 0x16, 0x20, 0x01, 0x00, 0x02, 0x00, 0x50, 0x00, 0x10,
	0x85, 0x08, 0x00, 0x26, 0x00, 0x00, 0x80, 0x01, 0x00, 0x02, 0x00, 0x28, 0x20, 0x00, 0x00, 0x29,
	0xAD, 0x6C, 0xDC, 0x14, 0x00, 0x00, 0x12, 0x68, 0x80, 0x10, 0x00, 0x16, 0x00, 0x00, 0x00, 0x02,
	0x00, 0x14, 0x00, 0x00, 0x99, 0x08, 0x00, 0x26, 0x00, 0x00, 0x80, 0x03, 0x80, 0x00, 0x00, 0x00,
	0x20, 0x00, 0x00, 0x29, 0xBC, 0xD4, 0xDC, 0x14, 0x00, 0x00, 0x00, 0x00, 0x80, 0x10, 0x00, 0x40,
	0x7A, 0x66, 0x00, 0x00, 0x00, 0x00, 0x00, 0x00, 0x00, 0x00, 0x00, 0xDC, 0x00, 0xE0, 0x00, 0x14,
	0xA0, 0x06, 0x00, 0x00, 0x00, 0xC0, 0x0B, 0x0D, 0x40, 0x6C, 0x00, 0x00, 0x00, 0x00, 0x00, 0x00,
	0x00, 0x0A, 0x00, 0x28, 0x00, 0x00, 0x00, 0x00, 0x00, 0x00, 0x00, 0x00, 0x00, 0x00, 0x00, 0x38,
	0x00, 0x00, 0x00, 0x00, 0x00, 0x00, 0x00, 0x00, 0x00, 0x00, 0x00, 0x16, 0x20, 0x01, 0x00, 0x02,
	0x00, 0x02, 0x00, 0x10, 0x9E, 0x02, 0x00, 0x26, 0x00, 0x00, 0x80, 0x02, 0x80, 0x00, 0x00, 0x3C,
	0x0C, 0x00, 0x00, 0x31, 0xB1, 0xD8, 0xD4, 0x14, 0x3C, 0x00, 0x12, 0x7C, 0x80, 0x00, 0x00, 0x2E,
	0x40, 0x40, 0x00, 0x00, 0x00, 0x78, 0x40, 0x01, 0x1A, 0x04, 0x00, 0x00, 0x00, 0x00, 0x00, 0x00,
	0x00, 0x00, 0x00, 0x00, 0x00, 0x00, 0x00, 0x00, 0x00, 0x14, 0x00, 0x00, 0x00, 0x00, 0x00, 0x00,
	0x00, 0x00, 0x00, 0x66, 0x00, 0x00, 0x00, 0x00, 0x00, 0xC0, 0xC3, 0x00, 0x58, 0x02, 0x00, 0x3D,
	0x7F, 0x03, 0x00, 0xFC, 0x03, 0xFF, 0xFF, 0x0F, 0x00, 0xC8, 0x00, 0x0D, 0x00, 0x8C, 0x00, 0x00,
	0x00, 0x00, 0x00, 0x00, 0x00, 0xC0, 0x00, 0x66, 0x00, 0x00, 0x00, 0x00, 0x00, 0xC0, 0xC3, 0x00,
	0xDE, 0x03, 0x00, 0x3D, 0x7F, 0x03, 0x00, 0xFC, 0x03, 0xFF, 0xFF, 0x0F, 0x00, 0xC8, 0x00, 0x55,
	0x40, 0x4C, 0x00, 0x00, 0x00, 0x00, 0x02, 0x00, 0x00, 0xCA, 0x00, 0x75, 0xC0, 0x4F, 0x00, 0x02,
	0x00, 0x01, 0x02, 0x00, 0x00, 0x40, 0x01, 0x55, 0x40, 0x50, 0x00, 0x00, 0x02, 0x00, 0x02, 0x00,
	0x00, 0xCA, 0x80, 0x75, 0x80, 0x53, 0x00, 0x00, 0x00, 0x01, 0x02, 0x00, 0x00, 0x42, 0x01, 0x55,
	0x40, 0x4C, 0x00, 0x00, 0x00, 0x0F, 0x02, 0x00, 0x00, 0xCA, 0x00, 0x75, 0x80, 0x4F, 0x00, 0x02,
	0x00, 0x01, 0x02, 0x00, 0x00, 0x42, 0x01, 0x28, 0x00, 0x00, 0x00, 0x00, 0x00, 0x00, 0x00, 0x00,
	0x00, 0x00, 0x00, 0x38, 0x00, 0x00, 0x00, 0x00, 0x00, 0x00, 0x00, 0x00, 0x00, 0x84, 0x33, 0x16,
	0x00, 0x00, 0x00, 0x02, 0x00, 0x30, 0x00, 0x00, 0x9E, 0x08, 0x00, 0x26, 0x00, 0x00, 0x00, 0x00,
	0x00, 0x02, 0x00, 0x14, 0x21, 0x00, 0x00, 0x29, 0x75, 0x78, 0x90, 0x14, 0x00, 0x00, 0x00, 0x14,
	0x80, 0x00, 0x00, 0x16, 0x20, 0x01, 0x00, 0x02, 0x00, 0x30, 0x00, 0x10, 0xAA, 0x08, 0x00, 0x26,
	0x00, 0x00, 0x00, 0x02, 0x00, 0x02, 0x00, 0x28, 0x21, 0x00, 0x00, 0x29, 0x93, 0x78, 0x90, 0x14,
	0x00, 0x00, 0x12, 0x68, 0x80, 0x00, 0x00, 0x16, 0x00, 0x00, 0x00, 0x02, 0x00, 0x18, 0x00, 0x00,
	0xB6, 0x08, 0x00, 0x26, 0x00, 0x00, 0x00, 0x00, 0x00, 0x01, 0x00, 0x00, 0x22, 0x00, 0x00, 0x29,
	0xB1, 0x94, 0x90, 0x14, 0x00, 0x00, 0x00, 0x00, 0x80, 0x00, 0x00, 0x28, 0x00, 0x00, 0x00, 0x00,
	0x00, 0x00, 0x00, 0x00, 0x00, 0x00, 0x00, 0x38, 0x00, 0x00, 0x00, 0x00, 0x00, 0x00, 0x00, 0x00,
	0x00, 0x84, 0x33, 0x16, 0x20, 0x01, 0x00, 0x02, 0x00, 0x30, 0x00, 0x10, 0xBC, 0x08, 0x00, 0x26,
	0x00, 0x00, 0x00, 0x01, 0x00, 0x02, 0x00, 0x3C, 0x22, 0x00, 0x00, 0x29, 0x00, 0x78, 0x7C, 0x14,
	0xD4, 0x01, 0x12, 0x7C, 0x80, 0x00, 0x00, 0x16, 0x00, 0x00, 0x00, 0x02, 0x00, 0x0C, 0x00, 0x00,
	0xC8, 0x08, 0x00, 0x26, 0x00, 0x00, 0x00, 0x03, 0x80, 0x00, 0x00, 0x14, 0x22, 0x00, 0x00, 0x29,
	0x1E, 0x80, 0x7C, 0x14, 0xD4, 0x01, 0x00, 0x14, 0x80, 0x00, 0x00, 0x0D, 0x80, 0x78, 0x00, 0x00,
	0x00, 0x00, 0x00, 0x00, 0x00, 0x08, 0x00, 0x28, 0x00, 0x00, 0x00, 0x00, 0x00, 0x00, 0x00, 0x00,
	0x00, 0x00, 0x00, 0x38, 0x00, 0x00, 0x00, 0x00, 0x00, 0x00, 0x00, 0x00, 0x00, 0x00, 0x00, 0x16,
	0x20, 0x01, 0x00, 0x02, 0x00, 0x02, 0x00, 0x10, 0x9E, 0x02, 0x00, 0x26, 0x00, 0x00, 0x80, 0x02,
	0x80, 0x00, 0x00, 0x28, 0x0C, 0x00, 0x00, 0x31, 0xA2, 0x88, 0x80, 0x14, 0x78, 0x00, 0x12, 0x68,
	0x80, 0x00, 0x00, 0x76, 0x80, 0x00, 0x00, 0x00, 0x00, 0xC0, 0x03, 0x01, 0x58, 0x02, 0x00, 0x00,
	0x00, 0x00, 0x00, 0x00, 0x00, 0x00, 0x00, 0x00, 0x00, 0x00, 0x00, 0x00, 0x00, 0x14, 0x00, 0x00,
	0x00, 0x00, 0x00, 0x00, 0x00, 0x00, 0x00, 0x0E, 0x80, 0x71, 0x00, 0x00, 0x00, 0x78, 0x40, 0x01,
	0x58, 0x02, 0x00, 0x3D, 0xFF, 0x03, 0x00, 0xFC, 0x03, 0xFB, 0xFF, 0x0F, 0x00, 0x4A, 0x01, 0x35,
	0x00, 0x74, 0x00, 0x00, 0x00, 0x26, 0x00, 0x00, 0x00, 0x40, 0x01, 0x35, 0x01, 0x74, 0x00, 0x00,
	0x00, 0x26, 0x00, 0x00, 0x00, 0x40, 0x01, 0x35, 0x50, 0x74, 0x00, 0x00, 0x00, 0x26, 0x00, 0x00,
	0x00, 0x40, 0x01, 0x35, 0x51, 0x74, 0x00, 0x00, 0x00, 0x26, 0x00, 0x00, 0x00, 0x40, 0x01, 0x35,
	0xA0, 0x74, 0x00, 0x00, 0xA0, 0x26, 0x00, 0x00, 0x00, 0x40, 0x01, 0x35, 0xA1, 0x74, 0x00, 0x00,
	0xA0, 0x26, 0x00, 0x00, 0x00, 0x40, 0x01, 0x35, 0xF0, 0x74, 0x00, 0x00, 0xA0, 0x26, 0x00, 0x00,
	0x00, 0x40, 0x01, 0x35, 0xF1, 0x74, 0x00, 0x00, 0xA0, 0x26, 0x00, 0x00, 0x00, 0x40, 0x01, 0x35,
	0x40, 0x75, 0x00, 0x00, 0x40, 0x27, 0x00, 0x00, 0x00, 0x40, 0x01, 0x35, 0x41, 0x75, 0x00, 0x00,
	0x40, 0x27, 0x00, 0x00, 0x00, 0x40, 0x01, 0x35, 0x90, 0x75, 0x00, 0x00, 0x40, 0x27, 0x00, 0x00,
	0x00, 0x40, 0x01, 0x35, 0x91, 0x75, 0x00, 0x00, 0x40, 0x27, 0x00, 0x00, 0x00, 0x40, 0x01, 0x35,
	0xE0, 0x75, 0x00, 0x00, 0xE0, 0x27, 0x00, 0x00, 0x00, 0x40, 0x01, 0x35, 0xE1, 0x75, 0x00, 0x00,
	0xE0, 0x27, 0x00, 0x00, 0x00, 0x40, 0x01, 0x35, 0x30, 0x76, 0x00, 0x00, 0xE0, 0x27, 0x00, 0x00,
	0x00, 0x40, 0x01, 0x35, 0x31, 0x76, 0x00, 0x00, 0xE0, 0x27, 0x00, 0x00, 0x00, 0x40, 0x01, 0x35,
	0x80, 0x76, 0x00, 0x00, 0x80, 0x28, 0x00, 0x00, 0x00, 0x40, 0x01, 0x35, 0x81, 0x76, 0x00, 0x00,
	0x80, 0x28, 0x00, 0x00, 0x00, 0x40, 0x01, 0x35, 0xD0, 0x76, 0x00, 0x00, 0x80, 0x28, 0x00, 0x00,
	0x00, 0x40, 0x01, 0x35, 0xD1, 0x76, 0x00, 0x00, 0x80, 0x28, 0x00, 0x00, 0x00, 0x40, 0x01, 0x35,
	0x20, 0x77, 0x00, 0x00, 0x20, 0x29, 0x00, 0x00, 0x00, 0x40, 0x01, 0x35, 0x21, 0x77, 0x00, 0x00,
	0x20, 0x29, 0x00, 0x00, 0x00, 0x40, 0x01, 0x35, 0x70, 0x77, 0x00, 0x00, 0x20, 0x29, 0x00, 0x00,
	0x00, 0x40, 0x01, 0x35, 0x71, 0x77, 0x00, 0x00, 0x20, 0x29, 0x00, 0x00, 0x00, 0x40, 0x01, 0x35,
	0xC0, 0x77, 0x00, 0x00, 0xC0, 0x29, 0x00, 0x00, 0x00, 0x40, 0x01, 0x35, 0xC1, 0x77, 0x00, 0x00,
	0xC0, 0x29, 0x00, 0x00, 0x00, 0x40, 0x01, 0x35, 0x10, 0x74, 0x00, 0x00, 0xC0, 0x29, 0x00, 0x00,
	0x00, 0x42, 0x01, 0x35, 0x11, 0x74, 0x00, 0x00, 0xC0, 0x29, 0x00, 0x00, 0x00, 0x42, 0x01, 0x35,
	0x60, 0x74, 0x00, 0x00, 0x60, 0x2A, 0x00, 0x00, 0x00, 0x42, 0x01, 0x35, 0x61, 0x74, 0x00, 0x00,
	0x60, 0x2A, 0x00, 0x00, 0x00, 0x42, 0x01, 0x35, 0xB0, 0x74, 0x00, 0x00, 0x60, 0x2A, 0x00, 0x00,
	0x00, 0x42, 0x01, 0x35, 0xB1, 0x74, 0x00, 0x00, 0x60, 0x2A, 0x00, 0x00, 0x00, 0x42, 0x01, 0x35,
	0x00, 0x75, 0x00, 0x00, 0x00, 0x2B, 0x00, 0x00, 0x00, 0x42, 0x01, 0x35, 0x01, 0x75, 0x00, 0x00,
	0x00, 0x2B, 0x00, 0x00, 0x00, 0x42, 0x01, 0x35, 0x50, 0x75, 0x00, 0x00, 0x00, 0x2B, 0x00, 0x00,
	0x00, 0x42, 0x01, 0x35, 0x51, 0x75, 0x00, 0x00, 0x00, 0x2B, 0x00, 0x00, 0x00, 0x42, 0x01, 0x35,
	0xA0, 0x75, 0x00, 0x00, 0xA0, 0x2B, 0x00, 0x00, 0x00, 0x42, 0x01, 0x35, 0xA1, 0x75, 0x00, 0x00,
	0xA0, 0x2B, 0x00, 0x00, 0x00, 0x42, 0x01, 0x35, 0xF0, 0x75, 0x00, 0x00, 0xA0, 0x2B, 0x00, 0x00,
	0x00, 0x42, 0x01, 0x35, 0xF1, 0x75, 0x00, 0x00, 0xA0, 0x2B, 0x00, 0x00, 0x00, 0x42, 0x01, 0x35,
	0x40, 0x76, 0x00, 0x00, 0x40, 0x2C, 0x00, 0x00, 0x00, 0x42, 0x01, 0x35, 0x41, 0x76, 0x00, 0x00,
	0x40, 0x2C, 0x00, 0x00, 0x00, 0x42, 0x01, 0x35, 0x90, 0x76, 0x00, 0x00, 0x40, 0x2C, 0x00, 0x00,
	0x00, 0x42, 0x01, 0x35, 0x91, 0x76, 0x00, 0x00, 0x40, 0x2C, 0x00, 0x00, 0x00, 0x42, 0x01, 0x35,
	0xE0, 0x76, 0x00, 0x00, 0xE0, 0x2C, 0x00, 0x00, 0x00, 0x42, 0x01, 0x35, 0xE1, 0x76, 0x00, 0x00,
	0xE0, 0x2C, 0x00, 0x00, 0x00, 0x42, 0x01, 0x35, 0x30, 0x77, 0x00, 0x00, 0xE0, 0x2C, 0x00, 0x00,
	0x00, 0x42, 0x01, 0x35, 0x31, 0x77, 0x00, 0x00, 0xE0, 0x2C, 0x00, 0x00, 0x00, 0x42, 0x01, 0x35,
	0x80, 0x77, 0x00, 0x00, 0x80, 0x2D, 0x00, 0x00, 0x00, 0x42, 0x01, 0x35, 0x81, 0x77, 0x00, 0x00,
	0x80, 0x2D, 0x00, 0x00, 0x00, 0x42, 0x01, 0x35, 0xD0, 0x77, 0x00, 0x00, 0x80, 0x2D, 0x00, 0x00,
	0x00, 0x42, 0x01, 0x35, 0xD1, 0x77, 0x00, 0x00, 0x80, 0x2D, 0x00, 0x00, 0x00, 0x42, 0x01, 0x35,
	0x20, 0x74, 0x00, 0x00, 0x20, 0x2E, 0x00, 0x00, 0x00, 0x44, 0x01, 0x35, 0x21, 0x74, 0x00, 0x00,
	0x20, 0x2E, 0x00, 0x00, 0x00, 0x44, 0x01, 0x35, 0x70, 0x74, 0x00, 0x00, 0x20, 0x2E, 0x00, 0x00,
	0x00, 0x44, 0x01, 0x35, 0x71, 0x74, 0x00, 0x00, 0x20, 0x2E, 0x00, 0x00, 0x00, 0x44, 0x01, 0x35,
	0xC0, 0x74, 0x00, 0x00, 0xC0, 0x2E, 0x00, 0x00, 0x00, 0x44, 0x01, 0x35, 0xC1, 0x74, 0x00, 0x00,
	0xC0, 0x2E, 0x00, 0x00, 0x00, 0x44, 0x01, 0x35, 0x10, 0x75, 0x00, 0x00, 0xC0, 0x2E, 0x00, 0x00,
	0x00, 0x44, 0x01, 0x35, 0x11, 0x75, 0x00, 0x00, 0xC0, 0x2E, 0x00, 0x00, 0x00, 0x44, 0x01, 0x35,
	0x60, 0x75, 0x00, 0x00, 0x60, 0x2F, 0x00, 0x00, 0x00, 0x44, 0x01, 0x35, 0x61, 0x75, 0x00, 0x00,
	0x60, 0x2F, 0x00, 0x00, 0x00, 0x44, 0x01, 0x35, 0xB0, 0x75, 0x00, 0x00, 0x60, 0x2F, 0x00, 0x00,
	0x00, 0x44, 0x01, 0x35, 0xB1, 0x75, 0x00, 0x00, 0x60, 0x2F, 0x00, 0x00, 0x00, 0x44, 0x01, 0x40,
	0x8B, 0x5C, 0x00, 0x00, 0x00, 0x00, 0x00, 0x00, 0x00, 0x00, 0x00, 0xDC, 0x00, 0xE6, 0xC0, 0x00,
	0x00, 0x00, 0x00, 0x00, 0x00, 0x80, 0x0B, 0x2E, 0x00, 0x7A, 0x00, 0x00, 0x00, 0xE0, 0xC1, 0x00,
	0xDE, 0x03, 0x00, 0x00, 0x00, 0x00, 0x00, 0x00, 0x00, 0x00, 0x00, 0x00, 0x00, 0x00, 0x00, 0x00,
	0x00, 0x14, 0x00, 0x00, 0x00, 0x00, 0x00, 0x00, 0x00, 0x00, 0x00, 0x0E, 0x80, 0x71, 0x00, 0x00,
	0x00, 0x78, 0x40, 0x01, 0x80, 0x02, 0x00, 0x3D, 0xFF, 0x03, 0x00, 0xFC, 0x03, 0xFB, 0xFF, 0x0F,
	0x00, 0x4A, 0x01, 0x35, 0x00, 0x74, 0x00, 0x00, 0x00, 0x26, 0x00, 0x00, 0x00, 0x40, 0x01, 0x35,
	0x01, 0x74, 0x00, 0x00, 0x00, 0x26, 0x00, 0x00, 0x00, 0x40, 0x01, 0x35, 0x50, 0x74, 0x00, 0x00,
	0x00, 0x26, 0x00, 0x00, 0x00, 0x40, 0x01, 0x35, 0x51, 0x74, 0x00, 0x00, 0x00, 0x26, 0x00, 0x00,
	0x00, 0x40, 0x01, 0x35, 0xA0, 0x74, 0x00, 0x00, 0xA0, 0x26, 0x00, 0x00, 0x00, 0x40, 0x01, 0x35,
	0xA1, 0x74, 0x00, 0x00, 0xA0, 0x26, 0x00, 0x00, 0x00, 0x40, 0x01, 0x35, 0xF0, 0x74, 0x00, 0x00,
	0xA0, 0x26, 0x00, 0x00, 0x00, 0x40, 0x01, 0x35, 0xF1, 0x74, 0x00, 0x00, 0xA0, 0x26, 0x00, 0x00,
	0x00, 0x40, 0x01, 0x35, 0x40, 0x75, 0x00, 0x00, 0x40, 0x27, 0x00, 0x00, 0x00, 0x40, 0x01, 0x35,
	0x41, 0x75, 0x00, 0x00, 0x40, 0x27, 0x00, 0x00, 0x00, 0x40, 0x01, 0x35, 0x90, 0x75, 0x00, 0x00,
	0x40, 0x27, 0x00, 0x00, 0x00, 0x40, 0x01, 0x35, 0x91, 0x75, 0x00, 0x00, 0x40, 0x27, 0x00, 0x00,
	0x00, 0x40, 0x01, 0x35, 0xE0, 0x75, 0x00, 0x00, 0xE0, 0x27, 0x00, 0x00, 0x00, 0x40, 0x01, 0x35,
	0xE1, 0x75, 0x00, 0x00, 0xE0, 0x27, 0x00, 0x00, 0x00, 0x40, 0x01, 0x35, 0x30, 0x76, 0x00, 0x00,
	0xE0, 0x27, 0x00, 0x00, 0x00, 0x40, 0x01, 0x35, 0x31, 0x76, 0x00, 0x00, 0xE0, 0x27, 0x00, 0x00,
	0x00, 0x40, 0x01, 0x35, 0x80, 0x76, 0x00, 0x00, 0x80, 0x28, 0x00, 0x00, 0x00, 0x40, 0x01, 0x35,
	0x81, 0x76, 0x00, 0x00, 0x80, 0x28, 0x00, 0x00, 0x00, 0x40, 0x01, 0x35, 0xD0, 0x76, 0x00, 0x00,
	0x80, 0x28, 0x00, 0x00, 0x00, 0x40, 0x01, 0x35, 0xD1, 0x76, 0x00, 0x00, 0x80, 0x28, 0x00, 0x00,
	0x00, 0x40, 0x01, 0x35, 0x20, 0x77, 0x00, 0x00, 0x20, 0x29, 0x00, 0x00, 0x00, 0x40, 0x01, 0x35,
	0x21, 0x77, 0x00, 0x00, 0x20, 0x29, 0x00, 0x00, 0x00, 0x40, 0x01, 0x35, 0x70, 0x77, 0x00, 0x00,
	0x20, 0x29, 0x00, 0x00, 0x00, 0x40, 0x01, 0x35, 0x71, 0x77, 0x00, 0x00, 0x20, 0x29, 0x00, 0x00,
	0x00, 0x40, 0x01, 0x35, 0xC0, 0x77, 0x00, 0x00, 0xC0, 0x29, 0x00, 0x00, 0x00, 0x40, 0x01, 0x35,
	0xC1, 0x77, 0x00, 0x00, 0xC0, 0x29, 0x00, 0x00, 0x00, 0x40, 0x01, 0x35, 0x10, 0x74, 0x00, 0x00,
	0xC0, 0x29, 0x00, 0x00, 0x00, 0x42, 0x01, 0x35, 0x11, 0x74, 0x00, 0x00, 0xC0, 0x29, 0x00, 0x00,
	0x00, 0x42, 0x01, 0x35, 0x60, 0x74, 0x00, 0x00, 0x60, 0x2A, 0x00, 0x00, 0x00, 0x42, 0x01, 0x35,
	0x61, 0x74, 0x00, 0x00, 0x60, 0x2A, 0x00, 0x00, 0x00, 0x42, 0x01, 0x35, 0xB0, 0x74, 0x00, 0x00,
	0x60, 0x2A, 0x00, 0x00, 0x00, 0x42, 0x01, 0x35, 0xB1, 0x74, 0x00, 0x00, 0x60, 0x2A, 0x00, 0x00,
	0x00, 0x42, 0x01, 0x35, 0x00, 0x75, 0x00, 0x00, 0x00, 0x2B, 0x00, 0x00, 0x00, 0x42, 0x01, 0x35,
	0x01, 0x75, 0x00, 0x00, 0x00, 0x2B, 0x00, 0x00, 0x00, 0x42, 0x01, 0x35, 0x50, 0x75, 0x00, 0x00,
	0x00, 0x2B, 0x00, 0x00, 0x00, 0x42, 0x01, 0x35, 0x51, 0x75, 0x00, 0x00, 0x00, 0x2B, 0x00, 0x00,
	0x00, 0x42, 0x01, 0x35, 0xA0, 0x75, 0x00, 0x00, 0xA0, 0x2B, 0x00, 0x00, 0x00, 0x42, 0x01, 0x35,
	0xA1, 0x75, 0x00, 0x00, 0xA0, 0x2B, 0x00, 0x00, 0x00, 0x42, 0x01, 0x35, 0xF0, 0x75, 0x00, 0x00,
	0xA0, 0x2B, 0x00, 0x00, 0x00, 0x42, 0x01, 0x35, 0xF1, 0x75, 0x00, 0x00, 0xA0, 0x2B, 0x00, 0x00,
	0x00, 0x42, 0x01, 0x35, 0x40, 0x76, 0x00, 0x00, 0x40, 0x2C, 0x00, 0x00, 0x00, 0x42, 0x01, 0x35,
	0x41, 0x76, 0x00, 0x00, 0x40, 0x2C, 0x00, 0x00, 0x00, 0x42, 0x01, 0x35, 0x90, 0x76, 0x00, 0x00,
	0x40, 0x2C, 0x00, 0x00, 0x00, 0x42, 0x01, 0x35, 0x91, 0x76, 0x00, 0x00, 0x40, 0x2C, 0x00, 0x00,
	0x00, 0x42, 0x01, 0x35, 0xE0, 0x76, 0x00, 0x00, 0xE0, 0x2C, 0x00, 0x00, 0x00, 0x42, 0x01, 0x35,
	0xE1, 0x76, 0x00, 0x00, 0xE0, 0x2C, 0x00, 0x00, 0x00, 0x42, 0x01, 0x35, 0x30, 0x77, 0x00, 0x00,
	0xE0, 0x2C, 0x00, 0x00, 0x00, 0x42, 0x01, 0x35, 0x31, 0x77, 0x00, 0x00, 0xE0, 0x2C, 0x00, 0x00,
	0x00, 0x42, 0x01, 0x35, 0x80, 0x77, 0x00, 0x00, 0x80, 0x2D, 0x00, 0x00, 0x00, 0x42, 0x01, 0x35,
	0x81, 0x77, 0x00, 0x00, 0x80, 0x2D, 0x00, 0x00, 0x00, 0x42, 0x01, 0x35, 0xD0, 0x77, 0x00, 0x00,
	0x80, 0x2D, 0x00, 0x00, 0x00, 0x42, 0x01, 0x35, 0xD1, 0x77, 0x00, 0x00, 0x80, 0x2D, 0x00, 0x00,
	0x00, 0x42, 0x01, 0x35, 0x20, 0x74, 0x00, 0x00, 0x20, 0x2E, 0x00, 0x00, 0x00, 0x44, 0x01, 0x35,
	0x21, 0x74, 0x00, 0x00, 0x20, 0x2E, 0x00, 0x00, 0x00, 0x44, 0x01, 0x35, 0x70, 0x74, 0x00, 0x00,
	0x20, 0x2E, 0x00, 0x00, 0x00, 0x44, 0x01, 0x35, 0x71, 0x74, 0x00, 0x00, 0x20, 0x2E, 0x00, 0x00,
	0x00, 0x44, 0x01, 0x35, 0xC0, 0x74, 0x00, 0x00, 0xC0, 0x2E, 0x00, 0x00, 0x00, 0x44, 0x01, 0x35,
	0xC1, 0x74, 0x00, 0x00, 0xC0, 0x2E, 0x00, 0x00, 0x00, 0x44, 0x01, 0x35, 0x10, 0x75, 0x00, 0x00,
	0xC0, 0x2E, 0x00, 0x00, 0x00, 0x44, 0x01, 0x35, 0x11, 0x75, 0x00, 0x00, 0xC0, 0x2E, 0x00, 0x00,
	0x00, 0x44, 0x01, 0x35, 0x60, 0x75, 0x00, 0x00, 0x60, 0x2F, 0x00, 0x00, 0x00, 0x44, 0x01, 0x35,
	0x61, 0x75, 0x00, 0x00, 0x60, 0x2F, 0x00, 0x00, 0x00, 0x44, 0x01, 0x35, 0xB0, 0x75, 0x00, 0x00,
	0x60, 0x2F, 0x00, 0x00, 0x00, 0x44, 0x01, 0x35, 0xB1, 0x75, 0x00, 0x00, 0x60, 0x2F, 0x00, 0x00,
	0x00, 0x44, 0x01, 0x40, 0x8B, 0x5C, 0x00, 0x00, 0x00, 0x00, 0x00, 0x00, 0x00, 0x00, 0x00, 0xDC,
	0x00, 0xE6, 0xC0, 0x00, 0x00, 0x00, 0x00, 0x00, 0x00, 0x80, 0x0B, 0x2E, 0x00, 0x7A, 0x00, 0x00,
	0x00, 0xE0, 0xC1, 0x00, 0x7E, 0x04, 0x00, 0x00, 0x00, 0x00, 0x00, 0x00, 0x00, 0x00, 0x00, 0x00,
	0x00, 0x00, 0x00, 0x00, 0x00, 0x14, 0x00, 0x00, 0x00, 0x00, 0x00, 0x00, 0x00, 0x00, 0x00, 0x0E,
	0x80, 0x71, 0x00, 0x00, 0x00, 0x78, 0x40, 0x01, 0xA8, 0x02, 0x00, 0x3D, 0xFF, 0x03, 0x00, 0xFC,
	0x03, 0xFB, 0xFF, 0x0F, 0x00, 0x4A, 0x01, 0x35, 0x00, 0x74, 0x00, 0x00, 0x00, 0x26, 0x00, 0x00,
	0x00, 0x40, 0x01, 0x35, 0x01, 0x74, 0x00, 0x00, 0x00, 0x26, 0x00, 0x00, 0x00, 0x40, 0x01, 0x35,
	0x50, 0x74, 0x00, 0x00, 0x00, 0x26, 0x00, 0x00, 0x00, 0x40, 0x01, 0x35, 0x51, 0x74, 0x00, 0x00,
	0x00, 0x26, 0x00, 0x00, 0x00, 0x40, 0x01, 0x35, 0xA0, 0x74, 0x00, 0x00, 0xA0, 0x26, 0x00, 0x00,
	0x00, 0x40, 0x01, 0x35, 0xA1, 0x74, 0x00, 0x00, 0xA0, 0x26, 0x00, 0x00, 0x00, 0x40, 0x01, 0x35,
	0xF0, 0x74, 0x00, 0x00, 0xA0, 0x26, 0x00, 0x00, 0x00, 0x40, 0x01, 0x35, 0xF1, 0x74, 0x00, 0x00,
	0xA0, 0x26, 0x00, 0x00, 0x00, 0x40, 0x01, 0x35, 0x40, 0x75, 0x00, 0x00, 0x40, 0x27, 0x00, 0x00,
	0x00, 0x40, 0x01, 0x35, 0x41, 0x75, 0x00, 0x00, 0x40, 0x27, 0x00, 0x00, 0x00, 0x40, 0x01, 0x35,
	0x90, 0x75, 0x00, 0x00, 0x40, 0x27, 0x00, 0x00, 0x00, 0x40, 0x01, 0x35, 0x91, 0x75, 0x00, 0x00,
	0x40, 0x27, 0x00, 0x00, 0x00, 0x40, 0x01, 0x35, 0xE0, 0x75, 0x00, 0x00, 0xE0, 0x27, 0x00, 0x00,
	0x00, 0x40, 0x01, 0x35, 0xE1, 0x75, 0x00, 0x00, 0xE0, 0x27, 0x00, 0x00, 0x00, 0x40, 0x01, 0x35,
	0x30, 0x76, 0x00, 0x00, 0xE0, 0x27, 0x00, 0x00, 0x00, 0x40, 0x01, 0x35, 0x31, 0x76, 0x00, 0x00,
	0xE0, 0x27, 0x00, 0x00, 0x00, 0x40, 0x01, 0x35, 0x80, 0x76, 0x00, 0x00, 0x80, 0x28, 0x00, 0x00,
	0x00, 0x40, 0x01, 0x35, 0x81, 0x76, 0x00, 0x00, 0x80, 0x28, 0x00, 0x00, 0x00, 0x40, 0x01, 0x35,
	0xD0, 0x76, 0x00, 0x00, 0x80, 0x28, 0x00, 0x00, 0x00, 0x40, 0x01, 0x35, 0xD1, 0x76, 0x00, 0x00,
	0x80, 0x28, 0x00, 0x00, 0x00, 0x40, 0x01, 0x35, 0x20, 0x77, 0x00, 0x00, 0x20, 0x29, 0x00, 0x00,
	0x00, 0x40, 0x01, 0x35, 0x21, 0x77, 0x00, 0x00, 0x20, 0x29, 0x00, 0x00, 0x00, 0x40, 0x01, 0x35,
	0x70, 0x77, 0x00, 0x00, 0x20, 0x29, 0x00, 0x00, 0x00, 0x40, 0x01, 0x35, 0x71, 0x77, 0x00, 0x00,
	0x20, 0x29, 0x00, 0x00, 0x00, 0x40, 0x01, 0x35, 0xC0, 0x77, 0x00, 0x00, 0xC0, 0x29, 0x00, 0x00,
	0x00, 0x40, 0x01, 0x35, 0xC1, 0x77, 0x00, 0x00, 0xC0, 0x29, 0x00, 0x00, 0x00, 0x40, 0x01, 0x35,
	0x10, 0x74, 0x00, 0x00, 0xC0, 0x29, 0x00, 0x00, 0x00, 0x42, 0x01, 0x35, 0x11, 0x74, 0x00, 0x00,
	0xC0, 0x29, 0x00, 0x00, 0x00, 0x42, 0x01, 0x35, 0x60, 0x74, 0x00, 0x00, 0x60, 0x2A, 0x00, 0x00,
	0x00, 0x42, 0x01, 0x35, 0x61, 0x74, 0x00, 0x00, 0x60, 0x2A, 0x00, 0x00, 0x00, 0x42, 0x01, 0x35,
	0xB0, 0x74, 0x00, 0x00, 0x60, 0x2A, 0x00, 0x00, 0x00, 0x42, 0x01, 0x35, 0xB1, 0x74, 0x00, 0x00,
	0x60, 0x2A, 0x00, 0x00, 0x00, 0x42, 0x01, 0x35, 0x00, 0x75, 0x00, 0x00, 0x00, 0x2B, 0x00, 0x00,
	0x00, 0x42, 0x01, 0x35, 0x01, 0x75, 0x00, 0x00, 0x00, 0x2B, 0x00, 0x00, 0x00, 0x42, 0x01, 0x35,
	0x50, 0x75, 0x00, 0x00, 0x00, 0x2B, 0x00, 0x00, 0x00, 0x42, 0x01, 0x35, 0x51, 0x75, 0x00, 0x00,
	0x00, 0x2B, 0x00, 0x00, 0x00, 0x42, 0x01, 0x35, 0xA0, 0x75, 0x00, 0x00, 0xA0, 0x2B, 0x00, 0x00,
	0x00, 0x42, 0x01, 0x35, 0xA1, 0x75, 0x00, 0x00, 0xA0, 0x2B, 0x00, 0x00, 0x00, 0x42, 0x01, 0x35,
	0xF0, 0x75, 0x00, 0x00, 0xA0, 0x2B, 0x00, 0x00, 0x00, 0x42, 0x01, 0x35, 0xF1, 0x75, 0x00, 0x00,
	0xA0, 0x2B, 0x00, 0x00, 0x00, 0x42, 0x01, 0x35, 0x40, 0x76, 0x00, 0x00, 0x40, 0x2C, 0x00, 0x00,
	0x00, 0x42, 0x01, 0x35, 0x41, 0x76, 0x00, 0x00, 0x40, 0x2C, 0x00, 0x00, 0x00, 0x42, 0x01, 0x35,
	0x90, 0x76, 0x00, 0x00, 0x40, 0x2C, 0x00, 0x00, 0x00, 0x42, 0x01, 0x35, 0x91, 0x76, 0x00, 0x00,
	0x40, 0x2C, 0x00, 0x00, 0x00, 0x42, 0x01, 0x35, 0xE0, 0x76, 0x00, 0x00, 0xE0, 0x2C, 0x00, 0x00,
	0x00, 0x42, 0x01, 0x35, 0xE1, 0x76, 0x00, 0x00, 0xE0, 0x2C, 0x00, 0x00, 0x00, 0x42, 0x01, 0x35,
	0x30, 0x77, 0x00, 0x00, 0xE0, 0x2C, 0x00, 0x00, 0x00, 0x42, 0x01, 0x35, 0x31, 0x77, 0x00, 0x00,
	0xE0, 0x2C, 0x00, 0x00, 0x00, 0x42, 0x01, 0x35, 0x80, 0x77, 0x00, 0x00, 0x80, 0x2D, 0x00, 0x00,
	0x00, 0x42, 0x01, 0x35, 0x81, 0x77, 0x00, 0x00, 0x80, 0x2D, 0x00, 0x00, 0x00, 0x42, 0x01, 0x35,
	0xD0, 0x77, 0x00, 0x00, 0x80, 0x2D, 0x00, 0x00, 0x00, 0x42, 0x01, 0x35, 0xD1, 0x77, 0x00, 0x00,
	0x80, 0x2D, 0x00, 0x00, 0x00, 0x42, 0x01, 0x35, 0x20, 0x74, 0x00, 0x00, 0x20, 0x2E, 0x00, 0x00,
	0x00, 0x44, 0x01, 0x35, 0x21, 0x74, 0x00, 0x00, 0x20, 0x2E, 0x00, 0x00, 0x00, 0x44, 0x01, 0x35,
	0x70, 0x74, 0x00, 0x00, 0x20, 0x2E, 0x00, 0x00, 0x00, 0x44, 0x01, 0x35, 0x71, 0x74, 0x00, 0x00,
	0x20, 0x2E, 0x00, 0x00, 0x00, 0x44, 0x01, 0x35, 0xC0, 0x74, 0x00, 0x00, 0xC0, 0x2E, 0x00, 0x00,
	0x00, 0x44, 0x01, 0x35, 0xC1, 0x74, 0x00, 0x00, 0xC0, 0x2E, 0x00, 0x00, 0x00, 0x44, 0x01, 0x35,
	0x10, 0x75, 0x00, 0x00, 0xC0, 0x2E, 0x00, 0x00, 0x00, 0x44, 0x01, 0x35, 0x11, 0x75, 0x00, 0x00,
	0xC0, 0x2E, 0x00, 0x00, 0x00, 0x44, 0x01, 0x35, 0x60, 0x75, 0x00, 0x00, 0x60, 0x2F, 0x00, 0x00,
	0x00, 0x44, 0x01, 0x35, 0x61, 0x75, 0x00, 0x00, 0x60, 0x2F, 0x00, 0x00, 0x00, 0x44, 0x01, 0x35,
	0xB0, 0x75, 0x00, 0x00, 0x60, 0x2F, 0x00, 0x00, 0x00, 0x44, 0x01, 0x35, 0xB1, 0x75, 0x00, 0x00,
	0x60, 0x2F, 0x00, 0x00, 0x00, 0x44, 0x01, 0x40, 0x8B, 0x5C, 0x00, 0x00, 0x00, 0x00, 0x00, 0x00,
	0x00, 0x00, 0x00, 0xDC, 0x00, 0xE6, 0xC0, 0x00, 0x00, 0x00, 0x00, 0x00, 0x00, 0x80, 0x0B, 0x2E,
	0x00, 0x7A, 0x00, 0x00, 0x00, 0xE0, 0xC1, 0x00, 0x1E, 0x05, 0x00, 0x00, 0x00, 0x00, 0x00, 0x00,
	0x00, 0x00, 0x00, 0x00, 0x00, 0x00, 0x00, 0x00, 0x00, 0x14, 0x00, 0x00, 0x00, 0x00, 0x00, 0x00,
	0x00, 0x00, 0x00, 0x66, 0x00, 0x00, 0x00, 0x00, 0x00, 0xC0, 0x03, 0x00, 0x58, 0x02, 0x00, 0x3D,
	0x7F, 0x03, 0x00, 0xFC, 0x03, 0xFF, 0xFF, 0x0F, 0x00, 0x02, 0x00, 0x40, 0x97, 0x7B, 0x00, 0x00,
	0x00, 0x00, 0x00, 0x00, 0x00, 0x00, 0x00, 0xDC, 0x80, 0x8C, 0x00, 0x01, 0x00, 0x00, 0x00, 0x00,
	0x00, 0xC0, 0x0B, 0x76, 0x80, 0x00, 0x00, 0x00, 0x00, 0xC0, 0x03, 0x01, 0x58, 0x02, 0x00, 0x00,
	0x00, 0x00, 0x00, 0x00, 0x00, 0x00, 0x00, 0x00, 0x00, 0x00, 0x00, 0x00, 0x00, 0x14, 0x00, 0x00,
	0x00, 0x00, 0x00, 0x00, 0x00, 0x00, 0x00, 0x0E, 0xC0, 0x7D, 0x00, 0x00, 0x00, 0xE0, 0x01, 0x01,
	0x00, 0x00, 0x00, 0x66, 0xC0, 0x02, 0x00, 0x00, 0x00, 0xA0, 0x40, 0x01, 0xE0, 0x01, 0x00, 0x40,
	0xEA, 0x7F, 0x00, 0x00, 0x00, 0x00, 0x00, 0x00, 0x00, 0x00, 0x00, 0xDC, 0x00, 0xE8, 0x00, 0x10,
	0x00, 0x07, 0x00, 0x00, 0x00, 0x00, 0x0C, 0x0D, 0x00, 0xEE, 0x00, 0x00, 0x00, 0x00, 0x00, 0x00,
	0x00, 0x06, 0x00, 0x28, 0x00, 0x00, 0x00, 0x00, 0x00, 0x00, 0x00, 0x00, 0x00, 0x00, 0x00, 0x38,
	0x00, 0x00, 0x00, 0x00, 0x00, 0x00, 0x00, 0x00, 0x00, 0x00, 0x00, 0x16, 0x00, 0x00, 0x00, 0x02,
	0x00, 0x02, 0x00, 0x00, 0x9E, 0x02, 0x00, 0x26, 0x00, 0x00, 0x80, 0x02, 0x80, 0x00, 0x00, 0x00,
	0x0C, 0x00, 0x00, 0x31, 0x98, 0xF0, 0xF4, 0x14, 0xA0, 0x00, 0x00, 0x00, 0x80, 0x00, 0x00, 0x2E,
	0x00, 0x7A, 0x00, 0x00, 0x00, 0xE0, 0xC1, 0x00, 0x9E, 0x07, 0x00, 0x00, 0x00, 0x00, 0x00, 0x00,
	0x00, 0x00, 0x00, 0x00, 0x00, 0x00, 0x00, 0x00, 0x00, 0x14, 0x00, 0x00, 0x00, 0x00, 0x00, 0x00,
	0x00, 0x00, 0x00, 0x0E, 0xC0, 0x7D, 0x00, 0x00, 0x00, 0xE0, 0x01, 0x01, 0xA0, 0x00, 0x00, 0x66,
	0xC0, 0x02, 0x00, 0x00, 0x00, 0xA0, 0x40, 0x01, 0x08, 0x02, 0x00, 0x40, 0xEA, 0x7F, 0x00, 0x00,
	0x00, 0x00, 0x00, 0x00, 0x00, 0x00, 0x00, 0xDC, 0x00, 0xE8, 0x00, 0x10, 0x00, 0x07, 0x00, 0x00,
	0x00, 0x00, 0x0C, 0x0D, 0x00, 0xEE, 0x00, 0x00, 0x00, 0x00, 0x00, 0x00, 0x00, 0x06, 0x00, 0x28,
	0x00, 0x00, 0x00, 0x00, 0x00, 0x00, 0x00, 0x00, 0x00, 0x00, 0x00, 0x38, 0x00, 0x00, 0x00, 0x00,
	0x00, 0x00, 0x00, 0x00, 0x00, 0x00, 0x00, 0x16, 0x20, 0x01, 0x00, 0x02, 0x00, 0x02, 0x00, 0x10,
	0x9E, 0x02, 0x00, 0x26, 0x00, 0x00, 0x80, 0x02, 0x80, 0x00, 0x00, 0x3C, 0x0C, 0x00, 0x00, 0x31,
	0x98, 0xF0, 0xF4, 0x14, 0xA0, 0x00, 0x12, 0x7C, 0x80, 0x00, 0x00, 0x2E, 0x00, 0x7A, 0x00, 0x00,
	0x00, 0xE0, 0xC1, 0x00, 0x3E, 0x08, 0x00, 0x00, 0x00, 0x00, 0x00, 0x00, 0x00, 0x00, 0x00, 0x00,
	0x00, 0x00, 0x00, 0x00, 0x00, 0x14, 0x00, 0x00, 0x00, 0x00, 0x00, 0x00, 0x00, 0x00, 0x00, 0x0E,
	0xC0, 0x7D, 0x00, 0x00, 0x00, 0xE0, 0x01, 0x01, 0x40, 0x01, 0x00, 0x66, 0xC0, 0x02, 0x00, 0x00,
	0x00, 0xA0, 0x40, 0x01, 0x30, 0x02, 0x00, 0x40, 0xEA, 0x7F, 0x00, 0x00, 0x00, 0x00, 0x00, 0x00,
	0x00, 0x00, 0x00, 0xDC, 0x00, 0xE8, 0x00, 0x10, 0x00, 0x07, 0x00, 0x00, 0x00, 0x00, 0x0C, 0x0D,
	0x00, 0xEE, 0x00, 0x00, 0x00, 0x00, 0x00, 0x00, 0x00, 0x06, 0x00, 0x28, 0x00, 0x00, 0x00, 0x00,
	0x00, 0x00, 0x00, 0x00, 0x00, 0x00, 0x00, 0x38, 0x00, 0x00, 0x00, 0x00, 0x00, 0x00, 0x00, 0x00,
	0x00, 0x00, 0x00, 0x16, 0x00, 0x00, 0x00, 0x02, 0x00, 0x02, 0x00, 0x00, 0x9E, 0x02, 0x00, 0x26,
	0x00, 0x00, 0x80, 0x02, 0x80, 0x00, 0x00, 0x14, 0x0C, 0x00, 0x00, 0x31, 0x98, 0xF0, 0xF4, 0x14,
	0xA0, 0x00, 0x00, 0x14, 0x80, 0x00, 0x00, 0x2E, 0x00, 0x7A, 0x00, 0x00, 0x00, 0xE0, 0xC1, 0x00,
	0xDE, 0x08, 0x00, 0x00, 0x00, 0x00, 0x00, 0x00, 0x00, 0x00, 0x00, 0x00, 0x00, 0x00, 0x00, 0x00,
	0x00, 0x14, 0x00, 0x00, 0x00, 0x00, 0x00, 0x00, 0x00, 0x00, 0x00, 0x00, 0x00, 0x00, 0x00, 0x00,
	0x00, 0x00, 0x00, 0x00, 0x00, 0x00, 0x00, 0x00, 0x00, 0x14, 0x00, 0x00, 0x00, 0x00, 0x00, 0x00,
	0x00, 0x00, 0x00, 0x0E, 0x80, 0x80, 0x00, 0x00, 0x00, 0xE0, 0x41, 0x00, 0xDE, 0x03, 0x00, 0x3D,
	0xFF, 0x03, 0x00, 0xFC, 0x03, 0xF1, 0xFF, 0x0F, 0x00, 0x84, 0x00, 0x0D, 0xC0, 0x64, 0x00, 0x00,
	0x00, 0x02, 0x00, 0x00, 0x00, 0x46, 0x00, 0x0E, 0x80, 0x80, 0x00, 0x00, 0x00, 0xE0, 0x41, 0x00,
	0x9E, 0x07, 0x00, 0x3D, 0xFF, 0x03, 0x00, 0xFC, 0x03, 0xF1, 0xFF, 0x0F, 0x00, 0x84, 0x00, 0x55,
	0x00, 0x4C, 0x00, 0x00, 0x00, 0x02, 0x02, 0x00, 0x00, 0x40, 0x00, 0x75, 0x80, 0x4C, 0x00, 0x02,
	0x00, 0x00, 0x02, 0x00, 0x00, 0x08, 0x00, 0x55, 0x00, 0x50, 0x00, 0x00, 0x02, 0x02, 0x02, 0x00,
	0x00, 0x40, 0x80, 0x75, 0x40, 0x50, 0x00, 0x00, 0x00, 0x00, 0x02, 0x00, 0x00, 0x0A, 0x00, 0x55,
	0x00, 0x4C, 0x00, 0x00, 0x00, 0x01, 0x02, 0x00, 0x00, 0x80, 0x00, 0x75, 0x40, 0x4C, 0x00, 0x02,
	0x00, 0x00, 0x02, 0x00, 0x00, 0x0A, 0x00, 0x2E, 0xC0, 0x84, 0x00, 0x00, 0x00, 0xE0, 0xC1, 0x00,
	0x5E, 0x0B, 0x00, 0x00, 0x00, 0x00, 0x00, 0x00, 0x00, 0x00, 0x00, 0x00, 0x00, 0x00, 0x00, 0x00,
	0x00, 0x14, 0x00, 0x00, 0x00, 0x00, 0x00, 0x00, 0x00, 0x00, 0x00, 0x0E, 0x80, 0x80, 0x00, 0x00,
	0x00, 0xE0, 0x41, 0x00, 0x56, 0x04, 0x00, 0x3D, 0xFF, 0x03, 0x00, 0xFC, 0x03, 0xF1, 0xFF, 0x0F,
	0x00, 0x84, 0x00, 0x0D, 0xC0, 0x64, 0x00, 0x00, 0x00, 0x02, 0x00, 0x00, 0x00, 0x46, 0x00, 0x0E,
	0x80, 0x80, 0x00, 0x00, 0x00, 0xE0, 0x41, 0x00, 0x16, 0x08, 0x00, 0x3D, 0xFF, 0x03, 0x00, 0xFC,
	0x03, 0xF1, 0xFF, 0x0F, 0x00, 0x84, 0x00, 0x55, 0x00, 0x4C, 0x00, 0x00, 0x00, 0x02, 0x02, 0x00,
	0x00, 0x40, 0x00, 0x75, 0x80, 0x4C, 0x00, 0x02, 0x00, 0x00, 0x02, 0x00, 0x00, 0x08, 0x00, 0x55,
	0x00, 0x50, 0x00, 0x00, 0x02, 0x02, 0x02, 0x00, 0x00, 0x40, 0x80, 0x75, 0x40, 0x50, 0x00, 0x00,
	0x00, 0x00, 0x02, 0x00, 0x00, 0x0A, 0x00, 0x55, 0x00, 0x4C, 0x00, 0x00, 0x00, 0x01, 0x02, 0x00,
	0x00, 0x80, 0x00, 0x75, 0x40, 0x4C, 0x00, 0x02, 0x00, 0x00, 0x02, 0x00, 0x00, 0x0A, 0x00, 0x2E,
	0xC0, 0x84, 0x00, 0x00, 0x00, 0xE0, 0xC1, 0x00, 0xD6, 0x0B, 0x00, 0x00, 0x00, 0x00, 0x00, 0x00,
	0x00, 0x00, 0x00, 0x00, 0x00, 0x00, 0x00, 0x00, 0x00, 0x14, 0x00, 0x00, 0x00, 0x00, 0x00, 0x00,
	0x00, 0x00, 0x00, 0x0E, 0x80, 0x80, 0x00, 0x00, 0x00, 0xE0, 0x41, 0x00, 0xCE, 0x04, 0x00, 0x3D,
	0xFF, 0x03, 0x00, 0xFC, 0x03, 0xF1, 0xFF, 0x0F, 0x00, 0x84, 0x00, 0x0D, 0xC0, 0x64, 0x00, 0x00,
	0x00, 0x02, 0x00, 0x00, 0x00, 0x46, 0x00, 0x0E, 0x80, 0x80, 0x00, 0x00, 0x00, 0xE0, 0x41, 0x00,
	0x8E, 0x08, 0x00, 0x3D, 0xFF, 0x03, 0x00, 0xFC, 0x03, 0xF1, 0xFF, 0x0F, 0x00, 0x84, 0x00, 0x55,
	0x00, 0x4C, 0x00, 0x00, 0x00, 0x02, 0x02, 0x00, 0x00, 0x40, 0x00, 0x75, 0x80, 0x4C, 0x00, 0x02,
	0x00, 0x00, 0x02, 0x00, 0x00, 0x08, 0x00, 0x55, 0x00, 0x50, 0x00, 0x00, 0x02, 0x02, 0x02, 0x00,
	0x00, 0x40, 0x80, 0x75, 0x40, 0x50, 0x00, 0x00, 0x00, 0x00, 0x02, 0x00, 0x00, 0x0A, 0x00, 0x55,
	0x00, 0x4C, 0x00, 0x00, 0x00, 0x01, 0x02, 0x00, 0x00, 0x80, 0x00, 0x75, 0x40, 0x4C, 0x00, 0x02,
	0x00, 0x00, 0x02, 0x00, 0x00, 0x0A, 0x00, 0x2E, 0xC0, 0x84, 0x00, 0x00, 0x00, 0xE0, 0xC1, 0x00,
	0x4E, 0x0C, 0x00, 0x00, 0x00, 0x00, 0x00, 0x00, 0x00, 0x00, 0x00, 0x00, 0x00, 0x00, 0x00, 0x00,
	0x00, 0x14, 0x00, 0x00, 0x00, 0x00, 0x00, 0x00, 0x00, 0x00, 0x00, 0x0E, 0x80, 0x80, 0x00, 0x00,
	0x00, 0xE0, 0x41, 0x00, 0x46, 0x05, 0x00, 0x3D, 0xFF, 0x03, 0x00, 0xFC, 0x03, 0xF1, 0xFF, 0x0F,
	0x00, 0x84, 0x00, 0x0D, 0xC0, 0x64, 0x00, 0x00, 0x00, 0x02, 0x00, 0x00, 0x00, 0x46, 0x00, 0x0E,
	0x80, 0x80, 0x00, 0x00, 0x00, 0xE0, 0x41, 0x00, 0x06, 0x09, 0x00, 0x3D, 0xFF, 0x03, 0x00, 0xFC,
	0x03, 0xF1, 0xFF, 0x0F, 0x00, 0x84, 0x00, 0x55, 0x00, 0x4C, 0x00, 0x00, 0x00, 0x02, 0x02, 0x00,
	0x00, 0x40, 0x00, 0x75, 0x80, 0x4C, 0x00, 0x02, 0x00, 0x00, 0x02, 0x00, 0x00, 0x08, 0x00, 0x55,
	0x00, 0x50, 0x00, 0x00, 0x02, 0x02, 0x02, 0x00, 0x00, 0x40, 0x80, 0x75, 0x40, 0x50, 0x00, 0x00,
	0x00, 0x00, 0x02, 0x00, 0x00, 0x0A, 0x00, 0x55, 0x00, 0x4C, 0x00, 0x00, 0x00, 0x01, 0x02, 0x00,
	0x00, 0x80, 0x00, 0x75, 0x40, 0x4C, 0x00, 0x02, 0x00, 0x00, 0x02, 0x00, 0x00, 0x0A, 0x00, 0x2E,
	0xC0, 0x84, 0x00, 0x00, 0x00, 0xE0, 0xC1, 0x00, 0xC6, 0x0C, 0x00, 0x00, 0x00, 0x00, 0x00, 0x00,
	0x00, 0x00, 0x00, 0x00, 0x00, 0x00, 0x00, 0x00, 0x00, 0x14, 0x00, 0x00, 0x00, 0x00, 0x00, 0x00,
	0x00, 0x00, 0x00, 0x00, 0x00, 0x00, 0x00, 0x00, 0x00, 0x00, 0x00, 0x00, 0x00, 0x00, 0x00, 0x00,
	0x00, 0x14, 0x00, 0x00, 0x00, 0x00, 0x00, 0x00, 0x00, 0x00, 0x00, 0x0E, 0xD0, 0x8B, 0x00, 0x00,
	0x00, 0xE0, 0x81, 0x00, 0x5E, 0x0B, 0x00, 0x3D, 0xFF, 0x03, 0x00, 0x00, 0xC0, 0xFF, 0xFF, 0x0F,
	0x00, 0x0A, 0x01, 0x28, 0x00, 0x00, 0x00, 0x00, 0x00, 0x00, 0x00, 0x00, 0x00, 0x00, 0x00, 0x38,
	0x00, 0x00, 0x00, 0x00, 0x00, 0x00, 0x00, 0x00, 0x00, 0x84, 0x33, 0x16, 0x20, 0x01, 0x00, 0x02,
	0x00, 0x1E, 0x00, 0x10, 0xCB, 0x08, 0x00, 0x26, 0x00, 0x00, 0x80, 0x03, 0x80, 0x01, 0x00, 0x28,
	0x22, 0x00, 0x00, 0x29, 0x00, 0xF8, 0xFC, 0x14, 0x78, 0x01, 0x12, 0x68, 0x80, 0x00, 0x04, 0x28,
	0x00, 0x00, 0x00, 0x00, 0x00, 0x00, 0x00, 0x00, 0x00, 0x00, 0x00, 0x38, 0x00, 0x00, 0x00, 0x00,
	0x00, 0x00, 0x00, 0x00, 0x00, 0x82, 0x33, 0x16, 0x00, 0x00, 0x00, 0x00, 0x00, 0x0A, 0x00, 0x00,
	0xD3, 0x08, 0x00, 0x26, 0x00, 0x00, 0x80, 0x01, 0x80, 0x01, 0x00, 0x00, 0x23, 0x00, 0x00, 0x29,
	0x9F, 0xF8, 0xF8, 0x14, 0x00, 0x00, 0x00, 0x00, 0x80, 0x20, 0x00, 0x28, 0x00, 0x00, 0x00, 0x00,
	0x00, 0x00, 0x00, 0x00, 0x00, 0x00, 0x00, 0x38, 0x00, 0x00, 0x00, 0x00, 0x00, 0x00, 0x00, 0x00,
	0x00, 0x46, 0x33, 0x16, 0x20, 0x01, 0x00, 0x02, 0x00, 0x5A, 0x00, 0x10, 0xD5, 0x08, 0x00, 0x26,
	0x00, 0x00, 0x80, 0x03, 0x80, 0x01, 0x00, 0x3C, 0x23, 0x00, 0x00, 0x29, 0x00, 0x00, 0xF9, 0x18,
	0x7C, 0x02, 0x12, 0x7C, 0x80, 0x00, 0x04, 0x76, 0x00, 0x00, 0x00, 0x00, 0x00, 0xE0, 0x01, 0x00,
	0x00, 0x00, 0x00, 0x00, 0x00, 0x00, 0x00, 0x00, 0x00, 0x00, 0x00, 0x00, 0x00, 0x00, 0x00, 0x00,
	0x00, 0x14, 0x00, 0x00, 0x00, 0x00, 0x00, 0x00, 0x00, 0x00, 0x00, 0x0E, 0xE0, 0x8E, 0x00, 0x00,
	0x00, 0xE0, 0x81, 0x00, 0xCC, 0x0B, 0x00, 0x3D, 0xFF, 0x03, 0x00, 0x00, 0x80, 0xFE, 0xFF, 0x0F,
	0x00, 0x0A, 0x01, 0x28, 0x00, 0x00, 0x00, 0x00, 0x00, 0x00, 0x00, 0x00, 0x00, 0x00, 0x00, 0x38,
	0x00, 0x00, 0x00, 0x00, 0x00, 0x00, 0x00, 0x00, 0x00, 0x84, 0x33, 0x16, 0x00, 0x00, 0x00, 0x02,
	0x00, 0x1E, 0x00, 0x00, 0xCB, 0x08, 0x00, 0x26, 0x00, 0x00, 0x80, 0x03, 0x80, 0x01, 0x00, 0x14,
	0x22, 0x00, 0x00, 0x29, 0x00, 0x04, 0x09, 0x15, 0x5C, 0x01, 0x00, 0x14, 0x80, 0x00, 0x00, 0x28,
	0x00, 0x00, 0x00, 0x00, 0x00, 0x00, 0x00, 0x00, 0x00, 0x00, 0x00, 0x38, 0x00, 0x00, 0x00, 0x00,
	0x00, 0x00, 0x00, 0x00, 0x00, 0x82, 0x33, 0x16, 0x20, 0x01, 0x00, 0x00, 0x00, 0x0A, 0x00, 0x10,
	0xD3, 0x08, 0x00, 0x26, 0x00, 0x00, 0x80, 0x01, 0x80, 0x01, 0x00, 0x28, 0x23, 0x00, 0x00, 0x29,
	0x9D, 0x04, 0x05, 0x15, 0x00, 0x00, 0x12, 0x68, 0x80, 0x00, 0x00, 0x28, 0x00, 0x00, 0x00, 0x00,
	0x00, 0x00, 0x00, 0x00, 0x00, 0x00, 0x00, 0x38, 0x00, 0x00, 0x00, 0x00, 0x00, 0x00, 0x00, 0x00,
	0x00, 0x46, 0x33, 0x16, 0x00, 0x00, 0x00, 0x02, 0x00, 0x5A, 0x00, 0x00, 0xD5, 0x08, 0x00, 0x26,
	0x00, 0x00, 0x80, 0x03, 0x80, 0x01, 0x00, 0x00, 0x23, 0x00, 0x00, 0x29, 0x00, 0x00, 0x05, 0x1D,
	0x74, 0x02, 0x00, 0x00, 0x80, 0x00, 0x00, 0x76, 0x00, 0x00, 0x00, 0x00, 0x00, 0xE0, 0x01, 0x00,
	0x78, 0x00, 0x00, 0x00, 0x00, 0x00, 0x00, 0x00, 0x00, 0x00, 0x00, 0x00, 0x00, 0x00, 0x00, 0x00,
	0x00, 0x14, 0x00, 0x00, 0x00, 0x00, 0x00, 0x00, 0x00, 0x00, 0x00, 0x0E, 0xE0, 0x8E, 0x00, 0x00,
	0x00, 0xE0, 0x81, 0x00, 0x44, 0x0C, 0x00, 0x3D, 0xFF, 0x03, 0x00, 0x00, 0x80, 0xFE, 0xFF, 0x0F,
	0x00, 0x0A, 0x01, 0x28, 0x00, 0x00, 0x00, 0x00, 0x00, 0x00, 0x00, 0x00, 0x00, 0x00, 0x00, 0x38,
	0x00, 0x00, 0x00, 0x00, 0x00, 0x00, 0x00, 0x00, 0x00, 0x84, 0x33, 0x16, 0x20, 0x01, 0x00, 0x02,
	0x00, 0x1E, 0x00, 0x10, 0xCB, 0x08, 0x00, 0x26, 0x00, 0x00, 0x80, 0x03, 0x80, 0x01, 0x00, 0x3C,
	0x22, 0x00, 0x00, 0x29, 0x00, 0x04, 0x09, 0x15, 0x5C, 0x01, 0x12, 0x7C, 0x80, 0x00, 0x00, 0x28,
	0x00, 0x00, 0x00, 0x00, 0x00, 0x00, 0x00, 0x00, 0x00, 0x00, 0x00, 0x38, 0x00, 0x00, 0x00, 0x00,
	0x00, 0x00, 0x00, 0x00, 0x00, 0x82, 0x33, 0x16, 0x00, 0x00, 0x00, 0x00, 0x00, 0x0A, 0x00, 0x00,
	0xD3, 0x08, 0x00, 0x26, 0x00, 0x00, 0x80, 0x01, 0x80, 0x01, 0x00, 0x14, 0x23, 0x00, 0x00, 0x29,
	0x9D, 0x04, 0x05, 0x15, 0x00, 0x00, 0x00, 0x14, 0x80, 0x00, 0x00, 0x28, 0x00, 0x00, 0x00, 0x00,
	0x00, 0x00, 0x00, 0x00, 0x00, 0x00, 0x00, 0x38, 0x00, 0x00, 0x00, 0x00, 0x00, 0x00, 0x00, 0x00,
	0x00, 0x46, 0x33, 0x16, 0x20, 0x01, 0x00, 0x02, 0x00, 0x5A, 0x00, 0x10, 0xD5, 0x08, 0x00, 0x26,
	0x00, 0x00, 0x80, 0x03, 0x80, 0x01, 0x00, 0x28, 0x23, 0x00, 0x00, 0x29, 0x00, 0x00, 0x05, 0x1D,
	0x74, 0x02, 0x12, 0x68, 0x80, 0x00, 0x00, 0x76, 0x00, 0x00, 0x00, 0x00, 0x00, 0xE0, 0x01, 0x00,
	0xF0, 0x00, 0x00, 0x00, 0x00, 0x00, 0x00, 0x00, 0x00, 0x00, 0x00, 0x00, 0x00, 0x00, 0x00, 0x00,
	0x00, 0x14, 0x00, 0x00, 0x00, 0x00, 0x00, 0x00, 0x00, 0x00, 0x00, 0x0E, 0xD0, 0x8B, 0x00, 0x00,
	0x00, 0xE0, 0x81, 0x00, 0xBC, 0x0C, 0x00, 0x3D, 0xFF, 0x03, 0x00, 0x00, 0xC0, 0xFF, 0xFF, 0x0F,
	0x00, 0x0A, 0x01, 0x28, 0x00, 0x00, 0x00, 0x00, 0x00, 0x00, 0x00, 0x00, 0x00, 0x00, 0x00, 0x38,
	0x00, 0x00, 0x00, 0x00, 0x00, 0x00, 0x00, 0x00, 0x00, 0x84, 0x33, 0x16, 0x00, 0x00, 0x00, 0x02,
	0x00, 0x1E, 0x00, 0x00, 0xCB, 0x08, 0x00, 0x26, 0x00, 0x00, 0x80, 0x03, 0x80, 0x01, 0x00, 0x00,
	0x22, 0x00, 0x00, 0x29, 0x00, 0xF8, 0xFC, 0x14, 0x78, 0x01, 0x00, 0x00, 0x80, 0x00, 0x04, 0x28,
	0x00, 0x00, 0x00, 0x00, 0x00, 0x00, 0x00, 0x00, 0x00, 0x00, 0x00, 0x38, 0x00, 0x00, 0x00, 0x00,
	0x00, 0x00, 0x00, 0x00, 0x00, 0x82, 0x33, 0x06, 0x00, 0x00, 0x00, 0x00, 0xE8, 0x06, 0x00, 0x00,
	0x60, 0x00, 0x00, 0x08, 0x00, 0x00, 0x00, 0x00, 0x00, 0x00, 0x00, 0x00, 0x00, 0x00, 0x00, 0x18,
	0x00, 0x00, 0x00, 0x00, 0x00, 0x00, 0x00, 0x00, 0x00, 0x00, 0x00, 0x16, 0x20, 0x01, 0x00, 0x00,
	0x00, 0x0A, 0x00, 0x10, 0xD3, 0x08, 0x00, 0x26, 0x00, 0x00, 0x80, 0x01, 0x80, 0x01, 0x00, 0x3C,
	0x23, 0x00, 0x00, 0x29, 0x9F, 0xF8, 0xF8, 0x14, 0x00, 0x00, 0x12, 0x7C, 0x80, 0x20, 0x00, 0x28,
	0x00, 0x00, 0x00, 0x00, 0x00, 0x00, 0x00, 0x00, 0x00, 0x00, 0x00, 0x38, 0x00, 0x00, 0x00, 0x00,
	0x00, 0x00, 0x00, 0x00, 0x00, 0x46, 0x33, 0x16, 0x00, 0x00, 0x00, 0x02, 0x00, 0x5A, 0x00, 0x00,
	0xD5, 0x08, 0x00, 0x26, 0x00, 0x00, 0x80, 0x03, 0x80, 0x01, 0x00, 0x14, 0x23, 0x00, 0x00, 0x29,
	0x00, 0x00, 0xF9, 0x20, 0x7C, 0x02, 0x00, 0x14, 0x80, 0x00, 0x04, 0x76, 0x00, 0x00, 0x00, 0x00,
	0x00, 0xE0, 0x01, 0x00, 0x68, 0x01, 0x00, 0x00, 0x00, 0x00, 0x00, 0x00, 0x00, 0x00, 0x00, 0x00,
	0x00, 0x00, 0x00, 0x00, 0x00, 0x14, 0x00, 0x00, 0x00, 0x00, 0x00, 0x00, 0x00, 0x00, 0x00, 0x00,
	0x00, 0x00, 0x00, 0x00, 0x00, 0x00, 0x00, 0x00, 0x00, 0x00, 0x00, 0x00, 0x00, 0x14, 0x00, 0x00,
	0x00, 0x00, 0x00, 0x00, 0x00, 0x00, 0x00, 0x0E, 0x00, 0x90, 0x00, 0x00, 0x00, 0xE0, 0x01, 0x00,
	0x5E, 0x0B, 0x00, 0x3D, 0xFF, 0x02, 0x00, 0x00, 0x00, 0xF8, 0xFF, 0x0F, 0x00, 0x86, 0x00, 0x28,
	0x00, 0x00, 0x00, 0x00, 0x00, 0x00, 0x00, 0x00, 0x00, 0x00, 0x00, 0x38, 0x00, 0x00, 0x00, 0x00,
	0x00, 0x00, 0x00, 0x00, 0x00, 0x06, 0x33, 0x16, 0x20, 0x01, 0x00, 0x00, 0x00, 0x1E, 0x00, 0x10,
	0xEC, 0x08, 0x00, 0x26, 0x00, 0x00, 0x80, 0x01, 0x80, 0x01, 0x00, 0x28, 0x24, 0x00, 0x00, 0x29,
	0x98, 0x0C, 0x11, 0x15, 0x00, 0x00, 0x12, 0x68, 0x80, 0x00, 0x00, 0x40, 0xB2, 0x76, 0x00, 0x00,
	0x00, 0x00, 0x00, 0x00, 0x00, 0x00, 0x00, 0xDC, 0x00, 0x14, 0x01, 0x10, 0x00, 0x0C, 0x00, 0x00,
	0x00, 0xC0, 0x0B, 0x76, 0x00, 0x00, 0x00, 0x00, 0x00, 0x80, 0x02, 0x00, 0xDE, 0x03, 0x00, 0x00,
	0x00, 0x00, 0x00, 0x00, 0x00, 0x00, 0x00, 0x00, 0x00, 0x00, 0x00, 0x00, 0x00, 0x14, 0x00, 0x00,
	0x00, 0x00, 0x00, 0x00, 0x00, 0x00, 0x00, 0x0E, 0x00, 0x90, 0x00, 0x00, 0x00, 0xE0, 0x01, 0x00,
	0xFE, 0x0B, 0x00, 0x3D, 0xFF, 0x02, 0x00, 0x00, 0x00, 0xF8, 0xFF, 0x0F, 0x00, 0x86, 0x00, 0x28,
	0x00, 0x00, 0x00, 0x00, 0x00, 0x00, 0x00, 0x00, 0x00, 0x00, 0x00, 0x38, 0x00, 0x00, 0x00, 0x00,
	0x00, 0x00, 0x00, 0x00, 0x00, 0x06, 0x33, 0x16, 0x00, 0x00, 0x00, 0x00, 0x00, 0x1E, 0x00, 0x00,
	0xEC, 0x08, 0x00, 0x26, 0x00, 0x00, 0x80, 0x01, 0x80, 0x01, 0x00, 0x00, 0x24, 0x00, 0x00, 0x29,
	0x98, 0x0C, 0x11, 0x15, 0x00, 0x00, 0x00, 0x00, 0x80, 0x00, 0x00, 0x40, 0xB2, 0x76, 0x00, 0x00,
	0x00, 0x00, 0x00, 0x00, 0x00, 0x00, 0x00, 0xDC, 0x00, 0x14, 0x01, 0x10, 0x00, 0x0C, 0x00, 0x00,
	0x00, 0xC0, 0x0B, 0x76, 0x00, 0x00, 0x00, 0x00, 0x00, 0x80, 0x02, 0x00, 0x7E, 0x04, 0x00, 0x00,
	0x00, 0x00, 0x00, 0x00, 0x00, 0x00, 0x00, 0x00, 0x00, 0x00, 0x00, 0x00, 0x00, 0x14, 0x00, 0x00,
	0x00, 0x00, 0x00, 0x00, 0x00, 0x00, 0x00, 0x0E, 0x00, 0x90, 0x00, 0x00, 0x00, 0xE0, 0x01, 0x00,
	0x9E, 0x0C, 0x00, 0x3D, 0xFF, 0x02, 0x00, 0x00, 0x00, 0xF8, 0xFF, 0x0F, 0x00, 0x86, 0x00, 0x28,
	0x00, 0x00, 0x00, 0x00, 0x00, 0x00, 0x00, 0x00, 0x00, 0x00, 0x00, 0x38, 0x00, 0x00, 0x00, 0x00,
	0x00, 0x00, 0x00, 0x00, 0x00, 0x06, 0x33, 0x16, 0x20, 0x01, 0x00, 0x00, 0x00, 0x1E, 0x00, 0x10,
	0xEC, 0x08, 0x00, 0x26, 0x00, 0x00, 0x80, 0x01, 0x80, 0x01, 0x00, 0x3C, 0x24, 0x00, 0x00, 0x29,
	0x98, 0x0C, 0x11, 0x15, 0x00, 0x00, 0x12, 0x7C, 0x80, 0x00, 0x00, 0x40, 0xB2, 0x76, 0x00, 0x00,
	0x00, 0x00, 0x00, 0x00, 0x00, 0x00, 0x00, 0xDC, 0x00, 0x14, 0x01, 0x10, 0x00, 0x0C, 0x00, 0x00,
	0x00, 0xC0, 0x0B, 0x76, 0x00, 0x00, 0x00, 0x00, 0x00, 0x80, 0x02, 0x00, 0x1E, 0x05, 0x00, 0x00,
	0x00, 0x00, 0x00, 0x00, 0x00, 0x00, 0x00, 0x00, 0x00, 0x00, 0x00, 0x00, 0x00, 0x14, 0x00, 0x00,
	0x00, 0x00, 0x00, 0x00, 0x00, 0x00, 0x00, 0x00, 0x00, 0x00, 0x00, 0x00, 0x00, 0x00, 0x00, 0x00,
	0x00, 0x00, 0x00, 0x00, 0x00, 0x14, 0x00, 0x00, 0x00, 0x00, 0x00, 0x00, 0x00, 0x00, 0x00, 0x66,
	0x00, 0x00, 0x00, 0x00, 0x00, 0xE0, 0x81, 0x00, 0x00, 0x00, 0x00, 0x3D, 0xBF, 0x03, 0x00, 0x00,
	0x00, 0x00, 0xFF, 0x0F, 0x00, 0x84, 0x00, 0x0D, 0x00, 0x5C, 0x00, 0x00, 0x00, 0x00, 0x00, 0x00,
	0x00, 0x80, 0x00, 0x66, 0x00, 0x00, 0x00, 0x00, 0x00, 0xE0, 0x81, 0x00, 0xDE, 0x03, 0x00, 0x3D,
	0xBF, 0x03, 0x00, 0x00, 0x00, 0x00, 0xFF, 0x0F, 0x00, 0x84, 0x00, 0x55, 0x40, 0x34, 0x00, 0x00,
	0x00, 0x00, 0x02, 0x00, 0x00, 0x8A, 0x00, 0x75, 0x00, 0x34, 0x00, 0x21, 0x00, 0x01, 0x02, 0x00,
	0x00, 0x40, 0x01, 0x55, 0x40, 0x38, 0x00, 0x00, 0x00, 0x00, 0x02, 0x00, 0x00, 0x8B, 0x80, 0x75,
	0xC0, 0x3B, 0x00, 0x00, 0x00, 0x01, 0x02, 0x00, 0x00, 0x40, 0x01, 0x28, 0x00, 0x00, 0x00, 0x00,
	0x00, 0x00, 0x00, 0x00, 0x00, 0x00, 0x00, 0x38, 0x00, 0x00, 0x00, 0x00, 0x00, 0x00, 0x00, 0x00,
	0x00, 0x44, 0x33, 0x16, 0x00, 0x00, 0x00, 0x02, 0x00, 0x20, 0x00, 0x00, 0xF3, 0x08, 0x00, 0x26,
	0x00, 0x00, 0x80, 0x03, 0x00, 0x02, 0x00, 0x14, 0x24, 0x00, 0x00, 0x29, 0x9A, 0x60, 0x64, 0x14,
	0x00, 0x00, 0x00, 0x14, 0x80, 0x20, 0x00, 0x16, 0x20, 0x01, 0x00, 0x02, 0x00, 0x08, 0x00, 0x10,
	0xFB, 0x08, 0x00, 0x26, 0x00, 0x00, 0x80, 0x01, 0x80, 0x00, 0x00, 0x28, 0x25, 0x00, 0x00, 0x29,
	0xB8, 0x68, 0x64, 0x14, 0x00, 0x00, 0x12, 0x68, 0x80, 0x20, 0x00, 0x2E, 0x50, 0x3F, 0x00, 0x00,
	0x00, 0xE0, 0x01, 0x01, 0xBE, 0x05, 0x00, 0x76, 0x10, 0x03, 0x00, 0x00, 0x00, 0x78, 0x40, 0x01,
	0x9E, 0x07, 0x00, 0x00, 0x00, 0x00, 0x00, 0x00, 0x00, 0x00, 0x00, 0x00, 0x00, 0x00, 0x00, 0x00,
	0x00, 0x14, 0x00, 0x00, 0x00, 0x00, 0x00, 0x00, 0x00, 0x00, 0x00, 0x66, 0x00, 0x00, 0x00, 0x00,
	0x00, 0xE0, 0x81, 0x00, 0x78, 0x00, 0x00, 0x3D, 0xBF, 0x03, 0x00, 0x00, 0x00, 0x00, 0xFF, 0x0F,
	0x00, 0x84, 0x00, 0x0D, 0x00, 0x5C, 0x00, 0x00, 0x00, 0x00, 0x00, 0x00, 0x00, 0x80, 0x00, 0x66,
	0x00, 0x00, 0x00, 0x00, 0x00, 0xE0, 0x81, 0x00, 0x56, 0x04, 0x00, 0x3D, 0xBF, 0x03, 0x00, 0x00,
	0x00, 0x00, 0xFF, 0x0F, 0x00, 0x84, 0x00, 0x55, 0x40, 0x34, 0x00, 0x00, 0x00, 0x00, 0x02, 0x00,
	0x00, 0x8A, 0x00, 0x75, 0x00, 0x34, 0x00, 0x21, 0x00, 0x01, 0x02, 0x00, 0x00, 0x40, 0x01, 0x55,
	0x40, 0x38, 0x00, 0x00, 0x00, 0x00, 0x02, 0x00, 0x00, 0x8B, 0x80, 0x75, 0xC0, 0x3B, 0x00, 0x00,
	0x00, 0x01, 0x02, 0x00, 0x00, 0x40, 0x01, 0x28, 0x00, 0x00, 0x00, 0x00, 0x00, 0x00, 0x00, 0x00,
	0x00, 0x00, 0x00, 0x38, 0x00, 0x00, 0x00, 0x00, 0x00, 0x00, 0x00, 0x00, 0x00, 0x44, 0x33, 0x16,
	0x00, 0x00, 0x00, 0x02, 0x00, 0x20, 0x00, 0x00, 0xF3, 0x08, 0x00, 0x26, 0x00, 0x00, 0x80, 0x03,
	0x00, 0x02, 0x00, 0x00, 0x24, 0x00, 0x00, 0x29, 0x9A, 0x60, 0x64, 0x14, 0x00, 0x00, 0x00, 0x00,
	0x80, 0x20, 0x00, 0x16, 0x20, 0x01, 0x00, 0x02, 0x00, 0x08, 0x00, 0x10, 0xFB, 0x08, 0x00, 0x26,
	0x00, 0x00, 0x80, 0x01, 0x80, 0x00, 0x00, 0x3C, 0x25, 0x00, 0x00, 0x29, 0xB8, 0x68, 0x64, 0x14,
	0x00, 0x00, 0x12, 0x7C, 0x80, 0x20, 0x00, 0x2E, 0x50, 0x3F, 0x00, 0x00, 0x00, 0xE0, 0x01, 0x01,
	0x36, 0x06, 0x00, 0x76, 0x10, 0x03, 0x00, 0x00, 0x00, 0x78, 0x40, 0x01, 0xBC, 0x07, 0x00, 0x00,
	0x00, 0x00, 0x00, 0x00, 0x00, 0x00, 0x00, 0x00, 0x00, 0x00, 0x00, 0x00, 0x00, 0x14, 0x00, 0x00,
	0x00, 0x00, 0x00, 0x00, 0x00, 0x00, 0x00, 0x66, 0x00, 0x00, 0x00, 0x00, 0x00, 0xE0, 0x81, 0x00,
	0xF0, 0x00, 0x00, 0x3D, 0xBF, 0x03, 0x00, 0x00, 0x00, 0x00, 0xFF, 0x0F, 0x00, 0x84, 0x00, 0x0D,
	0x00, 0x5C, 0x00, 0x00, 0x00, 0x00, 0x00, 0x00, 0x00, 0x80, 0x00, 0x66, 0x00, 0x00, 0x00, 0x00,
	0x00, 0xE0, 0x81, 0x00, 0xCE, 0x04, 0x00, 0x3D, 0xBF, 0x03, 0x00, 0x00, 0x00, 0x00, 0xFF, 0x0F,
	0x00, 0x84, 0x00, 0x55, 0x40, 0x34, 0x00, 0x00, 0x00, 0x00, 0x02, 0x00, 0x00, 0x8A, 0x00, 0x75,
	0x00, 0x34, 0x00, 0x21, 0x00, 0x01, 0x02, 0x00, 0x00, 0x40, 0x01, 0x55, 0x40, 0x38, 0x00, 0x00,
	0x00, 0x00, 0x02, 0x00, 0x00, 0x8B, 0x80, 0x75, 0xC0, 0x3B, 0x00, 0x00, 0x00, 0x01, 0x02, 0x00,
	0x00, 0x40, 0x01, 0x28, 0x00, 0x00, 0x00, 0x00, 0x00, 0x00, 0x00, 0x00, 0x00, 0x00, 0x00, 0x38,
	0x00, 0x00, 0x00, 0x00, 0x00, 0x00, 0x00, 0x00, 0x00, 0x44, 0x33, 0x16, 0x00, 0x00, 0x00, 0x02,
	0x00, 0x20, 0x00, 0x00, 0xF3, 0x08, 0x00, 0x26, 0x00, 0x00, 0x80, 0x03, 0x00, 0x02, 0x00, 0x14,
	0x24, 0x00, 0x00, 0x29, 0x9A, 0x60, 0x64, 0x14, 0x00, 0x00, 0x00, 0x14, 0x80, 0x20, 0x00, 0x16,
	0x20, 0x01, 0x00, 0x02, 0x00, 0x08, 0x00, 0x10, 0xFB, 0x08, 0x00, 0x26, 0x00, 0x00, 0x80, 0x01,
	0x80, 0x00, 0x00, 0x28, 0x25, 0x00, 0x00, 0x29, 0xB8, 0x68, 0x64, 0x14, 0x00, 0x00, 0x12, 0x68,
	0x80, 0x20, 0x00, 0x2E, 0x50, 0x3F, 0x00, 0x00, 0x00, 0xE0, 0x01, 0x01, 0xAE, 0x06, 0x00, 0x76,
	0x10, 0x03, 0x00, 0x00, 0x00, 0x78, 0x40, 0x01, 0xDA, 0x07, 0x00, 0x00, 0x00, 0x00, 0x00, 0x00,
	0x00, 0x00, 0x00, 0x00, 0x00, 0x00, 0x00, 0x00, 0x00, 0x14, 0x00, 0x00, 0x00, 0x00, 0x00, 0x00,
	0x00, 0x00, 0x00, 0x66, 0x00, 0x00, 0x00, 0x00, 0x00, 0xE0, 0x81, 0x00, 0x68, 0x01, 0x00, 0x3D,
	0xBF, 0x03, 0x00, 0x00, 0x00, 0x00, 0xFF, 0x0F, 0x00, 0x84, 0x00, 0x0D, 0x00, 0x5C, 0x00, 0x00,
	0x00, 0x00, 0x00, 0x00, 0x00, 0x80, 0x00, 0x66, 0x00, 0x00, 0x00, 0x00, 0x00, 0xE0, 0x81, 0x00,
	0x46, 0x05, 0x00, 0x3D, 0xBF, 0x03, 0x00, 0x00, 0x00, 0x00, 0xFF, 0x0F, 0x00, 0x84, 0x00, 0x55,
	0x40, 0x34, 0x00, 0x00, 0x00, 0x00, 0x02, 0x00, 0x00, 0x8A, 0x00, 0x75, 0x00, 0x34, 0x00, 0x21,
	0x00, 0x01, 0x02, 0x00, 0x00, 0x40, 0x01, 0x55, 0x40, 0x38, 0x00, 0x00, 0x00, 0x00, 0x02, 0x00,
	0x00, 0x8B, 0x80, 0x75, 0xC0, 0x3B, 0x00, 0x00, 0x00, 0x01, 0x02, 0x00, 0x00, 0x40, 0x01, 0x28,
	0x00, 0x00, 0x00, 0x00, 0x00, 0x00, 0x00, 0x00, 0x00, 0x00, 0x00, 0x38, 0x00, 0x00, 0x00, 0x00,
	0x00, 0x00, 0x00, 0x00, 0x00, 0x44, 0x33, 0x16, 0x00, 0x00, 0x00, 0x02, 0x00, 0x20, 0x00, 0x00,
	0xF3, 0x08, 0x00, 0x26, 0x00, 0x00, 0x80, 0x03, 0x00, 0x02, 0x00, 0x00, 0x24, 0x00, 0x00, 0x29,
	0x9A, 0x60, 0x64, 0x14, 0x00, 0x00, 0x00, 0x00, 0x80, 0x20, 0x00, 0x16, 0x20, 0x01, 0x00, 0x02,
	0x00, 0x08, 0x00, 0x10, 0xFB, 0x08, 0x00, 0x26, 0x00, 0x00, 0x80, 0x01, 0x80, 0x00, 0x00, 0x3C,
	0x25, 0x00, 0x00, 0x29, 0xB8, 0x68, 0x64, 0x14, 0x00, 0x00, 0x12, 0x7C, 0x80, 0x20, 0x00, 0x2E,
	0x50, 0x3F, 0x00, 0x00, 0x00, 0xE0, 0x01, 0x01, 0x26, 0x07, 0x00, 0x76, 0x10, 0x03, 0x00, 0x00,
	0x00, 0x78, 0x40, 0x01, 0xF8, 0x07, 0x00, 0x00, 0x00, 0x00, 0x00, 0x00, 0x00, 0x00, 0x00, 0x00,
	0x00, 0x00, 0x00, 0x00, 0x00, 0x14, 0x00, 0x00, 0x00, 0x00, 0x00, 0x00, 0x00, 0x00, 0x00, 0x00,
	0x00, 0x00, 0x00, 0x00, 0x00, 0x00, 0x00, 0x00, 0x00, 0x00, 0x00, 0x00, 0x00, 0x14, 0x00, 0x00,
	0x00, 0x00, 0x00, 0x00, 0x00, 0x00, 0x00, 0x0E, 0xA0, 0x32, 0x00, 0x00, 0x00, 0xE0, 0xC1, 0x00,
	0xBE, 0x05, 0x00, 0x66, 0x20, 0x02, 0x00, 0x00, 0x00, 0xF0, 0x40, 0x01, 0x9E, 0x07, 0x00, 0x28,
	0x00, 0x00, 0x00, 0x00, 0x00, 0x00, 0x00, 0x00, 0x00, 0x00, 0x00, 0x38, 0x00, 0x00, 0x00, 0x00,
	0x00, 0x00, 0x00, 0x00, 0x00, 0x06, 0x33, 0x16, 0x00, 0x00, 0x00, 0x02, 0x00, 0x20, 0x01, 0x00,
	0xFD, 0x08, 0x00, 0x26, 0x00, 0x00, 0x00, 0x02, 0x00, 0x02, 0x00, 0x14, 0x25, 0x00, 0x00, 0x29,
	0x00, 0x6C, 0x50, 0x04, 0xD4, 0x01, 0x00, 0x14, 0x80, 0x00, 0x00, 0x16, 0x20, 0x01, 0x00, 0x02,
	0x00, 0x48, 0x00, 0x10, 0x45, 0x09, 0x00, 0x26, 0x00, 0x00, 0x00, 0x00, 0x80, 0x00, 0x00, 0x28,
	0x26, 0x00, 0x00, 0x29, 0x0F, 0xD4, 0x50, 0x04, 0xD4, 0x01, 0x12, 0x68, 0x80, 0x00, 0x00, 0x0D,
	0x40, 0x6C, 0x00, 0x00, 0x00, 0x00, 0x00, 0x00, 0x00, 0x0A, 0x00, 0x28, 0x00, 0x00, 0x00, 0x00,
	0x00, 0x00, 0x00, 0x00, 0x00, 0x00, 0x00, 0x38, 0x00, 0x00, 0x00, 0x00, 0x00, 0x00, 0x00, 0x00,
	0x00, 0x00, 0x00, 0x16, 0x00, 0x00, 0x00, 0x02, 0x00, 0x02, 0x00, 0x00, 0x9E, 0x02, 0x00, 0x26,
	0x00, 0x00, 0x80, 0x02, 0x80, 0x00, 0x00, 0x00, 0x0C, 0x00, 0x00, 0x31, 0xB1, 0xD8, 0xD4, 0x14,
	0x3C, 0x00, 0x00, 0x00, 0x80, 0x00, 0x00, 0x2E, 0x40, 0x40, 0x00, 0x00, 0x00, 0x78, 0x40, 0x01,
	0x00, 0x00, 0x00, 0x00, 0x00, 0x00, 0x00, 0x00, 0x00, 0x00, 0x00, 0x00, 0x00, 0x00, 0x00, 0x00,
	0x00, 0x14, 0x00, 0x00, 0x00, 0x00, 0x00, 0x00, 0x00, 0x00, 0x00, 0x0E, 0x3C, 0x46, 0x00, 0x00,
	0x00, 0xE0, 0xC1, 0x00, 0xA4, 0x06, 0x00, 0x66, 0x0C, 0x02, 0x00, 0x02, 0x00, 0xFA, 0x40, 0x01,
	0xD7, 0x07, 0x00, 0x28, 0x00, 0x00, 0x00, 0x00, 0x00, 0x00, 0x00, 0x00, 0x00, 0x00, 0x00, 0x38,
	0x00, 0x00, 0x00, 0x00, 0x00, 0x00, 0x00, 0x00, 0x00, 0x06, 0x33, 0x16, 0x20, 0x01, 0x00, 0x02,
	0x00, 0x20, 0x01, 0x10, 0xFD, 0x08, 0x00, 0x26, 0x00, 0x00, 0x00, 0x02, 0x00, 0x02, 0x00, 0x3C,
	0x25, 0x00, 0x00, 0x29, 0x00, 0x6C, 0x74, 0x0C, 0xC4, 0x01, 0x12, 0x7C, 0x80, 0x00, 0x07, 0x16,
	0x00, 0x00, 0x00, 0x02, 0x00, 0x48, 0x00, 0x00, 0x45, 0x09, 0x00, 0x26, 0x00, 0x00, 0x00, 0x00,
	0x80, 0x00, 0x00, 0x14, 0x26, 0x00, 0x00, 0x29, 0x0F, 0xD4, 0x74, 0x0C, 0xC4, 0x01, 0x00, 0x14,
	0x80, 0x00, 0x07, 0x0D, 0x40, 0x6C, 0x00, 0x00, 0x00, 0x00, 0x00, 0x00, 0x00, 0x0A, 0x00, 0x28,
	0x00, 0x00, 0x00, 0x00, 0x00, 0x00, 0x00, 0x00, 0x00, 0x00, 0x00, 0x38, 0x00, 0x00, 0x00, 0x00,
	0x00, 0x00, 0x00, 0x00, 0x00, 0x00, 0x00, 0x16, 0x20, 0x01, 0x00, 0x02, 0x00, 0x02, 0x00, 0x10,
	0x9E, 0x02, 0x00, 0x26, 0x00, 0x00, 0x80, 0x02, 0x80, 0x00, 0x00, 0x28, 0x0C, 0x00, 0x00, 0x31,
	0xB1, 0xD8, 0xD4, 0x14, 0x3C, 0x00, 0x12, 0x68, 0x80, 0x00, 0x00, 0x2E, 0x40, 0x40, 0x00, 0x00,
	0x00, 0x78, 0x40, 0x01, 0x3C, 0x00, 0x00, 0x00, 0x00, 0x00, 0x00, 0x00, 0x00, 0x00, 0x00, 0x00,
	0x00, 0x00, 0x00, 0x00, 0x00, 0x14, 0x00, 0x00, 0x00, 0x00, 0x00, 0x00, 0x00, 0x00, 0x00, 0x66,
	0x80, 0x00, 0x00, 0x00, 0x00, 0xC0, 0x43, 0x00, 0x00, 0x00, 0x00, 0x3D, 0xFF, 0x03, 0x00, 0xFC,
	0x03, 0xF1, 0xFF, 0x0F, 0x00, 0x84, 0x00, 0x0D, 0xC0, 0x8C, 0x00, 0x00, 0x00, 0x02, 0x00, 0x00,
	0x00, 0x46, 0x00, 0x66, 0x80, 0x00, 0x00, 0x00, 0x00, 0xC0, 0x43, 0x00, 0x58, 0x02, 0x00, 0x3D,
	0xFF, 0x03, 0x00, 0xFC, 0x03, 0xF1, 0xFF, 0x0F, 0x00, 0x84, 0x00, 0x55, 0x00, 0x4C, 0x00, 0x00,
	0x00, 0x02, 0x02, 0x00, 0x00, 0x40, 0x00, 0x75, 0x80, 0x4C, 0x00, 0x02, 0x00, 0x00, 0x02, 0x00,
	0x00, 0x08, 0x00, 0x55, 0x00, 0x50, 0x00, 0x00, 0x02, 0x02, 0x02, 0x00, 0x00, 0x40, 0x80, 0x75,
	0x40, 0x50, 0x00, 0x00, 0x00, 0x00, 0x02, 0x00, 0x00, 0x0A, 0x00, 0x55, 0x00, 0x4C, 0x00, 0x00,
	0x00, 0x01, 0x02, 0x00, 0x00, 0x80, 0x00, 0x75, 0x40, 0x4C, 0x00, 0x02, 0x00, 0x00, 0x02, 0x00,
	0x00, 0x0A, 0x00, 0x76, 0xC0, 0x00, 0x00, 0x00, 0x00, 0xA0, 0xC5, 0x00, 0x00, 0x00, 0x00, 0x28,
	0x00, 0x00, 0x00, 0x00, 0x00, 0x00, 0x00, 0x00, 0x00, 0x00, 0x00, 0x38, 0x00, 0x00, 0x00, 0x00,
	0x00, 0x00, 0x00, 0x00, 0x00, 0x84, 0x33, 0x16, 0x00, 0x00, 0x00, 0x02, 0x00, 0x30, 0x00, 0x00,
	0x57, 0x09, 0x00, 0x26, 0x00, 0x00, 0x80, 0x00, 0x00, 0x02, 0x00, 0x00, 0x26, 0x00, 0x00, 0x29,
	0x00, 0x78, 0x90, 0x14, 0x98, 0x01, 0x00, 0x00, 0x80, 0x00, 0x00, 0x16, 0x20, 0x01, 0x00, 0x02,
	0x00, 0x0C, 0x00, 0x10, 0x63, 0x09, 0x00, 0x26, 0x00, 0x00, 0x80, 0x02, 0x80, 0x00, 0x00, 0x3C,
	0x26, 0x00, 0x00, 0x29, 0x1E, 0x80, 0x90, 0x14, 0x98, 0x01, 0x12, 0x7C, 0x80, 0x00, 0x00, 0x28,
	0x00, 0x00, 0x00, 0x00, 0x00, 0x00, 0x00, 0x00, 0x00, 0x00, 0x00, 0x38, 0x00, 0x00, 0x00, 0x00,
	0x00, 0x00, 0x00, 0x00, 0x00, 0x44, 0x33, 0x16, 0x00, 0x00, 0x00, 0x02, 0x00, 0x20, 0x00, 0x00,
	0x66, 0x09, 0x00, 0x26, 0x00, 0x00, 0x00, 0x03, 0x00, 0x02, 0x00, 0x14, 0x26, 0x00, 0x00, 0x29,
	0x9A, 0x78, 0x84, 0x14, 0x00, 0x00, 0x00, 0x14, 0x80, 0x20, 0x00, 0x16, 0x20, 0x01, 0x00, 0x02,
	0x00, 0x08, 0x00, 0x10, 0x6E, 0x09, 0x00, 0x26, 0x00, 0x00, 0x00, 0x01, 0x80, 0x00, 0x00, 0x28,
	0x27, 0x00, 0x00, 0x29, 0xB8, 0x80, 0x84, 0x14, 0x00, 0x00, 0x12, 0x68, 0x80, 0x20, 0x00, 0x28,
	0x00, 0x00, 0x00, 0x00, 0x00, 0x00, 0x00, 0x00, 0x00, 0x00, 0x00, 0x38, 0x00, 0x00, 0x00, 0x00,
	0x00, 0x00, 0x00, 0x00, 0x00, 0x46, 0x33, 0x16, 0x00, 0x00, 0x00, 0x02, 0x00, 0x20, 0x01, 0x00,
	0x70, 0x09, 0x00, 0x26, 0x00, 0x00, 0x80, 0x01, 0x00, 0x02, 0x00, 0x00, 0x27, 0x00, 0x00, 0x29,
	0x00, 0x78, 0x84, 0x48, 0x68, 0x02, 0x00, 0x00, 0x80, 0x00, 0x04, 0x16, 0x20, 0x01, 0x00, 0x02,
	0x00, 0x48, 0x00, 0x10, 0xB8, 0x09, 0x00, 0x26, 0x00, 0x00, 0x80, 0x03, 0x80, 0x00, 0x00, 0x3C,
	0x27, 0x00, 0x00, 0x29, 0x1E, 0x80, 0x84, 0x48, 0x68, 0x02, 0x12, 0x7C, 0x80, 0x00, 0x04, 0x40,
	0xAB, 0x4A, 0x00, 0x00, 0x00, 0x00, 0x00, 0x00, 0x00, 0x00, 0x00, 0xDC, 0x50, 0x87, 0x00, 0x01,
	0x00, 0x00, 0x00, 0x00, 0x00, 0x80, 0x0B, 0x0D, 0x00, 0x78, 0x00, 0x00, 0x40, 0x0D, 0x00, 0x00,
	0x00, 0x00, 0x01, 0x28, 0x00, 0x00, 0x00, 0x00, 0x00, 0x00, 0x00, 0x00, 0x00, 0x00, 0x00, 0x38,
	0x00, 0x00, 0x00, 0x00, 0x00, 0x00, 0x00, 0x00, 0x00, 0x00, 0x00, 0x16, 0x00, 0x00, 0x00, 0x02,
	0x00, 0x02, 0x00, 0x00, 0x9E, 0x02, 0x00, 0x26, 0x00, 0x00, 0x80, 0x02, 0x80, 0x00, 0x00, 0x14,
	0x0C, 0x00, 0x00, 0x31, 0x1E, 0x88, 0x80, 0x14, 0xE0, 0x02, 0x00, 0x14, 0x80, 0x00, 0x04, 0x76,
	0x00, 0x00, 0x00, 0x00, 0x00, 0xC0, 0x03, 0x00, 0x68, 0x01, 0x00, 0x66, 0x00, 0x00, 0x00, 0x00,
	0x00, 0xA0, 0x05, 0x00, 0x00, 0x00, 0x00, 0x3D, 0x3F, 0x03, 0x00, 0x00, 0x00, 0xFE, 0xFF, 0x0F,
	0x00, 0x44, 0x00, 0x28, 0x00, 0x00, 0x00, 0x00, 0x00, 0x00, 0x00, 0x00, 0x00, 0x00, 0x00, 0x38,
	0x00, 0x00, 0x00, 0x00, 0x00, 0x00, 0x00, 0x00, 0x00, 0x44, 0x33, 0x16, 0x20, 0x01, 0x00, 0x02,
	0x00, 0x30, 0x00, 0x10, 0xCA, 0x09, 0x00, 0x26, 0x00, 0x00, 0x00, 0x00, 0x00, 0x02, 0x00, 0x28,
	0x28, 0x00, 0x00, 0x29, 0x9A, 0x78, 0x90, 0x14, 0x00, 0x00, 0x12, 0x68, 0x80, 0x20, 0x00, 0x16,
	0x00, 0x00, 0x00, 0x02, 0x00, 0x0C, 0x00, 0x00, 0xD6, 0x09, 0x00, 0x26, 0x00, 0x00, 0x00, 0x02,
	0x80, 0x00, 0x00, 0x00, 0x28, 0x00, 0x00, 0x29, 0xB8, 0x80, 0x90, 0x14, 0x00, 0x00, 0x00, 0x00,
	0x80, 0x20, 0x00, 0x40, 0xA1, 0x76, 0x00, 0x00, 0x00, 0x00, 0x00, 0x00, 0x00, 0x00, 0x00, 0xDC,
	0x00, 0x84, 0x00, 0x10, 0x40, 0x0D, 0x00, 0x00, 0x00, 0xC0, 0x0B, 0x0D, 0x80, 0x78, 0x00, 0x00,
	0x00, 0x00, 0x00, 0x00, 0x00, 0x08, 0x00, 0x28, 0x00, 0x00, 0x00, 0x00, 0x00, 0x00, 0x00, 0x00,
	0x00, 0x00, 0x00, 0x38, 0x00, 0x00, 0x00, 0x00, 0x00, 0x00, 0x00, 0x00, 0x00, 0x00, 0x00, 0x16,
	0x20, 0x01, 0x00, 0x02, 0x00, 0x02, 0x00, 0x10, 0x9E, 0x02, 0x00, 0x26, 0x00, 0x00, 0x80, 0x02,
	0x80, 0x00, 0x00, 0x3C, 0x0C, 0x00, 0x00, 0x31, 0xA2, 0x88, 0x80, 0x14, 0x78, 0x00, 0x12, 0x7C,
	0x80, 0x00, 0x00, 0x76, 0x80, 0x00, 0x00, 0x00, 0x00, 0xC0, 0x03, 0x01, 0x00, 0x00, 0x00, 0x66,
	0x00, 0x00, 0x00, 0x00, 0x00, 0xC0, 0xC3, 0x00, 0x68, 0x01, 0x00, 0x3D, 0x7F, 0x03, 0x00, 0xFC,
	0x03, 0xFF, 0xFF, 0x0F, 0x00, 0xC8, 0x00, 0x0D, 0x00, 0x8C, 0x00, 0x00, 0x00, 0x00, 0x00, 0x00,
	0x00, 0xC0, 0x00, 0x66, 0x00, 0x00, 0x00, 0x00, 0x00, 0xC0, 0xC3, 0x00, 0x00, 0x00, 0x00, 0x3D,
	0x7F, 0x03, 0x00, 0xFC, 0x03, 0xFF, 0xFF, 0x0F, 0x00, 0xC8, 0x00, 0x55, 0x40, 0x4C, 0x00, 0x00,
	0x00, 0x00, 0x02, 0x00, 0x00, 0xCA, 0x00, 0x75, 0xC0, 0x4F, 0x00, 0x02, 0x00, 0x01, 0x02, 0x00,
	0x00, 0x40, 0x01, 0x55, 0x40, 0x50, 0x00, 0x00, 0x02, 0x00, 0x02, 0x00, 0x00, 0xCA, 0x80, 0x75,
	0x80, 0x53, 0x00, 0x00, 0x00, 0x01, 0x02, 0x00, 0x00, 0x42, 0x01, 0x55, 0x40, 0x4C, 0x00, 0x00,
	0x00, 0x0F, 0x02, 0x00, 0x00, 0xCA, 0x00, 0x75, 0x80, 0x4F, 0x00, 0x02, 0x00, 0x01, 0x02, 0x00,
	0x00, 0x42, 0x01, 0x28, 0x00, 0x00, 0x00, 0x00, 0x00, 0x00, 0x00, 0x00, 0x00, 0x00, 0x00, 0x38,
	0x00, 0x00, 0x00, 0x00, 0x00, 0x00, 0x00, 0x00, 0x00, 0x44, 0x33, 0x16, 0x00, 0x00, 0x00, 0x02,
	0x00, 0x30, 0x00, 0x00, 0xD9, 0x09, 0x00, 0x26, 0x00, 0x00, 0x80, 0x02, 0x00, 0x02, 0x00, 0x14,
	0x28, 0x00, 0x00, 0x29, 0x75, 0x78, 0x90, 0x14, 0x00, 0x00, 0x00, 0x14, 0x80, 0x00, 0x00, 0x16,
	0x20, 0x01, 0x00, 0x02, 0x00, 0x30, 0x00, 0x10, 0xE5, 0x09, 0x00, 0x26, 0x00, 0x00, 0x80, 0x00,
	0x00, 0x02, 0x00, 0x28, 0x29, 0x00, 0x00, 0x29, 0x93, 0x78, 0x90, 0x14, 0x00, 0x00, 0x12, 0x68,
	0x80, 0x00, 0x00, 0x16, 0x00, 0x00, 0x00, 0x02, 0x00, 0x18, 0x00, 0x00, 0xF1, 0x09, 0x00, 0x26,
	0x00, 0x00, 0x80, 0x02, 0x00, 0x01, 0x00, 0x00, 0x29, 0x00, 0x00, 0x29, 0xB1, 0x94, 0x90, 0x14,
	0x00, 0x00, 0x00, 0x00, 0x80, 0x00, 0x00, 0x76, 0xA0, 0x02, 0x00, 0x00, 0x00, 0xB0, 0xC4, 0x00,
	0x00, 0x00, 0x00, 0x28, 0x00, 0x00, 0x00, 0x00, 0x00, 0x00, 0x00, 0x00, 0x00, 0x00, 0x00, 0x38,
	0x00, 0x00, 0x00, 0x00, 0x00, 0x00, 0x00, 0x00, 0x00, 0x48, 0x33, 0x16, 0x20, 0x01, 0x00, 0x02,
	0x00, 0xB0, 0x01, 0x10, 0xF7, 0x09, 0x00, 0x26, 0x00, 0x00, 0x80, 0x03, 0x00, 0x02, 0x00, 0x3C,
	0x29, 0x00, 0x00, 0x29, 0x00, 0x98, 0x7C, 0x04, 0xD4, 0x01, 0x12, 0x7C, 0x80, 0x00, 0x00, 0x16,
	0x00, 0x00, 0x00, 0x02, 0x00, 0xB0, 0x01, 0x00, 0x63, 0x0A, 0x00, 0x26, 0x00, 0x00, 0x80, 0x01,
	0x00, 0x02, 0x00, 0x14, 0x2A, 0x00, 0x00, 0x29, 0x07, 0x98, 0x7C, 0x04, 0xD4, 0x01, 0x00, 0x14,
	0x80, 0x20, 0x00, 0x16, 0x20, 0x01, 0x00, 0x02, 0x00, 0xD8, 0x00, 0x10, 0xCF, 0x0A, 0x00, 0x26,
	0x00, 0x00, 0x80, 0x03, 0x00, 0x01, 0x00, 0x28, 0x2A, 0x00, 0x00, 0x29, 0x0F, 0xA0, 0x7C, 0x04,
	0xD4, 0x01, 0x12, 0x68, 0x80, 0x00, 0x00, 0x40, 0x92, 0x44, 0x00, 0x00, 0x00, 0x00, 0x00, 0x00,
	0x00, 0x00, 0x00, 0xDC, 0xA8, 0xA5, 0x40, 0x01, 0x00, 0x00, 0x00, 0x00, 0x00, 0x80, 0x0B, 0x0D,
	0x00, 0xA8, 0x00, 0x00, 0xA0, 0x06, 0x00, 0x00, 0x00, 0x40, 0x01, 0x28, 0x00, 0x00, 0x00, 0x00,
	0x00, 0x00, 0x00, 0x00, 0x00, 0x00, 0x00, 0x38, 0x00, 0x00, 0x00, 0x00, 0x00, 0x00, 0x00, 0x00,
	0x00, 0x00, 0x00, 0x16, 0x00, 0x00, 0x00, 0x00, 0x00, 0x02, 0x00, 0x00, 0x46, 0x06, 0x00, 0x26,
	0x00, 0x00, 0x00, 0x01, 0x00, 0x01, 0x00, 0x00, 0x15, 0x00, 0x00, 0x31, 0x0F, 0xAC, 0xA0, 0x14,
	0xF0, 0x02, 0x00, 0x00, 0x80, 0x00, 0x02, 0x0D, 0x50, 0xB3, 0x00, 0x00, 0x00, 0x00, 0x00, 0x00,
	0x00, 0x08, 0x00, 0x66, 0x30, 0x01, 0x00, 0x00, 0x00, 0x68, 0x01, 0x00, 0x84, 0x03, 0x00, 0x3D,
	0xFF, 0x03, 0x00, 0x00, 0x40, 0xFC, 0xFF, 0x0F, 0x00, 0x00, 0x00, 0x55, 0x00, 0x54, 0x00, 0x00,
	0xC0, 0x04, 0x02, 0x00, 0x00, 0x02, 0x00, 0x75, 0x30, 0x55, 0x00, 0x20, 0x00, 0x00, 0x02, 0x00,
	0x00, 0x4A, 0x00, 0x55, 0x00, 0x54, 0x00, 0x00, 0xC2, 0x04, 0x02, 0x00, 0x00, 0x02, 0x00, 0x75,
	0x20, 0x56, 0x00, 0x00, 0x00, 0x00, 0x02, 0x00, 0x00, 0x4A, 0x00, 0x55, 0x00, 0x54, 0x00, 0x00,
	0x80, 0x08, 0x02, 0x00, 0x00, 0x02, 0x00, 0x75, 0x20, 0x56, 0x00, 0x20, 0x00, 0x00, 0x02, 0x00,
	0x00, 0x4A, 0x00, 0x55, 0x00, 0x54, 0x00, 0x00, 0x82, 0x08, 0x02, 0x00, 0x00, 0x02, 0x00, 0x75,
	0x10, 0x57, 0x00, 0x00, 0x00, 0x00, 0x02, 0x00, 0x00, 0x4A, 0x00, 0x55, 0x00, 0x54, 0x00, 0x00,
	0x40, 0x0C, 0x02, 0x00, 0x00, 0x02, 0x00, 0x75, 0x10, 0x57, 0x00, 0x20, 0x00, 0x00, 0x02, 0x00,
	0x00, 0x4A, 0x00, 0x28, 0x00, 0x00, 0x00, 0x00, 0x00, 0x00, 0x00, 0x00, 0x00, 0x00, 0x00, 0x38,
	0x00, 0x00, 0x00, 0x00, 0x00, 0x00, 0x00, 0x00, 0x00, 0x84, 0x33, 0x16, 0x20, 0x01, 0x00, 0x02,
	0x00, 0x50, 0x00, 0x10, 0x05, 0x0B, 0x00, 0x26, 0x00, 0x00, 0x80, 0x00, 0x00, 0x02, 0x00, 0x3C,
	0x2B, 0x00, 0x00, 0x29, 0x00, 0x98, 0x9C, 0x14, 0x68, 0x02, 0x12, 0x7C, 0x80, 0x00, 0x04, 0x16,
	0x00, 0x00, 0x00, 0x02, 0x00, 0x50, 0x00, 0x00, 0x19, 0x0B, 0x00, 0x26, 0x00, 0x00, 0x80, 0x02,
	0x00, 0x02, 0x00, 0x14, 0x2B, 0x00, 0x00, 0x29, 0x07, 0x98, 0x9C, 0x14, 0x68, 0x02, 0x00, 0x14,
	0x80, 0x20, 0x04, 0x16, 0x20, 0x01, 0x00, 0x02, 0x00, 0x28, 0x00, 0x10, 0x2D, 0x0B, 0x00, 0x26,
	0x00, 0x00, 0x80, 0x00, 0x00, 0x01, 0x00, 0x28, 0x2C, 0x00, 0x00, 0x29, 0x0F, 0xA0, 0x9C, 0x14,
	0x68, 0x02, 0x12, 0x68, 0x80, 0x00, 0x04, 0x28, 0x00, 0x00, 0x00, 0x00, 0x00, 0x00, 0x00, 0x00,
	0x00, 0x00, 0x00, 0x38, 0x00, 0x00, 0x00, 0x00, 0x00, 0x00, 0x00, 0x00, 0x00, 0x44, 0x33, 0x16,
	0x00, 0x00, 0x00, 0x02, 0x00, 0x30, 0x00, 0x00, 0x37, 0x0B, 0x00, 0x26, 0x00, 0x00, 0x80, 0x01,
	0x00, 0x02, 0x00, 0x00, 0x2C, 0x00, 0x00, 0x29, 0x87, 0x98, 0xA4, 0x14, 0x00, 0x00, 0x00, 0x00,
	0x80, 0x30, 0x00, 0x16, 0x20, 0x01, 0x00, 0x02, 0x00, 0x30, 0x00, 0x10, 0x43, 0x0B, 0x00, 0x26,
	0x00, 0x00, 0x80, 0x03, 0x00, 0x02, 0x00, 0x3C, 0x2C, 0x00, 0x00, 0x29, 0x8F, 0x98, 0xA4, 0x14,
	0x00, 0x00, 0x12, 0x7C, 0x80, 0x10, 0x00, 0x16, 0x00, 0x00, 0x00, 0x02, 0x00, 0x18, 0x00, 0x00,
	0x4F, 0x0B, 0x00, 0x26, 0x00, 0x00, 0x80, 0x01, 0x00, 0x01, 0x00, 0x14, 0x2D, 0x00, 0x00, 0x29,
	0x96, 0xA0, 0xA4, 0x14, 0x00, 0x00, 0x00, 0x14, 0x80, 0x30, 0x00, 0x28, 0x00, 0x00, 0x00, 0x00,
	0x00, 0x00, 0x00, 0x00, 0x00, 0x00, 0x00, 0x38, 0x00, 0x00, 0x00, 0x00, 0x00, 0x00, 0x00, 0x00,
	0x00, 0x08, 0x33, 0x16, 0x20, 0x01, 0x00, 0x02, 0x00, 0xB0, 0x01, 0x10, 0x55, 0x0B, 0x00, 0x26,
	0x00, 0x00, 0x80, 0x02, 0x00, 0x02, 0x00, 0x28, 0x2D, 0x00, 0x00, 0x29, 0x00, 0x98, 0xA4, 0x48,
	0x1C, 0x02, 0x12, 0x68, 0x80, 0x00, 0x06, 0x16, 0x00, 0x00, 0x00, 0x02, 0x00, 0xB0, 0x01, 0x00,
	0xC1, 0x0B, 0x00, 0x26, 0x00, 0x00, 0x80, 0x00, 0x00, 0x02, 0x00, 0x00, 0x2E, 0x00, 0x00, 0x29,
	0x07, 0x98, 0xA4, 0x48, 0x1C, 0x02, 0x00, 0x00, 0x80, 0x20, 0x06, 0x16, 0x20, 0x01, 0x00, 0x02,
	0x00, 0xD8, 0x00, 0x10, 0x2D, 0x0C, 0x00, 0x26, 0x00, 0x00, 0x80, 0x02, 0x00, 0x01, 0x00, 0x3C,
	0x2E, 0x00, 0x00, 0x29, 0x0F, 0xA0, 0xA4, 0x48, 0x1C, 0x02, 0x12, 0x7C, 0x80, 0x00, 0x06, 0x40,
	0xD9, 0x49, 0x00, 0x00, 0x00, 0x00, 0x00, 0x00, 0x00, 0x00, 0x00, 0xDC, 0xF8, 0xA4, 0x00, 0x01,
	0x00, 0x00, 0x00, 0x00, 0x00, 0x80, 0x0B, 0x0D, 0x00, 0xA8, 0x00, 0x00, 0xE0, 0x03, 0x00, 0x00,
	0x00, 0x00, 0x01, 0x28, 0x00, 0x00, 0x00, 0x00, 0x00, 0x00, 0x00, 0x00, 0x00, 0x00, 0x00, 0x38,
	0x00, 0x00, 0x00, 0x00, 0x00, 0x00, 0x00, 0x00, 0x00, 0x00, 0x00, 0x16, 0x00, 0x00, 0x00, 0x00,
	0x00, 0x02, 0x00, 0x00, 0x46, 0x06, 0x00, 0x26, 0x00, 0x00, 0x00, 0x01, 0x00, 0x01, 0x00, 0x14,
	0x15, 0x00, 0x00, 0x31, 0x0F, 0xAC, 0xA0, 0x14, 0x58, 0x02, 0x00, 0x14, 0x80, 0x00, 0x06, 0x28,
	0x00, 0x00, 0x00, 0x00, 0x00, 0x00, 0x00, 0x00, 0x00, 0x00, 0x00, 0x38, 0x00, 0x00, 0x00, 0x00,
	0x00, 0x00, 0x00, 0x00, 0x00, 0x44, 0x33, 0x16, 0x20, 0x01, 0x00, 0x02, 0x00, 0x50, 0x00, 0x10,
	0x63, 0x0C, 0x00, 0x26, 0x00, 0x00, 0x80, 0x03, 0x00, 0x02, 0x00, 0x28, 0x2E, 0x00, 0x00, 0x29,
	0x16, 0x98, 0x9C, 0x14, 0x68, 0x02, 0x12, 0x68, 0x80, 0x20, 0x04, 0x16, 0x00, 0x00, 0x00, 0x02,
	0x00, 0x50, 0x00, 0x00, 0x77, 0x0C, 0x00, 0x26, 0x00, 0x00, 0x80, 0x01, 0x00, 0x02, 0x00, 0x00,
	0x2F, 0x00, 0x00, 0x29, 0x1E, 0x98, 0x9C, 0x14, 0x68, 0x02, 0x00, 0x00, 0x80, 0x00, 0x04, 0x16,
	0x20, 0x01, 0x00, 0x02, 0x00, 0x28, 0x00, 0x10, 0x8B, 0x0C, 0x00, 0x26, 0x00, 0x00, 0x80, 0x03,
	0x00, 0x01, 0x00, 0x3C, 0x2F, 0x00, 0x00, 0x29, 0x25, 0xA0, 0x9C, 0x14, 0x68, 0x02, 0x12, 0x7C,
	0x80, 0x20, 0x04, 0x40, 0x0C, 0x6D, 0x00, 0x00, 0x00, 0x00, 0x00, 0x00, 0x00, 0x00, 0x00, 0xDC,
	0xA8, 0xA5, 0x40, 0x01, 0x40, 0x0B, 0x00, 0x00, 0x00, 0xC0, 0x0B, 0x0D, 0xD0, 0xAA, 0x00, 0x00,
	0xA0, 0x06, 0x00, 0x00, 0x00, 0x40, 0x01, 0x28, 0x00, 0x00, 0x00, 0x00, 0x00, 0x00, 0x00, 0x00,
	0x00, 0x00, 0x00, 0x38, 0x00, 0x00, 0x00, 0x00, 0x00, 0x00, 0x00, 0x00, 0x00, 0x00, 0x00, 0x16,
	0x00, 0x00, 0x00, 0x00, 0x00, 0x02, 0x00, 0x00, 0x46, 0x06, 0x00, 0x26, 0x00, 0x00, 0x00, 0x01,
	0x00, 0x01, 0x00, 0x14, 0x15, 0x00, 0x00, 0x31, 0x25, 0xAC, 0xA0, 0x14, 0xF0, 0x02, 0x00, 0x14,
	0x80, 0x20, 0x02, 0x0D, 0x50, 0xB3, 0x00, 0x00, 0x00, 0x00, 0x00, 0x00, 0x00, 0x08, 0x00, 0x55,
	0x10, 0x57, 0x00, 0x00, 0x40, 0x0B, 0x02, 0x00, 0x00, 0x06, 0x00, 0x75, 0x30, 0x55, 0x00, 0x20,
	0x40, 0x0C, 0x02, 0x00, 0x00, 0xCA, 0x00, 0x55, 0x10, 0x57, 0x00, 0x00, 0x42, 0x0B, 0x02, 0x00,
	0x00, 0x06, 0x00, 0x75, 0x20, 0x56, 0x00, 0x00, 0x40, 0x0C, 0x02, 0x00, 0x00, 0xCA, 0x00, 0x55,
	0x10, 0x57, 0x00, 0x00, 0x00, 0x0F, 0x02, 0x00, 0x00, 0x06, 0x00, 0x75, 0x20, 0x56, 0x00, 0x20,
	0x40, 0x0C, 0x02, 0x00, 0x00, 0xCA, 0x00, 0x55, 0x10, 0x57, 0x00, 0x00, 0x02, 0x0F, 0x02, 0x00,
	0x00, 0x06, 0x00, 0x75, 0x10, 0x57, 0x00, 0x00, 0x40, 0x0C, 0x02, 0x00, 0x00, 0xCA, 0x00, 0x55,
	0x10, 0x57, 0x00, 0x00, 0xC0, 0x02, 0x02, 0x00, 0x00, 0x46, 0x00, 0x75, 0x10, 0x57, 0x00, 0x20,
	0x40, 0x0C, 0x02, 0x00, 0x00, 0xCA, 0x00, 0x28, 0x00, 0x00, 0x00, 0x00, 0x00, 0x00, 0x00, 0x00,
	0x00, 0x00, 0x00, 0x38, 0x00, 0x00, 0x00, 0x00, 0x00, 0x00, 0x00, 0x00, 0x00, 0x84, 0x2B, 0x16,
	0x20, 0x01, 0x00, 0x02, 0x00, 0x50, 0x00, 0x10, 0x95, 0x0C, 0x00, 0x26, 0x00, 0x00, 0x80, 0x00,
	0x00, 0x02, 0x00, 0x28, 0x30, 0x00, 0x00, 0x29, 0x00, 0x98, 0x9C, 0x14, 0x68, 0x02, 0x12, 0x68,
	0x80, 0x00, 0x04, 0x16, 0x00, 0x00, 0x00, 0x02, 0x00, 0x50, 0x00, 0x00, 0xA9, 0x0C, 0x00, 0x26,
	0x00, 0x00, 0x80, 0x02, 0x00, 0x02, 0x00, 0x00, 0x30, 0x00, 0x00, 0x29, 0x07, 0x98, 0x9C, 0x14,
	0x68, 0x02, 0x00, 0x00, 0x80, 0x20, 0x04, 0x16, 0x20, 0x01, 0x00, 0x02, 0x00, 0x50, 0x00, 0x10,
	0xBD, 0x0C, 0x00, 0x26, 0x00, 0x00, 0x80, 0x00, 0x00, 0x02, 0x00, 0x3C, 0x31, 0x00, 0x00, 0x29,
	0x0F, 0x98, 0x9C, 0x14, 0x68, 0x02, 0x12, 0x7C, 0x80, 0x00, 0x04, 0x16, 0x00, 0x00, 0x00, 0x02,
	0x00, 0x50, 0x00, 0x00, 0xD1, 0x0C, 0x00, 0x26, 0x00, 0x00, 0x80, 0x02, 0x00, 0x02, 0x00, 0x14,
	0x31, 0x00, 0x00, 0x29, 0x16, 0x98, 0x9C, 0x14, 0x68, 0x02, 0x00, 0x14, 0x80, 0x20, 0x04, 0x16,
	0x20, 0x01, 0x00, 0x02, 0x00, 0x50, 0x00, 0x10, 0xE5, 0x0C, 0x00, 0x26, 0x00, 0x00, 0x80, 0x00,
	0x00, 0x02, 0x00, 0x28, 0x32, 0x00, 0x00, 0x29, 0x1E, 0x98, 0x9C, 0x14, 0x68, 0x02, 0x12, 0x68,
	0x80, 0x00, 0x04, 0x28, 0x00, 0x00, 0x00, 0x00, 0x00, 0x00, 0x00, 0x00, 0x00, 0x00, 0x00, 0x38,
	0x00, 0x00, 0x00, 0x00, 0x00, 0x00, 0x00, 0x00, 0x00, 0xC6, 0x3B, 0x16, 0x00, 0x00, 0x00, 0x02,
	0x00, 0x32, 0x00, 0x00, 0xF9, 0x0C, 0x00, 0x26, 0x00, 0x00, 0x80, 0x02, 0x80, 0x01, 0x00, 0x00,
	0x32, 0x00, 0x00, 0x29, 0xB8, 0x18, 0x9D, 0x14, 0x00, 0x00, 0x00, 0x00, 0x80, 0x20, 0x00, 0x40,
	0x48, 0x4E, 0x00, 0x00, 0x00, 0x00, 0x00, 0x00, 0x00, 0x00, 0x00, 0xDC, 0x00, 0x1C, 0x01, 0x14,
	0x40, 0x0C, 0x00, 0x00, 0x00, 0x40, 0x03, 0x66, 0xF0, 0x00, 0x00, 0x00, 0x00, 0xB0, 0x04, 0x00,
	0x00, 0x00, 0x00, 0x28, 0x00, 0x00, 0x00, 0x00, 0x00, 0x00, 0x00, 0x00, 0x00, 0x00, 0x00, 0x38,
	0x00, 0x00, 0x00, 0x00, 0x00, 0x00, 0x00, 0x00, 0x00, 0xC4, 0x3B, 0x16, 0x20, 0x01, 0x00, 0x00,
	0x00, 0x1E, 0x00, 0x10, 0x06, 0x0D, 0x00, 0x26, 0x00, 0x00, 0x80, 0x00, 0x80, 0x01, 0x00, 0x3C,
	0x33, 0x00, 0x00, 0x29, 0xA2, 0x20, 0x7D, 0x14, 0x1C, 0x00, 0x12, 0x7C, 0x80, 0x00, 0x04, 0x40,
	0x9B, 0x50, 0x00, 0x00, 0x00, 0x00, 0x00, 0x00, 0x00, 0x00, 0x00, 0xDC, 0xF0, 0x24, 0x01, 0x14,
	0x00, 0x01, 0x00, 0x00, 0x00, 0x40, 0x03, 0x76, 0xF0, 0x00, 0x00, 0x00, 0x00, 0xE0, 0x01, 0x00,
	0x00, 0x00, 0x00, 0x00, 0x00, 0x00, 0x00, 0x00, 0x00, 0x00, 0x00, 0x00, 0x00, 0x00, 0x00, 0x00,
	0x00, 0x14, 0x00, 0x00, 0x00, 0x00, 0x00, 0x00, 0x00, 0x00, 0x00, 0x0E, 0xA0, 0x32, 0x00, 0x00,
	0x00, 0xE0, 0xC1, 0x00, 0xBE, 0x05, 0x00, 0x66, 0x20, 0x02, 0x00, 0x00, 0x00, 0xF0, 0x40, 0x01,
	0x9E, 0x07, 0x00, 0x28, 0x00, 0x00, 0x00, 0x00, 0x00, 0x00, 0x00, 0x00, 0x00, 0x00, 0x00, 0x38,
	0x00, 0x00, 0x00, 0x00, 0x00, 0x00, 0x00, 0x00, 0x00, 0xC4, 0x3B, 0x16, 0x00, 0x00, 0x00, 0x02,
	0x00, 0x14, 0x00, 0x00, 0x0D, 0x0D, 0x00, 0x26, 0x00, 0x00, 0x80, 0x02, 0x80, 0x01, 0x00, 0x14,
	0x33, 0x00, 0x00, 0x29, 0x07, 0x28, 0x51, 0x14, 0xD4, 0x01, 0x00, 0x14, 0x80, 0x20, 0x00, 0x40,
	0x20, 0x60, 0x00, 0x00, 0x00, 0x00, 0x00, 0x00, 0x00, 0x00, 0x00, 0xDC, 0x80, 0x2C, 0x01, 0x01,
	0xC0, 0x03, 0x00, 0x00, 0x00, 0x40, 0x03, 0x26, 0x00, 0x00, 0x80, 0x00, 0x00, 0x04, 0x00, 0x28,
	0x34, 0x00, 0x00, 0x7D, 0x80, 0x30, 0x81, 0x10, 0x00, 0x02, 0x00, 0x28, 0x00, 0x00, 0x00, 0x3D,
	0xFF, 0x03, 0x00, 0x00, 0x00, 0xC2, 0xFF, 0x0F, 0x00, 0x86, 0x00, 0x76, 0x80, 0x00, 0x00, 0x00,
	0x00, 0xC0, 0x83, 0x00, 0x78, 0x00, 0x00, 0x00, 0x00, 0x00, 0x00, 0x00, 0x00, 0x00, 0x00, 0x00,
	0x00, 0x00, 0x00, 0x00, 0x00, 0x14, 0x00, 0x00, 0x00, 0x00, 0x00, 0x00, 0x00, 0x00, 0x00, 0x0E,
	0xA0, 0x32, 0x00, 0x00, 0x00, 0xE0, 0xC1, 0x00, 0xAE, 0x06, 0x00, 0x66, 0x20, 0x02, 0x00, 0x00,
	0x00, 0xF0, 0x40, 0x01, 0xDA, 0x07, 0x00, 0x28, 0x00, 0x00, 0x00, 0x00, 0x00, 0x00, 0x00, 0x00,
	0x00, 0x00, 0x00, 0x38, 0x00, 0x00, 0x00, 0x00, 0x00, 0x00, 0x00, 0x00, 0x00, 0xC4, 0x3B, 0x16,
	0x20, 0x01, 0x00, 0x02, 0x00, 0x14, 0x00, 0x10, 0x0D, 0x0D, 0x00, 0x26, 0x00, 0x00, 0x80, 0x02,
	0x80, 0x01, 0x00, 0x00, 0x33, 0x00, 0x00, 0x29, 0x07, 0x28, 0x51, 0x14, 0xD4, 0x01, 0x12, 0x40,
	0x80, 0x20, 0x00, 0x40, 0x20, 0x60, 0x00, 0x00, 0x00, 0x00, 0x00, 0x00, 0x00, 0x00, 0x00, 0xDC,
	0x80, 0x2C, 0x01, 0x01, 0xC0, 0x03, 0x00, 0x00, 0x00, 0x40, 0x03, 0x26, 0x00, 0x00, 0x80, 0x00,
	0x00, 0x04, 0x00, 0x3C, 0x34, 0x00, 0x00, 0x7D, 0x80, 0x30, 0x81, 0x10, 0x00, 0x02, 0x00, 0x3C,
	0x00, 0x00, 0x00, 0x3D, 0xFF, 0x03, 0x00, 0x00, 0x00, 0xC2, 0xFF, 0x0F, 0x00, 0x86, 0x00, 0x76,
	0x80, 0x00, 0x00, 0x00, 0x00, 0xC0, 0x83, 0x00, 0x68, 0x01, 0x00, 0x00, 0x00, 0x00, 0x00, 0x00,
	0x00, 0x00, 0x00, 0x00, 0x00, 0x00, 0x00, 0x00, 0x00, 0x14, 0x00, 0x00, 0x00, 0x00, 0x00, 0x00,
	0x00, 0x00, 0x00, 0x66, 0xF0, 0x00, 0x00, 0x00, 0x00, 0xE0, 0x01, 0x00, 0x00, 0x00, 0x00, 0x3D,
	0xAF, 0x00, 0x00, 0x00, 0xC0, 0xC3, 0xFF, 0x0F, 0x00, 0x02, 0x00, 0x26, 0x00, 0x00, 0x80, 0x00,
	0x00, 0x04, 0x00, 0x14, 0x35, 0x00, 0x00, 0x7D, 0x40, 0x34, 0x41, 0x01, 0xC0, 0x03, 0x00, 0x14,
	0x00, 0x00, 0x00, 0x3D, 0xFF, 0x03, 0x00, 0x00, 0x00, 0xC1, 0xFF, 0x0F, 0x00, 0x4A, 0x01, 0x76,
	0x40, 0x00, 0x00, 0x00, 0x00, 0xE0, 0x41, 0x01, 0x00, 0x00, 0x00, 0x26, 0x00, 0x00, 0x80, 0x00,
	0x00, 0x04, 0x00, 0x28, 0x36, 0x00, 0x00, 0x7D, 0x10, 0x3B, 0x41, 0x01, 0x00, 0x00, 0x00, 0x28,
	0x00, 0x00, 0x00, 0x3D, 0xFF, 0x03, 0x00, 0x00, 0x40, 0xCC, 0xFF, 0x0F, 0x00, 0x4A, 0x01, 0x76,
	0x10, 0x03, 0x00, 0x00, 0x00, 0x78, 0x40, 0x01, 0x58, 0x02, 0x00, 0x08, 0x00, 0x00, 0x00, 0x00,
	0x00, 0x00, 0x00, 0x00, 0x00, 0x00, 0x00, 0x10, 0x00, 0x00, 0x00, 0x00, 0x00, 0x00, 0x00, 0x00,
	0x00, 0x00, 0x00, 0x00, 0x00, 0x00, 0x00, 0x00, 0x00, 0x00, 0x00, 0x00, 0x00, 0x00, 0x00, 0x00,
	0x00, 0x00, 0x00, 0x00, 0x00, 0x00, 0x00, 0x00, 0x00, 0x00, 0x00, 0x66, 0x22, 0x02, 0x22, 0x10,
	0x00, 0x14, 0x10, 0x30, 0x00, 0x00, 0x00, 0x33, 0x22, 0x01, 0x01, 0x22, 0x00, 0x28, 0x03, 0x30,
	0x00, 0x00, 0x00, 0x66, 0x22, 0x00, 0x22, 0x08, 0x00, 0x0A, 0x18, 0x30, 0x00, 0x00, 0x00, 0x33,
	0x22, 0x00, 0x01, 0x11, 0x00, 0x14, 0x10, 0x30, 0x00, 0x00, 0x00, 0x66, 0x22, 0x20, 0x22, 0x26,
	0x00, 0x28, 0x03, 0x30, 0x00, 0x00, 0x00, 0x11, 0x11, 0x00, 0x00, 0x24, 0x00, 0x28, 0x03, 0x30,
	0x00, 0x00, 0x00, 0x33, 0x11, 0x01, 0x11, 0x18, 0x00, 0x0A, 0x0C, 0x30, 0x00, 0x00, 0x00, 0x33,
	0x11, 0x00, 0x11, 0x18, 0x00, 0x0A, 0x18, 0x30, 0x00, 0x00, 0x00, 0x33, 0x11, 0x10, 0x11, 0x21,
	0x00, 0x0A, 0x0C, 0x30, 0x00, 0x00, 0x00, 0x00, 0x05, 0x05, 0x00, 0x20, 0x00, 0x0A, 0x0C, 0x30,
	0x00, 0x00, 0x00, 0x01, 0x00, 0x80, 0x02, 0x22, 0x00, 0x0A, 0x0C, 0x30, 0x00, 0x00, 0x00, 0xA0,
	0x05, 0x05, 0x00, 0x18, 0x00, 0x0A, 0x0C, 0x20, 0x00, 0x00, 0x00, 0x01, 0x00, 0x00, 0x0F, 0x08,
	0x00, 0x0A, 0x0C, 0x20, 0x00, 0x00, 0x00, 0xC0, 0x03, 0x03, 0x00, 0x08, 0x00, 0x0A, 0x18, 0x20,
	0x00, 0x00, 0x00, 0xC0, 0x03, 0x05, 0x00, 0x04, 0x00, 0x05, 0x20, 0x20, 0x00, 0x00, 0x00, 0x01,
	0x00, 0x80, 0x07, 0x04, 0x00, 0x05, 0x08, 0x30, 0x00, 0x00, 0x00, 0x02, 0x00, 0xC0, 0x03, 0x09,
	0x00, 0x0A, 0x0C, 0x20, 0x00, 0x00, 0x00, 0x01, 0x00, 0xA0, 0x0F, 0x09, 0x00, 0x0A, 0x18, 0x30,
	0x00, 0x00, 0x00, 0x33, 0x11, 0x11, 0x11, 0x09, 0x00, 0x0A, 0x18, 0x20, 0x00, 0x00, 0x00, 0xC0,
	0x03, 0x06, 0x00, 0x18, 0x00, 0x05, 0x14, 0x30, 0x00, 0x00, 0x00, 0xC0, 0x03, 0x02, 0x00, 0x18,
	0x00, 0x05, 0x28, 0x30, 0x00, 0x00, 0x00, 0xF0, 0x00, 0x04, 0x00, 0x19, 0x00, 0x05, 0x14, 0x30,
	0x00, 0x00, 0x00, 0x55, 0x11, 0x22, 0x22, 0x18, 0x00, 0x05, 0x14, 0x20, 0x00, 0x00, 0x00, 0x14,
	0x40, 0x00, 0x00, 0x0C, 0x00, 0x05, 0x14, 0x20, 0x00, 0x00, 0x00, 0x03, 0x00, 0xC0, 0x03, 0x0C,
	0x00, 0x05, 0x20, 0x20, 0x00, 0x00, 0x00, 0xE0, 0x01, 0x04, 0x00, 0x0C, 0x00, 0x05, 0x28, 0x20,
	0x00, 0x00, 0x00, 0x05, 0x00, 0xC0, 0x03, 0x0C, 0x00, 0x05, 0x08, 0x30, 0x00, 0x00, 0x00, 0x05,
	0x00, 0x10, 0x04, 0x0C, 0x80, 0x02, 0x20, 0x20, 0x00, 0x00, 0x00, 0x02, 0x00, 0x80, 0x02, 0x0C,
	0x80, 0x02, 0x10, 0x30, 0x00, 0x00, 0x00, 0x28, 0x40, 0x00, 0x00, 0x19, 0x00, 0x05, 0x28, 0x30,
	0x00, 0x00, 0x00, 0x02, 0x00, 0x00, 0x0A, 0x18, 0x80, 0x02, 0x20, 0x20, 0x00, 0x00, 0x00, 0x01,
	0x00, 0x00, 0x0A, 0x18, 0x80, 0x02, 0x50, 0x30, 0x00, 0x00, 0x00, 0x02, 0x00, 0x80, 0x07, 0x18,
	0x80, 0x02, 0x08, 0x30, 0x00, 0x00, 0x00, 0x03, 0x00, 0x80, 0x07, 0x18, 0x80, 0x02, 0x28, 0x30,
	0x00, 0x00, 0x00, 0x03, 0x00, 0x20, 0x08, 0x18, 0x80, 0x02, 0x08, 0x20, 0x00, 0x00, 0x00, 0x03,
	0x00, 0xC0, 0x08, 0x18, 0x80, 0x02, 0x28, 0x20, 0x00, 0x00, 0x00, 0x03, 0x00, 0x00, 0x0A, 0x18,
	0x80, 0x02, 0x50, 0x20, 0x00, 0x00, 0x00, 0x00, 0x00, 0x00, 0x00, 0x18, 0x80, 0x02, 0x10, 0x30,
	0x00, 0x00, 0x00, 0x00, 0x00, 0x00, 0x00, 0x0C, 0x40, 0x01, 0x20, 0x20, 0x00, 0x00, 0x00, 0x00,
	0x00, 0x00, 0x00, 0x0C, 0x40, 0x01, 0xA0, 0x20, 0x00, 0x00, 0x00, 0x00, 0x00, 0x00, 0x00, 0x0C,
	0x40, 0x01, 0x10, 0x30, 0x00, 0x00, 0x00, 0x00, 0x00, 0x00, 0x00, 0x0C, 0x40, 0x01, 0x50, 0x30,
	0x00, 0x00, 0x00, 0x00, 0x00, 0x00, 0x00, 0x0C, 0x40, 0x01, 0x40, 0x20, 0x00, 0x00, 0x00, 0x00,
	0x00, 0x00, 0x00, 0x0C, 0x40, 0x01, 0x10, 0x20, 0x00, 0x00, 0x00, 0x00, 0x00, 0x00, 0x00, 0x0C,
	0x40, 0x01, 0x50, 0x20, 0x00, 0x00, 0x00, 0x00, 0x00, 0x00, 0x00, 0x0C, 0x40, 0x01, 0x40, 0x21,
	0x00, 0x00, 0x00, 0x00, 0x00, 0x00, 0x00, 0x18, 0x80, 0x02, 0x40, 0x20, 0x00, 0x00, 0x00, 0x00,
	0x00, 0x00, 0x00, 0x18, 0x80, 0x02, 0x10, 0x20, 0x00, 0x00, 0x00, 0x00, 0x00, 0x00, 0x00, 0x0C,
	0x80, 0x02, 0x50, 0x20, 0x00, 0x00, 0x00, 0x00, 0x00, 0x00, 0x00, 0x0D, 0x80, 0x02, 0x20, 0x20,
	0x00, 0x00, 0x00, 0x00, 0x00, 0x00, 0x00, 0x0D, 0x80, 0x02, 0xA0, 0x20, 0x00, 0x00, 0x00, 0x00,
	0x00, 0x00, 0x00, 0x0D, 0x80, 0x02, 0x08, 0x30, 0x00, 0x00, 0x00, 0x00, 0x00, 0x00, 0x00, 0x0D,
	0x80, 0x02, 0x28, 0x30, 0x00, 0x00, 0x00, 0x00, 0x00, 0x00, 0x00, 0x0C, 0x80, 0x02, 0x08, 0x30,
	0x00, 0x00, 0x00, 0x00, 0x00, 0x00, 0x00, 0x0C, 0x80, 0x02, 0x08, 0x20, 0x00, 0x00, 0x00, 0x00,
	0x00, 0x00, 0x00, 0x0C, 0x80, 0x02, 0xA0, 0x20, 0x00, 0x00, 0x00, 0x00, 0x00, 0x00, 0x00, 0x0C,
	0x80, 0x02, 0x28, 0x30, 0x00, 0x00, 0x00, 0x00, 0x00, 0x00, 0x00, 0x10, 0x00, 0x05, 0x28, 0x20,
	0x00, 0x00, 0x00, 0x00, 0x00, 0x00, 0x00, 0x10, 0x00, 0x05, 0x28, 0x30, 0x00, 0x00, 0x00, 0x00,
	0x00, 0x00, 0x00, 0x10, 0x00, 0x05, 0x20, 0x20, 0x00, 0x00, 0x00, 0x00, 0x00, 0x00, 0x00, 0x10,
	0x00, 0x05, 0x08, 0x20, 0x00, 0x00, 0x00, 0x00, 0x00, 0x00, 0x00, 0x10, 0x00, 0x05, 0x08, 0x30,
	0x00, 0x00, 0x00, 0x00, 0x00, 0x00, 0x00, 0x0D, 0x00, 0x05, 0x14, 0x30, 0x00, 0x00, 0x00, 0x00,
	0x00, 0x00, 0x00, 0x0D, 0x00, 0x05, 0x50, 0x20, 0x00, 0x00, 0x00, 0x00, 0x00, 0x00, 0x00, 0x0C,
	0x00, 0x05, 0x14, 0x30, 0x00, 0x00, 0x00, 0x00, 0x00, 0x00, 0x00, 0x0E, 0x00, 0x05, 0x14, 0x30,
	0x00, 0x00, 0x00, 0x00, 0x00, 0x00, 0x00, 0x0E, 0x00, 0x05, 0x50, 0x20, 0x00, 0x00, 0x00, 0x00,
	0x00, 0x00, 0x00, 0x10, 0x00, 0x05, 0x14, 0x30, 0x00, 0x00, 0x00, 0x00, 0x00, 0x00, 0x00, 0x10,
	0x00, 0x05, 0x50, 0x20, 0x00, 0x00, 0x00, 0x00, 0x00, 0x00, 0x00, 0x10, 0x00, 0x05, 0x14, 0x20,
	0x00, 0x00, 0x00, 0x00, 0x00, 0x00, 0x00, 0x0C, 0x40, 0x01, 0x12, 0x10, 0x00, 0x00, 0x00, 0x00,
	0x00, 0x00, 0x00, 0x0C, 0x40, 0x01, 0x12, 0x00, 0x00, 0x00, 0x00, 0x00, 0x00, 0x00, 0x00, 0x18,
	0x80, 0x02, 0x12, 0x10, 0x00, 0x00, 0x00, 0x00, 0x00, 0x00, 0x00, 0x18, 0x80, 0x02, 0x12, 0x00,
	0x00, 0x00, 0x00, 0x00, 0x00, 0x00, 0x00, 0x18, 0x00, 0x05, 0x12, 0x10, 0x00, 0x00, 0x00, 0x00,
	0x00, 0x00, 0x00, 0x18, 0x00, 0x05, 0x12, 0x00, 0x00, 0x00, 0x00, 0x00, 0x00, 0x00, 0x00, 0x18,
	0x00, 0x05, 0x12, 0x20, 0x00, 0x00, 0x00, 0x00, 0x00, 0x00, 0x00, 0x18, 0x80, 0x02, 0x12, 0x20,
	0x00, 0x00, 0x00, 0x00, 0x00, 0x00, 0x00, 0x0C, 0x40, 0x01, 0x12, 0x20, 0x00, 0x00, 0x00, 0x00,
	0x00, 0x00, 0x00, 0x00, 0x00, 0x00, 0x00, 0x00, 0x00, 0x00, 0x00, 0x1A, 0x30, 0x06, 0x00, 0x08,
	0x40, 0x03, 0x3C, 0x01, 0x00, 0x00, 0x74, 0x00, 0x00, 0x06, 0x00, 0x00, 0x00, 0x00, 0x00, 0x10,
	0x00, 0x00, 0x00, 0x00, 0x00, 0x08, 0x00, 0x00, 0x00, 0x00, 0x00, 0x00, 0x00, 0x00, 0x00, 0x00,
	0x00, 0x18, 0x00, 0x00, 0x00, 0x00, 0x00, 0x00, 0x00, 0x00, 0x00, 0x00, 0x00, 0x22, 0x00, 0x28,
	0x00, 0x30, 0x00, 0x38, 0xA0, 0x6E, 0x40, 0x00, 0x48, 0xA0, 0x93, 0x35, 0x50, 0x00, 0x58, 0x81,
	0x10, 0x60, 0xBA, 0x13, 0x4A, 0x4F, 0x0A, 0x04, 0x08, 0x00, 0x10, 0x11, 0x0A, 0x04, 0x08, 0x11,
	0x10, 0x20, 0x0A, 0x04, 0x08, 0x20, 0x10, 0x2F, 0x0A, 0x04, 0x08, 0x2F, 0x10, 0x3E, 0x0A, 0x04,
	0x08, 0x3E, 0x10, 0x4D, 0x0A, 0x04, 0x08, 0x4D, 0x10, 0x5C, 0x0A, 0x04, 0x08, 0x5C, 0x10, 0x6B,
	0x0A, 0x04, 0x08, 0x6B, 0x10, 0x7A, 0x0A, 0x05, 0x08, 0x7A, 0x10, 0x89, 0x01, 0x0A, 0x06, 0x08,
	0x89, 0x01, 0x10, 0x98, 0x01, 0x0A, 0x06, 0x08, 0x98, 0x01, 0x10, 0xA7, 0x01, 0x0A, 0x06, 0x08,
	0xA7, 0x01, 0x10, 0xB6, 0x01, 0x4A, 0x20, 0x0A, 0x06, 0x08, 0xB6, 0x01, 0x10, 0xC2, 0x01, 0x0A,
	0x06, 0x08, 0xC2, 0x01, 0x10, 0xCC, 0x01, 0x0A, 0x06, 0x08, 0xCC, 0x01, 0x10, 0xD6, 0x01, 0x0A,
	0x06, 0x08, 0xD6, 0x01, 0x10, 0xE0, 0x01, 0x4A, 0x18, 0x0A, 0x06, 0x08, 0xE0, 0x01, 0x10, 0xF1,
	0x01, 0x0A, 0x06, 0x08, 0xF1, 0x01, 0x10, 0x80, 0x02, 0x0A, 0x06, 0x08, 0x80, 0x02, 0x10, 0x8F,
	0x02, 0x4A, 0x20, 0x0A, 0x06, 0x08, 0x8F, 0x02, 0x10, 0xA1, 0x02, 0x0A, 0x06, 0x08, 0xA1, 0x02,
	0x10, 0xB1, 0x02, 0x0A, 0x06, 0x08, 0xB1, 0x02, 0x10, 0xC1, 0x02, 0x0A, 0x06, 0x08, 0xC1, 0x02,
	0x10, 0xD1, 0x02, 0x4A, 0x20, 0x0A, 0x06, 0x08, 0xD1, 0x02, 0x10, 0xE4, 0x02, 0x0A, 0x06, 0x08,
	0xE4, 0x02, 0x10, 0xF5, 0x02, 0x0A, 0x06, 0x08, 0xF5, 0x02, 0x10, 0x86, 0x03, 0x0A, 0x06, 0x08,
	0x86, 0x03, 0x10, 0x97, 0x03, 0x4A, 0x60, 0x0A, 0x06, 0x08, 0x97, 0x03, 0x10, 0xB1, 0x03, 0x0A,
	0x06, 0x08, 0xB1, 0x03, 0x10, 0xC9, 0x03, 0x0A, 0x06, 0x08, 0xC9, 0x03, 0x10, 0xE1, 0x03, 0x0A,
	0x06, 0x08, 0xE1, 0x03, 0x10, 0xF9, 0x03, 0x0A, 0x06, 0x08, 0xF9, 0x03, 0x10, 0x91, 0x04, 0x0A,
	0x06, 0x08, 0x91, 0x04, 0x10, 0xA9, 0x04, 0x0A, 0x06, 0x08, 0xA9, 0x04, 0x10, 0xC1, 0x04, 0x0A,
	0x06, 0x08, 0xC1, 0x04, 0x10, 0xD9, 0x04, 0x0A, 0x06, 0x08, 0xD9, 0x04, 0x10, 0xF1, 0x04, 0x0A,
	0x06, 0x08, 0xF1, 0x04, 0x10, 0x89, 0x05, 0x0A, 0x06, 0x08, 0x89, 0x05, 0x10, 0xA1, 0x05, 0x0A,
	0x06, 0x08, 0xA1, 0x05, 0x10, 0xB9, 0x05, 0x4A, 0x10, 0x0A, 0x06, 0x08, 0xB9, 0x05, 0x10, 0xC5,
	0x05, 0x0A, 0x06, 0x08, 0xC5, 0x05, 0x10, 0xCF, 0x05, 0x4A, 0x10, 0x0A, 0x06, 0x08, 0xCF, 0x05,
	0x10, 0xE0, 0x05, 0x0A, 0x06, 0x08, 0xE0, 0x05, 0x10, 0xEF, 0x05, 0x4A, 0x10, 0x0A, 0x06, 0x08,
	0xEF, 0x05, 0x10, 0xFA, 0x05, 0x0A, 0x06, 0x08, 0xFA, 0x05, 0x10, 0x83, 0x06, 0x4A, 0x10, 0x0A,
	0x06, 0x08, 0x83, 0x06, 0x10, 0x94, 0x06, 0x0A, 0x06, 0x08, 0x94, 0x06, 0x10, 0xA3, 0x06, 0x4A,
	0x10, 0x0A, 0x06, 0x08, 0xA3, 0x06, 0x10, 0xAE, 0x06, 0x0A, 0x06, 0x08, 0xAE, 0x06, 0x10, 0xB7,
	0x06, 0x4A, 0x10, 0x0A, 0x06, 0x08, 0xB7, 0x06, 0x10, 0xC5, 0x06, 0x0A, 0x06, 0x08, 0xC5, 0x06,
	0x10, 0xD1, 0x06, 0x4A, 0x20, 0x0A, 0x06, 0x08, 0xD1, 0x06, 0x10, 0xE8, 0x06, 0x0A, 0x06, 0x08,
	0xE8, 0x06, 0x10, 0xFD, 0x06, 0x0A, 0x06, 0x08, 0xFD, 0x06, 0x10, 0x92, 0x07, 0x0A, 0x06, 0x08,
	0x92, 0x07, 0x10, 0xA7, 0x07, 0x4A, 0x10, 0x0A, 0x06, 0x08, 0xA7, 0x07, 0x10, 0xBA, 0x07, 0x0A,
	0x06, 0x08, 0xBA, 0x07, 0x10, 0xCB, 0x07, 0x4A, 0x10, 0x0A, 0x06, 0x08, 0xBC, 0x0B, 0x10, 0xD0,
	0x0B, 0x0A, 0x06, 0x08, 0xD0, 0x0B, 0x10, 0xE2, 0x0B, 0x4A, 0x10, 0x0A, 0x06, 0x08, 0xE2, 0x0B,
	0x10, 0x86, 0x0C, 0x0A, 0x06, 0x08, 0x86, 0x0C, 0x10, 0xA8, 0x0C, 0x4A, 0x10, 0x0A, 0x06, 0x08,
	0xA8, 0x0C, 0x10, 0xBE, 0x0C, 0x0A, 0x06, 0x08, 0xBE, 0x0C, 0x10, 0xD2, 0x0C, 0x4A, 0x18, 0x0A,
	0x06, 0x08, 0xF7, 0x0C, 0x10, 0xC0, 0x0D, 0x0A, 0x06, 0x08, 0xC0, 0x0D, 0x10, 0x87, 0x0E, 0x0A,
	0x06, 0x08, 0x87, 0x0E, 0x10, 0xCE, 0x0E, 0x4A, 0x18, 0x0A, 0x06, 0x08, 0xD3, 0x0E, 0x10, 0xE2,
	0x0E, 0x0A, 0x06, 0x08, 0xE2, 0x0E, 0x10, 0xEF, 0x0E, 0x0A, 0x06, 0x08, 0xEF, 0x0E, 0x10, 0xFC,
	0x0E, 0x4A, 0x20, 0x0A, 0x06, 0x08, 0xFC, 0x0E, 0x10, 0x8C, 0x0F, 0x0A, 0x06, 0x08, 0x8C, 0x0F,
	0x10, 0x9A, 0x0F, 0x0A, 0x06, 0x08, 0x9A, 0x0F, 0x10, 0xA8, 0x0F, 0x0A, 0x06, 0x08, 0xA8, 0x0F,
	0x10, 0xB6, 0x0F, 0x4A, 0x20, 0x0A, 0x06, 0x08, 0xB6, 0x0F, 0x10, 0xCC, 0x0F, 0x0A, 0x06, 0x08,
	0xCC, 0x0F, 0x10, 0xE0, 0x0F, 0x0A, 0x06, 0x08, 0xE0, 0x0F, 0x10, 0xF4, 0x0F, 0x0A, 0x06, 0x08,
	0xF4, 0x0F, 0x10, 0x8B, 0x10, 0x4A, 0x18, 0x0A, 0x06, 0x08, 0x8B, 0x10, 0x10, 0x99, 0x10, 0x0A,
	0x06, 0x08, 0x99, 0x10, 0x10, 0xA5, 0x10, 0x0A, 0x06, 0x08, 0xA5, 0x10, 0x10, 0xB1, 0x10, 0x4A,
	0x20, 0x0A, 0x06, 0x08, 0xB1, 0x10, 0x10, 0xC8, 0x10, 0x0A, 0x06, 0x08, 0xC8, 0x10, 0x10, 0xDD,
	0x10, 0x0A, 0x06, 0x08, 0xDD, 0x10, 0x10, 0xF2, 0x10, 0x0A, 0x06, 0x08, 0xF2, 0x10, 0x10, 0x87,
	0x11, 0x4A, 0x10, 0x0A, 0x06, 0x08, 0x87, 0x11, 0x10, 0x9C, 0x11, 0x0A, 0x06, 0x08, 0x9C, 0x11,
	0x10, 0xAF, 0x11, 0x4A, 0x10, 0x0A, 0x06, 0x08, 0x8E, 0x13, 0x10, 0x9F, 0x13, 0x0A, 0x06, 0x08,
	0x9F, 0x13, 0x10, 0xAE, 0x13, 0x50, 0x0C, 0x58, 0x86, 0x80, 0x80, 0x18, 0x58, 0x84, 0x80, 0x80,
	0x01, 0x58, 0x82, 0x80, 0x80, 0x09, 
};

#endif /*  body_detect_cfg.cfg converted to HEX.h file!!!  */
