#ifndef __BODY_DETECT_CFG_TX5112X_H__
#define __BODY_DETECT_CFG_TX5112X_H__ 

unsigned char body_detect_cfg_v1_5_tx5112x[] = {
	0x72, 0x00, 0x00, 0x00, 0xF1, 0xF9, 0x01, 0x00, 0x0A, 0x0B, 0x54, 0x53, 0x48, 0x2D, 0x54, 0x48,
	0x49, 0x4E, 0x4B, 0x45, 0x52, 0x12, 0x04, 0x64, 0x74, 0x35, 0x37, 0x1A, 0x11, 0x64, 0x74, 0x35,
	0x37, 0x5F, 0x56, 0x31, 0x2E, 0x32, 0x2E, 0x30, 0x2E, 0x31, 0x5F, 0x31, 0x2E, 0x30, 0x2A, 0xE2,
	0x01, 0x08, 0x80, 0xC0, 0x52, 0x12, 0x36, 0x08, 0x00, 0x12, 0x13, 0x69, 0x6E, 0x70, 0x75, 0x74,
	0x5F, 0x63, 0x75, 0x73, 0x74, 0x6F, 0x6D, 0x5F, 0x69, 0x6E, 0x70, 0x75, 0x74, 0x5F, 0x18, 0x01,
	0x20, 0x80, 0x03, 0x28, 0x80, 0x05, 0x30, 0x03, 0x38, 0x00, 0x40, 0x00, 0x48, 0x08, 0x50, 0x01,
	0x58, 0x01, 0x60, 0x00, 0x6D, 0x00, 0x00, 0x80, 0x3F, 0x70, 0x00, 0x78, 0x00, 0x12, 0x36, 0x08,
	0x01, 0x12, 0x13, 0x6D, 0x6F, 0x64, 0x65, 0x6C, 0x2E, 0x6D, 0x6F, 0x64, 0x65, 0x6C, 0x2E, 0x32,
	0x34, 0x2E, 0x61, 0x63, 0x74, 0x31, 0x18, 0x01, 0x20, 0x30, 0x28, 0x50, 0x30, 0x12, 0x38, 0x80,
	0xD9, 0x02, 0x40, 0x07, 0x48, 0x08, 0x50, 0x01, 0x58, 0x00, 0x60, 0x00, 0x6D, 0xBE, 0x37, 0x80,
	0x3B, 0x70, 0x00, 0x78, 0x00, 0x12, 0x34, 0x08, 0x02, 0x12, 0x13, 0x6D, 0x6F, 0x64, 0x65, 0x6C,
	0x2E, 0x6D, 0x6F, 0x64, 0x65, 0x6C, 0x2E, 0x32, 0x34, 0x2E, 0x61, 0x63, 0x74, 0x32, 0x18, 0x01,
	0x20, 0x18, 0x28, 0x28, 0x30, 0x12, 0x38, 0x00, 0x40, 0x07, 0x48, 0x08, 0x50, 0x01, 0x58, 0x00,
	0x60, 0x00, 0x6D, 0xE5, 0x67, 0x80, 0x3B, 0x70, 0x00, 0x78, 0x00, 0x12, 0x36, 0x08, 0x03, 0x12,
	0x13, 0x6D, 0x6F, 0x64, 0x65, 0x6C, 0x2E, 0x6D, 0x6F, 0x64, 0x65, 0x6C, 0x2E, 0x32, 0x34, 0x2E,
	0x61, 0x63, 0x74, 0x33, 0x18, 0x01, 0x20, 0x0C, 0x28, 0x14, 0x30, 0x12, 0x38, 0x80, 0xAC, 0x02,
	0x40, 0x07, 0x48, 0x08, 0x50, 0x01, 0x58, 0x00, 0x60, 0x00, 0x6D, 0x06, 0x0B, 0x7C, 0x3B, 0x70,
	0x00, 0x78, 0x00, 0x32, 0x85, 0xDA, 0x07, 0x0A, 0x02, 0x08, 0x00, 0x12, 0x06, 0x08, 0x01, 0x08,
	0x02, 0x08, 0x03, 0x1A, 0xF5, 0xD9, 0x07, 0x12, 0xA8, 0xD9, 0x07, 0x00, 0x00, 0x00, 0x00, 0x00,
	0x00, 0x00, 0x00, 0x00, 0x00, 0x00, 0x00, 0x00, 0x00, 0x14, 0x00, 0x00, 0x00, 0x00, 0x00, 0x00,
	0x00, 0x00, 0x00, 0x66, 0x00, 0x00, 0x00, 0x20, 0x00, 0xF0, 0x00, 0x00, 0x00, 0x00, 0x00, 0x3D,
	0x7F, 0x23, 0x02, 0x00, 0x00, 0x00, 0x00, 0x00, 0x00, 0x02, 0x00, 0x28, 0x00, 0x00, 0x00, 0x00,
	0x00, 0x00, 0x00, 0x00, 0x00, 0x00, 0x00, 0x38, 0x00, 0x00, 0x00, 0x00, 0x00, 0x00, 0x00, 0x00,
	0x00, 0x0A, 0x23, 0x16, 0x00, 0x00, 0x00, 0x00, 0x00, 0x24, 0x00, 0x00, 0x00, 0x00, 0x00, 0x26,
	0x00, 0x00, 0x00, 0x00, 0x80, 0x00, 0x00, 0x00, 0x00, 0x00, 0x00, 0x29, 0x40, 0x00, 0x04, 0x00,
	0x00, 0x00, 0x00, 0x00, 0x80, 0x00, 0x00, 0x16, 0x20, 0x01, 0x00, 0x00, 0x00, 0x24, 0x00, 0x10,
	0x09, 0x00, 0x00, 0x26, 0x00, 0x00, 0x80, 0x00, 0x80, 0x00, 0x00, 0x3C, 0x00, 0x00, 0x00, 0x29,
	0x54, 0x00, 0x04, 0x00, 0x00, 0x00, 0x12, 0x7C, 0x80, 0x00, 0x00, 0x28, 0x00, 0x00, 0x00, 0x00,
	0x00, 0x00, 0x00, 0x00, 0x00, 0x00, 0x00, 0x38, 0x00, 0x00, 0x00, 0x00, 0x00, 0x00, 0x00, 0x00,
	0x00, 0x88, 0x2B, 0x16, 0x00, 0x00, 0x00, 0x00, 0x00, 0x12, 0x00, 0x00, 0x12, 0x00, 0x00, 0x26,
	0x00, 0x00, 0x00, 0x01, 0x80, 0x00, 0x00, 0x14, 0x00, 0x00, 0x00, 0x29, 0x31, 0x08, 0x0C, 0x04,
	0x00, 0x01, 0x00, 0x14, 0x80, 0x00, 0x00, 0x16, 0x20, 0x01, 0x00, 0x02, 0x00, 0x12, 0x00, 0x10,
	0x16, 0x00, 0x00, 0x26, 0x00, 0x00, 0x80, 0x01, 0x80, 0x00, 0x00, 0x28, 0x00, 0x00, 0x00, 0x29,
	0x36, 0x08, 0x0C, 0x04, 0x00, 0x01, 0x12, 0x68, 0x80, 0x00, 0x00, 0x16, 0x00, 0x00, 0x00, 0x00,
	0x00, 0x12, 0x00, 0x00, 0x1B, 0x00, 0x00, 0x26, 0x00, 0x00, 0x00, 0x02, 0x80, 0x00, 0x00, 0x00,
	0x00, 0x00, 0x00, 0x29, 0x3B, 0x08, 0x0C, 0x04, 0x00, 0x01, 0x00, 0x00, 0x80, 0x00, 0x00, 0x2E,
	0x20, 0x0A, 0x00, 0x00, 0x00, 0xE0, 0x41, 0x00, 0x00, 0x0F, 0x00, 0x00, 0x00, 0x00, 0x00, 0x00,
	0x00, 0x00, 0x00, 0x00, 0x00, 0x00, 0x00, 0x00, 0x00, 0x14, 0x00, 0x00, 0x00, 0x00, 0x00, 0x00,
	0x00, 0x00, 0x00, 0x66, 0x00, 0x00, 0x00, 0x20, 0x00, 0x90, 0x01, 0x00, 0x00, 0x00, 0x00, 0x3D,
	0x7F, 0x20, 0x02, 0x00, 0x00, 0x00, 0x00, 0x00, 0x00, 0x06, 0x00, 0x28, 0x00, 0x00, 0x00, 0x00,
	0x00, 0x00, 0x00, 0x00, 0x00, 0x00, 0x00, 0x38, 0x00, 0x00, 0x00, 0x00, 0x00, 0x00, 0x00, 0x00,
	0x00, 0x0A, 0x23, 0x16, 0x20, 0x01, 0x00, 0x00, 0x00, 0x24, 0x00, 0x10, 0x00, 0x00, 0x00, 0x26,
	0x00, 0x00, 0x00, 0x00, 0x80, 0x00, 0x00, 0x3C, 0x00, 0x00, 0x00, 0x29, 0x80, 0x10, 0x14, 0x0C,
	0x00, 0x00, 0x12, 0x7C, 0x80, 0x00, 0x00, 0x16, 0x00, 0x00, 0x00, 0x00, 0x00, 0x24, 0x00, 0x00,
	0x09, 0x00, 0x00, 0x26, 0x00, 0x00, 0x80, 0x00, 0x80, 0x00, 0x00, 0x14, 0x00, 0x00, 0x00, 0x29,
	0x9E, 0x10, 0x14, 0x0C, 0x00, 0x00, 0x00, 0x14, 0x80, 0x00, 0x00, 0x28, 0x00, 0x00, 0x00, 0x00,
	0x00, 0x00, 0x00, 0x00, 0x00, 0x00, 0x00, 0x38, 0x00, 0x00, 0x00, 0x00, 0x00, 0x00, 0x00, 0x00,
	0x00, 0x88, 0x2B, 0x16, 0x20, 0x01, 0x00, 0x00, 0x00, 0x12, 0x00, 0x10, 0x12, 0x00, 0x00, 0x26,
	0x00, 0x00, 0x00, 0x01, 0x80, 0x00, 0x00, 0x28, 0x00, 0x00, 0x00, 0x29, 0x71, 0x08, 0x18, 0x10,
	0x00, 0x02, 0x12, 0x68, 0x80, 0x00, 0x00, 0x16, 0x00, 0x00, 0x00, 0x02, 0x00, 0x12, 0x00, 0x00,
	0x16, 0x00, 0x00, 0x26, 0x00, 0x00, 0x80, 0x01, 0x80, 0x00, 0x00, 0x00, 0x00, 0x00, 0x00, 0x29,
	0x76, 0x08, 0x18, 0x10, 0x00, 0x02, 0x00, 0x00, 0x80, 0x00, 0x00, 0x16, 0x20, 0x01, 0x00, 0x00,
	0x00, 0x12, 0x00, 0x10, 0x1B, 0x00, 0x00, 0x26, 0x00, 0x00, 0x00, 0x02, 0x80, 0x00, 0x00, 0x3C,
	0x00, 0x00, 0x00, 0x29, 0x7B, 0x08, 0x18, 0x10, 0x00, 0x02, 0x12, 0x7C, 0x80, 0x00, 0x00, 0x2E,
	0x20, 0x0A, 0x00, 0x00, 0x00, 0xE0, 0xC1, 0x00, 0x05, 0x0F, 0x00, 0x00, 0x00, 0x00, 0x00, 0x00,
	0x00, 0x00, 0x00, 0x00, 0x00, 0x00, 0x00, 0x00, 0x00, 0x14, 0x00, 0x00, 0x00, 0x00, 0x00, 0x00,
	0x00, 0x00, 0x00, 0x66, 0x00, 0x00, 0x00, 0x20, 0x00, 0x90, 0x01, 0x00, 0x28, 0x00, 0x00, 0x3D,
	0x7F, 0x20, 0x02, 0x00, 0x00, 0x00, 0x00, 0x00, 0x00, 0x06, 0x00, 0x28, 0x00, 0x00, 0x00, 0x00,
	0x00, 0x00, 0x00, 0x00, 0x00, 0x00, 0x00, 0x38, 0x00, 0x00, 0x00, 0x00, 0x00, 0x00, 0x00, 0x00,
	0x00, 0x0A, 0x23, 0x16, 0x00, 0x00, 0x00, 0x00, 0x00, 0x24, 0x00, 0x00, 0x00, 0x00, 0x00, 0x26,
	0x00, 0x00, 0x00, 0x00, 0x80, 0x00, 0x00, 0x14, 0x00, 0x00, 0x00, 0x29, 0x80, 0x10, 0x14, 0x0C,
	0x00, 0x00, 0x00, 0x14, 0x80, 0x00, 0x00, 0x16, 0x20, 0x01, 0x00, 0x00, 0x00, 0x24, 0x00, 0x10,
	0x09, 0x00, 0x00, 0x26, 0x00, 0x00, 0x80, 0x00, 0x80, 0x00, 0x00, 0x28, 0x00, 0x00, 0x00, 0x29,
	0x9E, 0x10, 0x14, 0x0C, 0x00, 0x00, 0x12, 0x68, 0x80, 0x00, 0x00, 0x28, 0x00, 0x00, 0x00, 0x00,
	0x00, 0x00, 0x00, 0x00, 0x00, 0x00, 0x00, 0x38, 0x00, 0x00, 0x00, 0x00, 0x00, 0x00, 0x00, 0x00,
	0x00, 0x88, 0x2B, 0x16, 0x00, 0x00, 0x00, 0x00, 0x00, 0x12, 0x00, 0x00, 0x12, 0x00, 0x00, 0x26,
	0x00, 0x00, 0x00, 0x01, 0x80, 0x00, 0x00, 0x00, 0x00, 0x00, 0x00, 0x29, 0x71, 0x08, 0x18, 0x10,
	0x00, 0x02, 0x00, 0x00, 0x80, 0x00, 0x00, 0x16, 0x20, 0x01, 0x00, 0x02, 0x00, 0x12, 0x00, 0x10,
	0x16, 0x00, 0x00, 0x26, 0x00, 0x00, 0x80, 0x01, 0x80, 0x00, 0x00, 0x3C, 0x00, 0x00, 0x00, 0x29,
	0x76, 0x08, 0x18, 0x10, 0x00, 0x02, 0x12, 0x7C, 0x80, 0x00, 0x00, 0x16, 0x00, 0x00, 0x00, 0x00,
	0x00, 0x12, 0x00, 0x00, 0x1B, 0x00, 0x00, 0x26, 0x00, 0x00, 0x00, 0x02, 0x80, 0x00, 0x00, 0x14,
	0x00, 0x00, 0x00, 0x29, 0x7B, 0x08, 0x18, 0x10, 0x00, 0x02, 0x00, 0x14, 0x80, 0x00, 0x00, 0x2E,
	0x20, 0x0A, 0x00, 0x00, 0x00, 0xE0, 0xC1, 0x00, 0x0A, 0x0F, 0x00, 0x00, 0x00, 0x00, 0x00, 0x00,
	0x00, 0x00, 0x00, 0x00, 0x00, 0x00, 0x00, 0x00, 0x00, 0x14, 0x00, 0x00, 0x00, 0x00, 0x00, 0x00,
	0x00, 0x00, 0x00, 0x66, 0x00, 0x00, 0x00, 0x20, 0x00, 0x90, 0x01, 0x00, 0x50, 0x00, 0x00, 0x3D,
	0x7F, 0x20, 0x02, 0x00, 0x00, 0x00, 0x00, 0x00, 0x00, 0x06, 0x00, 0x28, 0x00, 0x00, 0x00, 0x00,
	0x00, 0x00, 0x00, 0x00, 0x00, 0x00, 0x00, 0x38, 0x00, 0x00, 0x00, 0x00, 0x00, 0x00, 0x00, 0x00,
	0x00, 0x0A, 0x23, 0x16, 0x20, 0x01, 0x00, 0x00, 0x00, 0x24, 0x00, 0x10, 0x00, 0x00, 0x00, 0x26,
	0x00, 0x00, 0x00, 0x00, 0x80, 0x00, 0x00, 0x28, 0x00, 0x00, 0x00, 0x29, 0x80, 0x10, 0x14, 0x0C,
	0x00, 0x00, 0x12, 0x68, 0x80, 0x00, 0x00, 0x16, 0x00, 0x00, 0x00, 0x00, 0x00, 0x24, 0x00, 0x00,
	0x09, 0x00, 0x00, 0x26, 0x00, 0x00, 0x80, 0x00, 0x80, 0x00, 0x00, 0x00, 0x00, 0x00, 0x00, 0x29,
	0x9E, 0x10, 0x14, 0x0C, 0x00, 0x00, 0x00, 0x00, 0x80, 0x00, 0x00, 0x28, 0x00, 0x00, 0x00, 0x00,
	0x00, 0x00, 0x00, 0x00, 0x00, 0x00, 0x00, 0x38, 0x00, 0x00, 0x00, 0x00, 0x00, 0x00, 0x00, 0x00,
	0x00, 0x88, 0x2B, 0x16, 0x20, 0x01, 0x00, 0x00, 0x00, 0x12, 0x00, 0x10, 0x12, 0x00, 0x00, 0x26,
	0x00, 0x00, 0x00, 0x01, 0x80, 0x00, 0x00, 0x3C, 0x00, 0x00, 0x00, 0x29, 0x71, 0x08, 0x18, 0x10,
	0x00, 0x02, 0x12, 0x7C, 0x80, 0x00, 0x00, 0x16, 0x00, 0x00, 0x00, 0x02, 0x00, 0x12, 0x00, 0x00,
	0x16, 0x00, 0x00, 0x26, 0x00, 0x00, 0x80, 0x01, 0x80, 0x00, 0x00, 0x14, 0x00, 0x00, 0x00, 0x29,
	0x76, 0x08, 0x18, 0x10, 0x00, 0x02, 0x00, 0x14, 0x80, 0x00, 0x00, 0x16, 0x20, 0x01, 0x00, 0x00,
	0x00, 0x12, 0x00, 0x10, 0x1B, 0x00, 0x00, 0x26, 0x00, 0x00, 0x00, 0x02, 0x80, 0x00, 0x00, 0x28,
	0x00, 0x00, 0x00, 0x29, 0x7B, 0x08, 0x18, 0x10, 0x00, 0x02, 0x12, 0x68, 0x80, 0x00, 0x00, 0x2E,
	0x20, 0x0A, 0x00, 0x00, 0x00, 0xE0, 0xC1, 0x00, 0x0F, 0x0F, 0x00, 0x00, 0x00, 0x00, 0x00, 0x00,
	0x00, 0x00, 0x00, 0x00, 0x00, 0x00, 0x00, 0x00, 0x00, 0x14, 0x00, 0x00, 0x00, 0x00, 0x00, 0x00,
	0x00, 0x00, 0x00, 0x66, 0x00, 0x00, 0x00, 0x20, 0x00, 0x90, 0x01, 0x00, 0x78, 0x00, 0x00, 0x3D,
	0x7F, 0x20, 0x02, 0x00, 0x00, 0x00, 0x00, 0x00, 0x00, 0x06, 0x00, 0x28, 0x00, 0x00, 0x00, 0x00,
	0x00, 0x00, 0x00, 0x00, 0x00, 0x00, 0x00, 0x38, 0x00, 0x00, 0x00, 0x00, 0x00, 0x00, 0x00, 0x00,
	0x00, 0x0A, 0x23, 0x16, 0x00, 0x00, 0x00, 0x00, 0x00, 0x24, 0x00, 0x00, 0x00, 0x00, 0x00, 0x26,
	0x00, 0x00, 0x00, 0x00, 0x80, 0x00, 0x00, 0x00, 0x00, 0x00, 0x00, 0x29, 0x80, 0x10, 0x14, 0x0C,
	0x00, 0x00, 0x00, 0x00, 0x80, 0x00, 0x00, 0x16, 0x20, 0x01, 0x00, 0x00, 0x00, 0x24, 0x00, 0x10,
	0x09, 0x00, 0x00, 0x26, 0x00, 0x00, 0x80, 0x00, 0x80, 0x00, 0x00, 0x3C, 0x00, 0x00, 0x00, 0x29,
	0x9E, 0x10, 0x14, 0x0C, 0x00, 0x00, 0x12, 0x7C, 0x80, 0x00, 0x00, 0x28, 0x00, 0x00, 0x00, 0x00,
	0x00, 0x00, 0x00, 0x00, 0x00, 0x00, 0x00, 0x38, 0x00, 0x00, 0x00, 0x00, 0x00, 0x00, 0x00, 0x00,
	0x00, 0x88, 0x2B, 0x16, 0x00, 0x00, 0x00, 0x00, 0x00, 0x12, 0x00, 0x00, 0x12, 0x00, 0x00, 0x26,
	0x00, 0x00, 0x00, 0x01, 0x80, 0x00, 0x00, 0x14, 0x00, 0x00, 0x00, 0x29, 0x71, 0x08, 0x18, 0x10,
	0x00, 0x02, 0x00, 0x14, 0x80, 0x00, 0x00, 0x16, 0x20, 0x01, 0x00, 0x02, 0x00, 0x12, 0x00, 0x10,
	0x16, 0x00, 0x00, 0x26, 0x00, 0x00, 0x80, 0x01, 0x80, 0x00, 0x00, 0x28, 0x00, 0x00, 0x00, 0x29,
	0x76, 0x08, 0x18, 0x10, 0x00, 0x02, 0x12, 0x68, 0x80, 0x00, 0x00, 0x16, 0x00, 0x00, 0x00, 0x00,
	0x00, 0x12, 0x00, 0x00, 0x1B, 0x00, 0x00, 0x26, 0x00, 0x00, 0x00, 0x02, 0x80, 0x00, 0x00, 0x00,
	0x00, 0x00, 0x00, 0x29, 0x7B, 0x08, 0x18, 0x10, 0x00, 0x02, 0x00, 0x00, 0x80, 0x00, 0x00, 0x2E,
	0x20, 0x0A, 0x00, 0x00, 0x00, 0xE0, 0xC1, 0x00, 0x14, 0x0F, 0x00, 0x00, 0x00, 0x00, 0x00, 0x00,
	0x00, 0x00, 0x00, 0x00, 0x00, 0x00, 0x00, 0x00, 0x00, 0x14, 0x00, 0x00, 0x00, 0x00, 0x00, 0x00,
	0x00, 0x00, 0x00, 0x66, 0x00, 0x00, 0x00, 0x20, 0x00, 0x90, 0x01, 0x00, 0xA0, 0x00, 0x00, 0x3D,
	0x7F, 0x20, 0x02, 0x00, 0x00, 0x00, 0x00, 0x00, 0x00, 0x06, 0x00, 0x28, 0x00, 0x00, 0x00, 0x00,
	0x00, 0x00, 0x00, 0x00, 0x00, 0x00, 0x00, 0x38, 0x00, 0x00, 0x00, 0x00, 0x00, 0x00, 0x00, 0x00,
	0x00, 0x0A, 0x23, 0x16, 0x20, 0x01, 0x00, 0x00, 0x00, 0x24, 0x00, 0x10, 0x00, 0x00, 0x00, 0x26,
	0x00, 0x00, 0x00, 0x00, 0x80, 0x00, 0x00, 0x3C, 0x00, 0x00, 0x00, 0x29, 0x80, 0x10, 0x14, 0x0C,
	0x00, 0x00, 0x12, 0x7C, 0x80, 0x00, 0x00, 0x16, 0x00, 0x00, 0x00, 0x00, 0x00, 0x24, 0x00, 0x00,
	0x09, 0x00, 0x00, 0x26, 0x00, 0x00, 0x80, 0x00, 0x80, 0x00, 0x00, 0x14, 0x00, 0x00, 0x00, 0x29,
	0x9E, 0x10, 0x14, 0x0C, 0x00, 0x00, 0x00, 0x14, 0x80, 0x00, 0x00, 0x28, 0x00, 0x00, 0x00, 0x00,
	0x00, 0x00, 0x00, 0x00, 0x00, 0x00, 0x00, 0x38, 0x00, 0x00, 0x00, 0x00, 0x00, 0x00, 0x00, 0x00,
	0x00, 0x88, 0x2B, 0x16, 0x20, 0x01, 0x00, 0x00, 0x00, 0x12, 0x00, 0x10, 0x12, 0x00, 0x00, 0x26,
	0x00, 0x00, 0x00, 0x01, 0x80, 0x00, 0x00, 0x28, 0x00, 0x00, 0x00, 0x29, 0x71, 0x08, 0x18, 0x10,
	0x00, 0x02, 0x12, 0x68, 0x80, 0x00, 0x00, 0x16, 0x00, 0x00, 0x00, 0x02, 0x00, 0x12, 0x00, 0x00,
	0x16, 0x00, 0x00, 0x26, 0x00, 0x00, 0x80, 0x01, 0x80, 0x00, 0x00, 0x00, 0x00, 0x00, 0x00, 0x29,
	0x76, 0x08, 0x18, 0x10, 0x00, 0x02, 0x00, 0x00, 0x80, 0x00, 0x00, 0x16, 0x20, 0x01, 0x00, 0x00,
	0x00, 0x12, 0x00, 0x10, 0x1B, 0x00, 0x00, 0x26, 0x00, 0x00, 0x00, 0x02, 0x80, 0x00, 0x00, 0x3C,
	0x00, 0x00, 0x00, 0x29, 0x7B, 0x08, 0x18, 0x10, 0x00, 0x02, 0x12, 0x7C, 0x80, 0x00, 0x00, 0x2E,
	0x20, 0x0A, 0x00, 0x00, 0x00, 0xE0, 0xC1, 0x00, 0x19, 0x0F, 0x00, 0x00, 0x00, 0x00, 0x00, 0x00,
	0x00, 0x00, 0x00, 0x00, 0x00, 0x00, 0x00, 0x00, 0x00, 0x14, 0x00, 0x00, 0x00, 0x00, 0x00, 0x00,
	0x00, 0x00, 0x00, 0x66, 0x00, 0x00, 0x00, 0x20, 0x00, 0x90, 0x01, 0x00, 0xC8, 0x00, 0x00, 0x3D,
	0x7F, 0x20, 0x02, 0x00, 0x00, 0x00, 0x00, 0x00, 0x00, 0x06, 0x00, 0x28, 0x00, 0x00, 0x00, 0x00,
	0x00, 0x00, 0x00, 0x00, 0x00, 0x00, 0x00, 0x38, 0x00, 0x00, 0x00, 0x00, 0x00, 0x00, 0x00, 0x00,
	0x00, 0x0A, 0x23, 0x16, 0x00, 0x00, 0x00, 0x00, 0x00, 0x24, 0x00, 0x00, 0x00, 0x00, 0x00, 0x26,
	0x00, 0x00, 0x00, 0x00, 0x80, 0x00, 0x00, 0x14, 0x00, 0x00, 0x00, 0x29, 0x80, 0x10, 0x14, 0x0C,
	0x00, 0x00, 0x00, 0x14, 0x80, 0x00, 0x00, 0x16, 0x20, 0x01, 0x00, 0x00, 0x00, 0x24, 0x00, 0x10,
	0x09, 0x00, 0x00, 0x26, 0x00, 0x00, 0x80, 0x00, 0x80, 0x00, 0x00, 0x28, 0x00, 0x00, 0x00, 0x29,
	0x9E, 0x10, 0x14, 0x0C, 0x00, 0x00, 0x12, 0x68, 0x80, 0x00, 0x00, 0x28, 0x00, 0x00, 0x00, 0x00,
	0x00, 0x00, 0x00, 0x00, 0x00, 0x00, 0x00, 0x38, 0x00, 0x00, 0x00, 0x00, 0x00, 0x00, 0x00, 0x00,
	0x00, 0x88, 0x2B, 0x16, 0x00, 0x00, 0x00, 0x00, 0x00, 0x12, 0x00, 0x00, 0x12, 0x00, 0x00, 0x26,
	0x00, 0x00, 0x00, 0x01, 0x80, 0x00, 0x00, 0x00, 0x00, 0x00, 0x00, 0x29, 0x71, 0x08, 0x18, 0x10,
	0x00, 0x02, 0x00, 0x00, 0x80, 0x00, 0x00, 0x16, 0x20, 0x01, 0x00, 0x02, 0x00, 0x12, 0x00, 0x10,
	0x16, 0x00, 0x00, 0x26, 0x00, 0x00, 0x80, 0x01, 0x80, 0x00, 0x00, 0x3C, 0x00, 0x00, 0x00, 0x29,
	0x76, 0x08, 0x18, 0x10, 0x00, 0x02, 0x12, 0x7C, 0x80, 0x00, 0x00, 0x16, 0x00, 0x00, 0x00, 0x00,
	0x00, 0x12, 0x00, 0x00, 0x1B, 0x00, 0x00, 0x26, 0x00, 0x00, 0x00, 0x02, 0x80, 0x00, 0x00, 0x14,
	0x00, 0x00, 0x00, 0x29, 0x7B, 0x08, 0x18, 0x10, 0x00, 0x02, 0x00, 0x14, 0x80, 0x00, 0x00, 0x2E,
	0x20, 0x0A, 0x00, 0x00, 0x00, 0xE0, 0xC1, 0x00, 0x1E, 0x0F, 0x00, 0x00, 0x00, 0x00, 0x00, 0x00,
	0x00, 0x00, 0x00, 0x00, 0x00, 0x00, 0x00, 0x00, 0x00, 0x14, 0x00, 0x00, 0x00, 0x00, 0x00, 0x00,
	0x00, 0x00, 0x00, 0x66, 0x00, 0x00, 0x00, 0x20, 0x00, 0x90, 0x01, 0x00, 0xF0, 0x00, 0x00, 0x3D,
	0x7F, 0x20, 0x02, 0x00, 0x00, 0x00, 0x00, 0x00, 0x00, 0x06, 0x00, 0x28, 0x00, 0x00, 0x00, 0x00,
	0x00, 0x00, 0x00, 0x00, 0x00, 0x00, 0x00, 0x38, 0x00, 0x00, 0x00, 0x00, 0x00, 0x00, 0x00, 0x00,
	0x00, 0x0A, 0x23, 0x16, 0x20, 0x01, 0x00, 0x00, 0x00, 0x24, 0x00, 0x10, 0x00, 0x00, 0x00, 0x26,
	0x00, 0x00, 0x00, 0x00, 0x80, 0x00, 0x00, 0x28, 0x00, 0x00, 0x00, 0x29, 0x80, 0x10, 0x14, 0x0C,
	0x00, 0x00, 0x12, 0x68, 0x80, 0x00, 0x00, 0x16, 0x00, 0x00, 0x00, 0x00, 0x00, 0x24, 0x00, 0x00,
	0x09, 0x00, 0x00, 0x26, 0x00, 0x00, 0x80, 0x00, 0x80, 0x00, 0x00, 0x00, 0x00, 0x00, 0x00, 0x29,
	0x9E, 0x10, 0x14, 0x0C, 0x00, 0x00, 0x00, 0x00, 0x80, 0x00, 0x00, 0x28, 0x00, 0x00, 0x00, 0x00,
	0x00, 0x00, 0x00, 0x00, 0x00, 0x00, 0x00, 0x38, 0x00, 0x00, 0x00, 0x00, 0x00, 0x00, 0x00, 0x00,
	0x00, 0x88, 0x2B, 0x16, 0x20, 0x01, 0x00, 0x00, 0x00, 0x12, 0x00, 0x10, 0x12, 0x00, 0x00, 0x26,
	0x00, 0x00, 0x00, 0x01, 0x80, 0x00, 0x00, 0x3C, 0x00, 0x00, 0x00, 0x29, 0x71, 0x08, 0x18, 0x10,
	0x00, 0x02, 0x12, 0x7C, 0x80, 0x00, 0x00, 0x16, 0x00, 0x00, 0x00, 0x02, 0x00, 0x12, 0x00, 0x00,
	0x16, 0x00, 0x00, 0x26, 0x00, 0x00, 0x80, 0x01, 0x80, 0x00, 0x00, 0x14, 0x00, 0x00, 0x00, 0x29,
	0x76, 0x08, 0x18, 0x10, 0x00, 0x02, 0x00, 0x14, 0x80, 0x00, 0x00, 0x16, 0x20, 0x01, 0x00, 0x00,
	0x00, 0x12, 0x00, 0x10, 0x1B, 0x00, 0x00, 0x26, 0x00, 0x00, 0x00, 0x02, 0x80, 0x00, 0x00, 0x28,
	0x00, 0x00, 0x00, 0x29, 0x7B, 0x08, 0x18, 0x10, 0x00, 0x02, 0x12, 0x68, 0x80, 0x00, 0x00, 0x2E,
	0x20, 0x0A, 0x00, 0x00, 0x00, 0xE0, 0xC1, 0x00, 0x23, 0x0F, 0x00, 0x00, 0x00, 0x00, 0x00, 0x00,
	0x00, 0x00, 0x00, 0x00, 0x00, 0x00, 0x00, 0x00, 0x00, 0x14, 0x00, 0x00, 0x00, 0x00, 0x00, 0x00,
	0x00, 0x00, 0x00, 0x66, 0x00, 0x00, 0x00, 0x20, 0x00, 0x90, 0x01, 0x00, 0x18, 0x01, 0x00, 0x3D,
	0x7F, 0x20, 0x02, 0x00, 0x00, 0x00, 0x00, 0x00, 0x00, 0x06, 0x00, 0x28, 0x00, 0x00, 0x00, 0x00,
	0x00, 0x00, 0x00, 0x00, 0x00, 0x00, 0x00, 0x38, 0x00, 0x00, 0x00, 0x00, 0x00, 0x00, 0x00, 0x00,
	0x00, 0x0A, 0x23, 0x16, 0x00, 0x00, 0x00, 0x00, 0x00, 0x24, 0x00, 0x00, 0x00, 0x00, 0x00, 0x26,
	0x00, 0x00, 0x00, 0x00, 0x80, 0x00, 0x00, 0x00, 0x00, 0x00, 0x00, 0x29, 0x80, 0x10, 0x14, 0x0C,
	0x00, 0x00, 0x00, 0x00, 0x80, 0x00, 0x00, 0x16, 0x20, 0x01, 0x00, 0x00, 0x00, 0x24, 0x00, 0x10,
	0x09, 0x00, 0x00, 0x26, 0x00, 0x00, 0x80, 0x00, 0x80, 0x00, 0x00, 0x3C, 0x00, 0x00, 0x00, 0x29,
	0x9E, 0x10, 0x14, 0x0C, 0x00, 0x00, 0x12, 0x7C, 0x80, 0x00, 0x00, 0x28, 0x00, 0x00, 0x00, 0x00,
	0x00, 0x00, 0x00, 0x00, 0x00, 0x00, 0x00, 0x38, 0x00, 0x00, 0x00, 0x00, 0x00, 0x00, 0x00, 0x00,
	0x00, 0x88, 0x2B, 0x16, 0x00, 0x00, 0x00, 0x00, 0x00, 0x12, 0x00, 0x00, 0x12, 0x00, 0x00, 0x26,
	0x00, 0x00, 0x00, 0x01, 0x80, 0x00, 0x00, 0x14, 0x00, 0x00, 0x00, 0x29, 0x71, 0x08, 0x18, 0x10,
	0x00, 0x02, 0x00, 0x14, 0x80, 0x00, 0x00, 0x16, 0x20, 0x01, 0x00, 0x02, 0x00, 0x12, 0x00, 0x10,
	0x16, 0x00, 0x00, 0x26, 0x00, 0x00, 0x80, 0x01, 0x80, 0x00, 0x00, 0x28, 0x00, 0x00, 0x00, 0x29,
	0x76, 0x08, 0x18, 0x10, 0x00, 0x02, 0x12, 0x68, 0x80, 0x00, 0x00, 0x16, 0x00, 0x00, 0x00, 0x00,
	0x00, 0x12, 0x00, 0x00, 0x1B, 0x00, 0x00, 0x26, 0x00, 0x00, 0x00, 0x02, 0x80, 0x00, 0x00, 0x00,
	0x00, 0x00, 0x00, 0x29, 0x7B, 0x08, 0x18, 0x10, 0x00, 0x02, 0x00, 0x00, 0x80, 0x00, 0x00, 0x2E,
	0x20, 0x0A, 0x00, 0x00, 0x00, 0xE0, 0xC1, 0x00, 0x28, 0x0F, 0x00, 0x00, 0x00, 0x00, 0x00, 0x00,
	0x00, 0x00, 0x00, 0x00, 0x00, 0x00, 0x00, 0x00, 0x00, 0x14, 0x00, 0x00, 0x00, 0x00, 0x00, 0x00,
	0x00, 0x00, 0x00, 0x66, 0x00, 0x00, 0x00, 0x20, 0x00, 0x90, 0x01, 0x00, 0x40, 0x01, 0x00, 0x3D,
	0x7F, 0x20, 0x02, 0x00, 0x00, 0x00, 0x00, 0x00, 0x00, 0x06, 0x00, 0x28, 0x00, 0x00, 0x00, 0x00,
	0x00, 0x00, 0x00, 0x00, 0x00, 0x00, 0x00, 0x38, 0x00, 0x00, 0x00, 0x00, 0x00, 0x00, 0x00, 0x00,
	0x00, 0x0A, 0x23, 0x16, 0x20, 0x01, 0x00, 0x00, 0x00, 0x24, 0x00, 0x10, 0x00, 0x00, 0x00, 0x26,
	0x00, 0x00, 0x00, 0x00, 0x80, 0x00, 0x00, 0x3C, 0x00, 0x00, 0x00, 0x29, 0x80, 0x10, 0x14, 0x0C,
	0x00, 0x00, 0x12, 0x7C, 0x80, 0x00, 0x00, 0x16, 0x00, 0x00, 0x00, 0x00, 0x00, 0x24, 0x00, 0x00,
	0x09, 0x00, 0x00, 0x26, 0x00, 0x00, 0x80, 0x00, 0x80, 0x00, 0x00, 0x14, 0x00, 0x00, 0x00, 0x29,
	0x9E, 0x10, 0x14, 0x0C, 0x00, 0x00, 0x00, 0x14, 0x80, 0x00, 0x00, 0x28, 0x00, 0x00, 0x00, 0x00,
	0x00, 0x00, 0x00, 0x00, 0x00, 0x00, 0x00, 0x38, 0x00, 0x00, 0x00, 0x00, 0x00, 0x00, 0x00, 0x00,
	0x00, 0x88, 0x2B, 0x16, 0x20, 0x01, 0x00, 0x00, 0x00, 0x12, 0x00, 0x10, 0x12, 0x00, 0x00, 0x26,
	0x00, 0x00, 0x00, 0x01, 0x80, 0x00, 0x00, 0x28, 0x00, 0x00, 0x00, 0x29, 0x71, 0x08, 0x18, 0x10,
	0x00, 0x02, 0x12, 0x68, 0x80, 0x00, 0x00, 0x16, 0x00, 0x00, 0x00, 0x02, 0x00, 0x12, 0x00, 0x00,
	0x16, 0x00, 0x00, 0x26, 0x00, 0x00, 0x80, 0x01, 0x80, 0x00, 0x00, 0x00, 0x00, 0x00, 0x00, 0x29,
	0x76, 0x08, 0x18, 0x10, 0x00, 0x02, 0x00, 0x00, 0x80, 0x00, 0x00, 0x16, 0x20, 0x01, 0x00, 0x00,
	0x00, 0x12, 0x00, 0x10, 0x1B, 0x00, 0x00, 0x26, 0x00, 0x00, 0x00, 0x02, 0x80, 0x00, 0x00, 0x3C,
	0x00, 0x00, 0x00, 0x29, 0x7B, 0x08, 0x18, 0x10, 0x00, 0x02, 0x12, 0x7C, 0x80, 0x00, 0x00, 0x2E,
	0x20, 0x0A, 0x00, 0x00, 0x00, 0xE0, 0xC1, 0x00, 0x2D, 0x0F, 0x00, 0x00, 0x00, 0x00, 0x00, 0x00,
	0x00, 0x00, 0x00, 0x00, 0x00, 0x00, 0x00, 0x00, 0x00, 0x14, 0x00, 0x00, 0x00, 0x00, 0x00, 0x00,
	0x00, 0x00, 0x00, 0x66, 0x00, 0x00, 0x00, 0x20, 0x00, 0x90, 0x01, 0x00, 0x68, 0x01, 0x00, 0x3D,
	0x7F, 0x20, 0x02, 0x00, 0x00, 0x00, 0x00, 0x00, 0x00, 0x06, 0x00, 0x28, 0x00, 0x00, 0x00, 0x00,
	0x00, 0x00, 0x00, 0x00, 0x00, 0x00, 0x00, 0x38, 0x00, 0x00, 0x00, 0x00, 0x00, 0x00, 0x00, 0x00,
	0x00, 0x0A, 0x23, 0x16, 0x00, 0x00, 0x00, 0x00, 0x00, 0x24, 0x00, 0x00, 0x00, 0x00, 0x00, 0x26,
	0x00, 0x00, 0x00, 0x00, 0x80, 0x00, 0x00, 0x14, 0x00, 0x00, 0x00, 0x29, 0x80, 0x10, 0x14, 0x0C,
	0x00, 0x00, 0x00, 0x14, 0x80, 0x00, 0x00, 0x16, 0x20, 0x01, 0x00, 0x00, 0x00, 0x24, 0x00, 0x10,
	0x09, 0x00, 0x00, 0x26, 0x00, 0x00, 0x80, 0x00, 0x80, 0x00, 0x00, 0x28, 0x00, 0x00, 0x00, 0x29,
	0x9E, 0x10, 0x14, 0x0C, 0x00, 0x00, 0x12, 0x68, 0x80, 0x00, 0x00, 0x28, 0x00, 0x00, 0x00, 0x00,
	0x00, 0x00, 0x00, 0x00, 0x00, 0x00, 0x00, 0x38, 0x00, 0x00, 0x00, 0x00, 0x00, 0x00, 0x00, 0x00,
	0x00, 0x88, 0x2B, 0x16, 0x00, 0x00, 0x00, 0x00, 0x00, 0x12, 0x00, 0x00, 0x12, 0x00, 0x00, 0x26,
	0x00, 0x00, 0x00, 0x01, 0x80, 0x00, 0x00, 0x00, 0x00, 0x00, 0x00, 0x29, 0x71, 0x08, 0x18, 0x10,
	0x00, 0x02, 0x00, 0x00, 0x80, 0x00, 0x00, 0x16, 0x20, 0x01, 0x00, 0x02, 0x00, 0x12, 0x00, 0x10,
	0x16, 0x00, 0x00, 0x26, 0x00, 0x00, 0x80, 0x01, 0x80, 0x00, 0x00, 0x3C, 0x00, 0x00, 0x00, 0x29,
	0x76, 0x08, 0x18, 0x10, 0x00, 0x02, 0x12, 0x7C, 0x80, 0x00, 0x00, 0x16, 0x00, 0x00, 0x00, 0x00,
	0x00, 0x12, 0x00, 0x00, 0x1B, 0x00, 0x00, 0x26, 0x00, 0x00, 0x00, 0x02, 0x80, 0x00, 0x00, 0x14,
	0x00, 0x00, 0x00, 0x29, 0x7B, 0x08, 0x18, 0x10, 0x00, 0x02, 0x00, 0x14, 0x80, 0x00, 0x00, 0x2E,
	0x20, 0x0A, 0x00, 0x00, 0x00, 0xE0, 0xC1, 0x00, 0x32, 0x0F, 0x00, 0x00, 0x00, 0x00, 0x00, 0x00,
	0x00, 0x00, 0x00, 0x00, 0x00, 0x00, 0x00, 0x00, 0x00, 0x14, 0x00, 0x00, 0x00, 0x00, 0x00, 0x00,
	0x00, 0x00, 0x00, 0x66, 0x00, 0x00, 0x00, 0x20, 0x00, 0x90, 0x01, 0x00, 0x90, 0x01, 0x00, 0x3D,
	0x7F, 0x20, 0x02, 0x00, 0x00, 0x00, 0x00, 0x00, 0x00, 0x06, 0x00, 0x28, 0x00, 0x00, 0x00, 0x00,
	0x00, 0x00, 0x00, 0x00, 0x00, 0x00, 0x00, 0x38, 0x00, 0x00, 0x00, 0x00, 0x00, 0x00, 0x00, 0x00,
	0x00, 0x0A, 0x23, 0x16, 0x20, 0x01, 0x00, 0x00, 0x00, 0x24, 0x00, 0x10, 0x00, 0x00, 0x00, 0x26,
	0x00, 0x00, 0x00, 0x00, 0x80, 0x00, 0x00, 0x28, 0x00, 0x00, 0x00, 0x29, 0x80, 0x10, 0x14, 0x0C,
	0x00, 0x00, 0x12, 0x68, 0x80, 0x00, 0x00, 0x16, 0x00, 0x00, 0x00, 0x00, 0x00, 0x24, 0x00, 0x00,
	0x09, 0x00, 0x00, 0x26, 0x00, 0x00, 0x80, 0x00, 0x80, 0x00, 0x00, 0x00, 0x00, 0x00, 0x00, 0x29,
	0x9E, 0x10, 0x14, 0x0C, 0x00, 0x00, 0x00, 0x00, 0x80, 0x00, 0x00, 0x28, 0x00, 0x00, 0x00, 0x00,
	0x00, 0x00, 0x00, 0x00, 0x00, 0x00, 0x00, 0x38, 0x00, 0x00, 0x00, 0x00, 0x00, 0x00, 0x00, 0x00,
	0x00, 0x88, 0x2B, 0x16, 0x20, 0x01, 0x00, 0x00, 0x00, 0x12, 0x00, 0x10, 0x12, 0x00, 0x00, 0x26,
	0x00, 0x00, 0x00, 0x01, 0x80, 0x00, 0x00, 0x3C, 0x00, 0x00, 0x00, 0x29, 0x71, 0x08, 0x18, 0x10,
	0x00, 0x02, 0x12, 0x7C, 0x80, 0x00, 0x00, 0x16, 0x00, 0x00, 0x00, 0x02, 0x00, 0x12, 0x00, 0x00,
	0x16, 0x00, 0x00, 0x26, 0x00, 0x00, 0x80, 0x01, 0x80, 0x00, 0x00, 0x14, 0x00, 0x00, 0x00, 0x29,
	0x76, 0x08, 0x18, 0x10, 0x00, 0x02, 0x00, 0x14, 0x80, 0x00, 0x00, 0x16, 0x20, 0x01, 0x00, 0x00,
	0x00, 0x12, 0x00, 0x10, 0x1B, 0x00, 0x00, 0x26, 0x00, 0x00, 0x00, 0x02, 0x80, 0x00, 0x00, 0x28,
	0x00, 0x00, 0x00, 0x29, 0x7B, 0x08, 0x18, 0x10, 0x00, 0x02, 0x12, 0x68, 0x80, 0x00, 0x00, 0x2E,
	0x20, 0x0A, 0x00, 0x00, 0x00, 0xE0, 0xC1, 0x00, 0x37, 0x0F, 0x00, 0x00, 0x00, 0x00, 0x00, 0x00,
	0x00, 0x00, 0x00, 0x00, 0x00, 0x00, 0x00, 0x00, 0x00, 0x14, 0x00, 0x00, 0x00, 0x00, 0x00, 0x00,
	0x00, 0x00, 0x00, 0x66, 0x00, 0x00, 0x00, 0x20, 0x00, 0x90, 0x01, 0x00, 0xB8, 0x01, 0x00, 0x3D,
	0x7F, 0x20, 0x02, 0x00, 0x00, 0x00, 0x00, 0x00, 0x00, 0x06, 0x00, 0x28, 0x00, 0x00, 0x00, 0x00,
	0x00, 0x00, 0x00, 0x00, 0x00, 0x00, 0x00, 0x38, 0x00, 0x00, 0x00, 0x00, 0x00, 0x00, 0x00, 0x00,
	0x00, 0x0A, 0x23, 0x16, 0x00, 0x00, 0x00, 0x00, 0x00, 0x24, 0x00, 0x00, 0x00, 0x00, 0x00, 0x26,
	0x00, 0x00, 0x00, 0x00, 0x80, 0x00, 0x00, 0x00, 0x00, 0x00, 0x00, 0x29, 0x80, 0x10, 0x14, 0x0C,
	0x00, 0x00, 0x00, 0x00, 0x80, 0x00, 0x00, 0x16, 0x20, 0x01, 0x00, 0x00, 0x00, 0x24, 0x00, 0x10,
	0x09, 0x00, 0x00, 0x26, 0x00, 0x00, 0x80, 0x00, 0x80, 0x00, 0x00, 0x3C, 0x00, 0x00, 0x00, 0x29,
	0x9E, 0x10, 0x14, 0x0C, 0x00, 0x00, 0x12, 0x7C, 0x80, 0x00, 0x00, 0x28, 0x00, 0x00, 0x00, 0x00,
	0x00, 0x00, 0x00, 0x00, 0x00, 0x00, 0x00, 0x38, 0x00, 0x00, 0x00, 0x00, 0x00, 0x00, 0x00, 0x00,
	0x00, 0x88, 0x2B, 0x16, 0x00, 0x00, 0x00, 0x00, 0x00, 0x12, 0x00, 0x00, 0x12, 0x00, 0x00, 0x26,
	0x00, 0x00, 0x00, 0x01, 0x80, 0x00, 0x00, 0x14, 0x00, 0x00, 0x00, 0x29, 0x71, 0x08, 0x18, 0x10,
	0x00, 0x02, 0x00, 0x14, 0x80, 0x00, 0x00, 0x16, 0x20, 0x01, 0x00, 0x02, 0x00, 0x12, 0x00, 0x10,
	0x16, 0x00, 0x00, 0x26, 0x00, 0x00, 0x80, 0x01, 0x80, 0x00, 0x00, 0x28, 0x00, 0x00, 0x00, 0x29,
	0x76, 0x08, 0x18, 0x10, 0x00, 0x02, 0x12, 0x68, 0x80, 0x00, 0x00, 0x16, 0x00, 0x00, 0x00, 0x00,
	0x00, 0x12, 0x00, 0x00, 0x1B, 0x00, 0x00, 0x26, 0x00, 0x00, 0x00, 0x02, 0x80, 0x00, 0x00, 0x00,
	0x00, 0x00, 0x00, 0x29, 0x7B, 0x08, 0x18, 0x10, 0x00, 0x02, 0x00, 0x00, 0x80, 0x00, 0x00, 0x2E,
	0x20, 0x0A, 0x00, 0x00, 0x00, 0xE0, 0xC1, 0x00, 0x3C, 0x0F, 0x00, 0x00, 0x00, 0x00, 0x00, 0x00,
	0x00, 0x00, 0x00, 0x00, 0x00, 0x00, 0x00, 0x00, 0x00, 0x14, 0x00, 0x00, 0x00, 0x00, 0x00, 0x00,
	0x00, 0x00, 0x00, 0x66, 0x00, 0x00, 0x00, 0x20, 0x00, 0x90, 0x01, 0x00, 0xE0, 0x01, 0x00, 0x3D,
	0x7F, 0x20, 0x02, 0x00, 0x00, 0x00, 0x00, 0x00, 0x00, 0x06, 0x00, 0x28, 0x00, 0x00, 0x00, 0x00,
	0x00, 0x00, 0x00, 0x00, 0x00, 0x00, 0x00, 0x38, 0x00, 0x00, 0x00, 0x00, 0x00, 0x00, 0x00, 0x00,
	0x00, 0x0A, 0x23, 0x16, 0x20, 0x01, 0x00, 0x00, 0x00, 0x24, 0x00, 0x10, 0x00, 0x00, 0x00, 0x26,
	0x00, 0x00, 0x00, 0x00, 0x80, 0x00, 0x00, 0x3C, 0x00, 0x00, 0x00, 0x29, 0x80, 0x10, 0x14, 0x0C,
	0x00, 0x00, 0x12, 0x7C, 0x80, 0x00, 0x00, 0x16, 0x00, 0x00, 0x00, 0x00, 0x00, 0x24, 0x00, 0x00,
	0x09, 0x00, 0x00, 0x26, 0x00, 0x00, 0x80, 0x00, 0x80, 0x00, 0x00, 0x14, 0x00, 0x00, 0x00, 0x29,
	0x9E, 0x10, 0x14, 0x0C, 0x00, 0x00, 0x00, 0x14, 0x80, 0x00, 0x00, 0x28, 0x00, 0x00, 0x00, 0x00,
	0x00, 0x00, 0x00, 0x00, 0x00, 0x00, 0x00, 0x38, 0x00, 0x00, 0x00, 0x00, 0x00, 0x00, 0x00, 0x00,
	0x00, 0x88, 0x2B, 0x16, 0x20, 0x01, 0x00, 0x00, 0x00, 0x12, 0x00, 0x10, 0x12, 0x00, 0x00, 0x26,
	0x00, 0x00, 0x00, 0x01, 0x80, 0x00, 0x00, 0x28, 0x00, 0x00, 0x00, 0x29, 0x71, 0x08, 0x18, 0x10,
	0x00, 0x02, 0x12, 0x68, 0x80, 0x00, 0x00, 0x16, 0x00, 0x00, 0x00, 0x02, 0x00, 0x12, 0x00, 0x00,
	0x16, 0x00, 0x00, 0x26, 0x00, 0x00, 0x80, 0x01, 0x80, 0x00, 0x00, 0x00, 0x00, 0x00, 0x00, 0x29,
	0x76, 0x08, 0x18, 0x10, 0x00, 0x02, 0x00, 0x00, 0x80, 0x00, 0x00, 0x16, 0x20, 0x01, 0x00, 0x00,
	0x00, 0x12, 0x00, 0x10, 0x1B, 0x00, 0x00, 0x26, 0x00, 0x00, 0x00, 0x02, 0x80, 0x00, 0x00, 0x3C,
	0x00, 0x00, 0x00, 0x29, 0x7B, 0x08, 0x18, 0x10, 0x00, 0x02, 0x12, 0x7C, 0x80, 0x00, 0x00, 0x2E,
	0x20, 0x0A, 0x00, 0x00, 0x00, 0xE0, 0xC1, 0x00, 0x41, 0x0F, 0x00, 0x00, 0x00, 0x00, 0x00, 0x00,
	0x00, 0x00, 0x00, 0x00, 0x00, 0x00, 0x00, 0x00, 0x00, 0x14, 0x00, 0x00, 0x00, 0x00, 0x00, 0x00,
	0x00, 0x00, 0x00, 0x66, 0x00, 0x00, 0x00, 0x20, 0x00, 0x90, 0x01, 0x00, 0x08, 0x02, 0x00, 0x3D,
	0x7F, 0x20, 0x02, 0x00, 0x00, 0x00, 0x00, 0x00, 0x00, 0x06, 0x00, 0x28, 0x00, 0x00, 0x00, 0x00,
	0x00, 0x00, 0x00, 0x00, 0x00, 0x00, 0x00, 0x38, 0x00, 0x00, 0x00, 0x00, 0x00, 0x00, 0x00, 0x00,
	0x00, 0x0A, 0x23, 0x16, 0x00, 0x00, 0x00, 0x00, 0x00, 0x24, 0x00, 0x00, 0x00, 0x00, 0x00, 0x26,
	0x00, 0x00, 0x00, 0x00, 0x80, 0x00, 0x00, 0x14, 0x00, 0x00, 0x00, 0x29, 0x80, 0x10, 0x14, 0x0C,
	0x00, 0x00, 0x00, 0x14, 0x80, 0x00, 0x00, 0x16, 0x20, 0x01, 0x00, 0x00, 0x00, 0x24, 0x00, 0x10,
	0x09, 0x00, 0x00, 0x26, 0x00, 0x00, 0x80, 0x00, 0x80, 0x00, 0x00, 0x28, 0x00, 0x00, 0x00, 0x29,
	0x9E, 0x10, 0x14, 0x0C, 0x00, 0x00, 0x12, 0x68, 0x80, 0x00, 0x00, 0x28, 0x00, 0x00, 0x00, 0x00,
	0x00, 0x00, 0x00, 0x00, 0x00, 0x00, 0x00, 0x38, 0x00, 0x00, 0x00, 0x00, 0x00, 0x00, 0x00, 0x00,
	0x00, 0x88, 0x2B, 0x16, 0x00, 0x00, 0x00, 0x00, 0x00, 0x12, 0x00, 0x00, 0x12, 0x00, 0x00, 0x26,
	0x00, 0x00, 0x00, 0x01, 0x80, 0x00, 0x00, 0x00, 0x00, 0x00, 0x00, 0x29, 0x71, 0x08, 0x18, 0x10,
	0x00, 0x02, 0x00, 0x00, 0x80, 0x00, 0x00, 0x16, 0x20, 0x01, 0x00, 0x02, 0x00, 0x12, 0x00, 0x10,
	0x16, 0x00, 0x00, 0x26, 0x00, 0x00, 0x80, 0x01, 0x80, 0x00, 0x00, 0x3C, 0x00, 0x00, 0x00, 0x29,
	0x76, 0x08, 0x18, 0x10, 0x00, 0x02, 0x12, 0x7C, 0x80, 0x00, 0x00, 0x16, 0x00, 0x00, 0x00, 0x00,
	0x00, 0x12, 0x00, 0x00, 0x1B, 0x00, 0x00, 0x26, 0x00, 0x00, 0x00, 0x02, 0x80, 0x00, 0x00, 0x14,
	0x00, 0x00, 0x00, 0x29, 0x7B, 0x08, 0x18, 0x10, 0x00, 0x02, 0x00, 0x14, 0x80, 0x00, 0x00, 0x2E,
	0x20, 0x0A, 0x00, 0x00, 0x00, 0xE0, 0xC1, 0x00, 0x46, 0x0F, 0x00, 0x00, 0x00, 0x00, 0x00, 0x00,
	0x00, 0x00, 0x00, 0x00, 0x00, 0x00, 0x00, 0x00, 0x00, 0x14, 0x00, 0x00, 0x00, 0x00, 0x00, 0x00,
	0x00, 0x00, 0x00, 0x66, 0x00, 0x00, 0x00, 0x20, 0x00, 0x90, 0x01, 0x00, 0x30, 0x02, 0x00, 0x3D,
	0x7F, 0x20, 0x02, 0x00, 0x00, 0x00, 0x00, 0x00, 0x00, 0x06, 0x00, 0x28, 0x00, 0x00, 0x00, 0x00,
	0x00, 0x00, 0x00, 0x00, 0x00, 0x00, 0x00, 0x38, 0x00, 0x00, 0x00, 0x00, 0x00, 0x00, 0x00, 0x00,
	0x00, 0x0A, 0x23, 0x16, 0x20, 0x01, 0x00, 0x00, 0x00, 0x24, 0x00, 0x10, 0x00, 0x00, 0x00, 0x26,
	0x00, 0x00, 0x00, 0x00, 0x80, 0x00, 0x00, 0x28, 0x00, 0x00, 0x00, 0x29, 0x80, 0x10, 0x14, 0x0C,
	0x00, 0x00, 0x12, 0x68, 0x80, 0x00, 0x00, 0x16, 0x00, 0x00, 0x00, 0x00, 0x00, 0x24, 0x00, 0x00,
	0x09, 0x00, 0x00, 0x26, 0x00, 0x00, 0x80, 0x00, 0x80, 0x00, 0x00, 0x00, 0x00, 0x00, 0x00, 0x29,
	0x9E, 0x10, 0x14, 0x0C, 0x00, 0x00, 0x00, 0x00, 0x80, 0x00, 0x00, 0x28, 0x00, 0x00, 0x00, 0x00,
	0x00, 0x00, 0x00, 0x00, 0x00, 0x00, 0x00, 0x38, 0x00, 0x00, 0x00, 0x00, 0x00, 0x00, 0x00, 0x00,
	0x00, 0x88, 0x2B, 0x16, 0x20, 0x01, 0x00, 0x00, 0x00, 0x12, 0x00, 0x10, 0x12, 0x00, 0x00, 0x26,
	0x00, 0x00, 0x00, 0x01, 0x80, 0x00, 0x00, 0x3C, 0x00, 0x00, 0x00, 0x29, 0x71, 0x08, 0x18, 0x10,
	0x00, 0x02, 0x12, 0x7C, 0x80, 0x00, 0x00, 0x16, 0x00, 0x00, 0x00, 0x02, 0x00, 0x12, 0x00, 0x00,
	0x16, 0x00, 0x00, 0x26, 0x00, 0x00, 0x80, 0x01, 0x80, 0x00, 0x00, 0x14, 0x00, 0x00, 0x00, 0x29,
	0x76, 0x08, 0x18, 0x10, 0x00, 0x02, 0x00, 0x14, 0x80, 0x00, 0x00, 0x16, 0x20, 0x01, 0x00, 0x00,
	0x00, 0x12, 0x00, 0x10, 0x1B, 0x00, 0x00, 0x26, 0x00, 0x00, 0x00, 0x02, 0x80, 0x00, 0x00, 0x28,
	0x00, 0x00, 0x00, 0x29, 0x7B, 0x08, 0x18, 0x10, 0x00, 0x02, 0x12, 0x68, 0x80, 0x00, 0x00, 0x2E,
	0x20, 0x0A, 0x00, 0x00, 0x00, 0xE0, 0xC1, 0x00, 0x4B, 0x0F, 0x00, 0x00, 0x00, 0x00, 0x00, 0x00,
	0x00, 0x00, 0x00, 0x00, 0x00, 0x00, 0x00, 0x00, 0x00, 0x14, 0x00, 0x00, 0x00, 0x00, 0x00, 0x00,
	0x00, 0x00, 0x00, 0x66, 0x00, 0x00, 0x00, 0x20, 0x00, 0x90, 0x01, 0x00, 0x58, 0x02, 0x00, 0x3D,
	0x7F, 0x20, 0x02, 0x00, 0x00, 0x00, 0x00, 0x00, 0x00, 0x06, 0x00, 0x28, 0x00, 0x00, 0x00, 0x00,
	0x00, 0x00, 0x00, 0x00, 0x00, 0x00, 0x00, 0x38, 0x00, 0x00, 0x00, 0x00, 0x00, 0x00, 0x00, 0x00,
	0x00, 0x0A, 0x23, 0x16, 0x00, 0x00, 0x00, 0x00, 0x00, 0x24, 0x00, 0x00, 0x00, 0x00, 0x00, 0x26,
	0x00, 0x00, 0x00, 0x00, 0x80, 0x00, 0x00, 0x00, 0x00, 0x00, 0x00, 0x29, 0x80, 0x10, 0x14, 0x0C,
	0x00, 0x00, 0x00, 0x00, 0x80, 0x00, 0x00, 0x16, 0x20, 0x01, 0x00, 0x00, 0x00, 0x24, 0x00, 0x10,
	0x09, 0x00, 0x00, 0x26, 0x00, 0x00, 0x80, 0x00, 0x80, 0x00, 0x00, 0x3C, 0x00, 0x00, 0x00, 0x29,
	0x9E, 0x10, 0x14, 0x0C, 0x00, 0x00, 0x12, 0x7C, 0x80, 0x00, 0x00, 0x28, 0x00, 0x00, 0x00, 0x00,
	0x00, 0x00, 0x00, 0x00, 0x00, 0x00, 0x00, 0x38, 0x00, 0x00, 0x00, 0x00, 0x00, 0x00, 0x00, 0x00,
	0x00, 0x88, 0x2B, 0x16, 0x00, 0x00, 0x00, 0x00, 0x00, 0x12, 0x00, 0x00, 0x12, 0x00, 0x00, 0x26,
	0x00, 0x00, 0x00, 0x01, 0x80, 0x00, 0x00, 0x14, 0x00, 0x00, 0x00, 0x29, 0x71, 0x08, 0x18, 0x10,
	0x00, 0x02, 0x00, 0x14, 0x80, 0x00, 0x00, 0x16, 0x20, 0x01, 0x00, 0x02, 0x00, 0x12, 0x00, 0x10,
	0x16, 0x00, 0x00, 0x26, 0x00, 0x00, 0x80, 0x01, 0x80, 0x00, 0x00, 0x28, 0x00, 0x00, 0x00, 0x29,
	0x76, 0x08, 0x18, 0x10, 0x00, 0x02, 0x12, 0x68, 0x80, 0x00, 0x00, 0x16, 0x00, 0x00, 0x00, 0x00,
	0x00, 0x12, 0x00, 0x00, 0x1B, 0x00, 0x00, 0x26, 0x00, 0x00, 0x00, 0x02, 0x80, 0x00, 0x00, 0x00,
	0x00, 0x00, 0x00, 0x29, 0x7B, 0x08, 0x18, 0x10, 0x00, 0x02, 0x00, 0x00, 0x80, 0x00, 0x00, 0x2E,
	0x20, 0x0A, 0x00, 0x00, 0x00, 0xE0, 0xC1, 0x00, 0x50, 0x0F, 0x00, 0x00, 0x00, 0x00, 0x00, 0x00,
	0x00, 0x00, 0x00, 0x00, 0x00, 0x00, 0x00, 0x00, 0x00, 0x14, 0x00, 0x00, 0x00, 0x00, 0x00, 0x00,
	0x00, 0x00, 0x00, 0x66, 0x00, 0x00, 0x00, 0x20, 0x00, 0x90, 0x01, 0x00, 0x80, 0x02, 0x00, 0x3D,
	0x7F, 0x20, 0x02, 0x00, 0x00, 0x00, 0x00, 0x00, 0x00, 0x06, 0x00, 0x28, 0x00, 0x00, 0x00, 0x00,
	0x00, 0x00, 0x00, 0x00, 0x00, 0x00, 0x00, 0x38, 0x00, 0x00, 0x00, 0x00, 0x00, 0x00, 0x00, 0x00,
	0x00, 0x0A, 0x23, 0x16, 0x20, 0x01, 0x00, 0x00, 0x00, 0x24, 0x00, 0x10, 0x00, 0x00, 0x00, 0x26,
	0x00, 0x00, 0x00, 0x00, 0x80, 0x00, 0x00, 0x3C, 0x00, 0x00, 0x00, 0x29, 0x80, 0x10, 0x14, 0x0C,
	0x00, 0x00, 0x12, 0x7C, 0x80, 0x00, 0x00, 0x16, 0x00, 0x00, 0x00, 0x00, 0x00, 0x24, 0x00, 0x00,
	0x09, 0x00, 0x00, 0x26, 0x00, 0x00, 0x80, 0x00, 0x80, 0x00, 0x00, 0x14, 0x00, 0x00, 0x00, 0x29,
	0x9E, 0x10, 0x14, 0x0C, 0x00, 0x00, 0x00, 0x14, 0x80, 0x00, 0x00, 0x28, 0x00, 0x00, 0x00, 0x00,
	0x00, 0x00, 0x00, 0x00, 0x00, 0x00, 0x00, 0x38, 0x00, 0x00, 0x00, 0x00, 0x00, 0x00, 0x00, 0x00,
	0x00, 0x88, 0x2B, 0x16, 0x20, 0x01, 0x00, 0x00, 0x00, 0x12, 0x00, 0x10, 0x12, 0x00, 0x00, 0x26,
	0x00, 0x00, 0x00, 0x01, 0x80, 0x00, 0x00, 0x28, 0x00, 0x00, 0x00, 0x29, 0x71, 0x08, 0x18, 0x10,
	0x00, 0x02, 0x12, 0x68, 0x80, 0x00, 0x00, 0x16, 0x00, 0x00, 0x00, 0x02, 0x00, 0x12, 0x00, 0x00,
	0x16, 0x00, 0x00, 0x26, 0x00, 0x00, 0x80, 0x01, 0x80, 0x00, 0x00, 0x00, 0x00, 0x00, 0x00, 0x29,
	0x76, 0x08, 0x18, 0x10, 0x00, 0x02, 0x00, 0x00, 0x80, 0x00, 0x00, 0x16, 0x20, 0x01, 0x00, 0x00,
	0x00, 0x12, 0x00, 0x10, 0x1B, 0x00, 0x00, 0x26, 0x00, 0x00, 0x00, 0x02, 0x80, 0x00, 0x00, 0x3C,
	0x00, 0x00, 0x00, 0x29, 0x7B, 0x08, 0x18, 0x10, 0x00, 0x02, 0x12, 0x7C, 0x80, 0x00, 0x00, 0x2E,
	0x20, 0x0A, 0x00, 0x00, 0x00, 0xE0, 0xC1, 0x00, 0x55, 0x0F, 0x00, 0x00, 0x00, 0x00, 0x00, 0x00,
	0x00, 0x00, 0x00, 0x00, 0x00, 0x00, 0x00, 0x00, 0x00, 0x14, 0x00, 0x00, 0x00, 0x00, 0x00, 0x00,
	0x00, 0x00, 0x00, 0x66, 0x00, 0x00, 0x00, 0x20, 0x00, 0x90, 0x01, 0x00, 0xA8, 0x02, 0x00, 0x3D,
	0x7F, 0x20, 0x02, 0x00, 0x00, 0x00, 0x00, 0x00, 0x00, 0x06, 0x00, 0x28, 0x00, 0x00, 0x00, 0x00,
	0x00, 0x00, 0x00, 0x00, 0x00, 0x00, 0x00, 0x38, 0x00, 0x00, 0x00, 0x00, 0x00, 0x00, 0x00, 0x00,
	0x00, 0x0A, 0x23, 0x16, 0x00, 0x00, 0x00, 0x00, 0x00, 0x24, 0x00, 0x00, 0x00, 0x00, 0x00, 0x26,
	0x00, 0x00, 0x00, 0x00, 0x80, 0x00, 0x00, 0x14, 0x00, 0x00, 0x00, 0x29, 0x80, 0x10, 0x14, 0x0C,
	0x00, 0x00, 0x00, 0x14, 0x80, 0x00, 0x00, 0x16, 0x20, 0x01, 0x00, 0x00, 0x00, 0x24, 0x00, 0x10,
	0x09, 0x00, 0x00, 0x26, 0x00, 0x00, 0x80, 0x00, 0x80, 0x00, 0x00, 0x28, 0x00, 0x00, 0x00, 0x29,
	0x9E, 0x10, 0x14, 0x0C, 0x00, 0x00, 0x12, 0x68, 0x80, 0x00, 0x00, 0x28, 0x00, 0x00, 0x00, 0x00,
	0x00, 0x00, 0x00, 0x00, 0x00, 0x00, 0x00, 0x38, 0x00, 0x00, 0x00, 0x00, 0x00, 0x00, 0x00, 0x00,
	0x00, 0x88, 0x2B, 0x16, 0x00, 0x00, 0x00, 0x00, 0x00, 0x12, 0x00, 0x00, 0x12, 0x00, 0x00, 0x26,
	0x00, 0x00, 0x00, 0x01, 0x80, 0x00, 0x00, 0x00, 0x00, 0x00, 0x00, 0x29, 0x71, 0x08, 0x18, 0x10,
	0x00, 0x02, 0x00, 0x00, 0x80, 0x00, 0x00, 0x16, 0x20, 0x01, 0x00, 0x02, 0x00, 0x12, 0x00, 0x10,
	0x16, 0x00, 0x00, 0x26, 0x00, 0x00, 0x80, 0x01, 0x80, 0x00, 0x00, 0x3C, 0x00, 0x00, 0x00, 0x29,
	0x76, 0x08, 0x18, 0x10, 0x00, 0x02, 0x12, 0x7C, 0x80, 0x00, 0x00, 0x16, 0x00, 0x00, 0x00, 0x00,
	0x00, 0x12, 0x00, 0x00, 0x1B, 0x00, 0x00, 0x26, 0x00, 0x00, 0x00, 0x02, 0x80, 0x00, 0x00, 0x14,
	0x00, 0x00, 0x00, 0x29, 0x7B, 0x08, 0x18, 0x10, 0x00, 0x02, 0x00, 0x14, 0x80, 0x00, 0x00, 0x2E,
	0x20, 0x0A, 0x00, 0x00, 0x00, 0xE0, 0xC1, 0x00, 0x5A, 0x0F, 0x00, 0x00, 0x00, 0x00, 0x00, 0x00,
	0x00, 0x00, 0x00, 0x00, 0x00, 0x00, 0x00, 0x00, 0x00, 0x14, 0x00, 0x00, 0x00, 0x00, 0x00, 0x00,
	0x00, 0x00, 0x00, 0x66, 0x00, 0x00, 0x00, 0x20, 0x00, 0x90, 0x01, 0x00, 0xD0, 0x02, 0x00, 0x3D,
	0x7F, 0x20, 0x02, 0x00, 0x00, 0x00, 0x00, 0x00, 0x00, 0x06, 0x00, 0x28, 0x00, 0x00, 0x00, 0x00,
	0x00, 0x00, 0x00, 0x00, 0x00, 0x00, 0x00, 0x38, 0x00, 0x00, 0x00, 0x00, 0x00, 0x00, 0x00, 0x00,
	0x00, 0x0A, 0x23, 0x16, 0x20, 0x01, 0x00, 0x00, 0x00, 0x24, 0x00, 0x10, 0x00, 0x00, 0x00, 0x26,
	0x00, 0x00, 0x00, 0x00, 0x80, 0x00, 0x00, 0x28, 0x00, 0x00, 0x00, 0x29, 0x80, 0x10, 0x14, 0x0C,
	0x00, 0x00, 0x12, 0x68, 0x80, 0x00, 0x00, 0x16, 0x00, 0x00, 0x00, 0x00, 0x00, 0x24, 0x00, 0x00,
	0x09, 0x00, 0x00, 0x26, 0x00, 0x00, 0x80, 0x00, 0x80, 0x00, 0x00, 0x00, 0x00, 0x00, 0x00, 0x29,
	0x9E, 0x10, 0x14, 0x0C, 0x00, 0x00, 0x00, 0x00, 0x80, 0x00, 0x00, 0x28, 0x00, 0x00, 0x00, 0x00,
	0x00, 0x00, 0x00, 0x00, 0x00, 0x00, 0x00, 0x38, 0x00, 0x00, 0x00, 0x00, 0x00, 0x00, 0x00, 0x00,
	0x00, 0x88, 0x2B, 0x16, 0x20, 0x01, 0x00, 0x00, 0x00, 0x12, 0x00, 0x10, 0x12, 0x00, 0x00, 0x26,
	0x00, 0x00, 0x00, 0x01, 0x80, 0x00, 0x00, 0x3C, 0x00, 0x00, 0x00, 0x29, 0x71, 0x08, 0x18, 0x10,
	0x00, 0x02, 0x12, 0x7C, 0x80, 0x00, 0x00, 0x16, 0x00, 0x00, 0x00, 0x02, 0x00, 0x12, 0x00, 0x00,
	0x16, 0x00, 0x00, 0x26, 0x00, 0x00, 0x80, 0x01, 0x80, 0x00, 0x00, 0x14, 0x00, 0x00, 0x00, 0x29,
	0x76, 0x08, 0x18, 0x10, 0x00, 0x02, 0x00, 0x14, 0x80, 0x00, 0x00, 0x16, 0x20, 0x01, 0x00, 0x00,
	0x00, 0x12, 0x00, 0x10, 0x1B, 0x00, 0x00, 0x26, 0x00, 0x00, 0x00, 0x02, 0x80, 0x00, 0x00, 0x28,
	0x00, 0x00, 0x00, 0x29, 0x7B, 0x08, 0x18, 0x10, 0x00, 0x02, 0x12, 0x68, 0x80, 0x00, 0x00, 0x2E,
	0x20, 0x0A, 0x00, 0x00, 0x00, 0xE0, 0xC1, 0x00, 0x5F, 0x0F, 0x00, 0x00, 0x00, 0x00, 0x00, 0x00,
	0x00, 0x00, 0x00, 0x00, 0x00, 0x00, 0x00, 0x00, 0x00, 0x14, 0x00, 0x00, 0x00, 0x00, 0x00, 0x00,
	0x00, 0x00, 0x00, 0x66, 0x00, 0x00, 0x00, 0x20, 0x00, 0x90, 0x01, 0x00, 0xF8, 0x02, 0x00, 0x3D,
	0x7F, 0x20, 0x02, 0x00, 0x00, 0x00, 0x00, 0x00, 0x00, 0x06, 0x00, 0x28, 0x00, 0x00, 0x00, 0x00,
	0x00, 0x00, 0x00, 0x00, 0x00, 0x00, 0x00, 0x38, 0x00, 0x00, 0x00, 0x00, 0x00, 0x00, 0x00, 0x00,
	0x00, 0x0A, 0x23, 0x16, 0x00, 0x00, 0x00, 0x00, 0x00, 0x24, 0x00, 0x00, 0x00, 0x00, 0x00, 0x26,
	0x00, 0x00, 0x00, 0x00, 0x80, 0x00, 0x00, 0x00, 0x00, 0x00, 0x00, 0x29, 0x80, 0x10, 0x14, 0x0C,
	0x00, 0x00, 0x00, 0x00, 0x80, 0x00, 0x00, 0x16, 0x20, 0x01, 0x00, 0x00, 0x00, 0x24, 0x00, 0x10,
	0x09, 0x00, 0x00, 0x26, 0x00, 0x00, 0x80, 0x00, 0x80, 0x00, 0x00, 0x3C, 0x00, 0x00, 0x00, 0x29,
	0x9E, 0x10, 0x14, 0x0C, 0x00, 0x00, 0x12, 0x7C, 0x80, 0x00, 0x00, 0x28, 0x00, 0x00, 0x00, 0x00,
	0x00, 0x00, 0x00, 0x00, 0x00, 0x00, 0x00, 0x38, 0x00, 0x00, 0x00, 0x00, 0x00, 0x00, 0x00, 0x00,
	0x00, 0x88, 0x2B, 0x16, 0x00, 0x00, 0x00, 0x00, 0x00, 0x12, 0x00, 0x00, 0x12, 0x00, 0x00, 0x26,
	0x00, 0x00, 0x00, 0x01, 0x80, 0x00, 0x00, 0x14, 0x00, 0x00, 0x00, 0x29, 0x71, 0x08, 0x18, 0x10,
	0x00, 0x02, 0x00, 0x14, 0x80, 0x00, 0x00, 0x16, 0x20, 0x01, 0x00, 0x02, 0x00, 0x12, 0x00, 0x10,
	0x16, 0x00, 0x00, 0x26, 0x00, 0x00, 0x80, 0x01, 0x80, 0x00, 0x00, 0x28, 0x00, 0x00, 0x00, 0x29,
	0x76, 0x08, 0x18, 0x10, 0x00, 0x02, 0x12, 0x68, 0x80, 0x00, 0x00, 0x16, 0x00, 0x00, 0x00, 0x00,
	0x00, 0x12, 0x00, 0x00, 0x1B, 0x00, 0x00, 0x26, 0x00, 0x00, 0x00, 0x02, 0x80, 0x00, 0x00, 0x00,
	0x00, 0x00, 0x00, 0x29, 0x7B, 0x08, 0x18, 0x10, 0x00, 0x02, 0x00, 0x00, 0x80, 0x00, 0x00, 0x2E,
	0x20, 0x0A, 0x00, 0x00, 0x00, 0xE0, 0xC1, 0x00, 0x64, 0x0F, 0x00, 0x00, 0x00, 0x00, 0x00, 0x00,
	0x00, 0x00, 0x00, 0x00, 0x00, 0x00, 0x00, 0x00, 0x00, 0x14, 0x00, 0x00, 0x00, 0x00, 0x00, 0x00,
	0x00, 0x00, 0x00, 0x66, 0x00, 0x00, 0x00, 0x20, 0x00, 0x90, 0x01, 0x00, 0x20, 0x03, 0x00, 0x3D,
	0x7F, 0x20, 0x02, 0x00, 0x00, 0x00, 0x00, 0x00, 0x00, 0x06, 0x00, 0x28, 0x00, 0x00, 0x00, 0x00,
	0x00, 0x00, 0x00, 0x00, 0x00, 0x00, 0x00, 0x06, 0x00, 0x02, 0x00, 0x00, 0x00, 0x08, 0x00, 0x00,
	0x18, 0x00, 0x00, 0x08, 0x00, 0x00, 0x00, 0x00, 0x00, 0x00, 0x00, 0x00, 0x00, 0x00, 0x00, 0x18,
	0x00, 0x02, 0x00, 0x00, 0x00, 0x00, 0x00, 0x00, 0x00, 0x00, 0x00, 0x38, 0x00, 0x00, 0x00, 0x00,
	0x00, 0x00, 0x00, 0x00, 0x00, 0x0A, 0x23, 0x16, 0x20, 0x01, 0x00, 0x00, 0x00, 0x24, 0x00, 0x10,
	0x00, 0x00, 0x00, 0x26, 0x00, 0x00, 0x00, 0x00, 0x80, 0x00, 0x00, 0x3C, 0x00, 0x00, 0x00, 0x29,
	0x80, 0x10, 0x14, 0x0C, 0x00, 0x00, 0x12, 0x7C, 0x80, 0x00, 0x00, 0x16, 0x00, 0x00, 0x00, 0x00,
	0x00, 0x24, 0x00, 0x00, 0x09, 0x00, 0x00, 0x26, 0x00, 0x00, 0x80, 0x00, 0x80, 0x00, 0x00, 0x14,
	0x00, 0x00, 0x00, 0x29, 0x9E, 0x10, 0x14, 0x0C, 0x00, 0x00, 0x00, 0x14, 0x80, 0x00, 0x00, 0x28,
	0x00, 0x00, 0x00, 0x00, 0x00, 0x00, 0x00, 0x00, 0x00, 0x00, 0x00, 0x38, 0x00, 0x00, 0x00, 0x00,
	0x00, 0x00, 0x00, 0x00, 0x00, 0x88, 0x2B, 0x16, 0x20, 0x01, 0x00, 0x00, 0x00, 0x12, 0x00, 0x10,
	0x12, 0x00, 0x00, 0x26, 0x00, 0x00, 0x00, 0x01, 0x80, 0x00, 0x00, 0x28, 0x00, 0x00, 0x00, 0x29,
	0x71, 0x08, 0x18, 0x10, 0x00, 0x02, 0x12, 0x68, 0x80, 0x00, 0x00, 0x16, 0x00, 0x00, 0x00, 0x02,
	0x00, 0x12, 0x00, 0x00, 0x16, 0x00, 0x00, 0x26, 0x00, 0x00, 0x80, 0x01, 0x80, 0x00, 0x00, 0x00,
	0x00, 0x00, 0x00, 0x29, 0x76, 0x08, 0x18, 0x10, 0x00, 0x02, 0x00, 0x00, 0x80, 0x00, 0x00, 0x16,
	0x20, 0x01, 0x00, 0x00, 0x00, 0x12, 0x00, 0x10, 0x1B, 0x00, 0x00, 0x26, 0x00, 0x00, 0x00, 0x02,
	0x80, 0x00, 0x00, 0x3C, 0x00, 0x00, 0x00, 0x29, 0x7B, 0x08, 0x18, 0x10, 0x00, 0x02, 0x12, 0x7C,
	0x80, 0x00, 0x00, 0x2E, 0x20, 0x0A, 0x00, 0x00, 0x00, 0xE0, 0xC1, 0x00, 0x69, 0x0F, 0x00, 0x00,
	0x00, 0x00, 0x00, 0x00, 0x00, 0x00, 0x00, 0x00, 0x00, 0x00, 0x00, 0x00, 0x00, 0x14, 0x00, 0x00,
	0x00, 0x00, 0x00, 0x00, 0x00, 0x00, 0x00, 0x66, 0x00, 0x00, 0x00, 0x20, 0x00, 0x90, 0x01, 0x00,
	0x48, 0x03, 0x00, 0x3D, 0x7F, 0x20, 0x02, 0x00, 0x00, 0x00, 0x00, 0x00, 0x00, 0x06, 0x00, 0x28,
	0x00, 0x00, 0x00, 0x00, 0x00, 0x00, 0x00, 0x00, 0x00, 0x00, 0x00, 0x38, 0x00, 0x00, 0x00, 0x00,
	0x00, 0x00, 0x00, 0x00, 0x00, 0x0A, 0x23, 0x16, 0x00, 0x00, 0x00, 0x00, 0x00, 0x24, 0x00, 0x00,
	0x00, 0x00, 0x00, 0x26, 0x00, 0x00, 0x00, 0x00, 0x80, 0x00, 0x00, 0x14, 0x00, 0x00, 0x00, 0x29,
	0x80, 0x10, 0x14, 0x0C, 0x00, 0x00, 0x00, 0x14, 0x80, 0x00, 0x00, 0x16, 0x20, 0x01, 0x00, 0x00,
	0x00, 0x24, 0x00, 0x10, 0x09, 0x00, 0x00, 0x26, 0x00, 0x00, 0x80, 0x00, 0x80, 0x00, 0x00, 0x28,
	0x00, 0x00, 0x00, 0x29, 0x9E, 0x10, 0x14, 0x0C, 0x00, 0x00, 0x12, 0x68, 0x80, 0x00, 0x00, 0x28,
	0x00, 0x00, 0x00, 0x00, 0x00, 0x00, 0x00, 0x00, 0x00, 0x00, 0x00, 0x38, 0x00, 0x00, 0x00, 0x00,
	0x00, 0x00, 0x00, 0x00, 0x00, 0x88, 0x2B, 0x16, 0x00, 0x00, 0x00, 0x00, 0x00, 0x12, 0x00, 0x00,
	0x12, 0x00, 0x00, 0x26, 0x00, 0x00, 0x00, 0x01, 0x80, 0x00, 0x00, 0x00, 0x00, 0x00, 0x00, 0x29,
	0x71, 0x08, 0x18, 0x10, 0x00, 0x02, 0x00, 0x00, 0x80, 0x00, 0x00, 0x16, 0x20, 0x01, 0x00, 0x02,
	0x00, 0x12, 0x00, 0x10, 0x16, 0x00, 0x00, 0x26, 0x00, 0x00, 0x80, 0x01, 0x80, 0x00, 0x00, 0x3C,
	0x00, 0x00, 0x00, 0x29, 0x76, 0x08, 0x18, 0x10, 0x00, 0x02, 0x12, 0x7C, 0x80, 0x00, 0x00, 0x16,
	0x00, 0x00, 0x00, 0x00, 0x00, 0x12, 0x00, 0x00, 0x1B, 0x00, 0x00, 0x26, 0x00, 0x00, 0x00, 0x02,
	0x80, 0x00, 0x00, 0x14, 0x00, 0x00, 0x00, 0x29, 0x7B, 0x08, 0x18, 0x10, 0x00, 0x02, 0x00, 0x14,
	0x80, 0x00, 0x00, 0x2E, 0x20, 0x0A, 0x00, 0x00, 0x00, 0xE0, 0xC1, 0x00, 0x6E, 0x0F, 0x00, 0x00,
	0x00, 0x00, 0x00, 0x00, 0x00, 0x00, 0x00, 0x00, 0x00, 0x00, 0x00, 0x00, 0x00, 0x14, 0x00, 0x00,
	0x00, 0x00, 0x00, 0x00, 0x00, 0x00, 0x00, 0x66, 0x00, 0x00, 0x00, 0x20, 0x00, 0x90, 0x01, 0x00,
	0x70, 0x03, 0x00, 0x3D, 0x7F, 0x20, 0x02, 0x00, 0x00, 0x00, 0x00, 0x00, 0x00, 0x06, 0x00, 0x28,
	0x00, 0x00, 0x00, 0x00, 0x00, 0x00, 0x00, 0x00, 0x00, 0x00, 0x00, 0x38, 0x00, 0x00, 0x00, 0x00,
	0x00, 0x00, 0x00, 0x00, 0x00, 0x0A, 0x23, 0x16, 0x20, 0x01, 0x00, 0x00, 0x00, 0x24, 0x00, 0x10,
	0x00, 0x00, 0x00, 0x26, 0x00, 0x00, 0x00, 0x00, 0x80, 0x00, 0x00, 0x28, 0x00, 0x00, 0x00, 0x29,
	0x80, 0x10, 0x14, 0x0C, 0x00, 0x00, 0x12, 0x68, 0x80, 0x00, 0x00, 0x16, 0x00, 0x00, 0x00, 0x00,
	0x00, 0x24, 0x00, 0x00, 0x09, 0x00, 0x00, 0x26, 0x00, 0x00, 0x80, 0x00, 0x80, 0x00, 0x00, 0x00,
	0x00, 0x00, 0x00, 0x29, 0x9E, 0x10, 0x14, 0x0C, 0x00, 0x00, 0x00, 0x00, 0x80, 0x00, 0x00, 0x28,
	0x00, 0x00, 0x00, 0x00, 0x00, 0x00, 0x00, 0x00, 0x00, 0x00, 0x00, 0x38, 0x00, 0x00, 0x00, 0x00,
	0x00, 0x00, 0x00, 0x00, 0x00, 0x88, 0x2B, 0x16, 0x20, 0x01, 0x00, 0x00, 0x00, 0x12, 0x00, 0x10,
	0x12, 0x00, 0x00, 0x26, 0x00, 0x00, 0x00, 0x01, 0x80, 0x00, 0x00, 0x3C, 0x00, 0x00, 0x00, 0x29,
	0x71, 0x08, 0x18, 0x10, 0x00, 0x02, 0x12, 0x7C, 0x80, 0x00, 0x00, 0x16, 0x00, 0x00, 0x00, 0x02,
	0x00, 0x12, 0x00, 0x00, 0x16, 0x00, 0x00, 0x26, 0x00, 0x00, 0x80, 0x01, 0x80, 0x00, 0x00, 0x14,
	0x00, 0x00, 0x00, 0x29, 0x76, 0x08, 0x18, 0x10, 0x00, 0x02, 0x00, 0x14, 0x80, 0x00, 0x00, 0x16,
	0x20, 0x01, 0x00, 0x00, 0x00, 0x12, 0x00, 0x10, 0x1B, 0x00, 0x00, 0x26, 0x00, 0x00, 0x00, 0x02,
	0x80, 0x00, 0x00, 0x28, 0x00, 0x00, 0x00, 0x29, 0x7B, 0x08, 0x18, 0x10, 0x00, 0x02, 0x12, 0x68,
	0x80, 0x00, 0x00, 0x2E, 0x20, 0x0A, 0x00, 0x00, 0x00, 0xE0, 0xC1, 0x00, 0x73, 0x0F, 0x00, 0x00,
	0x00, 0x00, 0x00, 0x00, 0x00, 0x00, 0x00, 0x00, 0x00, 0x00, 0x00, 0x00, 0x00, 0x14, 0x00, 0x00,
	0x00, 0x00, 0x00, 0x00, 0x00, 0x00, 0x00, 0x66, 0x00, 0x00, 0x00, 0x20, 0x00, 0x90, 0x01, 0x00,
	0x98, 0x03, 0x00, 0x3D, 0x7F, 0x20, 0x02, 0x00, 0x00, 0x00, 0x00, 0x00, 0x00, 0x06, 0x00, 0x28,
	0x00, 0x00, 0x00, 0x00, 0x00, 0x00, 0x00, 0x00, 0x00, 0x00, 0x00, 0x38, 0x00, 0x00, 0x00, 0x00,
	0x00, 0x00, 0x00, 0x00, 0x00, 0x0A, 0x23, 0x16, 0x00, 0x00, 0x00, 0x00, 0x00, 0x24, 0x00, 0x00,
	0x00, 0x00, 0x00, 0x26, 0x00, 0x00, 0x00, 0x00, 0x80, 0x00, 0x00, 0x00, 0x00, 0x00, 0x00, 0x29,
	0x80, 0x10, 0x14, 0x0C, 0x00, 0x00, 0x00, 0x00, 0x80, 0x00, 0x00, 0x16, 0x20, 0x01, 0x00, 0x00,
	0x00, 0x24, 0x00, 0x10, 0x09, 0x00, 0x00, 0x26, 0x00, 0x00, 0x80, 0x00, 0x80, 0x00, 0x00, 0x3C,
	0x00, 0x00, 0x00, 0x29, 0x9E, 0x10, 0x14, 0x0C, 0x00, 0x00, 0x12, 0x7C, 0x80, 0x00, 0x00, 0x28,
	0x00, 0x00, 0x00, 0x00, 0x00, 0x00, 0x00, 0x00, 0x00, 0x00, 0x00, 0x38, 0x00, 0x00, 0x00, 0x00,
	0x00, 0x00, 0x00, 0x00, 0x00, 0x88, 0x2B, 0x16, 0x00, 0x00, 0x00, 0x00, 0x00, 0x12, 0x00, 0x00,
	0x12, 0x00, 0x00, 0x26, 0x00, 0x00, 0x00, 0x01, 0x80, 0x00, 0x00, 0x14, 0x00, 0x00, 0x00, 0x29,
	0x71, 0x08, 0x18, 0x10, 0x00, 0x02, 0x00, 0x14, 0x80, 0x00, 0x00, 0x16, 0x20, 0x01, 0x00, 0x02,
	0x00, 0x12, 0x00, 0x10, 0x16, 0x00, 0x00, 0x26, 0x00, 0x00, 0x80, 0x01, 0x80, 0x00, 0x00, 0x28,
	0x00, 0x00, 0x00, 0x29, 0x76, 0x08, 0x18, 0x10, 0x00, 0x02, 0x12, 0x68, 0x80, 0x00, 0x00, 0x16,
	0x00, 0x00, 0x00, 0x00, 0x00, 0x12, 0x00, 0x00, 0x1B, 0x00, 0x00, 0x26, 0x00, 0x00, 0x00, 0x02,
	0x80, 0x00, 0x00, 0x00, 0x00, 0x00, 0x00, 0x29, 0x7B, 0x08, 0x18, 0x10, 0x00, 0x02, 0x00, 0x00,
	0x80, 0x00, 0x00, 0x2E, 0x20, 0x0A, 0x00, 0x00, 0x00, 0xE0, 0xC1, 0x00, 0x78, 0x0F, 0x00, 0x00,
	0x00, 0x00, 0x00, 0x00, 0x00, 0x00, 0x00, 0x00, 0x00, 0x00, 0x00, 0x00, 0x00, 0x14, 0x00, 0x00,
	0x00, 0x00, 0x00, 0x00, 0x00, 0x00, 0x00, 0x66, 0x00, 0x00, 0x00, 0x20, 0x00, 0x90, 0x01, 0x00,
	0xC0, 0x03, 0x00, 0x3D, 0x7F, 0x20, 0x02, 0x00, 0x00, 0x00, 0x00, 0x00, 0x00, 0x06, 0x00, 0x28,
	0x00, 0x00, 0x00, 0x00, 0x00, 0x00, 0x00, 0x00, 0x00, 0x00, 0x00, 0x38, 0x00, 0x00, 0x00, 0x00,
	0x00, 0x00, 0x00, 0x00, 0x00, 0x0A, 0x23, 0x16, 0x20, 0x01, 0x00, 0x00, 0x00, 0x24, 0x00, 0x10,
	0x00, 0x00, 0x00, 0x26, 0x00, 0x00, 0x00, 0x00, 0x80, 0x00, 0x00, 0x3C, 0x00, 0x00, 0x00, 0x29,
	0x80, 0x10, 0x14, 0x0C, 0x00, 0x00, 0x12, 0x7C, 0x80, 0x00, 0x00, 0x16, 0x00, 0x00, 0x00, 0x00,
	0x00, 0x24, 0x00, 0x00, 0x09, 0x00, 0x00, 0x26, 0x00, 0x00, 0x80, 0x00, 0x80, 0x00, 0x00, 0x14,
	0x00, 0x00, 0x00, 0x29, 0x9E, 0x10, 0x14, 0x0C, 0x00, 0x00, 0x00, 0x14, 0x80, 0x00, 0x00, 0x28,
	0x00, 0x00, 0x00, 0x00, 0x00, 0x00, 0x00, 0x00, 0x00, 0x00, 0x00, 0x38, 0x00, 0x00, 0x00, 0x00,
	0x00, 0x00, 0x00, 0x00, 0x00, 0x88, 0x2B, 0x16, 0x20, 0x01, 0x00, 0x00, 0x00, 0x12, 0x00, 0x10,
	0x12, 0x00, 0x00, 0x26, 0x00, 0x00, 0x00, 0x01, 0x80, 0x00, 0x00, 0x28, 0x00, 0x00, 0x00, 0x29,
	0x71, 0x08, 0x18, 0x10, 0x00, 0x02, 0x12, 0x68, 0x80, 0x00, 0x00, 0x16, 0x00, 0x00, 0x00, 0x02,
	0x00, 0x12, 0x00, 0x00, 0x16, 0x00, 0x00, 0x26, 0x00, 0x00, 0x80, 0x01, 0x80, 0x00, 0x00, 0x00,
	0x00, 0x00, 0x00, 0x29, 0x76, 0x08, 0x18, 0x10, 0x00, 0x02, 0x00, 0x00, 0x80, 0x00, 0x00, 0x16,
	0x20, 0x01, 0x00, 0x00, 0x00, 0x12, 0x00, 0x10, 0x1B, 0x00, 0x00, 0x26, 0x00, 0x00, 0x00, 0x02,
	0x80, 0x00, 0x00, 0x3C, 0x00, 0x00, 0x00, 0x29, 0x7B, 0x08, 0x18, 0x10, 0x00, 0x02, 0x12, 0x7C,
	0x80, 0x00, 0x00, 0x2E, 0x20, 0x0A, 0x00, 0x00, 0x00, 0xE0, 0xC1, 0x00, 0x7D, 0x0F, 0x00, 0x00,
	0x00, 0x00, 0x00, 0x00, 0x00, 0x00, 0x00, 0x00, 0x00, 0x00, 0x00, 0x00, 0x00, 0x14, 0x00, 0x00,
	0x00, 0x00, 0x00, 0x00, 0x00, 0x00, 0x00, 0x66, 0x00, 0x00, 0x00, 0x20, 0x00, 0x90, 0x01, 0x00,
	0xE8, 0x03, 0x00, 0x3D, 0x7F, 0x20, 0x02, 0x00, 0x00, 0x00, 0x00, 0x00, 0x00, 0x06, 0x00, 0x28,
	0x00, 0x00, 0x00, 0x00, 0x00, 0x00, 0x00, 0x00, 0x00, 0x00, 0x00, 0x38, 0x00, 0x00, 0x00, 0x00,
	0x00, 0x00, 0x00, 0x00, 0x00, 0x0A, 0x23, 0x16, 0x00, 0x00, 0x00, 0x00, 0x00, 0x24, 0x00, 0x00,
	0x00, 0x00, 0x00, 0x26, 0x00, 0x00, 0x00, 0x00, 0x80, 0x00, 0x00, 0x14, 0x00, 0x00, 0x00, 0x29,
	0x80, 0x10, 0x14, 0x0C, 0x00, 0x00, 0x00, 0x14, 0x80, 0x00, 0x00, 0x16, 0x20, 0x01, 0x00, 0x00,
	0x00, 0x24, 0x00, 0x10, 0x09, 0x00, 0x00, 0x26, 0x00, 0x00, 0x80, 0x00, 0x80, 0x00, 0x00, 0x28,
	0x00, 0x00, 0x00, 0x29, 0x9E, 0x10, 0x14, 0x0C, 0x00, 0x00, 0x12, 0x68, 0x80, 0x00, 0x00, 0x28,
	0x00, 0x00, 0x00, 0x00, 0x00, 0x00, 0x00, 0x00, 0x00, 0x00, 0x00, 0x38, 0x00, 0x00, 0x00, 0x00,
	0x00, 0x00, 0x00, 0x00, 0x00, 0x88, 0x2B, 0x16, 0x00, 0x00, 0x00, 0x00, 0x00, 0x12, 0x00, 0x00,
	0x12, 0x00, 0x00, 0x26, 0x00, 0x00, 0x00, 0x01, 0x80, 0x00, 0x00, 0x00, 0x00, 0x00, 0x00, 0x29,
	0x71, 0x08, 0x18, 0x10, 0x00, 0x02, 0x00, 0x00, 0x80, 0x00, 0x00, 0x16, 0x20, 0x01, 0x00, 0x02,
	0x00, 0x12, 0x00, 0x10, 0x16, 0x00, 0x00, 0x26, 0x00, 0x00, 0x80, 0x01, 0x80, 0x00, 0x00, 0x3C,
	0x00, 0x00, 0x00, 0x29, 0x76, 0x08, 0x18, 0x10, 0x00, 0x02, 0x12, 0x7C, 0x80, 0x00, 0x00, 0x16,
	0x00, 0x00, 0x00, 0x00, 0x00, 0x12, 0x00, 0x00, 0x1B, 0x00, 0x00, 0x26, 0x00, 0x00, 0x00, 0x02,
	0x80, 0x00, 0x00, 0x14, 0x00, 0x00, 0x00, 0x29, 0x7B, 0x08, 0x18, 0x10, 0x00, 0x02, 0x00, 0x14,
	0x80, 0x00, 0x00, 0x2E, 0x20, 0x0A, 0x00, 0x00, 0x00, 0xE0, 0xC1, 0x00, 0x82, 0x0F, 0x00, 0x00,
	0x00, 0x00, 0x00, 0x00, 0x00, 0x00, 0x00, 0x00, 0x00, 0x00, 0x00, 0x00, 0x00, 0x14, 0x00, 0x00,
	0x00, 0x00, 0x00, 0x00, 0x00, 0x00, 0x00, 0x66, 0x00, 0x00, 0x00, 0x20, 0x00, 0x90, 0x01, 0x00,
	0x10, 0x04, 0x00, 0x3D, 0x7F, 0x20, 0x02, 0x00, 0x00, 0x00, 0x00, 0x00, 0x00, 0x06, 0x00, 0x28,
	0x00, 0x00, 0x00, 0x00, 0x00, 0x00, 0x00, 0x00, 0x00, 0x00, 0x00, 0x38, 0x00, 0x00, 0x00, 0x00,
	0x00, 0x00, 0x00, 0x00, 0x00, 0x0A, 0x23, 0x16, 0x20, 0x01, 0x00, 0x00, 0x00, 0x24, 0x00, 0x10,
	0x00, 0x00, 0x00, 0x26, 0x00, 0x00, 0x00, 0x00, 0x80, 0x00, 0x00, 0x28, 0x00, 0x00, 0x00, 0x29,
	0x80, 0x10, 0x14, 0x0C, 0x00, 0x00, 0x12, 0x68, 0x80, 0x00, 0x00, 0x16, 0x00, 0x00, 0x00, 0x00,
	0x00, 0x24, 0x00, 0x00, 0x09, 0x00, 0x00, 0x26, 0x00, 0x00, 0x80, 0x00, 0x80, 0x00, 0x00, 0x00,
	0x00, 0x00, 0x00, 0x29, 0x9E, 0x10, 0x14, 0x0C, 0x00, 0x00, 0x00, 0x00, 0x80, 0x00, 0x00, 0x28,
	0x00, 0x00, 0x00, 0x00, 0x00, 0x00, 0x00, 0x00, 0x00, 0x00, 0x00, 0x38, 0x00, 0x00, 0x00, 0x00,
	0x00, 0x00, 0x00, 0x00, 0x00, 0x88, 0x2B, 0x16, 0x20, 0x01, 0x00, 0x00, 0x00, 0x12, 0x00, 0x10,
	0x12, 0x00, 0x00, 0x26, 0x00, 0x00, 0x00, 0x01, 0x80, 0x00, 0x00, 0x3C, 0x00, 0x00, 0x00, 0x29,
	0x71, 0x08, 0x18, 0x10, 0x00, 0x02, 0x12, 0x7C, 0x80, 0x00, 0x00, 0x16, 0x00, 0x00, 0x00, 0x02,
	0x00, 0x12, 0x00, 0x00, 0x16, 0x00, 0x00, 0x26, 0x00, 0x00, 0x80, 0x01, 0x80, 0x00, 0x00, 0x14,
	0x00, 0x00, 0x00, 0x29, 0x76, 0x08, 0x18, 0x10, 0x00, 0x02, 0x00, 0x14, 0x80, 0x00, 0x00, 0x16,
	0x20, 0x01, 0x00, 0x00, 0x00, 0x12, 0x00, 0x10, 0x1B, 0x00, 0x00, 0x26, 0x00, 0x00, 0x00, 0x02,
	0x80, 0x00, 0x00, 0x28, 0x00, 0x00, 0x00, 0x29, 0x7B, 0x08, 0x18, 0x10, 0x00, 0x02, 0x12, 0x68,
	0x80, 0x00, 0x00, 0x2E, 0x20, 0x0A, 0x00, 0x00, 0x00, 0xE0, 0xC1, 0x00, 0x87, 0x0F, 0x00, 0x00,
	0x00, 0x00, 0x00, 0x00, 0x00, 0x00, 0x00, 0x00, 0x00, 0x00, 0x00, 0x00, 0x00, 0x14, 0x00, 0x00,
	0x00, 0x00, 0x00, 0x00, 0x00, 0x00, 0x00, 0x66, 0x00, 0x00, 0x00, 0x20, 0x00, 0x90, 0x01, 0x00,
	0x38, 0x04, 0x00, 0x3D, 0x7F, 0x20, 0x02, 0x00, 0x00, 0x00, 0x00, 0x00, 0x00, 0x06, 0x00, 0x28,
	0x00, 0x00, 0x00, 0x00, 0x00, 0x00, 0x00, 0x00, 0x00, 0x00, 0x00, 0x38, 0x00, 0x00, 0x00, 0x00,
	0x00, 0x00, 0x00, 0x00, 0x00, 0x0A, 0x23, 0x16, 0x00, 0x00, 0x00, 0x00, 0x00, 0x24, 0x00, 0x00,
	0x00, 0x00, 0x00, 0x26, 0x00, 0x00, 0x00, 0x00, 0x80, 0x00, 0x00, 0x00, 0x00, 0x00, 0x00, 0x29,
	0x80, 0x10, 0x14, 0x0C, 0x00, 0x00, 0x00, 0x00, 0x80, 0x00, 0x00, 0x16, 0x20, 0x01, 0x00, 0x00,
	0x00, 0x24, 0x00, 0x10, 0x09, 0x00, 0x00, 0x26, 0x00, 0x00, 0x80, 0x00, 0x80, 0x00, 0x00, 0x3C,
	0x00, 0x00, 0x00, 0x29, 0x9E, 0x10, 0x14, 0x0C, 0x00, 0x00, 0x12, 0x7C, 0x80, 0x00, 0x00, 0x28,
	0x00, 0x00, 0x00, 0x00, 0x00, 0x00, 0x00, 0x00, 0x00, 0x00, 0x00, 0x38, 0x00, 0x00, 0x00, 0x00,
	0x00, 0x00, 0x00, 0x00, 0x00, 0x88, 0x2B, 0x16, 0x00, 0x00, 0x00, 0x00, 0x00, 0x12, 0x00, 0x00,
	0x12, 0x00, 0x00, 0x26, 0x00, 0x00, 0x00, 0x01, 0x80, 0x00, 0x00, 0x14, 0x00, 0x00, 0x00, 0x29,
	0x71, 0x08, 0x18, 0x10, 0x00, 0x02, 0x00, 0x14, 0x80, 0x00, 0x00, 0x16, 0x20, 0x01, 0x00, 0x02,
	0x00, 0x12, 0x00, 0x10, 0x16, 0x00, 0x00, 0x26, 0x00, 0x00, 0x80, 0x01, 0x80, 0x00, 0x00, 0x28,
	0x00, 0x00, 0x00, 0x29, 0x76, 0x08, 0x18, 0x10, 0x00, 0x02, 0x12, 0x68, 0x80, 0x00, 0x00, 0x16,
	0x00, 0x00, 0x00, 0x00, 0x00, 0x12, 0x00, 0x00, 0x1B, 0x00, 0x00, 0x26, 0x00, 0x00, 0x00, 0x02,
	0x80, 0x00, 0x00, 0x00, 0x00, 0x00, 0x00, 0x29, 0x7B, 0x08, 0x18, 0x10, 0x00, 0x02, 0x00, 0x00,
	0x80, 0x00, 0x00, 0x2E, 0x20, 0x0A, 0x00, 0x00, 0x00, 0xE0, 0xC1, 0x00, 0x8C, 0x0F, 0x00, 0x00,
	0x00, 0x00, 0x00, 0x00, 0x00, 0x00, 0x00, 0x00, 0x00, 0x00, 0x00, 0x00, 0x00, 0x14, 0x00, 0x00,
	0x00, 0x00, 0x00, 0x00, 0x00, 0x00, 0x00, 0x66, 0x00, 0x00, 0x00, 0x20, 0x00, 0x90, 0x01, 0x00,
	0x60, 0x04, 0x00, 0x3D, 0x7F, 0x20, 0x02, 0x00, 0x00, 0x00, 0x00, 0x00, 0x00, 0x06, 0x00, 0x28,
	0x00, 0x00, 0x00, 0x00, 0x00, 0x00, 0x00, 0x00, 0x00, 0x00, 0x00, 0x38, 0x00, 0x00, 0x00, 0x00,
	0x00, 0x00, 0x00, 0x00, 0x00, 0x0A, 0x23, 0x16, 0x20, 0x01, 0x00, 0x00, 0x00, 0x24, 0x00, 0x10,
	0x00, 0x00, 0x00, 0x26, 0x00, 0x00, 0x00, 0x00, 0x80, 0x00, 0x00, 0x3C, 0x00, 0x00, 0x00, 0x29,
	0x80, 0x10, 0x14, 0x0C, 0x00, 0x00, 0x12, 0x7C, 0x80, 0x00, 0x00, 0x16, 0x00, 0x00, 0x00, 0x00,
	0x00, 0x24, 0x00, 0x00, 0x09, 0x00, 0x00, 0x26, 0x00, 0x00, 0x80, 0x00, 0x80, 0x00, 0x00, 0x14,
	0x00, 0x00, 0x00, 0x29, 0x9E, 0x10, 0x14, 0x0C, 0x00, 0x00, 0x00, 0x14, 0x80, 0x00, 0x00, 0x28,
	0x00, 0x00, 0x00, 0x00, 0x00, 0x00, 0x00, 0x00, 0x00, 0x00, 0x00, 0x38, 0x00, 0x00, 0x00, 0x00,
	0x00, 0x00, 0x00, 0x00, 0x00, 0x88, 0x2B, 0x16, 0x20, 0x01, 0x00, 0x00, 0x00, 0x12, 0x00, 0x10,
	0x12, 0x00, 0x00, 0x26, 0x00, 0x00, 0x00, 0x01, 0x80, 0x00, 0x00, 0x28, 0x00, 0x00, 0x00, 0x29,
	0x71, 0x08, 0x18, 0x10, 0x00, 0x02, 0x12, 0x68, 0x80, 0x00, 0x00, 0x16, 0x00, 0x00, 0x00, 0x02,
	0x00, 0x12, 0x00, 0x00, 0x16, 0x00, 0x00, 0x26, 0x00, 0x00, 0x80, 0x01, 0x80, 0x00, 0x00, 0x00,
	0x00, 0x00, 0x00, 0x29, 0x76, 0x08, 0x18, 0x10, 0x00, 0x02, 0x00, 0x00, 0x80, 0x00, 0x00, 0x16,
	0x20, 0x01, 0x00, 0x00, 0x00, 0x12, 0x00, 0x10, 0x1B, 0x00, 0x00, 0x26, 0x00, 0x00, 0x00, 0x02,
	0x80, 0x00, 0x00, 0x3C, 0x00, 0x00, 0x00, 0x29, 0x7B, 0x08, 0x18, 0x10, 0x00, 0x02, 0x12, 0x7C,
	0x80, 0x00, 0x00, 0x2E, 0x20, 0x0A, 0x00, 0x00, 0x00, 0xE0, 0xC1, 0x00, 0x91, 0x0F, 0x00, 0x00,
	0x00, 0x00, 0x00, 0x00, 0x00, 0x00, 0x00, 0x00, 0x00, 0x00, 0x00, 0x00, 0x00, 0x14, 0x00, 0x00,
	0x00, 0x00, 0x00, 0x00, 0x00, 0x00, 0x00, 0x66, 0x00, 0x00, 0x00, 0x20, 0x00, 0x90, 0x01, 0x00,
	0x88, 0x04, 0x00, 0x3D, 0x7F, 0x20, 0x02, 0x00, 0x00, 0x00, 0x00, 0x00, 0x00, 0x06, 0x00, 0x28,
	0x00, 0x00, 0x00, 0x00, 0x00, 0x00, 0x00, 0x00, 0x00, 0x00, 0x00, 0x38, 0x00, 0x00, 0x00, 0x00,
	0x00, 0x00, 0x00, 0x00, 0x00, 0x0A, 0x23, 0x16, 0x00, 0x00, 0x00, 0x00, 0x00, 0x24, 0x00, 0x00,
	0x00, 0x00, 0x00, 0x26, 0x00, 0x00, 0x00, 0x00, 0x80, 0x00, 0x00, 0x14, 0x00, 0x00, 0x00, 0x29,
	0x80, 0x10, 0x14, 0x0C, 0x00, 0x00, 0x00, 0x14, 0x80, 0x00, 0x00, 0x16, 0x20, 0x01, 0x00, 0x00,
	0x00, 0x24, 0x00, 0x10, 0x09, 0x00, 0x00, 0x26, 0x00, 0x00, 0x80, 0x00, 0x80, 0x00, 0x00, 0x28,
	0x00, 0x00, 0x00, 0x29, 0x9E, 0x10, 0x14, 0x0C, 0x00, 0x00, 0x12, 0x68, 0x80, 0x00, 0x00, 0x28,
	0x00, 0x00, 0x00, 0x00, 0x00, 0x00, 0x00, 0x00, 0x00, 0x00, 0x00, 0x38, 0x00, 0x00, 0x00, 0x00,
	0x00, 0x00, 0x00, 0x00, 0x00, 0x88, 0x2B, 0x16, 0x00, 0x00, 0x00, 0x00, 0x00, 0x12, 0x00, 0x00,
	0x12, 0x00, 0x00, 0x26, 0x00, 0x00, 0x00, 0x01, 0x80, 0x00, 0x00, 0x00, 0x00, 0x00, 0x00, 0x29,
	0x71, 0x08, 0x18, 0x10, 0x00, 0x02, 0x00, 0x00, 0x80, 0x00, 0x00, 0x16, 0x20, 0x01, 0x00, 0x02,
	0x00, 0x12, 0x00, 0x10, 0x16, 0x00, 0x00, 0x26, 0x00, 0x00, 0x80, 0x01, 0x80, 0x00, 0x00, 0x3C,
	0x00, 0x00, 0x00, 0x29, 0x76, 0x08, 0x18, 0x10, 0x00, 0x02, 0x12, 0x7C, 0x80, 0x00, 0x00, 0x16,
	0x00, 0x00, 0x00, 0x00, 0x00, 0x12, 0x00, 0x00, 0x1B, 0x00, 0x00, 0x26, 0x00, 0x00, 0x00, 0x02,
	0x80, 0x00, 0x00, 0x14, 0x00, 0x00, 0x00, 0x29, 0x7B, 0x08, 0x18, 0x10, 0x00, 0x02, 0x00, 0x14,
	0x80, 0x00, 0x00, 0x2E, 0x20, 0x0A, 0x00, 0x00, 0x00, 0xE0, 0xC1, 0x00, 0x96, 0x0F, 0x00, 0x00,
	0x00, 0x00, 0x00, 0x00, 0x00, 0x00, 0x00, 0x00, 0x00, 0x00, 0x00, 0x00, 0x00, 0x14, 0x00, 0x00,
	0x00, 0x00, 0x00, 0x00, 0x00, 0x00, 0x00, 0x66, 0x00, 0x00, 0x00, 0x20, 0x00, 0x90, 0x01, 0x00,
	0xB0, 0x04, 0x00, 0x3D, 0x7F, 0x20, 0x02, 0x00, 0x00, 0x00, 0x00, 0x00, 0x00, 0x06, 0x00, 0x28,
	0x00, 0x00, 0x00, 0x00, 0x00, 0x00, 0x00, 0x00, 0x00, 0x00, 0x00, 0x38, 0x00, 0x00, 0x00, 0x00,
	0x00, 0x00, 0x00, 0x00, 0x00, 0x0A, 0x23, 0x16, 0x20, 0x01, 0x00, 0x00, 0x00, 0x24, 0x00, 0x10,
	0x00, 0x00, 0x00, 0x26, 0x00, 0x00, 0x00, 0x00, 0x80, 0x00, 0x00, 0x28, 0x00, 0x00, 0x00, 0x29,
	0x80, 0x10, 0x14, 0x0C, 0x00, 0x00, 0x12, 0x68, 0x80, 0x00, 0x00, 0x16, 0x00, 0x00, 0x00, 0x00,
	0x00, 0x24, 0x00, 0x00, 0x09, 0x00, 0x00, 0x26, 0x00, 0x00, 0x80, 0x00, 0x80, 0x00, 0x00, 0x00,
	0x00, 0x00, 0x00, 0x29, 0x9E, 0x10, 0x14, 0x0C, 0x00, 0x00, 0x00, 0x00, 0x80, 0x00, 0x00, 0x28,
	0x00, 0x00, 0x00, 0x00, 0x00, 0x00, 0x00, 0x00, 0x00, 0x00, 0x00, 0x38, 0x00, 0x00, 0x00, 0x00,
	0x00, 0x00, 0x00, 0x00, 0x00, 0x88, 0x2B, 0x16, 0x20, 0x01, 0x00, 0x00, 0x00, 0x12, 0x00, 0x10,
	0x12, 0x00, 0x00, 0x26, 0x00, 0x00, 0x00, 0x01, 0x80, 0x00, 0x00, 0x3C, 0x00, 0x00, 0x00, 0x29,
	0x71, 0x08, 0x18, 0x10, 0x00, 0x02, 0x12, 0x7C, 0x80, 0x00, 0x00, 0x16, 0x00, 0x00, 0x00, 0x02,
	0x00, 0x12, 0x00, 0x00, 0x16, 0x00, 0x00, 0x26, 0x00, 0x00, 0x80, 0x01, 0x80, 0x00, 0x00, 0x14,
	0x00, 0x00, 0x00, 0x29, 0x76, 0x08, 0x18, 0x10, 0x00, 0x02, 0x00, 0x14, 0x80, 0x00, 0x00, 0x16,
	0x20, 0x01, 0x00, 0x00, 0x00, 0x12, 0x00, 0x10, 0x1B, 0x00, 0x00, 0x26, 0x00, 0x00, 0x00, 0x02,
	0x80, 0x00, 0x00, 0x28, 0x00, 0x00, 0x00, 0x29, 0x7B, 0x08, 0x18, 0x10, 0x00, 0x02, 0x12, 0x68,
	0x80, 0x00, 0x00, 0x2E, 0x20, 0x0A, 0x00, 0x00, 0x00, 0xE0, 0xC1, 0x00, 0x9B, 0x0F, 0x00, 0x00,
	0x00, 0x00, 0x00, 0x00, 0x00, 0x00, 0x00, 0x00, 0x00, 0x00, 0x00, 0x00, 0x00, 0x14, 0x00, 0x00,
	0x00, 0x00, 0x00, 0x00, 0x00, 0x00, 0x00, 0x66, 0x00, 0x00, 0x00, 0x20, 0x00, 0x90, 0x01, 0x00,
	0xD8, 0x04, 0x00, 0x3D, 0x7F, 0x20, 0x02, 0x00, 0x00, 0x00, 0x00, 0x00, 0x00, 0x06, 0x00, 0x28,
	0x00, 0x00, 0x00, 0x00, 0x00, 0x00, 0x00, 0x00, 0x00, 0x00, 0x00, 0x38, 0x00, 0x00, 0x00, 0x00,
	0x00, 0x00, 0x00, 0x00, 0x00, 0x0A, 0x23, 0x16, 0x00, 0x00, 0x00, 0x00, 0x00, 0x24, 0x00, 0x00,
	0x00, 0x00, 0x00, 0x26, 0x00, 0x00, 0x00, 0x00, 0x80, 0x00, 0x00, 0x00, 0x00, 0x00, 0x00, 0x29,
	0x80, 0x10, 0x14, 0x0C, 0x00, 0x00, 0x00, 0x00, 0x80, 0x00, 0x00, 0x16, 0x20, 0x01, 0x00, 0x00,
	0x00, 0x24, 0x00, 0x10, 0x09, 0x00, 0x00, 0x26, 0x00, 0x00, 0x80, 0x00, 0x80, 0x00, 0x00, 0x3C,
	0x00, 0x00, 0x00, 0x29, 0x9E, 0x10, 0x14, 0x0C, 0x00, 0x00, 0x12, 0x7C, 0x80, 0x00, 0x00, 0x28,
	0x00, 0x00, 0x00, 0x00, 0x00, 0x00, 0x00, 0x00, 0x00, 0x00, 0x00, 0x38, 0x00, 0x00, 0x00, 0x00,
	0x00, 0x00, 0x00, 0x00, 0x00, 0x88, 0x2B, 0x16, 0x00, 0x00, 0x00, 0x00, 0x00, 0x12, 0x00, 0x00,
	0x12, 0x00, 0x00, 0x26, 0x00, 0x00, 0x00, 0x01, 0x80, 0x00, 0x00, 0x14, 0x00, 0x00, 0x00, 0x29,
	0x71, 0x08, 0x18, 0x10, 0x00, 0x02, 0x00, 0x14, 0x80, 0x00, 0x00, 0x16, 0x20, 0x01, 0x00, 0x02,
	0x00, 0x12, 0x00, 0x10, 0x16, 0x00, 0x00, 0x26, 0x00, 0x00, 0x80, 0x01, 0x80, 0x00, 0x00, 0x28,
	0x00, 0x00, 0x00, 0x29, 0x76, 0x08, 0x18, 0x10, 0x00, 0x02, 0x12, 0x68, 0x80, 0x00, 0x00, 0x16,
	0x00, 0x00, 0x00, 0x00, 0x00, 0x12, 0x00, 0x00, 0x1B, 0x00, 0x00, 0x26, 0x00, 0x00, 0x00, 0x02,
	0x80, 0x00, 0x00, 0x00, 0x00, 0x00, 0x00, 0x29, 0x7B, 0x08, 0x18, 0x10, 0x00, 0x02, 0x00, 0x00,
	0x80, 0x00, 0x00, 0x2E, 0x20, 0x0A, 0x00, 0x00, 0x00, 0xE0, 0xC1, 0x00, 0xA0, 0x0F, 0x00, 0x00,
	0x00, 0x00, 0x00, 0x00, 0x00, 0x00, 0x00, 0x00, 0x00, 0x00, 0x00, 0x00, 0x00, 0x14, 0x00, 0x00,
	0x00, 0x00, 0x00, 0x00, 0x00, 0x00, 0x00, 0x66, 0x00, 0x00, 0x00, 0x20, 0x00, 0x90, 0x01, 0x00,
	0x00, 0x05, 0x00, 0x3D, 0x7F, 0x20, 0x02, 0x00, 0x00, 0x00, 0x00, 0x00, 0x00, 0x06, 0x00, 0x28,
	0x00, 0x00, 0x00, 0x00, 0x00, 0x00, 0x00, 0x00, 0x00, 0x00, 0x00, 0x38, 0x00, 0x00, 0x00, 0x00,
	0x00, 0x00, 0x00, 0x00, 0x00, 0x0A, 0x23, 0x16, 0x20, 0x01, 0x00, 0x00, 0x00, 0x24, 0x00, 0x10,
	0x00, 0x00, 0x00, 0x26, 0x00, 0x00, 0x00, 0x00, 0x80, 0x00, 0x00, 0x3C, 0x00, 0x00, 0x00, 0x29,
	0x80, 0x10, 0x14, 0x0C, 0x00, 0x00, 0x12, 0x7C, 0x80, 0x00, 0x00, 0x16, 0x00, 0x00, 0x00, 0x00,
	0x00, 0x24, 0x00, 0x00, 0x09, 0x00, 0x00, 0x26, 0x00, 0x00, 0x80, 0x00, 0x80, 0x00, 0x00, 0x14,
	0x00, 0x00, 0x00, 0x29, 0x9E, 0x10, 0x14, 0x0C, 0x00, 0x00, 0x00, 0x14, 0x80, 0x00, 0x00, 0x28,
	0x00, 0x00, 0x00, 0x00, 0x00, 0x00, 0x00, 0x00, 0x00, 0x00, 0x00, 0x38, 0x00, 0x00, 0x00, 0x00,
	0x00, 0x00, 0x00, 0x00, 0x00, 0x88, 0x2B, 0x16, 0x20, 0x01, 0x00, 0x00, 0x00, 0x12, 0x00, 0x10,
	0x12, 0x00, 0x00, 0x26, 0x00, 0x00, 0x00, 0x01, 0x80, 0x00, 0x00, 0x28, 0x00, 0x00, 0x00, 0x29,
	0x71, 0x08, 0x18, 0x10, 0x00, 0x02, 0x12, 0x68, 0x80, 0x00, 0x00, 0x16, 0x00, 0x00, 0x00, 0x02,
	0x00, 0x12, 0x00, 0x00, 0x16, 0x00, 0x00, 0x26, 0x00, 0x00, 0x80, 0x01, 0x80, 0x00, 0x00, 0x00,
	0x00, 0x00, 0x00, 0x29, 0x76, 0x08, 0x18, 0x10, 0x00, 0x02, 0x00, 0x00, 0x80, 0x00, 0x00, 0x16,
	0x20, 0x01, 0x00, 0x00, 0x00, 0x12, 0x00, 0x10, 0x1B, 0x00, 0x00, 0x26, 0x00, 0x00, 0x00, 0x02,
	0x80, 0x00, 0x00, 0x3C, 0x00, 0x00, 0x00, 0x29, 0x7B, 0x08, 0x18, 0x10, 0x00, 0x02, 0x12, 0x7C,
	0x80, 0x00, 0x00, 0x2E, 0x20, 0x0A, 0x00, 0x00, 0x00, 0xE0, 0xC1, 0x00, 0xA5, 0x0F, 0x00, 0x00,
	0x00, 0x00, 0x00, 0x00, 0x00, 0x00, 0x00, 0x00, 0x00, 0x00, 0x00, 0x00, 0x00, 0x14, 0x00, 0x00,
	0x00, 0x00, 0x00, 0x00, 0x00, 0x00, 0x00, 0x66, 0x00, 0x00, 0x00, 0x20, 0x00, 0x90, 0x01, 0x00,
	0x28, 0x05, 0x00, 0x3D, 0x7F, 0x20, 0x02, 0x00, 0x00, 0x00, 0x00, 0x00, 0x00, 0x06, 0x00, 0x28,
	0x00, 0x00, 0x00, 0x00, 0x00, 0x00, 0x00, 0x00, 0x00, 0x00, 0x00, 0x38, 0x00, 0x00, 0x00, 0x00,
	0x00, 0x00, 0x00, 0x00, 0x00, 0x0A, 0x23, 0x16, 0x00, 0x00, 0x00, 0x00, 0x00, 0x24, 0x00, 0x00,
	0x00, 0x00, 0x00, 0x26, 0x00, 0x00, 0x00, 0x00, 0x80, 0x00, 0x00, 0x14, 0x00, 0x00, 0x00, 0x29,
	0x80, 0x10, 0x14, 0x0C, 0x00, 0x00, 0x00, 0x14, 0x80, 0x00, 0x00, 0x16, 0x20, 0x01, 0x00, 0x00,
	0x00, 0x24, 0x00, 0x10, 0x09, 0x00, 0x00, 0x26, 0x00, 0x00, 0x80, 0x00, 0x80, 0x00, 0x00, 0x28,
	0x00, 0x00, 0x00, 0x29, 0x9E, 0x10, 0x14, 0x0C, 0x00, 0x00, 0x12, 0x68, 0x80, 0x00, 0x00, 0x28,
	0x00, 0x00, 0x00, 0x00, 0x00, 0x00, 0x00, 0x00, 0x00, 0x00, 0x00, 0x38, 0x00, 0x00, 0x00, 0x00,
	0x00, 0x00, 0x00, 0x00, 0x00, 0x88, 0x2B, 0x16, 0x00, 0x00, 0x00, 0x00, 0x00, 0x12, 0x00, 0x00,
	0x12, 0x00, 0x00, 0x26, 0x00, 0x00, 0x00, 0x01, 0x80, 0x00, 0x00, 0x00, 0x00, 0x00, 0x00, 0x29,
	0x71, 0x08, 0x18, 0x10, 0x00, 0x02, 0x00, 0x00, 0x80, 0x00, 0x00, 0x16, 0x20, 0x01, 0x00, 0x02,
	0x00, 0x12, 0x00, 0x10, 0x16, 0x00, 0x00, 0x26, 0x00, 0x00, 0x80, 0x01, 0x80, 0x00, 0x00, 0x3C,
	0x00, 0x00, 0x00, 0x29, 0x76, 0x08, 0x18, 0x10, 0x00, 0x02, 0x12, 0x7C, 0x80, 0x00, 0x00, 0x16,
	0x00, 0x00, 0x00, 0x00, 0x00, 0x12, 0x00, 0x00, 0x1B, 0x00, 0x00, 0x26, 0x00, 0x00, 0x00, 0x02,
	0x80, 0x00, 0x00, 0x14, 0x00, 0x00, 0x00, 0x29, 0x7B, 0x08, 0x18, 0x10, 0x00, 0x02, 0x00, 0x14,
	0x80, 0x00, 0x00, 0x2E, 0x20, 0x0A, 0x00, 0x00, 0x00, 0xE0, 0xC1, 0x00, 0xAA, 0x0F, 0x00, 0x00,
	0x00, 0x00, 0x00, 0x00, 0x00, 0x00, 0x00, 0x00, 0x00, 0x00, 0x00, 0x00, 0x00, 0x14, 0x00, 0x00,
	0x00, 0x00, 0x00, 0x00, 0x00, 0x00, 0x00, 0x66, 0x00, 0x00, 0x00, 0x20, 0x00, 0x90, 0x01, 0x00,
	0x50, 0x05, 0x00, 0x3D, 0x7F, 0x20, 0x02, 0x00, 0x00, 0x00, 0x00, 0x00, 0x00, 0x06, 0x00, 0x28,
	0x00, 0x00, 0x00, 0x00, 0x00, 0x00, 0x00, 0x00, 0x00, 0x00, 0x00, 0x38, 0x00, 0x00, 0x00, 0x00,
	0x00, 0x00, 0x00, 0x00, 0x00, 0x0A, 0x23, 0x16, 0x20, 0x01, 0x00, 0x00, 0x00, 0x24, 0x00, 0x10,
	0x00, 0x00, 0x00, 0x26, 0x00, 0x00, 0x00, 0x00, 0x80, 0x00, 0x00, 0x28, 0x00, 0x00, 0x00, 0x29,
	0x80, 0x10, 0x14, 0x0C, 0x00, 0x00, 0x12, 0x68, 0x80, 0x00, 0x00, 0x16, 0x00, 0x00, 0x00, 0x00,
	0x00, 0x24, 0x00, 0x00, 0x09, 0x00, 0x00, 0x26, 0x00, 0x00, 0x80, 0x00, 0x80, 0x00, 0x00, 0x00,
	0x00, 0x00, 0x00, 0x29, 0x9E, 0x10, 0x14, 0x0C, 0x00, 0x00, 0x00, 0x00, 0x80, 0x00, 0x00, 0x28,
	0x00, 0x00, 0x00, 0x00, 0x00, 0x00, 0x00, 0x00, 0x00, 0x00, 0x00, 0x38, 0x00, 0x00, 0x00, 0x00,
	0x00, 0x00, 0x00, 0x00, 0x00, 0x88, 0x2B, 0x16, 0x20, 0x01, 0x00, 0x00, 0x00, 0x12, 0x00, 0x10,
	0x12, 0x00, 0x00, 0x26, 0x00, 0x00, 0x00, 0x01, 0x80, 0x00, 0x00, 0x3C, 0x00, 0x00, 0x00, 0x29,
	0x71, 0x08, 0x18, 0x10, 0x00, 0x02, 0x12, 0x7C, 0x80, 0x00, 0x00, 0x16, 0x00, 0x00, 0x00, 0x02,
	0x00, 0x12, 0x00, 0x00, 0x16, 0x00, 0x00, 0x26, 0x00, 0x00, 0x80, 0x01, 0x80, 0x00, 0x00, 0x14,
	0x00, 0x00, 0x00, 0x29, 0x76, 0x08, 0x18, 0x10, 0x00, 0x02, 0x00, 0x14, 0x80, 0x00, 0x00, 0x16,
	0x20, 0x01, 0x00, 0x00, 0x00, 0x12, 0x00, 0x10, 0x1B, 0x00, 0x00, 0x26, 0x00, 0x00, 0x00, 0x02,
	0x80, 0x00, 0x00, 0x28, 0x00, 0x00, 0x00, 0x29, 0x7B, 0x08, 0x18, 0x10, 0x00, 0x02, 0x12, 0x68,
	0x80, 0x00, 0x00, 0x2E, 0x20, 0x0A, 0x00, 0x00, 0x00, 0xE0, 0xC1, 0x00, 0xAF, 0x0F, 0x00, 0x00,
	0x00, 0x00, 0x00, 0x00, 0x00, 0x00, 0x00, 0x00, 0x00, 0x00, 0x00, 0x00, 0x00, 0x14, 0x00, 0x00,
	0x00, 0x00, 0x00, 0x00, 0x00, 0x00, 0x00, 0x66, 0x00, 0x00, 0x00, 0x20, 0x00, 0x90, 0x01, 0x00,
	0x78, 0x05, 0x00, 0x3D, 0x7F, 0x20, 0x02, 0x00, 0x00, 0x00, 0x00, 0x00, 0x00, 0x06, 0x00, 0x28,
	0x00, 0x00, 0x00, 0x00, 0x00, 0x00, 0x00, 0x00, 0x00, 0x00, 0x00, 0x38, 0x00, 0x00, 0x00, 0x00,
	0x00, 0x00, 0x00, 0x00, 0x00, 0x0A, 0x23, 0x16, 0x00, 0x00, 0x00, 0x00, 0x00, 0x24, 0x00, 0x00,
	0x00, 0x00, 0x00, 0x26, 0x00, 0x00, 0x00, 0x00, 0x80, 0x00, 0x00, 0x00, 0x00, 0x00, 0x00, 0x29,
	0x80, 0x10, 0x14, 0x0C, 0x00, 0x00, 0x00, 0x00, 0x80, 0x00, 0x00, 0x16, 0x20, 0x01, 0x00, 0x00,
	0x00, 0x24, 0x00, 0x10, 0x09, 0x00, 0x00, 0x26, 0x00, 0x00, 0x80, 0x00, 0x80, 0x00, 0x00, 0x3C,
	0x00, 0x00, 0x00, 0x29, 0x9E, 0x10, 0x14, 0x0C, 0x00, 0x00, 0x12, 0x7C, 0x80, 0x00, 0x00, 0x28,
	0x00, 0x00, 0x00, 0x00, 0x00, 0x00, 0x00, 0x00, 0x00, 0x00, 0x00, 0x38, 0x00, 0x00, 0x00, 0x00,
	0x00, 0x00, 0x00, 0x00, 0x00, 0x88, 0x2B, 0x16, 0x00, 0x00, 0x00, 0x00, 0x00, 0x12, 0x00, 0x00,
	0x12, 0x00, 0x00, 0x26, 0x00, 0x00, 0x00, 0x01, 0x80, 0x00, 0x00, 0x14, 0x00, 0x00, 0x00, 0x29,
	0x71, 0x08, 0x18, 0x10, 0x00, 0x02, 0x00, 0x14, 0x80, 0x00, 0x00, 0x16, 0x20, 0x01, 0x00, 0x02,
	0x00, 0x12, 0x00, 0x10, 0x16, 0x00, 0x00, 0x26, 0x00, 0x00, 0x80, 0x01, 0x80, 0x00, 0x00, 0x28,
	0x00, 0x00, 0x00, 0x29, 0x76, 0x08, 0x18, 0x10, 0x00, 0x02, 0x12, 0x68, 0x80, 0x00, 0x00, 0x16,
	0x00, 0x00, 0x00, 0x00, 0x00, 0x12, 0x00, 0x00, 0x1B, 0x00, 0x00, 0x26, 0x00, 0x00, 0x00, 0x02,
	0x80, 0x00, 0x00, 0x00, 0x00, 0x00, 0x00, 0x29, 0x7B, 0x08, 0x18, 0x10, 0x00, 0x02, 0x00, 0x00,
	0x80, 0x00, 0x00, 0x2E, 0x20, 0x0A, 0x00, 0x00, 0x00, 0xE0, 0xC1, 0x00, 0xB4, 0x0F, 0x00, 0x00,
	0x00, 0x00, 0x00, 0x00, 0x00, 0x00, 0x00, 0x00, 0x00, 0x00, 0x00, 0x00, 0x00, 0x14, 0x00, 0x00,
	0x00, 0x00, 0x00, 0x00, 0x00, 0x00, 0x00, 0x66, 0x00, 0x00, 0x00, 0x20, 0x00, 0x90, 0x01, 0x00,
	0xA0, 0x05, 0x00, 0x3D, 0x7F, 0x20, 0x02, 0x00, 0x00, 0x00, 0x00, 0x00, 0x00, 0x06, 0x00, 0x28,
	0x00, 0x00, 0x00, 0x00, 0x00, 0x00, 0x00, 0x00, 0x00, 0x00, 0x00, 0x38, 0x00, 0x00, 0x00, 0x00,
	0x00, 0x00, 0x00, 0x00, 0x00, 0x0A, 0x23, 0x16, 0x20, 0x01, 0x00, 0x00, 0x00, 0x24, 0x00, 0x10,
	0x00, 0x00, 0x00, 0x26, 0x00, 0x00, 0x00, 0x00, 0x80, 0x00, 0x00, 0x3C, 0x00, 0x00, 0x00, 0x29,
	0x80, 0x10, 0x14, 0x0C, 0x00, 0x00, 0x12, 0x7C, 0x80, 0x00, 0x00, 0x16, 0x00, 0x00, 0x00, 0x00,
	0x00, 0x24, 0x00, 0x00, 0x09, 0x00, 0x00, 0x26, 0x00, 0x00, 0x80, 0x00, 0x80, 0x00, 0x00, 0x14,
	0x00, 0x00, 0x00, 0x29, 0x9E, 0x10, 0x14, 0x0C, 0x00, 0x00, 0x00, 0x14, 0x80, 0x00, 0x00, 0x28,
	0x00, 0x00, 0x00, 0x00, 0x00, 0x00, 0x00, 0x00, 0x00, 0x00, 0x00, 0x38, 0x00, 0x00, 0x00, 0x00,
	0x00, 0x00, 0x00, 0x00, 0x00, 0x88, 0x2B, 0x16, 0x20, 0x01, 0x00, 0x00, 0x00, 0x12, 0x00, 0x10,
	0x12, 0x00, 0x00, 0x26, 0x00, 0x00, 0x00, 0x01, 0x80, 0x00, 0x00, 0x28, 0x00, 0x00, 0x00, 0x29,
	0x71, 0x08, 0x18, 0x10, 0x00, 0x02, 0x12, 0x68, 0x80, 0x00, 0x00, 0x16, 0x00, 0x00, 0x00, 0x02,
	0x00, 0x12, 0x00, 0x00, 0x16, 0x00, 0x00, 0x26, 0x00, 0x00, 0x80, 0x01, 0x80, 0x00, 0x00, 0x00,
	0x00, 0x00, 0x00, 0x29, 0x76, 0x08, 0x18, 0x10, 0x00, 0x02, 0x00, 0x00, 0x80, 0x00, 0x00, 0x16,
	0x20, 0x01, 0x00, 0x00, 0x00, 0x12, 0x00, 0x10, 0x1B, 0x00, 0x00, 0x26, 0x00, 0x00, 0x00, 0x02,
	0x80, 0x00, 0x00, 0x3C, 0x00, 0x00, 0x00, 0x29, 0x7B, 0x08, 0x18, 0x10, 0x00, 0x02, 0x12, 0x7C,
	0x80, 0x00, 0x00, 0x2E, 0x20, 0x0A, 0x00, 0x00, 0x00, 0xE0, 0xC1, 0x00, 0xB9, 0x0F, 0x00, 0x00,
	0x00, 0x00, 0x00, 0x00, 0x00, 0x00, 0x00, 0x00, 0x00, 0x00, 0x00, 0x00, 0x00, 0x14, 0x00, 0x00,
	0x00, 0x00, 0x00, 0x00, 0x00, 0x00, 0x00, 0x66, 0x00, 0x00, 0x00, 0x20, 0x00, 0x90, 0x01, 0x00,
	0xC8, 0x05, 0x00, 0x3D, 0x7F, 0x20, 0x02, 0x00, 0x00, 0x00, 0x00, 0x00, 0x00, 0x06, 0x00, 0x28,
	0x00, 0x00, 0x00, 0x00, 0x00, 0x00, 0x00, 0x00, 0x00, 0x00, 0x00, 0x38, 0x00, 0x00, 0x00, 0x00,
	0x00, 0x00, 0x00, 0x00, 0x00, 0x0A, 0x23, 0x16, 0x00, 0x00, 0x00, 0x00, 0x00, 0x24, 0x00, 0x00,
	0x00, 0x00, 0x00, 0x26, 0x00, 0x00, 0x00, 0x00, 0x80, 0x00, 0x00, 0x14, 0x00, 0x00, 0x00, 0x29,
	0x80, 0x10, 0x14, 0x0C, 0x00, 0x00, 0x00, 0x14, 0x80, 0x00, 0x00, 0x16, 0x20, 0x01, 0x00, 0x00,
	0x00, 0x24, 0x00, 0x10, 0x09, 0x00, 0x00, 0x26, 0x00, 0x00, 0x80, 0x00, 0x80, 0x00, 0x00, 0x28,
	0x00, 0x00, 0x00, 0x29, 0x9E, 0x10, 0x14, 0x0C, 0x00, 0x00, 0x12, 0x68, 0x80, 0x00, 0x00, 0x28,
	0x00, 0x00, 0x00, 0x00, 0x00, 0x00, 0x00, 0x00, 0x00, 0x00, 0x00, 0x38, 0x00, 0x00, 0x00, 0x00,
	0x00, 0x00, 0x00, 0x00, 0x00, 0x88, 0x2B, 0x16, 0x00, 0x00, 0x00, 0x00, 0x00, 0x12, 0x00, 0x00,
	0x12, 0x00, 0x00, 0x26, 0x00, 0x00, 0x00, 0x01, 0x80, 0x00, 0x00, 0x00, 0x00, 0x00, 0x00, 0x29,
	0x71, 0x08, 0x18, 0x10, 0x00, 0x02, 0x00, 0x00, 0x80, 0x00, 0x00, 0x16, 0x20, 0x01, 0x00, 0x02,
	0x00, 0x12, 0x00, 0x10, 0x16, 0x00, 0x00, 0x26, 0x00, 0x00, 0x80, 0x01, 0x80, 0x00, 0x00, 0x3C,
	0x00, 0x00, 0x00, 0x29, 0x76, 0x08, 0x18, 0x10, 0x00, 0x02, 0x12, 0x7C, 0x80, 0x00, 0x00, 0x16,
	0x00, 0x00, 0x00, 0x00, 0x00, 0x12, 0x00, 0x00, 0x1B, 0x00, 0x00, 0x26, 0x00, 0x00, 0x00, 0x02,
	0x80, 0x00, 0x00, 0x14, 0x00, 0x00, 0x00, 0x29, 0x7B, 0x08, 0x18, 0x10, 0x00, 0x02, 0x00, 0x14,
	0x80, 0x00, 0x00, 0x2E, 0x20, 0x0A, 0x00, 0x00, 0x00, 0xE0, 0xC1, 0x00, 0xBE, 0x0F, 0x00, 0x00,
	0x00, 0x00, 0x00, 0x00, 0x00, 0x00, 0x00, 0x00, 0x00, 0x00, 0x00, 0x00, 0x00, 0x14, 0x00, 0x00,
	0x00, 0x00, 0x00, 0x00, 0x00, 0x00, 0x00, 0x66, 0x00, 0x00, 0x00, 0x20, 0x00, 0x90, 0x01, 0x00,
	0xF0, 0x05, 0x00, 0x3D, 0x7F, 0x20, 0x02, 0x00, 0x00, 0x00, 0x00, 0x00, 0x00, 0x06, 0x00, 0x28,
	0x00, 0x00, 0x00, 0x00, 0x00, 0x00, 0x00, 0x00, 0x00, 0x00, 0x00, 0x38, 0x00, 0x00, 0x00, 0x00,
	0x00, 0x00, 0x00, 0x00, 0x00, 0x0A, 0x23, 0x16, 0x20, 0x01, 0x00, 0x00, 0x00, 0x24, 0x00, 0x10,
	0x00, 0x00, 0x00, 0x26, 0x00, 0x00, 0x00, 0x00, 0x80, 0x00, 0x00, 0x28, 0x00, 0x00, 0x00, 0x29,
	0x80, 0x10, 0x14, 0x0C, 0x00, 0x00, 0x12, 0x68, 0x80, 0x00, 0x00, 0x16, 0x00, 0x00, 0x00, 0x00,
	0x00, 0x24, 0x00, 0x00, 0x09, 0x00, 0x00, 0x26, 0x00, 0x00, 0x80, 0x00, 0x80, 0x00, 0x00, 0x00,
	0x00, 0x00, 0x00, 0x29, 0x9E, 0x10, 0x14, 0x0C, 0x00, 0x00, 0x00, 0x00, 0x80, 0x00, 0x00, 0x28,
	0x00, 0x00, 0x00, 0x00, 0x00, 0x00, 0x00, 0x00, 0x00, 0x00, 0x00, 0x38, 0x00, 0x00, 0x00, 0x00,
	0x00, 0x00, 0x00, 0x00, 0x00, 0x88, 0x2B, 0x16, 0x20, 0x01, 0x00, 0x00, 0x00, 0x12, 0x00, 0x10,
	0x12, 0x00, 0x00, 0x26, 0x00, 0x00, 0x00, 0x01, 0x80, 0x00, 0x00, 0x3C, 0x00, 0x00, 0x00, 0x29,
	0x71, 0x08, 0x18, 0x10, 0x00, 0x02, 0x12, 0x7C, 0x80, 0x00, 0x00, 0x16, 0x00, 0x00, 0x00, 0x02,
	0x00, 0x12, 0x00, 0x00, 0x16, 0x00, 0x00, 0x26, 0x00, 0x00, 0x80, 0x01, 0x80, 0x00, 0x00, 0x14,
	0x00, 0x00, 0x00, 0x29, 0x76, 0x08, 0x18, 0x10, 0x00, 0x02, 0x00, 0x14, 0x80, 0x00, 0x00, 0x16,
	0x20, 0x01, 0x00, 0x00, 0x00, 0x12, 0x00, 0x10, 0x1B, 0x00, 0x00, 0x26, 0x00, 0x00, 0x00, 0x02,
	0x80, 0x00, 0x00, 0x28, 0x00, 0x00, 0x00, 0x29, 0x7B, 0x08, 0x18, 0x10, 0x00, 0x02, 0x12, 0x68,
	0x80, 0x00, 0x00, 0x2E, 0x20, 0x0A, 0x00, 0x00, 0x00, 0xE0, 0xC1, 0x00, 0xC3, 0x0F, 0x00, 0x00,
	0x00, 0x00, 0x00, 0x00, 0x00, 0x00, 0x00, 0x00, 0x00, 0x00, 0x00, 0x00, 0x00, 0x14, 0x00, 0x00,
	0x00, 0x00, 0x00, 0x00, 0x00, 0x00, 0x00, 0x66, 0x00, 0x00, 0x00, 0x20, 0x00, 0x90, 0x01, 0x00,
	0x18, 0x06, 0x00, 0x3D, 0x7F, 0x20, 0x02, 0x00, 0x00, 0x00, 0x00, 0x00, 0x00, 0x06, 0x00, 0x28,
	0x00, 0x00, 0x00, 0x00, 0x00, 0x00, 0x00, 0x00, 0x00, 0x00, 0x00, 0x38, 0x00, 0x00, 0x00, 0x00,
	0x00, 0x00, 0x00, 0x00, 0x00, 0x0A, 0x23, 0x16, 0x00, 0x00, 0x00, 0x00, 0x00, 0x24, 0x00, 0x00,
	0x00, 0x00, 0x00, 0x26, 0x00, 0x00, 0x00, 0x00, 0x80, 0x00, 0x00, 0x00, 0x00, 0x00, 0x00, 0x29,
	0x80, 0x10, 0x14, 0x0C, 0x00, 0x00, 0x00, 0x00, 0x80, 0x00, 0x00, 0x16, 0x20, 0x01, 0x00, 0x00,
	0x00, 0x24, 0x00, 0x10, 0x09, 0x00, 0x00, 0x26, 0x00, 0x00, 0x80, 0x00, 0x80, 0x00, 0x00, 0x3C,
	0x00, 0x00, 0x00, 0x29, 0x9E, 0x10, 0x14, 0x0C, 0x00, 0x00, 0x12, 0x7C, 0x80, 0x00, 0x00, 0x28,
	0x00, 0x00, 0x00, 0x00, 0x00, 0x00, 0x00, 0x00, 0x00, 0x00, 0x00, 0x38, 0x00, 0x00, 0x00, 0x00,
	0x00, 0x00, 0x00, 0x00, 0x00, 0x88, 0x2B, 0x16, 0x00, 0x00, 0x00, 0x00, 0x00, 0x12, 0x00, 0x00,
	0x12, 0x00, 0x00, 0x26, 0x00, 0x00, 0x00, 0x01, 0x80, 0x00, 0x00, 0x14, 0x00, 0x00, 0x00, 0x29,
	0x71, 0x08, 0x18, 0x10, 0x00, 0x02, 0x00, 0x14, 0x80, 0x00, 0x00, 0x16, 0x20, 0x01, 0x00, 0x02,
	0x00, 0x12, 0x00, 0x10, 0x16, 0x00, 0x00, 0x26, 0x00, 0x00, 0x80, 0x01, 0x80, 0x00, 0x00, 0x28,
	0x00, 0x00, 0x00, 0x29, 0x76, 0x08, 0x18, 0x10, 0x00, 0x02, 0x12, 0x68, 0x80, 0x00, 0x00, 0x16,
	0x00, 0x00, 0x00, 0x00, 0x00, 0x12, 0x00, 0x00, 0x1B, 0x00, 0x00, 0x26, 0x00, 0x00, 0x00, 0x02,
	0x80, 0x00, 0x00, 0x00, 0x00, 0x00, 0x00, 0x29, 0x7B, 0x08, 0x18, 0x10, 0x00, 0x02, 0x00, 0x00,
	0x80, 0x00, 0x00, 0x2E, 0x20, 0x0A, 0x00, 0x00, 0x00, 0xE0, 0xC1, 0x00, 0xC8, 0x0F, 0x00, 0x00,
	0x00, 0x00, 0x00, 0x00, 0x00, 0x00, 0x00, 0x00, 0x00, 0x00, 0x00, 0x00, 0x00, 0x14, 0x00, 0x00,
	0x00, 0x00, 0x00, 0x00, 0x00, 0x00, 0x00, 0x66, 0x00, 0x00, 0x00, 0x20, 0x00, 0x90, 0x01, 0x00,
	0x40, 0x06, 0x00, 0x3D, 0x7F, 0x20, 0x02, 0x00, 0x00, 0x00, 0x00, 0x00, 0x00, 0x06, 0x00, 0x28,
	0x00, 0x00, 0x00, 0x00, 0x00, 0x00, 0x00, 0x00, 0x00, 0x00, 0x00, 0x38, 0x00, 0x00, 0x00, 0x00,
	0x00, 0x00, 0x00, 0x00, 0x00, 0x0A, 0x23, 0x16, 0x20, 0x01, 0x00, 0x00, 0x00, 0x24, 0x00, 0x10,
	0x00, 0x00, 0x00, 0x26, 0x00, 0x00, 0x00, 0x00, 0x80, 0x00, 0x00, 0x3C, 0x00, 0x00, 0x00, 0x29,
	0x80, 0x10, 0x14, 0x0C, 0x00, 0x00, 0x12, 0x7C, 0x80, 0x00, 0x00, 0x16, 0x00, 0x00, 0x00, 0x00,
	0x00, 0x24, 0x00, 0x00, 0x09, 0x00, 0x00, 0x26, 0x00, 0x00, 0x80, 0x00, 0x80, 0x00, 0x00, 0x14,
	0x00, 0x00, 0x00, 0x29, 0x9E, 0x10, 0x14, 0x0C, 0x00, 0x00, 0x00, 0x14, 0x80, 0x00, 0x00, 0x28,
	0x00, 0x00, 0x00, 0x00, 0x00, 0x00, 0x00, 0x00, 0x00, 0x00, 0x00, 0x38, 0x00, 0x00, 0x00, 0x00,
	0x00, 0x00, 0x00, 0x00, 0x00, 0x88, 0x2B, 0x16, 0x20, 0x01, 0x00, 0x00, 0x00, 0x12, 0x00, 0x10,
	0x12, 0x00, 0x00, 0x26, 0x00, 0x00, 0x00, 0x01, 0x80, 0x00, 0x00, 0x28, 0x00, 0x00, 0x00, 0x29,
	0x71, 0x08, 0x18, 0x10, 0x00, 0x02, 0x12, 0x68, 0x80, 0x00, 0x00, 0x16, 0x00, 0x00, 0x00, 0x02,
	0x00, 0x12, 0x00, 0x00, 0x16, 0x00, 0x00, 0x26, 0x00, 0x00, 0x80, 0x01, 0x80, 0x00, 0x00, 0x00,
	0x00, 0x00, 0x00, 0x29, 0x76, 0x08, 0x18, 0x10, 0x00, 0x02, 0x00, 0x00, 0x80, 0x00, 0x00, 0x16,
	0x20, 0x01, 0x00, 0x00, 0x00, 0x12, 0x00, 0x10, 0x1B, 0x00, 0x00, 0x26, 0x00, 0x00, 0x00, 0x02,
	0x80, 0x00, 0x00, 0x3C, 0x00, 0x00, 0x00, 0x29, 0x7B, 0x08, 0x18, 0x10, 0x00, 0x02, 0x12, 0x7C,
	0x80, 0x00, 0x00, 0x2E, 0x20, 0x0A, 0x00, 0x00, 0x00, 0xE0, 0xC1, 0x00, 0xCD, 0x0F, 0x00, 0x00,
	0x00, 0x00, 0x00, 0x00, 0x00, 0x00, 0x00, 0x00, 0x00, 0x00, 0x00, 0x00, 0x00, 0x14, 0x00, 0x00,
	0x00, 0x00, 0x00, 0x00, 0x00, 0x00, 0x00, 0x66, 0x00, 0x00, 0x00, 0x20, 0x00, 0x90, 0x01, 0x00,
	0x68, 0x06, 0x00, 0x3D, 0x7F, 0x20, 0x02, 0x00, 0x00, 0x00, 0x00, 0x00, 0x00, 0x06, 0x00, 0x28,
	0x00, 0x00, 0x00, 0x00, 0x00, 0x00, 0x00, 0x00, 0x00, 0x00, 0x00, 0x38, 0x00, 0x00, 0x00, 0x00,
	0x00, 0x00, 0x00, 0x00, 0x00, 0x0A, 0x23, 0x16, 0x00, 0x00, 0x00, 0x00, 0x00, 0x24, 0x00, 0x00,
	0x00, 0x00, 0x00, 0x26, 0x00, 0x00, 0x00, 0x00, 0x80, 0x00, 0x00, 0x14, 0x00, 0x00, 0x00, 0x29,
	0x80, 0x10, 0x14, 0x0C, 0x00, 0x00, 0x00, 0x14, 0x80, 0x00, 0x00, 0x16, 0x20, 0x01, 0x00, 0x00,
	0x00, 0x24, 0x00, 0x10, 0x09, 0x00, 0x00, 0x06, 0x00, 0x00, 0x00, 0x00, 0x00, 0x08, 0x00, 0x00,
	0x30, 0x00, 0x00, 0x08, 0x00, 0x00, 0x00, 0x00, 0x00, 0x00, 0x00, 0x00, 0x00, 0x00, 0x00, 0x18,
	0x00, 0x00, 0x00, 0x00, 0x00, 0x00, 0x00, 0x00, 0x00, 0x00, 0x00, 0x26, 0x00, 0x00, 0x80, 0x00,
	0x80, 0x00, 0x00, 0x28, 0x00, 0x00, 0x00, 0x29, 0x9E, 0x10, 0x14, 0x0C, 0x00, 0x00, 0x12, 0x68,
	0x80, 0x00, 0x00, 0x28, 0x00, 0x00, 0x00, 0x00, 0x00, 0x00, 0x00, 0x00, 0x00, 0x00, 0x00, 0x38,
	0x00, 0x00, 0x00, 0x00, 0x00, 0x00, 0x00, 0x00, 0x00, 0x88, 0x2B, 0x16, 0x00, 0x00, 0x00, 0x00,
	0x00, 0x12, 0x00, 0x00, 0x12, 0x00, 0x00, 0x26, 0x00, 0x00, 0x00, 0x01, 0x80, 0x00, 0x00, 0x00,
	0x00, 0x00, 0x00, 0x29, 0x71, 0x08, 0x18, 0x10, 0x00, 0x02, 0x00, 0x00, 0x80, 0x00, 0x00, 0x16,
	0x20, 0x01, 0x00, 0x02, 0x00, 0x12, 0x00, 0x10, 0x16, 0x00, 0x00, 0x26, 0x00, 0x00, 0x80, 0x01,
	0x80, 0x00, 0x00, 0x3C, 0x00, 0x00, 0x00, 0x29, 0x76, 0x08, 0x18, 0x10, 0x00, 0x02, 0x12, 0x7C,
	0x80, 0x00, 0x00, 0x16, 0x00, 0x00, 0x00, 0x00, 0x00, 0x12, 0x00, 0x00, 0x1B, 0x00, 0x00, 0x26,
	0x00, 0x00, 0x00, 0x02, 0x80, 0x00, 0x00, 0x14, 0x00, 0x00, 0x00, 0x29, 0x7B, 0x08, 0x18, 0x10,
	0x00, 0x02, 0x00, 0x14, 0x80, 0x00, 0x00, 0x2E, 0x20, 0x0A, 0x00, 0x00, 0x00, 0xE0, 0xC1, 0x00,
	0xD2, 0x0F, 0x00, 0x00, 0x00, 0x00, 0x00, 0x00, 0x00, 0x00, 0x00, 0x00, 0x00, 0x00, 0x00, 0x00,
	0x00, 0x14, 0x00, 0x00, 0x00, 0x00, 0x00, 0x00, 0x00, 0x00, 0x00, 0x66, 0x00, 0x00, 0x00, 0x20,
	0x00, 0x90, 0x01, 0x00, 0x90, 0x06, 0x00, 0x3D, 0x7F, 0x20, 0x02, 0x00, 0x00, 0x00, 0x00, 0x00,
	0x00, 0x06, 0x00, 0x28, 0x00, 0x00, 0x00, 0x00, 0x00, 0x00, 0x00, 0x00, 0x00, 0x00, 0x00, 0x38,
	0x00, 0x00, 0x00, 0x00, 0x00, 0x00, 0x00, 0x00, 0x00, 0x0A, 0x23, 0x16, 0x20, 0x01, 0x00, 0x00,
	0x00, 0x24, 0x00, 0x10, 0x00, 0x00, 0x00, 0x26, 0x00, 0x00, 0x00, 0x00, 0x80, 0x00, 0x00, 0x28,
	0x00, 0x00, 0x00, 0x29, 0x80, 0x10, 0x14, 0x0C, 0x00, 0x00, 0x12, 0x68, 0x80, 0x00, 0x00, 0x16,
	0x00, 0x00, 0x00, 0x00, 0x00, 0x24, 0x00, 0x00, 0x09, 0x00, 0x00, 0x26, 0x00, 0x00, 0x80, 0x00,
	0x80, 0x00, 0x00, 0x00, 0x00, 0x00, 0x00, 0x29, 0x9E, 0x10, 0x14, 0x0C, 0x00, 0x00, 0x00, 0x00,
	0x80, 0x00, 0x00, 0x28, 0x00, 0x00, 0x00, 0x00, 0x00, 0x00, 0x00, 0x00, 0x00, 0x00, 0x00, 0x38,
	0x00, 0x00, 0x00, 0x00, 0x00, 0x00, 0x00, 0x00, 0x00, 0x88, 0x2B, 0x16, 0x20, 0x01, 0x00, 0x00,
	0x00, 0x12, 0x00, 0x10, 0x12, 0x00, 0x00, 0x26, 0x00, 0x00, 0x00, 0x01, 0x80, 0x00, 0x00, 0x3C,
	0x00, 0x00, 0x00, 0x29, 0x71, 0x08, 0x18, 0x10, 0x00, 0x02, 0x12, 0x7C, 0x80, 0x00, 0x00, 0x16,
	0x00, 0x00, 0x00, 0x02, 0x00, 0x12, 0x00, 0x00, 0x16, 0x00, 0x00, 0x26, 0x00, 0x00, 0x80, 0x01,
	0x80, 0x00, 0x00, 0x14, 0x00, 0x00, 0x00, 0x29, 0x76, 0x08, 0x18, 0x10, 0x00, 0x02, 0x00, 0x14,
	0x80, 0x00, 0x00, 0x16, 0x20, 0x01, 0x00, 0x00, 0x00, 0x12, 0x00, 0x10, 0x1B, 0x00, 0x00, 0x26,
	0x00, 0x00, 0x00, 0x02, 0x80, 0x00, 0x00, 0x28, 0x00, 0x00, 0x00, 0x29, 0x7B, 0x08, 0x18, 0x10,
	0x00, 0x02, 0x12, 0x68, 0x80, 0x00, 0x00, 0x2E, 0x20, 0x0A, 0x00, 0x00, 0x00, 0xE0, 0xC1, 0x00,
	0xD7, 0x0F, 0x00, 0x00, 0x00, 0x00, 0x00, 0x00, 0x00, 0x00, 0x00, 0x00, 0x00, 0x00, 0x00, 0x00,
	0x00, 0x14, 0x00, 0x00, 0x00, 0x00, 0x00, 0x00, 0x00, 0x00, 0x00, 0x66, 0x00, 0x00, 0x00, 0x20,
	0x00, 0x90, 0x01, 0x00, 0xB8, 0x06, 0x00, 0x3D, 0x7F, 0x20, 0x02, 0x00, 0x00, 0x00, 0x00, 0x00,
	0x00, 0x06, 0x00, 0x28, 0x00, 0x00, 0x00, 0x00, 0x00, 0x00, 0x00, 0x00, 0x00, 0x00, 0x00, 0x38,
	0x00, 0x00, 0x00, 0x00, 0x00, 0x00, 0x00, 0x00, 0x00, 0x0A, 0x23, 0x16, 0x00, 0x00, 0x00, 0x00,
	0x00, 0x24, 0x00, 0x00, 0x00, 0x00, 0x00, 0x26, 0x00, 0x00, 0x00, 0x00, 0x80, 0x00, 0x00, 0x00,
	0x00, 0x00, 0x00, 0x29, 0x80, 0x10, 0x14, 0x0C, 0x00, 0x00, 0x00, 0x00, 0x80, 0x00, 0x00, 0x16,
	0x20, 0x01, 0x00, 0x00, 0x00, 0x24, 0x00, 0x10, 0x09, 0x00, 0x00, 0x26, 0x00, 0x00, 0x80, 0x00,
	0x80, 0x00, 0x00, 0x3C, 0x00, 0x00, 0x00, 0x29, 0x9E, 0x10, 0x14, 0x0C, 0x00, 0x00, 0x12, 0x7C,
	0x80, 0x00, 0x00, 0x28, 0x00, 0x00, 0x00, 0x00, 0x00, 0x00, 0x00, 0x00, 0x00, 0x00, 0x00, 0x38,
	0x00, 0x00, 0x00, 0x00, 0x00, 0x00, 0x00, 0x00, 0x00, 0x88, 0x2B, 0x16, 0x00, 0x00, 0x00, 0x00,
	0x00, 0x12, 0x00, 0x00, 0x12, 0x00, 0x00, 0x26, 0x00, 0x00, 0x00, 0x01, 0x80, 0x00, 0x00, 0x14,
	0x00, 0x00, 0x00, 0x29, 0x71, 0x08, 0x18, 0x10, 0x00, 0x02, 0x00, 0x14, 0x80, 0x00, 0x00, 0x16,
	0x20, 0x01, 0x00, 0x02, 0x00, 0x12, 0x00, 0x10, 0x16, 0x00, 0x00, 0x26, 0x00, 0x00, 0x80, 0x01,
	0x80, 0x00, 0x00, 0x28, 0x00, 0x00, 0x00, 0x29, 0x76, 0x08, 0x18, 0x10, 0x00, 0x02, 0x12, 0x68,
	0x80, 0x00, 0x00, 0x16, 0x00, 0x00, 0x00, 0x00, 0x00, 0x12, 0x00, 0x00, 0x1B, 0x00, 0x00, 0x26,
	0x00, 0x00, 0x00, 0x02, 0x80, 0x00, 0x00, 0x00, 0x00, 0x00, 0x00, 0x29, 0x7B, 0x08, 0x18, 0x10,
	0x00, 0x02, 0x00, 0x00, 0x80, 0x00, 0x00, 0x2E, 0x20, 0x0A, 0x00, 0x00, 0x00, 0xE0, 0xC1, 0x00,
	0xDC, 0x0F, 0x00, 0x00, 0x00, 0x00, 0x00, 0x00, 0x00, 0x00, 0x00, 0x00, 0x00, 0x00, 0x00, 0x00,
	0x00, 0x14, 0x00, 0x00, 0x00, 0x00, 0x00, 0x00, 0x00, 0x00, 0x00, 0x66, 0x00, 0x00, 0x00, 0x20,
	0x00, 0x90, 0x01, 0x00, 0xE0, 0x06, 0x00, 0x3D, 0x7F, 0x20, 0x02, 0x00, 0x00, 0x00, 0x00, 0x00,
	0x00, 0x06, 0x00, 0x28, 0x00, 0x00, 0x00, 0x00, 0x00, 0x00, 0x00, 0x00, 0x00, 0x00, 0x00, 0x38,
	0x00, 0x00, 0x00, 0x00, 0x00, 0x00, 0x00, 0x00, 0x00, 0x0A, 0x23, 0x16, 0x20, 0x01, 0x00, 0x00,
	0x00, 0x24, 0x00, 0x10, 0x00, 0x00, 0x00, 0x26, 0x00, 0x00, 0x00, 0x00, 0x80, 0x00, 0x00, 0x3C,
	0x00, 0x00, 0x00, 0x29, 0x80, 0x10, 0x14, 0x0C, 0x00, 0x00, 0x12, 0x7C, 0x80, 0x00, 0x00, 0x16,
	0x00, 0x00, 0x00, 0x00, 0x00, 0x24, 0x00, 0x00, 0x09, 0x00, 0x00, 0x26, 0x00, 0x00, 0x80, 0x00,
	0x80, 0x00, 0x00, 0x14, 0x00, 0x00, 0x00, 0x29, 0x9E, 0x10, 0x14, 0x0C, 0x00, 0x00, 0x00, 0x14,
	0x80, 0x00, 0x00, 0x28, 0x00, 0x00, 0x00, 0x00, 0x00, 0x00, 0x00, 0x00, 0x00, 0x00, 0x00, 0x38,
	0x00, 0x00, 0x00, 0x00, 0x00, 0x00, 0x00, 0x00, 0x00, 0x88, 0x2B, 0x16, 0x20, 0x01, 0x00, 0x00,
	0x00, 0x12, 0x00, 0x10, 0x12, 0x00, 0x00, 0x26, 0x00, 0x00, 0x00, 0x01, 0x80, 0x00, 0x00, 0x28,
	0x00, 0x00, 0x00, 0x29, 0x71, 0x08, 0x18, 0x10, 0x00, 0x02, 0x12, 0x68, 0x80, 0x00, 0x00, 0x16,
	0x00, 0x00, 0x00, 0x02, 0x00, 0x12, 0x00, 0x00, 0x16, 0x00, 0x00, 0x26, 0x00, 0x00, 0x80, 0x01,
	0x80, 0x00, 0x00, 0x00, 0x00, 0x00, 0x00, 0x29, 0x76, 0x08, 0x18, 0x10, 0x00, 0x02, 0x00, 0x00,
	0x80, 0x00, 0x00, 0x16, 0x20, 0x01, 0x00, 0x00, 0x00, 0x12, 0x00, 0x10, 0x1B, 0x00, 0x00, 0x26,
	0x00, 0x00, 0x00, 0x02, 0x80, 0x00, 0x00, 0x3C, 0x00, 0x00, 0x00, 0x29, 0x7B, 0x08, 0x18, 0x10,
	0x00, 0x02, 0x12, 0x7C, 0x80, 0x00, 0x00, 0x2E, 0x20, 0x0A, 0x00, 0x00, 0x00, 0xE0, 0xC1, 0x00,
	0xE1, 0x0F, 0x00, 0x00, 0x00, 0x00, 0x00, 0x00, 0x00, 0x00, 0x00, 0x00, 0x00, 0x00, 0x00, 0x00,
	0x00, 0x14, 0x00, 0x00, 0x00, 0x00, 0x00, 0x00, 0x00, 0x00, 0x00, 0x66, 0x00, 0x00, 0x00, 0x20,
	0x00, 0x90, 0x01, 0x00, 0x08, 0x07, 0x00, 0x3D, 0x7F, 0x20, 0x02, 0x00, 0x00, 0x00, 0x00, 0x00,
	0x00, 0x06, 0x00, 0x28, 0x00, 0x00, 0x00, 0x00, 0x00, 0x00, 0x00, 0x00, 0x00, 0x00, 0x00, 0x38,
	0x00, 0x00, 0x00, 0x00, 0x00, 0x00, 0x00, 0x00, 0x00, 0x0A, 0x23, 0x16, 0x00, 0x00, 0x00, 0x00,
	0x00, 0x24, 0x00, 0x00, 0x00, 0x00, 0x00, 0x26, 0x00, 0x00, 0x00, 0x00, 0x80, 0x00, 0x00, 0x14,
	0x00, 0x00, 0x00, 0x29, 0x80, 0x10, 0x14, 0x0C, 0x00, 0x00, 0x00, 0x14, 0x80, 0x00, 0x00, 0x16,
	0x20, 0x01, 0x00, 0x00, 0x00, 0x24, 0x00, 0x10, 0x09, 0x00, 0x00, 0x26, 0x00, 0x00, 0x80, 0x00,
	0x80, 0x00, 0x00, 0x28, 0x00, 0x00, 0x00, 0x29, 0x9E, 0x10, 0x14, 0x0C, 0x00, 0x00, 0x12, 0x68,
	0x80, 0x00, 0x00, 0x28, 0x00, 0x00, 0x00, 0x00, 0x00, 0x00, 0x00, 0x00, 0x00, 0x00, 0x00, 0x38,
	0x00, 0x00, 0x00, 0x00, 0x00, 0x00, 0x00, 0x00, 0x00, 0x88, 0x2B, 0x16, 0x00, 0x00, 0x00, 0x00,
	0x00, 0x12, 0x00, 0x00, 0x12, 0x00, 0x00, 0x26, 0x00, 0x00, 0x00, 0x01, 0x80, 0x00, 0x00, 0x00,
	0x00, 0x00, 0x00, 0x29, 0x71, 0x08, 0x18, 0x10, 0x00, 0x02, 0x00, 0x00, 0x80, 0x00, 0x00, 0x16,
	0x20, 0x01, 0x00, 0x02, 0x00, 0x12, 0x00, 0x10, 0x16, 0x00, 0x00, 0x26, 0x00, 0x00, 0x80, 0x01,
	0x80, 0x00, 0x00, 0x3C, 0x00, 0x00, 0x00, 0x29, 0x76, 0x08, 0x18, 0x10, 0x00, 0x02, 0x12, 0x7C,
	0x80, 0x00, 0x00, 0x16, 0x00, 0x00, 0x00, 0x00, 0x00, 0x12, 0x00, 0x00, 0x1B, 0x00, 0x00, 0x26,
	0x00, 0x00, 0x00, 0x02, 0x80, 0x00, 0x00, 0x14, 0x00, 0x00, 0x00, 0x29, 0x7B, 0x08, 0x18, 0x10,
	0x00, 0x02, 0x00, 0x14, 0x80, 0x00, 0x00, 0x2E, 0x20, 0x0A, 0x00, 0x00, 0x00, 0xE0, 0xC1, 0x00,
	0xE6, 0x0F, 0x00, 0x00, 0x00, 0x00, 0x00, 0x00, 0x00, 0x00, 0x00, 0x00, 0x00, 0x00, 0x00, 0x00,
	0x00, 0x14, 0x00, 0x00, 0x00, 0x00, 0x00, 0x00, 0x00, 0x00, 0x00, 0x66, 0x00, 0x00, 0x00, 0x20,
	0x00, 0x90, 0x01, 0x00, 0x30, 0x07, 0x00, 0x3D, 0x7F, 0x20, 0x02, 0x00, 0x00, 0x00, 0x00, 0x00,
	0x00, 0x06, 0x00, 0x28, 0x00, 0x00, 0x00, 0x00, 0x00, 0x00, 0x00, 0x00, 0x00, 0x00, 0x00, 0x38,
	0x00, 0x00, 0x00, 0x00, 0x00, 0x00, 0x00, 0x00, 0x00, 0x0A, 0x23, 0x16, 0x20, 0x01, 0x00, 0x00,
	0x00, 0x24, 0x00, 0x10, 0x00, 0x00, 0x00, 0x26, 0x00, 0x00, 0x00, 0x00, 0x80, 0x00, 0x00, 0x28,
	0x00, 0x00, 0x00, 0x29, 0x80, 0x10, 0x14, 0x0C, 0x00, 0x00, 0x12, 0x68, 0x80, 0x00, 0x00, 0x16,
	0x00, 0x00, 0x00, 0x00, 0x00, 0x24, 0x00, 0x00, 0x09, 0x00, 0x00, 0x26, 0x00, 0x00, 0x80, 0x00,
	0x80, 0x00, 0x00, 0x00, 0x00, 0x00, 0x00, 0x29, 0x9E, 0x10, 0x14, 0x0C, 0x00, 0x00, 0x00, 0x00,
	0x80, 0x00, 0x00, 0x28, 0x00, 0x00, 0x00, 0x00, 0x00, 0x00, 0x00, 0x00, 0x00, 0x00, 0x00, 0x38,
	0x00, 0x00, 0x00, 0x00, 0x00, 0x00, 0x00, 0x00, 0x00, 0x88, 0x2B, 0x16, 0x20, 0x01, 0x00, 0x00,
	0x00, 0x12, 0x00, 0x10, 0x12, 0x00, 0x00, 0x26, 0x00, 0x00, 0x00, 0x01, 0x80, 0x00, 0x00, 0x3C,
	0x00, 0x00, 0x00, 0x29, 0x71, 0x08, 0x18, 0x10, 0x00, 0x02, 0x12, 0x7C, 0x80, 0x00, 0x00, 0x16,
	0x00, 0x00, 0x00, 0x02, 0x00, 0x12, 0x00, 0x00, 0x16, 0x00, 0x00, 0x26, 0x00, 0x00, 0x80, 0x01,
	0x80, 0x00, 0x00, 0x14, 0x00, 0x00, 0x00, 0x29, 0x76, 0x08, 0x18, 0x10, 0x00, 0x02, 0x00, 0x14,
	0x80, 0x00, 0x00, 0x16, 0x20, 0x01, 0x00, 0x00, 0x00, 0x12, 0x00, 0x10, 0x1B, 0x00, 0x00, 0x26,
	0x00, 0x00, 0x00, 0x02, 0x80, 0x00, 0x00, 0x28, 0x00, 0x00, 0x00, 0x29, 0x7B, 0x08, 0x18, 0x10,
	0x00, 0x02, 0x12, 0x68, 0x80, 0x00, 0x00, 0x2E, 0x20, 0x0A, 0x00, 0x00, 0x00, 0xE0, 0xC1, 0x00,
	0xEB, 0x0F, 0x00, 0x00, 0x00, 0x00, 0x00, 0x00, 0x00, 0x00, 0x00, 0x00, 0x00, 0x00, 0x00, 0x00,
	0x00, 0x14, 0x00, 0x00, 0x00, 0x00, 0x00, 0x00, 0x00, 0x00, 0x00, 0x66, 0x00, 0x00, 0x00, 0x20,
	0x00, 0x90, 0x01, 0x00, 0x58, 0x07, 0x00, 0x3D, 0x7F, 0x20, 0x02, 0x00, 0x00, 0x00, 0x00, 0x00,
	0x00, 0x06, 0x00, 0x28, 0x00, 0x00, 0x00, 0x00, 0x00, 0x00, 0x00, 0x00, 0x00, 0x00, 0x00, 0x38,
	0x00, 0x00, 0x00, 0x00, 0x00, 0x00, 0x00, 0x00, 0x00, 0x0A, 0x23, 0x16, 0x00, 0x00, 0x00, 0x00,
	0x00, 0x24, 0x00, 0x00, 0x00, 0x00, 0x00, 0x26, 0x00, 0x00, 0x00, 0x00, 0x80, 0x00, 0x00, 0x00,
	0x00, 0x00, 0x00, 0x29, 0x80, 0x10, 0x14, 0x0C, 0x00, 0x00, 0x00, 0x00, 0x80, 0x00, 0x00, 0x16,
	0x20, 0x01, 0x00, 0x00, 0x00, 0x24, 0x00, 0x10, 0x09, 0x00, 0x00, 0x26, 0x00, 0x00, 0x80, 0x00,
	0x80, 0x00, 0x00, 0x3C, 0x00, 0x00, 0x00, 0x29, 0x9E, 0x10, 0x14, 0x0C, 0x00, 0x00, 0x12, 0x7C,
	0x80, 0x00, 0x00, 0x28, 0x00, 0x00, 0x00, 0x00, 0x00, 0x00, 0x00, 0x00, 0x00, 0x00, 0x00, 0x38,
	0x00, 0x00, 0x00, 0x00, 0x00, 0x00, 0x00, 0x00, 0x00, 0x88, 0x2B, 0x16, 0x00, 0x00, 0x00, 0x00,
	0x00, 0x12, 0x00, 0x00, 0x12, 0x00, 0x00, 0x26, 0x00, 0x00, 0x00, 0x01, 0x80, 0x00, 0x00, 0x14,
	0x00, 0x00, 0x00, 0x29, 0x71, 0x08, 0x18, 0x10, 0x00, 0x02, 0x00, 0x14, 0x80, 0x00, 0x00, 0x16,
	0x20, 0x01, 0x00, 0x02, 0x00, 0x12, 0x00, 0x10, 0x16, 0x00, 0x00, 0x26, 0x00, 0x00, 0x80, 0x01,
	0x80, 0x00, 0x00, 0x28, 0x00, 0x00, 0x00, 0x29, 0x76, 0x08, 0x18, 0x10, 0x00, 0x02, 0x12, 0x68,
	0x80, 0x00, 0x00, 0x16, 0x00, 0x00, 0x00, 0x00, 0x00, 0x12, 0x00, 0x00, 0x1B, 0x00, 0x00, 0x26,
	0x00, 0x00, 0x00, 0x02, 0x80, 0x00, 0x00, 0x00, 0x00, 0x00, 0x00, 0x29, 0x7B, 0x08, 0x18, 0x10,
	0x00, 0x02, 0x00, 0x00, 0x80, 0x00, 0x00, 0x2E, 0x20, 0x0A, 0x00, 0x00, 0x00, 0xE0, 0xC1, 0x00,
	0xF0, 0x0F, 0x00, 0x00, 0x00, 0x00, 0x00, 0x00, 0x00, 0x00, 0x00, 0x00, 0x00, 0x00, 0x00, 0x00,
	0x00, 0x14, 0x00, 0x00, 0x00, 0x00, 0x00, 0x00, 0x00, 0x00, 0x00, 0x66, 0x00, 0x00, 0x00, 0x20,
	0x00, 0x90, 0x01, 0x00, 0x80, 0x07, 0x00, 0x3D, 0x7F, 0x20, 0x02, 0x00, 0x00, 0x00, 0x00, 0x00,
	0x00, 0x06, 0x00, 0x28, 0x00, 0x00, 0x00, 0x00, 0x00, 0x00, 0x00, 0x00, 0x00, 0x00, 0x00, 0x38,
	0x00, 0x00, 0x00, 0x00, 0x00, 0x00, 0x00, 0x00, 0x00, 0x0A, 0x23, 0x16, 0x20, 0x01, 0x00, 0x00,
	0x00, 0x24, 0x00, 0x10, 0x00, 0x00, 0x00, 0x26, 0x00, 0x00, 0x00, 0x00, 0x80, 0x00, 0x00, 0x3C,
	0x00, 0x00, 0x00, 0x29, 0x80, 0x10, 0x14, 0x0C, 0x00, 0x00, 0x12, 0x7C, 0x80, 0x00, 0x00, 0x16,
	0x00, 0x00, 0x00, 0x00, 0x00, 0x24, 0x00, 0x00, 0x09, 0x00, 0x00, 0x26, 0x00, 0x00, 0x80, 0x00,
	0x80, 0x00, 0x00, 0x14, 0x00, 0x00, 0x00, 0x29, 0x9E, 0x10, 0x14, 0x0C, 0x00, 0x00, 0x00, 0x14,
	0x80, 0x00, 0x00, 0x28, 0x00, 0x00, 0x00, 0x00, 0x00, 0x00, 0x00, 0x00, 0x00, 0x00, 0x00, 0x38,
	0x00, 0x00, 0x00, 0x00, 0x00, 0x00, 0x00, 0x00, 0x00, 0x88, 0x2B, 0x16, 0x20, 0x01, 0x00, 0x00,
	0x00, 0x12, 0x00, 0x10, 0x12, 0x00, 0x00, 0x26, 0x00, 0x00, 0x00, 0x01, 0x80, 0x00, 0x00, 0x28,
	0x00, 0x00, 0x00, 0x29, 0x71, 0x08, 0x18, 0x10, 0x00, 0x02, 0x12, 0x68, 0x80, 0x00, 0x00, 0x16,
	0x00, 0x00, 0x00, 0x02, 0x00, 0x12, 0x00, 0x00, 0x16, 0x00, 0x00, 0x26, 0x00, 0x00, 0x80, 0x01,
	0x80, 0x00, 0x00, 0x00, 0x00, 0x00, 0x00, 0x29, 0x76, 0x08, 0x18, 0x10, 0x00, 0x02, 0x00, 0x00,
	0x80, 0x00, 0x00, 0x16, 0x20, 0x01, 0x00, 0x00, 0x00, 0x12, 0x00, 0x10, 0x1B, 0x00, 0x00, 0x26,
	0x00, 0x00, 0x00, 0x02, 0x80, 0x00, 0x00, 0x3C, 0x00, 0x00, 0x00, 0x29, 0x7B, 0x08, 0x18, 0x10,
	0x00, 0x02, 0x12, 0x7C, 0x80, 0x00, 0x00, 0x2E, 0x20, 0x0A, 0x00, 0x00, 0x00, 0xE0, 0xC1, 0x00,
	0xF5, 0x0F, 0x00, 0x00, 0x00, 0x00, 0x00, 0x00, 0x00, 0x00, 0x00, 0x00, 0x00, 0x00, 0x00, 0x00,
	0x00, 0x14, 0x00, 0x00, 0x00, 0x00, 0x00, 0x00, 0x00, 0x00, 0x00, 0x66, 0x00, 0x00, 0x00, 0x20,
	0x00, 0x90, 0x01, 0x00, 0xA8, 0x07, 0x00, 0x3D, 0x7F, 0x20, 0x02, 0x00, 0x00, 0x00, 0x00, 0x00,
	0x00, 0x06, 0x00, 0x28, 0x00, 0x00, 0x00, 0x00, 0x00, 0x00, 0x00, 0x00, 0x00, 0x00, 0x00, 0x38,
	0x00, 0x00, 0x00, 0x00, 0x00, 0x00, 0x00, 0x00, 0x00, 0x0A, 0x23, 0x16, 0x00, 0x00, 0x00, 0x00,
	0x00, 0x24, 0x00, 0x00, 0x00, 0x00, 0x00, 0x26, 0x00, 0x00, 0x00, 0x00, 0x80, 0x00, 0x00, 0x14,
	0x00, 0x00, 0x00, 0x29, 0x80, 0x10, 0x14, 0x0C, 0x00, 0x00, 0x00, 0x14, 0x80, 0x00, 0x00, 0x16,
	0x20, 0x01, 0x00, 0x00, 0x00, 0x24, 0x00, 0x10, 0x09, 0x00, 0x00, 0x26, 0x00, 0x00, 0x80, 0x00,
	0x80, 0x00, 0x00, 0x28, 0x00, 0x00, 0x00, 0x29, 0x9E, 0x10, 0x14, 0x0C, 0x00, 0x00, 0x12, 0x68,
	0x80, 0x00, 0x00, 0x28, 0x00, 0x00, 0x00, 0x00, 0x00, 0x00, 0x00, 0x00, 0x00, 0x00, 0x00, 0x38,
	0x00, 0x00, 0x00, 0x00, 0x00, 0x00, 0x00, 0x00, 0x00, 0x88, 0x2B, 0x16, 0x00, 0x00, 0x00, 0x00,
	0x00, 0x12, 0x00, 0x00, 0x12, 0x00, 0x00, 0x26, 0x00, 0x00, 0x00, 0x01, 0x80, 0x00, 0x00, 0x00,
	0x00, 0x00, 0x00, 0x29, 0x71, 0x08, 0x18, 0x10, 0x00, 0x02, 0x00, 0x00, 0x80, 0x00, 0x00, 0x16,
	0x20, 0x01, 0x00, 0x02, 0x00, 0x12, 0x00, 0x10, 0x16, 0x00, 0x00, 0x26, 0x00, 0x00, 0x80, 0x01,
	0x80, 0x00, 0x00, 0x3C, 0x00, 0x00, 0x00, 0x29, 0x76, 0x08, 0x18, 0x10, 0x00, 0x02, 0x12, 0x7C,
	0x80, 0x00, 0x00, 0x16, 0x00, 0x00, 0x00, 0x00, 0x00, 0x12, 0x00, 0x00, 0x1B, 0x00, 0x00, 0x26,
	0x00, 0x00, 0x00, 0x02, 0x80, 0x00, 0x00, 0x14, 0x00, 0x00, 0x00, 0x29, 0x7B, 0x08, 0x18, 0x10,
	0x00, 0x02, 0x00, 0x14, 0x80, 0x00, 0x00, 0x2E, 0x20, 0x0A, 0x00, 0x00, 0x00, 0xE0, 0xC1, 0x00,
	0xFA, 0x0F, 0x00, 0x00, 0x00, 0x00, 0x00, 0x00, 0x00, 0x00, 0x00, 0x00, 0x00, 0x00, 0x00, 0x00,
	0x00, 0x14, 0x00, 0x00, 0x00, 0x00, 0x00, 0x00, 0x00, 0x00, 0x00, 0x66, 0x00, 0x00, 0x00, 0x20,
	0x00, 0x90, 0x01, 0x00, 0xD0, 0x07, 0x00, 0x3D, 0x7F, 0x20, 0x02, 0x00, 0x00, 0x00, 0x00, 0x00,
	0x00, 0x06, 0x00, 0x28, 0x00, 0x00, 0x00, 0x00, 0x00, 0x00, 0x00, 0x00, 0x00, 0x00, 0x00, 0x38,
	0x00, 0x00, 0x00, 0x00, 0x00, 0x00, 0x00, 0x00, 0x00, 0x0A, 0x23, 0x16, 0x20, 0x01, 0x00, 0x00,
	0x00, 0x24, 0x00, 0x10, 0x00, 0x00, 0x00, 0x26, 0x00, 0x00, 0x00, 0x00, 0x80, 0x00, 0x00, 0x28,
	0x00, 0x00, 0x00, 0x29, 0x80, 0x10, 0x14, 0x0C, 0x00, 0x00, 0x12, 0x68, 0x80, 0x00, 0x00, 0x16,
	0x00, 0x00, 0x00, 0x00, 0x00, 0x24, 0x00, 0x00, 0x09, 0x00, 0x00, 0x26, 0x00, 0x00, 0x80, 0x00,
	0x80, 0x00, 0x00, 0x00, 0x00, 0x00, 0x00, 0x29, 0x9E, 0x10, 0x14, 0x0C, 0x00, 0x00, 0x00, 0x00,
	0x80, 0x00, 0x00, 0x28, 0x00, 0x00, 0x00, 0x00, 0x00, 0x00, 0x00, 0x00, 0x00, 0x00, 0x00, 0x38,
	0x00, 0x00, 0x00, 0x00, 0x00, 0x00, 0x00, 0x00, 0x00, 0x88, 0x2B, 0x16, 0x20, 0x01, 0x00, 0x00,
	0x00, 0x12, 0x00, 0x10, 0x12, 0x00, 0x00, 0x26, 0x00, 0x00, 0x00, 0x01, 0x80, 0x00, 0x00, 0x3C,
	0x00, 0x00, 0x00, 0x29, 0x71, 0x08, 0x18, 0x10, 0x00, 0x02, 0x12, 0x7C, 0x80, 0x00, 0x00, 0x16,
	0x00, 0x00, 0x00, 0x02, 0x00, 0x12, 0x00, 0x00, 0x16, 0x00, 0x00, 0x26, 0x00, 0x00, 0x80, 0x01,
	0x80, 0x00, 0x00, 0x14, 0x00, 0x00, 0x00, 0x29, 0x76, 0x08, 0x18, 0x10, 0x00, 0x02, 0x00, 0x14,
	0x80, 0x00, 0x00, 0x16, 0x20, 0x01, 0x00, 0x00, 0x00, 0x12, 0x00, 0x10, 0x1B, 0x00, 0x00, 0x26,
	0x00, 0x00, 0x00, 0x02, 0x80, 0x00, 0x00, 0x28, 0x00, 0x00, 0x00, 0x29, 0x7B, 0x08, 0x18, 0x10,
	0x00, 0x02, 0x12, 0x68, 0x80, 0x00, 0x00, 0x2E, 0x20, 0x0A, 0x00, 0x00, 0x00, 0xE0, 0xC1, 0x00,
	0xFF, 0x0F, 0x00, 0x00, 0x00, 0x00, 0x00, 0x00, 0x00, 0x00, 0x00, 0x00, 0x00, 0x00, 0x00, 0x00,
	0x00, 0x14, 0x00, 0x00, 0x00, 0x00, 0x00, 0x00, 0x00, 0x00, 0x00, 0x66, 0x00, 0x00, 0x00, 0x20,
	0x00, 0x90, 0x01, 0x00, 0xF8, 0x07, 0x00, 0x3D, 0x7F, 0x20, 0x02, 0x00, 0x00, 0x00, 0x00, 0x00,
	0x00, 0x06, 0x00, 0x28, 0x00, 0x00, 0x00, 0x00, 0x00, 0x00, 0x00, 0x00, 0x00, 0x00, 0x00, 0x38,
	0x00, 0x00, 0x00, 0x00, 0x00, 0x00, 0x00, 0x00, 0x00, 0x0A, 0x23, 0x16, 0x00, 0x00, 0x00, 0x00,
	0x00, 0x24, 0x00, 0x00, 0x00, 0x00, 0x00, 0x26, 0x00, 0x00, 0x00, 0x00, 0x80, 0x00, 0x00, 0x00,
	0x00, 0x00, 0x00, 0x29, 0x80, 0x10, 0x14, 0x0C, 0x00, 0x00, 0x00, 0x00, 0x80, 0x00, 0x00, 0x16,
	0x20, 0x01, 0x00, 0x00, 0x00, 0x24, 0x00, 0x10, 0x09, 0x00, 0x00, 0x26, 0x00, 0x00, 0x80, 0x00,
	0x80, 0x00, 0x00, 0x3C, 0x00, 0x00, 0x00, 0x29, 0x9E, 0x10, 0x14, 0x0C, 0x00, 0x00, 0x12, 0x7C,
	0x80, 0x00, 0x00, 0x28, 0x00, 0x00, 0x00, 0x00, 0x00, 0x00, 0x00, 0x00, 0x00, 0x00, 0x00, 0x38,
	0x00, 0x00, 0x00, 0x00, 0x00, 0x00, 0x00, 0x00, 0x00, 0x88, 0x2B, 0x16, 0x00, 0x00, 0x00, 0x00,
	0x00, 0x12, 0x00, 0x00, 0x12, 0x00, 0x00, 0x26, 0x00, 0x00, 0x00, 0x01, 0x80, 0x00, 0x00, 0x14,
	0x00, 0x00, 0x00, 0x29, 0x71, 0x08, 0x18, 0x10, 0x00, 0x02, 0x00, 0x14, 0x80, 0x00, 0x00, 0x16,
	0x20, 0x01, 0x00, 0x02, 0x00, 0x12, 0x00, 0x10, 0x16, 0x00, 0x00, 0x26, 0x00, 0x00, 0x80, 0x01,
	0x80, 0x00, 0x00, 0x28, 0x00, 0x00, 0x00, 0x29, 0x76, 0x08, 0x18, 0x10, 0x00, 0x02, 0x12, 0x68,
	0x80, 0x00, 0x00, 0x16, 0x00, 0x00, 0x00, 0x00, 0x00, 0x12, 0x00, 0x00, 0x1B, 0x00, 0x00, 0x26,
	0x00, 0x00, 0x00, 0x02, 0x80, 0x00, 0x00, 0x00, 0x00, 0x00, 0x00, 0x29, 0x7B, 0x08, 0x18, 0x10,
	0x00, 0x02, 0x00, 0x00, 0x80, 0x00, 0x00, 0x2E, 0x20, 0x0A, 0x00, 0x00, 0x00, 0xE0, 0xC1, 0x00,
	0x04, 0x10, 0x00, 0x00, 0x00, 0x00, 0x00, 0x00, 0x00, 0x00, 0x00, 0x00, 0x00, 0x00, 0x00, 0x00,
	0x00, 0x14, 0x00, 0x00, 0x00, 0x00, 0x00, 0x00, 0x00, 0x00, 0x00, 0x66, 0x00, 0x00, 0x00, 0x20,
	0x00, 0x90, 0x01, 0x00, 0x20, 0x08, 0x00, 0x3D, 0x7F, 0x20, 0x02, 0x00, 0x00, 0x00, 0x00, 0x00,
	0x00, 0x06, 0x00, 0x28, 0x00, 0x00, 0x00, 0x00, 0x00, 0x00, 0x00, 0x00, 0x00, 0x00, 0x00, 0x38,
	0x00, 0x00, 0x00, 0x00, 0x00, 0x00, 0x00, 0x00, 0x00, 0x0A, 0x23, 0x16, 0x20, 0x01, 0x00, 0x00,
	0x00, 0x24, 0x00, 0x10, 0x00, 0x00, 0x00, 0x26, 0x00, 0x00, 0x00, 0x00, 0x80, 0x00, 0x00, 0x3C,
	0x00, 0x00, 0x00, 0x29, 0x80, 0x10, 0x14, 0x0C, 0x00, 0x00, 0x12, 0x7C, 0x80, 0x00, 0x00, 0x16,
	0x00, 0x00, 0x00, 0x00, 0x00, 0x24, 0x00, 0x00, 0x09, 0x00, 0x00, 0x26, 0x00, 0x00, 0x80, 0x00,
	0x80, 0x00, 0x00, 0x14, 0x00, 0x00, 0x00, 0x29, 0x9E, 0x10, 0x14, 0x0C, 0x00, 0x00, 0x00, 0x14,
	0x80, 0x00, 0x00, 0x28, 0x00, 0x00, 0x00, 0x00, 0x00, 0x00, 0x00, 0x00, 0x00, 0x00, 0x00, 0x38,
	0x00, 0x00, 0x00, 0x00, 0x00, 0x00, 0x00, 0x00, 0x00, 0x88, 0x2B, 0x16, 0x20, 0x01, 0x00, 0x00,
	0x00, 0x12, 0x00, 0x10, 0x12, 0x00, 0x00, 0x26, 0x00, 0x00, 0x00, 0x01, 0x80, 0x00, 0x00, 0x28,
	0x00, 0x00, 0x00, 0x29, 0x71, 0x08, 0x18, 0x10, 0x00, 0x02, 0x12, 0x68, 0x80, 0x00, 0x00, 0x16,
	0x00, 0x00, 0x00, 0x02, 0x00, 0x12, 0x00, 0x00, 0x16, 0x00, 0x00, 0x26, 0x00, 0x00, 0x80, 0x01,
	0x80, 0x00, 0x00, 0x00, 0x00, 0x00, 0x00, 0x29, 0x76, 0x08, 0x18, 0x10, 0x00, 0x02, 0x00, 0x00,
	0x80, 0x00, 0x00, 0x16, 0x20, 0x01, 0x00, 0x00, 0x00, 0x12, 0x00, 0x10, 0x1B, 0x00, 0x00, 0x26,
	0x00, 0x00, 0x00, 0x02, 0x80, 0x00, 0x00, 0x3C, 0x00, 0x00, 0x00, 0x29, 0x7B, 0x08, 0x18, 0x10,
	0x00, 0x02, 0x12, 0x7C, 0x80, 0x00, 0x00, 0x2E, 0x20, 0x0A, 0x00, 0x00, 0x00, 0xE0, 0xC1, 0x00,
	0x09, 0x10, 0x00, 0x00, 0x00, 0x00, 0x00, 0x00, 0x00, 0x00, 0x00, 0x00, 0x00, 0x00, 0x00, 0x00,
	0x00, 0x14, 0x00, 0x00, 0x00, 0x00, 0x00, 0x00, 0x00, 0x00, 0x00, 0x66, 0x00, 0x00, 0x00, 0x20,
	0x00, 0x90, 0x01, 0x00, 0x48, 0x08, 0x00, 0x3D, 0x7F, 0x20, 0x02, 0x00, 0x00, 0x00, 0x00, 0x00,
	0x00, 0x06, 0x00, 0x28, 0x00, 0x00, 0x00, 0x00, 0x00, 0x00, 0x00, 0x00, 0x00, 0x00, 0x00, 0x38,
	0x00, 0x00, 0x00, 0x00, 0x00, 0x00, 0x00, 0x00, 0x00, 0x0A, 0x23, 0x16, 0x00, 0x00, 0x00, 0x00,
	0x00, 0x24, 0x00, 0x00, 0x00, 0x00, 0x00, 0x26, 0x00, 0x00, 0x00, 0x00, 0x80, 0x00, 0x00, 0x14,
	0x00, 0x00, 0x00, 0x29, 0x80, 0x10, 0x14, 0x0C, 0x00, 0x00, 0x00, 0x14, 0x80, 0x00, 0x00, 0x16,
	0x20, 0x01, 0x00, 0x00, 0x00, 0x24, 0x00, 0x10, 0x09, 0x00, 0x00, 0x26, 0x00, 0x00, 0x80, 0x00,
	0x80, 0x00, 0x00, 0x28, 0x00, 0x00, 0x00, 0x29, 0x9E, 0x10, 0x14, 0x0C, 0x00, 0x00, 0x12, 0x68,
	0x80, 0x00, 0x00, 0x28, 0x00, 0x00, 0x00, 0x00, 0x00, 0x00, 0x00, 0x00, 0x00, 0x00, 0x00, 0x38,
	0x00, 0x00, 0x00, 0x00, 0x00, 0x00, 0x00, 0x00, 0x00, 0x88, 0x2B, 0x16, 0x00, 0x00, 0x00, 0x00,
	0x00, 0x12, 0x00, 0x00, 0x12, 0x00, 0x00, 0x26, 0x00, 0x00, 0x00, 0x01, 0x80, 0x00, 0x00, 0x00,
	0x00, 0x00, 0x00, 0x29, 0x71, 0x08, 0x18, 0x10, 0x00, 0x02, 0x00, 0x00, 0x80, 0x00, 0x00, 0x16,
	0x20, 0x01, 0x00, 0x02, 0x00, 0x12, 0x00, 0x10, 0x16, 0x00, 0x00, 0x26, 0x00, 0x00, 0x80, 0x01,
	0x80, 0x00, 0x00, 0x3C, 0x00, 0x00, 0x00, 0x29, 0x76, 0x08, 0x18, 0x10, 0x00, 0x02, 0x12, 0x7C,
	0x80, 0x00, 0x00, 0x16, 0x00, 0x00, 0x00, 0x00, 0x00, 0x12, 0x00, 0x00, 0x1B, 0x00, 0x00, 0x26,
	0x00, 0x00, 0x00, 0x02, 0x80, 0x00, 0x00, 0x14, 0x00, 0x00, 0x00, 0x29, 0x7B, 0x08, 0x18, 0x10,
	0x00, 0x02, 0x00, 0x14, 0x80, 0x00, 0x00, 0x2E, 0x20, 0x0A, 0x00, 0x00, 0x00, 0xE0, 0xC1, 0x00,
	0x0E, 0x10, 0x00, 0x00, 0x00, 0x00, 0x00, 0x00, 0x00, 0x00, 0x00, 0x00, 0x00, 0x00, 0x00, 0x00,
	0x00, 0x14, 0x00, 0x00, 0x00, 0x00, 0x00, 0x00, 0x00, 0x00, 0x00, 0x66, 0x00, 0x00, 0x00, 0x20,
	0x00, 0x90, 0x01, 0x00, 0x70, 0x08, 0x00, 0x3D, 0x7F, 0x20, 0x02, 0x00, 0x00, 0x00, 0x00, 0x00,
	0x00, 0x06, 0x00, 0x28, 0x00, 0x00, 0x00, 0x00, 0x00, 0x00, 0x00, 0x00, 0x00, 0x00, 0x00, 0x38,
	0x00, 0x00, 0x00, 0x00, 0x00, 0x00, 0x00, 0x00, 0x00, 0x0A, 0x23, 0x16, 0x20, 0x01, 0x00, 0x00,
	0x00, 0x24, 0x00, 0x10, 0x00, 0x00, 0x00, 0x26, 0x00, 0x00, 0x00, 0x00, 0x80, 0x00, 0x00, 0x28,
	0x00, 0x00, 0x00, 0x29, 0x80, 0x10, 0x14, 0x0C, 0x00, 0x00, 0x12, 0x68, 0x80, 0x00, 0x00, 0x16,
	0x00, 0x00, 0x00, 0x00, 0x00, 0x24, 0x00, 0x00, 0x09, 0x00, 0x00, 0x26, 0x00, 0x00, 0x80, 0x00,
	0x80, 0x00, 0x00, 0x00, 0x00, 0x00, 0x00, 0x29, 0x9E, 0x10, 0x14, 0x0C, 0x00, 0x00, 0x00, 0x00,
	0x80, 0x00, 0x00, 0x28, 0x00, 0x00, 0x00, 0x00, 0x00, 0x00, 0x00, 0x00, 0x00, 0x00, 0x00, 0x38,
	0x00, 0x00, 0x00, 0x00, 0x00, 0x00, 0x00, 0x00, 0x00, 0x88, 0x2B, 0x16, 0x20, 0x01, 0x00, 0x00,
	0x00, 0x12, 0x00, 0x10, 0x12, 0x00, 0x00, 0x26, 0x00, 0x00, 0x00, 0x01, 0x80, 0x00, 0x00, 0x3C,
	0x00, 0x00, 0x00, 0x29, 0x71, 0x08, 0x18, 0x10, 0x00, 0x02, 0x12, 0x7C, 0x80, 0x00, 0x00, 0x16,
	0x00, 0x00, 0x00, 0x02, 0x00, 0x12, 0x00, 0x00, 0x16, 0x00, 0x00, 0x26, 0x00, 0x00, 0x80, 0x01,
	0x80, 0x00, 0x00, 0x14, 0x00, 0x00, 0x00, 0x29, 0x76, 0x08, 0x18, 0x10, 0x00, 0x02, 0x00, 0x14,
	0x80, 0x00, 0x00, 0x16, 0x20, 0x01, 0x00, 0x00, 0x00, 0x12, 0x00, 0x10, 0x1B, 0x00, 0x00, 0x26,
	0x00, 0x00, 0x00, 0x02, 0x80, 0x00, 0x00, 0x28, 0x00, 0x00, 0x00, 0x29, 0x7B, 0x08, 0x18, 0x10,
	0x00, 0x02, 0x12, 0x68, 0x80, 0x00, 0x00, 0x2E, 0x20, 0x0A, 0x00, 0x00, 0x00, 0xE0, 0xC1, 0x00,
	0x13, 0x10, 0x00, 0x00, 0x00, 0x00, 0x00, 0x00, 0x00, 0x00, 0x00, 0x00, 0x00, 0x00, 0x00, 0x00,
	0x00, 0x14, 0x00, 0x00, 0x00, 0x00, 0x00, 0x00, 0x00, 0x00, 0x00, 0x66, 0x00, 0x00, 0x00, 0x20,
	0x00, 0x90, 0x01, 0x00, 0x98, 0x08, 0x00, 0x3D, 0x7F, 0x20, 0x02, 0x00, 0x00, 0x00, 0x00, 0x00,
	0x00, 0x06, 0x00, 0x28, 0x00, 0x00, 0x00, 0x00, 0x00, 0x00, 0x00, 0x00, 0x00, 0x00, 0x00, 0x38,
	0x00, 0x00, 0x00, 0x00, 0x00, 0x00, 0x00, 0x00, 0x00, 0x0A, 0x23, 0x16, 0x00, 0x00, 0x00, 0x00,
	0x00, 0x24, 0x00, 0x00, 0x00, 0x00, 0x00, 0x26, 0x00, 0x00, 0x00, 0x00, 0x80, 0x00, 0x00, 0x00,
	0x00, 0x00, 0x00, 0x29, 0x80, 0x10, 0x14, 0x0C, 0x00, 0x00, 0x00, 0x00, 0x80, 0x00, 0x00, 0x16,
	0x20, 0x01, 0x00, 0x00, 0x00, 0x24, 0x00, 0x10, 0x09, 0x00, 0x00, 0x26, 0x00, 0x00, 0x80, 0x00,
	0x80, 0x00, 0x00, 0x3C, 0x00, 0x00, 0x00, 0x29, 0x9E, 0x10, 0x14, 0x0C, 0x00, 0x00, 0x12, 0x7C,
	0x80, 0x00, 0x00, 0x28, 0x00, 0x00, 0x00, 0x00, 0x00, 0x00, 0x00, 0x00, 0x00, 0x00, 0x00, 0x38,
	0x00, 0x00, 0x00, 0x00, 0x00, 0x00, 0x00, 0x00, 0x00, 0x88, 0x2B, 0x16, 0x00, 0x00, 0x00, 0x00,
	0x00, 0x12, 0x00, 0x00, 0x12, 0x00, 0x00, 0x26, 0x00, 0x00, 0x00, 0x01, 0x80, 0x00, 0x00, 0x14,
	0x00, 0x00, 0x00, 0x29, 0x71, 0x08, 0x18, 0x10, 0x00, 0x02, 0x00, 0x14, 0x80, 0x00, 0x00, 0x16,
	0x20, 0x01, 0x00, 0x02, 0x00, 0x12, 0x00, 0x10, 0x16, 0x00, 0x00, 0x26, 0x00, 0x00, 0x80, 0x01,
	0x80, 0x00, 0x00, 0x28, 0x00, 0x00, 0x00, 0x29, 0x76, 0x08, 0x18, 0x10, 0x00, 0x02, 0x12, 0x68,
	0x80, 0x00, 0x00, 0x16, 0x00, 0x00, 0x00, 0x00, 0x00, 0x12, 0x00, 0x00, 0x1B, 0x00, 0x00, 0x26,
	0x00, 0x00, 0x00, 0x02, 0x80, 0x00, 0x00, 0x00, 0x00, 0x00, 0x00, 0x29, 0x7B, 0x08, 0x18, 0x10,
	0x00, 0x02, 0x00, 0x00, 0x80, 0x00, 0x00, 0x2E, 0x20, 0x0A, 0x00, 0x00, 0x00, 0xE0, 0xC1, 0x00,
	0x18, 0x10, 0x00, 0x00, 0x00, 0x00, 0x00, 0x00, 0x00, 0x00, 0x00, 0x00, 0x00, 0x00, 0x00, 0x00,
	0x00, 0x14, 0x00, 0x00, 0x00, 0x00, 0x00, 0x00, 0x00, 0x00, 0x00, 0x66, 0x00, 0x00, 0x00, 0x20,
	0x00, 0x90, 0x01, 0x00, 0xC0, 0x08, 0x00, 0x3D, 0x7F, 0x20, 0x02, 0x00, 0x00, 0x00, 0x00, 0x00,
	0x00, 0x06, 0x00, 0x28, 0x00, 0x00, 0x00, 0x00, 0x00, 0x00, 0x00, 0x00, 0x00, 0x00, 0x00, 0x38,
	0x00, 0x00, 0x00, 0x00, 0x00, 0x00, 0x00, 0x00, 0x00, 0x0A, 0x23, 0x16, 0x20, 0x01, 0x00, 0x00,
	0x00, 0x24, 0x00, 0x10, 0x00, 0x00, 0x00, 0x26, 0x00, 0x00, 0x00, 0x00, 0x80, 0x00, 0x00, 0x3C,
	0x00, 0x00, 0x00, 0x29, 0x80, 0x10, 0x14, 0x0C, 0x00, 0x00, 0x12, 0x7C, 0x80, 0x00, 0x00, 0x16,
	0x00, 0x00, 0x00, 0x00, 0x00, 0x24, 0x00, 0x00, 0x09, 0x00, 0x00, 0x26, 0x00, 0x00, 0x80, 0x00,
	0x80, 0x00, 0x00, 0x14, 0x00, 0x00, 0x00, 0x29, 0x9E, 0x10, 0x14, 0x0C, 0x00, 0x00, 0x00, 0x14,
	0x80, 0x00, 0x00, 0x28, 0x00, 0x00, 0x00, 0x00, 0x00, 0x00, 0x00, 0x00, 0x00, 0x00, 0x00, 0x38,
	0x00, 0x00, 0x00, 0x00, 0x00, 0x00, 0x00, 0x00, 0x00, 0x88, 0x2B, 0x16, 0x20, 0x01, 0x00, 0x00,
	0x00, 0x12, 0x00, 0x10, 0x12, 0x00, 0x00, 0x26, 0x00, 0x00, 0x00, 0x01, 0x80, 0x00, 0x00, 0x28,
	0x00, 0x00, 0x00, 0x29, 0x71, 0x08, 0x18, 0x10, 0x00, 0x02, 0x12, 0x68, 0x80, 0x00, 0x00, 0x16,
	0x00, 0x00, 0x00, 0x02, 0x00, 0x12, 0x00, 0x00, 0x16, 0x00, 0x00, 0x26, 0x00, 0x00, 0x80, 0x01,
	0x80, 0x00, 0x00, 0x00, 0x00, 0x00, 0x00, 0x29, 0x76, 0x08, 0x18, 0x10, 0x00, 0x02, 0x00, 0x00,
	0x80, 0x00, 0x00, 0x16, 0x20, 0x01, 0x00, 0x00, 0x00, 0x12, 0x00, 0x10, 0x1B, 0x00, 0x00, 0x26,
	0x00, 0x00, 0x00, 0x02, 0x80, 0x00, 0x00, 0x3C, 0x00, 0x00, 0x00, 0x29, 0x7B, 0x08, 0x18, 0x10,
	0x00, 0x02, 0x12, 0x7C, 0x80, 0x00, 0x00, 0x2E, 0x20, 0x0A, 0x00, 0x00, 0x00, 0xE0, 0xC1, 0x00,
	0x1D, 0x10, 0x00, 0x00, 0x00, 0x00, 0x00, 0x00, 0x00, 0x00, 0x00, 0x00, 0x00, 0x00, 0x00, 0x00,
	0x00, 0x14, 0x00, 0x00, 0x00, 0x00, 0x00, 0x00, 0x00, 0x00, 0x00, 0x66, 0x00, 0x00, 0x00, 0x20,
	0x00, 0x90, 0x01, 0x00, 0xE8, 0x08, 0x00, 0x3D, 0x7F, 0x20, 0x02, 0x00, 0x00, 0x00, 0x00, 0x00,
	0x00, 0x06, 0x00, 0x28, 0x00, 0x00, 0x00, 0x00, 0x00, 0x00, 0x00, 0x00, 0x00, 0x00, 0x00, 0x38,
	0x00, 0x00, 0x00, 0x00, 0x00, 0x00, 0x00, 0x00, 0x00, 0x0A, 0x23, 0x16, 0x00, 0x00, 0x00, 0x00,
	0x00, 0x24, 0x00, 0x00, 0x00, 0x00, 0x00, 0x26, 0x00, 0x00, 0x00, 0x00, 0x80, 0x00, 0x00, 0x14,
	0x00, 0x00, 0x00, 0x29, 0x80, 0x10, 0x14, 0x0C, 0x00, 0x00, 0x00, 0x14, 0x80, 0x00, 0x00, 0x16,
	0x20, 0x01, 0x00, 0x00, 0x00, 0x24, 0x00, 0x10, 0x09, 0x00, 0x00, 0x26, 0x00, 0x00, 0x80, 0x00,
	0x80, 0x00, 0x00, 0x28, 0x00, 0x00, 0x00, 0x29, 0x9E, 0x10, 0x14, 0x0C, 0x00, 0x00, 0x12, 0x68,
	0x80, 0x00, 0x00, 0x28, 0x00, 0x00, 0x00, 0x00, 0x00, 0x00, 0x00, 0x00, 0x00, 0x00, 0x00, 0x38,
	0x00, 0x00, 0x00, 0x00, 0x00, 0x00, 0x00, 0x00, 0x00, 0x88, 0x2B, 0x16, 0x00, 0x00, 0x00, 0x00,
	0x00, 0x12, 0x00, 0x00, 0x12, 0x00, 0x00, 0x26, 0x00, 0x00, 0x00, 0x01, 0x80, 0x00, 0x00, 0x00,
	0x00, 0x00, 0x00, 0x29, 0x71, 0x08, 0x18, 0x10, 0x00, 0x02, 0x00, 0x00, 0x80, 0x00, 0x00, 0x16,
	0x20, 0x01, 0x00, 0x02, 0x00, 0x12, 0x00, 0x10, 0x16, 0x00, 0x00, 0x26, 0x00, 0x00, 0x80, 0x01,
	0x80, 0x00, 0x00, 0x3C, 0x00, 0x00, 0x00, 0x29, 0x76, 0x08, 0x18, 0x10, 0x00, 0x02, 0x12, 0x7C,
	0x80, 0x00, 0x00, 0x16, 0x00, 0x00, 0x00, 0x00, 0x00, 0x12, 0x00, 0x00, 0x1B, 0x00, 0x00, 0x26,
	0x00, 0x00, 0x00, 0x02, 0x80, 0x00, 0x00, 0x14, 0x00, 0x00, 0x00, 0x29, 0x7B, 0x08, 0x18, 0x10,
	0x00, 0x02, 0x00, 0x14, 0x80, 0x00, 0x00, 0x2E, 0x20, 0x0A, 0x00, 0x00, 0x00, 0xE0, 0xC1, 0x00,
	0x22, 0x10, 0x00, 0x00, 0x00, 0x00, 0x00, 0x00, 0x00, 0x00, 0x00, 0x00, 0x00, 0x00, 0x00, 0x00,
	0x00, 0x14, 0x00, 0x00, 0x00, 0x00, 0x00, 0x00, 0x00, 0x00, 0x00, 0x66, 0x00, 0x00, 0x00, 0x20,
	0x00, 0x90, 0x01, 0x00, 0x10, 0x09, 0x00, 0x3D, 0x7F, 0x20, 0x02, 0x00, 0x00, 0x00, 0x00, 0x00,
	0x00, 0x06, 0x00, 0x28, 0x00, 0x00, 0x00, 0x00, 0x00, 0x00, 0x00, 0x00, 0x00, 0x00, 0x00, 0x38,
	0x00, 0x00, 0x00, 0x00, 0x00, 0x00, 0x00, 0x00, 0x00, 0x0A, 0x23, 0x16, 0x20, 0x01, 0x00, 0x00,
	0x00, 0x24, 0x00, 0x10, 0x00, 0x00, 0x00, 0x26, 0x00, 0x00, 0x00, 0x00, 0x80, 0x00, 0x00, 0x28,
	0x00, 0x00, 0x00, 0x29, 0x80, 0x10, 0x14, 0x0C, 0x00, 0x00, 0x12, 0x68, 0x80, 0x00, 0x00, 0x16,
	0x00, 0x00, 0x00, 0x00, 0x00, 0x24, 0x00, 0x00, 0x09, 0x00, 0x00, 0x26, 0x00, 0x00, 0x80, 0x00,
	0x80, 0x00, 0x00, 0x00, 0x00, 0x00, 0x00, 0x29, 0x9E, 0x10, 0x14, 0x0C, 0x00, 0x00, 0x00, 0x00,
	0x80, 0x00, 0x00, 0x28, 0x00, 0x00, 0x00, 0x00, 0x00, 0x00, 0x00, 0x00, 0x00, 0x00, 0x00, 0x38,
	0x00, 0x00, 0x00, 0x00, 0x00, 0x00, 0x00, 0x00, 0x00, 0x88, 0x2B, 0x16, 0x20, 0x01, 0x00, 0x00,
	0x00, 0x12, 0x00, 0x10, 0x12, 0x00, 0x00, 0x26, 0x00, 0x00, 0x00, 0x01, 0x80, 0x00, 0x00, 0x3C,
	0x00, 0x00, 0x00, 0x29, 0x71, 0x08, 0x18, 0x10, 0x00, 0x02, 0x12, 0x7C, 0x80, 0x00, 0x00, 0x16,
	0x00, 0x00, 0x00, 0x02, 0x00, 0x12, 0x00, 0x00, 0x16, 0x00, 0x00, 0x26, 0x00, 0x00, 0x80, 0x01,
	0x80, 0x00, 0x00, 0x14, 0x00, 0x00, 0x00, 0x29, 0x76, 0x08, 0x18, 0x10, 0x00, 0x02, 0x00, 0x14,
	0x80, 0x00, 0x00, 0x16, 0x20, 0x01, 0x00, 0x00, 0x00, 0x12, 0x00, 0x10, 0x1B, 0x00, 0x00, 0x26,
	0x00, 0x00, 0x00, 0x02, 0x80, 0x00, 0x00, 0x28, 0x00, 0x00, 0x00, 0x29, 0x7B, 0x08, 0x18, 0x10,
	0x00, 0x02, 0x12, 0x68, 0x80, 0x00, 0x00, 0x2E, 0x20, 0x0A, 0x00, 0x00, 0x00, 0xE0, 0xC1, 0x00,
	0x27, 0x10, 0x00, 0x00, 0x00, 0x00, 0x00, 0x00, 0x00, 0x00, 0x00, 0x00, 0x00, 0x00, 0x00, 0x00,
	0x00, 0x14, 0x00, 0x00, 0x00, 0x00, 0x00, 0x00, 0x00, 0x00, 0x00, 0x66, 0x00, 0x00, 0x00, 0x20,
	0x00, 0x90, 0x01, 0x00, 0x38, 0x09, 0x00, 0x3D, 0x7F, 0x20, 0x02, 0x00, 0x00, 0x00, 0x00, 0x00,
	0x00, 0x06, 0x00, 0x28, 0x00, 0x00, 0x00, 0x00, 0x00, 0x00, 0x00, 0x00, 0x00, 0x00, 0x00, 0x38,
	0x00, 0x00, 0x00, 0x00, 0x00, 0x00, 0x00, 0x00, 0x00, 0x0A, 0x23, 0x16, 0x00, 0x00, 0x00, 0x00,
	0x00, 0x24, 0x00, 0x00, 0x00, 0x00, 0x00, 0x26, 0x00, 0x00, 0x00, 0x00, 0x80, 0x00, 0x00, 0x00,
	0x00, 0x00, 0x00, 0x29, 0x80, 0x10, 0x14, 0x0C, 0x00, 0x00, 0x00, 0x00, 0x80, 0x00, 0x00, 0x16,
	0x20, 0x01, 0x00, 0x00, 0x00, 0x24, 0x00, 0x10, 0x09, 0x00, 0x00, 0x26, 0x00, 0x00, 0x80, 0x00,
	0x80, 0x00, 0x00, 0x3C, 0x00, 0x00, 0x00, 0x29, 0x9E, 0x10, 0x14, 0x0C, 0x00, 0x00, 0x12, 0x7C,
	0x80, 0x00, 0x00, 0x28, 0x00, 0x00, 0x00, 0x00, 0x00, 0x00, 0x00, 0x00, 0x00, 0x00, 0x00, 0x38,
	0x00, 0x00, 0x00, 0x00, 0x00, 0x00, 0x00, 0x00, 0x00, 0x88, 0x2B, 0x16, 0x00, 0x00, 0x00, 0x00,
	0x00, 0x12, 0x00, 0x00, 0x12, 0x00, 0x00, 0x26, 0x00, 0x00, 0x00, 0x01, 0x80, 0x00, 0x00, 0x14,
	0x00, 0x00, 0x00, 0x29, 0x71, 0x08, 0x18, 0x10, 0x00, 0x02, 0x00, 0x14, 0x80, 0x00, 0x00, 0x16,
	0x20, 0x01, 0x00, 0x02, 0x00, 0x12, 0x00, 0x10, 0x16, 0x00, 0x00, 0x26, 0x00, 0x00, 0x80, 0x01,
	0x80, 0x00, 0x00, 0x28, 0x00, 0x00, 0x00, 0x29, 0x76, 0x08, 0x18, 0x10, 0x00, 0x02, 0x12, 0x68,
	0x80, 0x00, 0x00, 0x16, 0x00, 0x00, 0x00, 0x00, 0x00, 0x12, 0x00, 0x00, 0x1B, 0x00, 0x00, 0x26,
	0x00, 0x00, 0x00, 0x02, 0x80, 0x00, 0x00, 0x00, 0x00, 0x00, 0x00, 0x29, 0x7B, 0x08, 0x18, 0x10,
	0x00, 0x02, 0x00, 0x00, 0x80, 0x00, 0x00, 0x2E, 0x20, 0x0A, 0x00, 0x00, 0x00, 0xE0, 0xC1, 0x00,
	0x2C, 0x10, 0x00, 0x00, 0x00, 0x00, 0x00, 0x00, 0x00, 0x00, 0x00, 0x00, 0x00, 0x00, 0x00, 0x00,
	0x00, 0x14, 0x00, 0x00, 0x00, 0x00, 0x00, 0x00, 0x00, 0x00, 0x00, 0x66, 0x00, 0x00, 0x00, 0x20,
	0x00, 0x90, 0x01, 0x00, 0x60, 0x09, 0x00, 0x3D, 0x7F, 0x20, 0x02, 0x00, 0x00, 0x00, 0x00, 0x00,
	0x00, 0x06, 0x00, 0x28, 0x00, 0x00, 0x00, 0x00, 0x00, 0x00, 0x00, 0x00, 0x00, 0x00, 0x00, 0x38,
	0x00, 0x00, 0x00, 0x00, 0x00, 0x00, 0x00, 0x00, 0x00, 0x0A, 0x23, 0x16, 0x20, 0x01, 0x00, 0x00,
	0x00, 0x24, 0x00, 0x10, 0x00, 0x00, 0x00, 0x26, 0x00, 0x00, 0x00, 0x00, 0x80, 0x00, 0x00, 0x3C,
	0x00, 0x00, 0x00, 0x29, 0x80, 0x10, 0x14, 0x0C, 0x00, 0x00, 0x12, 0x7C, 0x80, 0x00, 0x00, 0x16,
	0x00, 0x00, 0x00, 0x00, 0x00, 0x24, 0x00, 0x00, 0x09, 0x00, 0x00, 0x26, 0x00, 0x00, 0x80, 0x00,
	0x80, 0x00, 0x00, 0x14, 0x00, 0x00, 0x00, 0x29, 0x9E, 0x10, 0x14, 0x0C, 0x00, 0x00, 0x00, 0x14,
	0x80, 0x00, 0x00, 0x28, 0x00, 0x00, 0x00, 0x00, 0x00, 0x00, 0x00, 0x00, 0x00, 0x00, 0x00, 0x38,
	0x00, 0x00, 0x00, 0x00, 0x00, 0x00, 0x00, 0x00, 0x00, 0x88, 0x2B, 0x16, 0x20, 0x01, 0x00, 0x00,
	0x00, 0x12, 0x00, 0x10, 0x12, 0x00, 0x00, 0x26, 0x00, 0x00, 0x00, 0x01, 0x80, 0x00, 0x00, 0x28,
	0x00, 0x00, 0x00, 0x29, 0x71, 0x08, 0x18, 0x10, 0x00, 0x02, 0x12, 0x68, 0x80, 0x00, 0x00, 0x16,
	0x00, 0x00, 0x00, 0x02, 0x00, 0x12, 0x00, 0x00, 0x16, 0x00, 0x00, 0x26, 0x00, 0x00, 0x80, 0x01,
	0x80, 0x00, 0x00, 0x00, 0x00, 0x00, 0x00, 0x29, 0x76, 0x08, 0x18, 0x10, 0x00, 0x02, 0x00, 0x00,
	0x80, 0x00, 0x00, 0x16, 0x20, 0x01, 0x00, 0x00, 0x00, 0x12, 0x00, 0x10, 0x1B, 0x00, 0x00, 0x26,
	0x00, 0x00, 0x00, 0x02, 0x80, 0x00, 0x00, 0x3C, 0x00, 0x00, 0x00, 0x29, 0x7B, 0x08, 0x18, 0x10,
	0x00, 0x02, 0x12, 0x7C, 0x80, 0x00, 0x00, 0x2E, 0x20, 0x0A, 0x00, 0x00, 0x00, 0xE0, 0xC1, 0x00,
	0x31, 0x10, 0x00, 0x00, 0x00, 0x00, 0x00, 0x00, 0x00, 0x00, 0x00, 0x00, 0x00, 0x00, 0x00, 0x00,
	0x00, 0x14, 0x00, 0x00, 0x00, 0x00, 0x00, 0x00, 0x00, 0x00, 0x00, 0x66, 0x00, 0x00, 0x00, 0x20,
	0x00, 0x90, 0x01, 0x00, 0x88, 0x09, 0x00, 0x3D, 0x7F, 0x20, 0x02, 0x00, 0x00, 0x00, 0x00, 0x00,
	0x00, 0x06, 0x00, 0x28, 0x00, 0x00, 0x00, 0x00, 0x00, 0x00, 0x00, 0x00, 0x00, 0x00, 0x00, 0x38,
	0x00, 0x00, 0x00, 0x00, 0x00, 0x00, 0x00, 0x00, 0x00, 0x0A, 0x23, 0x16, 0x00, 0x00, 0x00, 0x00,
	0x00, 0x24, 0x00, 0x00, 0x00, 0x00, 0x00, 0x26, 0x00, 0x00, 0x00, 0x00, 0x80, 0x00, 0x00, 0x14,
	0x00, 0x00, 0x00, 0x29, 0x80, 0x10, 0x14, 0x0C, 0x00, 0x00, 0x00, 0x14, 0x80, 0x00, 0x00, 0x16,
	0x20, 0x01, 0x00, 0x00, 0x00, 0x24, 0x00, 0x10, 0x09, 0x00, 0x00, 0x26, 0x00, 0x00, 0x80, 0x00,
	0x80, 0x00, 0x00, 0x28, 0x00, 0x00, 0x00, 0x29, 0x9E, 0x10, 0x14, 0x0C, 0x00, 0x00, 0x12, 0x68,
	0x80, 0x00, 0x00, 0x28, 0x00, 0x00, 0x00, 0x00, 0x00, 0x00, 0x00, 0x00, 0x00, 0x00, 0x00, 0x38,
	0x00, 0x00, 0x00, 0x00, 0x00, 0x00, 0x00, 0x00, 0x00, 0x88, 0x2B, 0x16, 0x00, 0x00, 0x00, 0x00,
	0x00, 0x12, 0x00, 0x00, 0x12, 0x00, 0x00, 0x26, 0x00, 0x00, 0x00, 0x01, 0x80, 0x00, 0x00, 0x00,
	0x00, 0x00, 0x00, 0x29, 0x71, 0x08, 0x18, 0x10, 0x00, 0x02, 0x00, 0x00, 0x80, 0x00, 0x00, 0x16,
	0x20, 0x01, 0x00, 0x02, 0x00, 0x12, 0x00, 0x10, 0x16, 0x00, 0x00, 0x26, 0x00, 0x00, 0x80, 0x01,
	0x80, 0x00, 0x00, 0x3C, 0x00, 0x00, 0x00, 0x29, 0x76, 0x08, 0x18, 0x10, 0x00, 0x02, 0x12, 0x7C,
	0x80, 0x00, 0x00, 0x16, 0x00, 0x00, 0x00, 0x00, 0x00, 0x12, 0x00, 0x00, 0x1B, 0x00, 0x00, 0x26,
	0x00, 0x00, 0x00, 0x02, 0x80, 0x00, 0x00, 0x14, 0x00, 0x00, 0x00, 0x29, 0x7B, 0x08, 0x18, 0x10,
	0x00, 0x02, 0x00, 0x14, 0x80, 0x00, 0x00, 0x2E, 0x20, 0x0A, 0x00, 0x00, 0x00, 0xE0, 0xC1, 0x00,
	0x36, 0x10, 0x00, 0x00, 0x00, 0x00, 0x00, 0x00, 0x00, 0x00, 0x00, 0x00, 0x00, 0x00, 0x00, 0x00,
	0x00, 0x14, 0x00, 0x00, 0x00, 0x00, 0x00, 0x00, 0x00, 0x00, 0x00, 0x66, 0x00, 0x00, 0x00, 0x20,
	0x00, 0x90, 0x01, 0x00, 0xB0, 0x09, 0x00, 0x3D, 0x7F, 0x20, 0x02, 0x00, 0x00, 0x00, 0x00, 0x00,
	0x00, 0x06, 0x00, 0x28, 0x00, 0x00, 0x00, 0x00, 0x00, 0x00, 0x00, 0x00, 0x00, 0x00, 0x00, 0x38,
	0x00, 0x00, 0x00, 0x00, 0x00, 0x00, 0x00, 0x00, 0x00, 0x0A, 0x23, 0x16, 0x20, 0x01, 0x00, 0x00,
	0x00, 0x24, 0x00, 0x10, 0x00, 0x00, 0x00, 0x26, 0x00, 0x00, 0x00, 0x00, 0x80, 0x00, 0x00, 0x28,
	0x00, 0x00, 0x00, 0x29, 0x80, 0x10, 0x14, 0x0C, 0x00, 0x00, 0x12, 0x68, 0x80, 0x00, 0x00, 0x16,
	0x00, 0x00, 0x00, 0x00, 0x00, 0x24, 0x00, 0x00, 0x09, 0x00, 0x00, 0x26, 0x00, 0x00, 0x80, 0x00,
	0x80, 0x00, 0x00, 0x00, 0x00, 0x00, 0x00, 0x29, 0x9E, 0x10, 0x14, 0x0C, 0x00, 0x00, 0x00, 0x00,
	0x80, 0x00, 0x00, 0x28, 0x00, 0x00, 0x00, 0x00, 0x00, 0x00, 0x00, 0x00, 0x00, 0x00, 0x00, 0x38,
	0x00, 0x00, 0x00, 0x00, 0x00, 0x00, 0x00, 0x00, 0x00, 0x88, 0x2B, 0x16, 0x20, 0x01, 0x00, 0x00,
	0x00, 0x12, 0x00, 0x10, 0x12, 0x00, 0x00, 0x06, 0x00, 0x02, 0x00, 0x00, 0x00, 0x08, 0x00, 0x00,
	0x48, 0x00, 0x00, 0x08, 0x00, 0x00, 0x00, 0x00, 0x00, 0x00, 0x00, 0x00, 0x00, 0x00, 0x00, 0x18,
	0x00, 0x02, 0x00, 0x00, 0x00, 0x00, 0x00, 0x00, 0x00, 0x00, 0x00, 0x26, 0x00, 0x00, 0x00, 0x01,
	0x80, 0x00, 0x00, 0x3C, 0x00, 0x00, 0x00, 0x29, 0x71, 0x08, 0x18, 0x10, 0x00, 0x02, 0x12, 0x7C,
	0x80, 0x00, 0x00, 0x16, 0x00, 0x00, 0x00, 0x02, 0x00, 0x12, 0x00, 0x00, 0x16, 0x00, 0x00, 0x26,
	0x00, 0x00, 0x80, 0x01, 0x80, 0x00, 0x00, 0x14, 0x00, 0x00, 0x00, 0x29, 0x76, 0x08, 0x18, 0x10,
	0x00, 0x02, 0x00, 0x14, 0x80, 0x00, 0x00, 0x16, 0x20, 0x01, 0x00, 0x00, 0x00, 0x12, 0x00, 0x10,
	0x1B, 0x00, 0x00, 0x26, 0x00, 0x00, 0x00, 0x02, 0x80, 0x00, 0x00, 0x28, 0x00, 0x00, 0x00, 0x29,
	0x7B, 0x08, 0x18, 0x10, 0x00, 0x02, 0x12, 0x68, 0x80, 0x00, 0x00, 0x2E, 0x20, 0x0A, 0x00, 0x00,
	0x00, 0xE0, 0xC1, 0x00, 0x3B, 0x10, 0x00, 0x00, 0x00, 0x00, 0x00, 0x00, 0x00, 0x00, 0x00, 0x00,
	0x00, 0x00, 0x00, 0x00, 0x00, 0x14, 0x00, 0x00, 0x00, 0x00, 0x00, 0x00, 0x00, 0x00, 0x00, 0x66,
	0x00, 0x00, 0x00, 0x20, 0x00, 0x90, 0x01, 0x00, 0xD8, 0x09, 0x00, 0x3D, 0x7F, 0x20, 0x02, 0x00,
	0x00, 0x00, 0x00, 0x00, 0x00, 0x06, 0x00, 0x28, 0x00, 0x00, 0x00, 0x00, 0x00, 0x00, 0x00, 0x00,
	0x00, 0x00, 0x00, 0x38, 0x00, 0x00, 0x00, 0x00, 0x00, 0x00, 0x00, 0x00, 0x00, 0x0A, 0x23, 0x16,
	0x00, 0x00, 0x00, 0x00, 0x00, 0x24, 0x00, 0x00, 0x00, 0x00, 0x00, 0x26, 0x00, 0x00, 0x00, 0x00,
	0x80, 0x00, 0x00, 0x00, 0x00, 0x00, 0x00, 0x29, 0x80, 0x10, 0x14, 0x0C, 0x00, 0x00, 0x00, 0x00,
	0x80, 0x00, 0x00, 0x16, 0x20, 0x01, 0x00, 0x00, 0x00, 0x24, 0x00, 0x10, 0x09, 0x00, 0x00, 0x26,
	0x00, 0x00, 0x80, 0x00, 0x80, 0x00, 0x00, 0x3C, 0x00, 0x00, 0x00, 0x29, 0x9E, 0x10, 0x14, 0x0C,
	0x00, 0x00, 0x12, 0x7C, 0x80, 0x00, 0x00, 0x28, 0x00, 0x00, 0x00, 0x00, 0x00, 0x00, 0x00, 0x00,
	0x00, 0x00, 0x00, 0x38, 0x00, 0x00, 0x00, 0x00, 0x00, 0x00, 0x00, 0x00, 0x00, 0x88, 0x2B, 0x16,
	0x00, 0x00, 0x00, 0x00, 0x00, 0x12, 0x00, 0x00, 0x12, 0x00, 0x00, 0x26, 0x00, 0x00, 0x00, 0x01,
	0x80, 0x00, 0x00, 0x14, 0x00, 0x00, 0x00, 0x29, 0x71, 0x08, 0x18, 0x10, 0x00, 0x02, 0x00, 0x14,
	0x80, 0x00, 0x00, 0x16, 0x20, 0x01, 0x00, 0x02, 0x00, 0x12, 0x00, 0x10, 0x16, 0x00, 0x00, 0x26,
	0x00, 0x00, 0x80, 0x01, 0x80, 0x00, 0x00, 0x28, 0x00, 0x00, 0x00, 0x29, 0x76, 0x08, 0x18, 0x10,
	0x00, 0x02, 0x12, 0x68, 0x80, 0x00, 0x00, 0x16, 0x00, 0x00, 0x00, 0x00, 0x00, 0x12, 0x00, 0x00,
	0x1B, 0x00, 0x00, 0x26, 0x00, 0x00, 0x00, 0x02, 0x80, 0x00, 0x00, 0x00, 0x00, 0x00, 0x00, 0x29,
	0x7B, 0x08, 0x18, 0x10, 0x00, 0x02, 0x00, 0x00, 0x80, 0x00, 0x00, 0x2E, 0x20, 0x0A, 0x00, 0x00,
	0x00, 0xE0, 0xC1, 0x00, 0x40, 0x10, 0x00, 0x00, 0x00, 0x00, 0x00, 0x00, 0x00, 0x00, 0x00, 0x00,
	0x00, 0x00, 0x00, 0x00, 0x00, 0x14, 0x00, 0x00, 0x00, 0x00, 0x00, 0x00, 0x00, 0x00, 0x00, 0x66,
	0x00, 0x00, 0x00, 0x20, 0x00, 0x90, 0x01, 0x00, 0x00, 0x0A, 0x00, 0x3D, 0x7F, 0x20, 0x02, 0x00,
	0x00, 0x00, 0x00, 0x00, 0x00, 0x06, 0x00, 0x28, 0x00, 0x00, 0x00, 0x00, 0x00, 0x00, 0x00, 0x00,
	0x00, 0x00, 0x00, 0x38, 0x00, 0x00, 0x00, 0x00, 0x00, 0x00, 0x00, 0x00, 0x00, 0x0A, 0x23, 0x16,
	0x20, 0x01, 0x00, 0x00, 0x00, 0x24, 0x00, 0x10, 0x00, 0x00, 0x00, 0x26, 0x00, 0x00, 0x00, 0x00,
	0x80, 0x00, 0x00, 0x3C, 0x00, 0x00, 0x00, 0x29, 0x80, 0x10, 0x14, 0x0C, 0x00, 0x00, 0x12, 0x7C,
	0x80, 0x00, 0x00, 0x16, 0x00, 0x00, 0x00, 0x00, 0x00, 0x24, 0x00, 0x00, 0x09, 0x00, 0x00, 0x26,
	0x00, 0x00, 0x80, 0x00, 0x80, 0x00, 0x00, 0x14, 0x00, 0x00, 0x00, 0x29, 0x9E, 0x10, 0x14, 0x0C,
	0x00, 0x00, 0x00, 0x14, 0x80, 0x00, 0x00, 0x28, 0x00, 0x00, 0x00, 0x00, 0x00, 0x00, 0x00, 0x00,
	0x00, 0x00, 0x00, 0x38, 0x00, 0x00, 0x00, 0x00, 0x00, 0x00, 0x00, 0x00, 0x00, 0x88, 0x2B, 0x16,
	0x20, 0x01, 0x00, 0x00, 0x00, 0x12, 0x00, 0x10, 0x12, 0x00, 0x00, 0x26, 0x00, 0x00, 0x00, 0x01,
	0x80, 0x00, 0x00, 0x28, 0x00, 0x00, 0x00, 0x29, 0x71, 0x08, 0x18, 0x10, 0x00, 0x02, 0x12, 0x68,
	0x80, 0x00, 0x00, 0x16, 0x00, 0x00, 0x00, 0x02, 0x00, 0x12, 0x00, 0x00, 0x16, 0x00, 0x00, 0x26,
	0x00, 0x00, 0x80, 0x01, 0x80, 0x00, 0x00, 0x00, 0x00, 0x00, 0x00, 0x29, 0x76, 0x08, 0x18, 0x10,
	0x00, 0x02, 0x00, 0x00, 0x80, 0x00, 0x00, 0x16, 0x20, 0x01, 0x00, 0x00, 0x00, 0x12, 0x00, 0x10,
	0x1B, 0x00, 0x00, 0x26, 0x00, 0x00, 0x00, 0x02, 0x80, 0x00, 0x00, 0x3C, 0x00, 0x00, 0x00, 0x29,
	0x7B, 0x08, 0x18, 0x10, 0x00, 0x02, 0x12, 0x7C, 0x80, 0x00, 0x00, 0x2E, 0x20, 0x0A, 0x00, 0x00,
	0x00, 0xE0, 0xC1, 0x00, 0x45, 0x10, 0x00, 0x00, 0x00, 0x00, 0x00, 0x00, 0x00, 0x00, 0x00, 0x00,
	0x00, 0x00, 0x00, 0x00, 0x00, 0x14, 0x00, 0x00, 0x00, 0x00, 0x00, 0x00, 0x00, 0x00, 0x00, 0x66,
	0x00, 0x00, 0x00, 0x20, 0x00, 0x90, 0x01, 0x00, 0x28, 0x0A, 0x00, 0x3D, 0x7F, 0x20, 0x02, 0x00,
	0x00, 0x00, 0x00, 0x00, 0x00, 0x06, 0x00, 0x28, 0x00, 0x00, 0x00, 0x00, 0x00, 0x00, 0x00, 0x00,
	0x00, 0x00, 0x00, 0x38, 0x00, 0x00, 0x00, 0x00, 0x00, 0x00, 0x00, 0x00, 0x00, 0x0A, 0x23, 0x16,
	0x00, 0x00, 0x00, 0x00, 0x00, 0x24, 0x00, 0x00, 0x00, 0x00, 0x00, 0x26, 0x00, 0x00, 0x00, 0x00,
	0x80, 0x00, 0x00, 0x14, 0x00, 0x00, 0x00, 0x29, 0x80, 0x10, 0x14, 0x0C, 0x00, 0x00, 0x00, 0x14,
	0x80, 0x00, 0x00, 0x16, 0x20, 0x01, 0x00, 0x00, 0x00, 0x24, 0x00, 0x10, 0x09, 0x00, 0x00, 0x26,
	0x00, 0x00, 0x80, 0x00, 0x80, 0x00, 0x00, 0x28, 0x00, 0x00, 0x00, 0x29, 0x9E, 0x10, 0x14, 0x0C,
	0x00, 0x00, 0x12, 0x68, 0x80, 0x00, 0x00, 0x28, 0x00, 0x00, 0x00, 0x00, 0x00, 0x00, 0x00, 0x00,
	0x00, 0x00, 0x00, 0x38, 0x00, 0x00, 0x00, 0x00, 0x00, 0x00, 0x00, 0x00, 0x00, 0x88, 0x2B, 0x16,
	0x00, 0x00, 0x00, 0x00, 0x00, 0x12, 0x00, 0x00, 0x12, 0x00, 0x00, 0x26, 0x00, 0x00, 0x00, 0x01,
	0x80, 0x00, 0x00, 0x00, 0x00, 0x00, 0x00, 0x29, 0x71, 0x08, 0x18, 0x10, 0x00, 0x02, 0x00, 0x00,
	0x80, 0x00, 0x00, 0x16, 0x20, 0x01, 0x00, 0x02, 0x00, 0x12, 0x00, 0x10, 0x16, 0x00, 0x00, 0x26,
	0x00, 0x00, 0x80, 0x01, 0x80, 0x00, 0x00, 0x3C, 0x00, 0x00, 0x00, 0x29, 0x76, 0x08, 0x18, 0x10,
	0x00, 0x02, 0x12, 0x7C, 0x80, 0x00, 0x00, 0x16, 0x00, 0x00, 0x00, 0x00, 0x00, 0x12, 0x00, 0x00,
	0x1B, 0x00, 0x00, 0x26, 0x00, 0x00, 0x00, 0x02, 0x80, 0x00, 0x00, 0x14, 0x00, 0x00, 0x00, 0x29,
	0x7B, 0x08, 0x18, 0x10, 0x00, 0x02, 0x00, 0x14, 0x80, 0x00, 0x00, 0x2E, 0x20, 0x0A, 0x00, 0x00,
	0x00, 0xE0, 0xC1, 0x00, 0x4A, 0x10, 0x00, 0x00, 0x00, 0x00, 0x00, 0x00, 0x00, 0x00, 0x00, 0x00,
	0x00, 0x00, 0x00, 0x00, 0x00, 0x14, 0x00, 0x00, 0x00, 0x00, 0x00, 0x00, 0x00, 0x00, 0x00, 0x66,
	0x00, 0x00, 0x00, 0x20, 0x00, 0x90, 0x01, 0x00, 0x50, 0x0A, 0x00, 0x3D, 0x7F, 0x20, 0x02, 0x00,
	0x00, 0x00, 0x00, 0x00, 0x00, 0x06, 0x00, 0x28, 0x00, 0x00, 0x00, 0x00, 0x00, 0x00, 0x00, 0x00,
	0x00, 0x00, 0x00, 0x38, 0x00, 0x00, 0x00, 0x00, 0x00, 0x00, 0x00, 0x00, 0x00, 0x0A, 0x23, 0x16,
	0x20, 0x01, 0x00, 0x00, 0x00, 0x24, 0x00, 0x10, 0x00, 0x00, 0x00, 0x26, 0x00, 0x00, 0x00, 0x00,
	0x80, 0x00, 0x00, 0x28, 0x00, 0x00, 0x00, 0x29, 0x80, 0x10, 0x14, 0x0C, 0x00, 0x00, 0x12, 0x68,
	0x80, 0x00, 0x00, 0x16, 0x00, 0x00, 0x00, 0x00, 0x00, 0x24, 0x00, 0x00, 0x09, 0x00, 0x00, 0x26,
	0x00, 0x00, 0x80, 0x00, 0x80, 0x00, 0x00, 0x00, 0x00, 0x00, 0x00, 0x29, 0x9E, 0x10, 0x14, 0x0C,
	0x00, 0x00, 0x00, 0x00, 0x80, 0x00, 0x00, 0x28, 0x00, 0x00, 0x00, 0x00, 0x00, 0x00, 0x00, 0x00,
	0x00, 0x00, 0x00, 0x38, 0x00, 0x00, 0x00, 0x00, 0x00, 0x00, 0x00, 0x00, 0x00, 0x88, 0x2B, 0x16,
	0x20, 0x01, 0x00, 0x00, 0x00, 0x12, 0x00, 0x10, 0x12, 0x00, 0x00, 0x26, 0x00, 0x00, 0x00, 0x01,
	0x80, 0x00, 0x00, 0x3C, 0x00, 0x00, 0x00, 0x29, 0x71, 0x08, 0x18, 0x10, 0x00, 0x02, 0x12, 0x7C,
	0x80, 0x00, 0x00, 0x16, 0x00, 0x00, 0x00, 0x02, 0x00, 0x12, 0x00, 0x00, 0x16, 0x00, 0x00, 0x26,
	0x00, 0x00, 0x80, 0x01, 0x80, 0x00, 0x00, 0x14, 0x00, 0x00, 0x00, 0x29, 0x76, 0x08, 0x18, 0x10,
	0x00, 0x02, 0x00, 0x14, 0x80, 0x00, 0x00, 0x16, 0x20, 0x01, 0x00, 0x00, 0x00, 0x12, 0x00, 0x10,
	0x1B, 0x00, 0x00, 0x26, 0x00, 0x00, 0x00, 0x02, 0x80, 0x00, 0x00, 0x28, 0x00, 0x00, 0x00, 0x29,
	0x7B, 0x08, 0x18, 0x10, 0x00, 0x02, 0x12, 0x68, 0x80, 0x00, 0x00, 0x2E, 0x20, 0x0A, 0x00, 0x00,
	0x00, 0xE0, 0xC1, 0x00, 0x4F, 0x10, 0x00, 0x00, 0x00, 0x00, 0x00, 0x00, 0x00, 0x00, 0x00, 0x00,
	0x00, 0x00, 0x00, 0x00, 0x00, 0x14, 0x00, 0x00, 0x00, 0x00, 0x00, 0x00, 0x00, 0x00, 0x00, 0x66,
	0x00, 0x00, 0x00, 0x20, 0x00, 0x90, 0x01, 0x00, 0x78, 0x0A, 0x00, 0x3D, 0x7F, 0x20, 0x02, 0x00,
	0x00, 0x00, 0x00, 0x00, 0x00, 0x06, 0x00, 0x28, 0x00, 0x00, 0x00, 0x00, 0x00, 0x00, 0x00, 0x00,
	0x00, 0x00, 0x00, 0x38, 0x00, 0x00, 0x00, 0x00, 0x00, 0x00, 0x00, 0x00, 0x00, 0x0A, 0x23, 0x16,
	0x00, 0x00, 0x00, 0x00, 0x00, 0x24, 0x00, 0x00, 0x00, 0x00, 0x00, 0x26, 0x00, 0x00, 0x00, 0x00,
	0x80, 0x00, 0x00, 0x00, 0x00, 0x00, 0x00, 0x29, 0x80, 0x10, 0x14, 0x0C, 0x00, 0x00, 0x00, 0x00,
	0x80, 0x00, 0x00, 0x16, 0x20, 0x01, 0x00, 0x00, 0x00, 0x24, 0x00, 0x10, 0x09, 0x00, 0x00, 0x26,
	0x00, 0x00, 0x80, 0x00, 0x80, 0x00, 0x00, 0x3C, 0x00, 0x00, 0x00, 0x29, 0x9E, 0x10, 0x14, 0x0C,
	0x00, 0x00, 0x12, 0x7C, 0x80, 0x00, 0x00, 0x28, 0x00, 0x00, 0x00, 0x00, 0x00, 0x00, 0x00, 0x00,
	0x00, 0x00, 0x00, 0x38, 0x00, 0x00, 0x00, 0x00, 0x00, 0x00, 0x00, 0x00, 0x00, 0x88, 0x2B, 0x16,
	0x00, 0x00, 0x00, 0x00, 0x00, 0x12, 0x00, 0x00, 0x12, 0x00, 0x00, 0x26, 0x00, 0x00, 0x00, 0x01,
	0x80, 0x00, 0x00, 0x14, 0x00, 0x00, 0x00, 0x29, 0x71, 0x08, 0x18, 0x10, 0x00, 0x02, 0x00, 0x14,
	0x80, 0x00, 0x00, 0x16, 0x20, 0x01, 0x00, 0x02, 0x00, 0x12, 0x00, 0x10, 0x16, 0x00, 0x00, 0x26,
	0x00, 0x00, 0x80, 0x01, 0x80, 0x00, 0x00, 0x28, 0x00, 0x00, 0x00, 0x29, 0x76, 0x08, 0x18, 0x10,
	0x00, 0x02, 0x12, 0x68, 0x80, 0x00, 0x00, 0x16, 0x00, 0x00, 0x00, 0x00, 0x00, 0x12, 0x00, 0x00,
	0x1B, 0x00, 0x00, 0x26, 0x00, 0x00, 0x00, 0x02, 0x80, 0x00, 0x00, 0x00, 0x00, 0x00, 0x00, 0x29,
	0x7B, 0x08, 0x18, 0x10, 0x00, 0x02, 0x00, 0x00, 0x80, 0x00, 0x00, 0x2E, 0x20, 0x0A, 0x00, 0x00,
	0x00, 0xE0, 0xC1, 0x00, 0x54, 0x10, 0x00, 0x00, 0x00, 0x00, 0x00, 0x00, 0x00, 0x00, 0x00, 0x00,
	0x00, 0x00, 0x00, 0x00, 0x00, 0x14, 0x00, 0x00, 0x00, 0x00, 0x00, 0x00, 0x00, 0x00, 0x00, 0x66,
	0x00, 0x00, 0x00, 0x20, 0x00, 0x90, 0x01, 0x00, 0xA0, 0x0A, 0x00, 0x3D, 0x7F, 0x20, 0x02, 0x00,
	0x00, 0x00, 0x00, 0x00, 0x00, 0x06, 0x00, 0x28, 0x00, 0x00, 0x00, 0x00, 0x00, 0x00, 0x00, 0x00,
	0x00, 0x00, 0x00, 0x38, 0x00, 0x00, 0x00, 0x00, 0x00, 0x00, 0x00, 0x00, 0x00, 0x0A, 0x23, 0x16,
	0x20, 0x01, 0x00, 0x00, 0x00, 0x24, 0x00, 0x10, 0x00, 0x00, 0x00, 0x26, 0x00, 0x00, 0x00, 0x00,
	0x80, 0x00, 0x00, 0x3C, 0x00, 0x00, 0x00, 0x29, 0x80, 0x10, 0x14, 0x0C, 0x00, 0x00, 0x12, 0x7C,
	0x80, 0x00, 0x00, 0x16, 0x00, 0x00, 0x00, 0x00, 0x00, 0x24, 0x00, 0x00, 0x09, 0x00, 0x00, 0x26,
	0x00, 0x00, 0x80, 0x00, 0x80, 0x00, 0x00, 0x14, 0x00, 0x00, 0x00, 0x29, 0x9E, 0x10, 0x14, 0x0C,
	0x00, 0x00, 0x00, 0x14, 0x80, 0x00, 0x00, 0x28, 0x00, 0x00, 0x00, 0x00, 0x00, 0x00, 0x00, 0x00,
	0x00, 0x00, 0x00, 0x38, 0x00, 0x00, 0x00, 0x00, 0x00, 0x00, 0x00, 0x00, 0x00, 0x88, 0x2B, 0x16,
	0x20, 0x01, 0x00, 0x00, 0x00, 0x12, 0x00, 0x10, 0x12, 0x00, 0x00, 0x26, 0x00, 0x00, 0x00, 0x01,
	0x80, 0x00, 0x00, 0x28, 0x00, 0x00, 0x00, 0x29, 0x71, 0x08, 0x18, 0x10, 0x00, 0x02, 0x12, 0x68,
	0x80, 0x00, 0x00, 0x16, 0x00, 0x00, 0x00, 0x02, 0x00, 0x12, 0x00, 0x00, 0x16, 0x00, 0x00, 0x26,
	0x00, 0x00, 0x80, 0x01, 0x80, 0x00, 0x00, 0x00, 0x00, 0x00, 0x00, 0x29, 0x76, 0x08, 0x18, 0x10,
	0x00, 0x02, 0x00, 0x00, 0x80, 0x00, 0x00, 0x16, 0x20, 0x01, 0x00, 0x00, 0x00, 0x12, 0x00, 0x10,
	0x1B, 0x00, 0x00, 0x26, 0x00, 0x00, 0x00, 0x02, 0x80, 0x00, 0x00, 0x3C, 0x00, 0x00, 0x00, 0x29,
	0x7B, 0x08, 0x18, 0x10, 0x00, 0x02, 0x12, 0x7C, 0x80, 0x00, 0x00, 0x2E, 0x20, 0x0A, 0x00, 0x00,
	0x00, 0xE0, 0xC1, 0x00, 0x59, 0x10, 0x00, 0x00, 0x00, 0x00, 0x00, 0x00, 0x00, 0x00, 0x00, 0x00,
	0x00, 0x00, 0x00, 0x00, 0x00, 0x14, 0x00, 0x00, 0x00, 0x00, 0x00, 0x00, 0x00, 0x00, 0x00, 0x66,
	0x00, 0x00, 0x00, 0x20, 0x00, 0x90, 0x01, 0x00, 0xC8, 0x0A, 0x00, 0x3D, 0x7F, 0x20, 0x02, 0x00,
	0x00, 0x00, 0x00, 0x00, 0x00, 0x06, 0x00, 0x28, 0x00, 0x00, 0x00, 0x00, 0x00, 0x00, 0x00, 0x00,
	0x00, 0x00, 0x00, 0x38, 0x00, 0x00, 0x00, 0x00, 0x00, 0x00, 0x00, 0x00, 0x00, 0x0A, 0x23, 0x16,
	0x00, 0x00, 0x00, 0x00, 0x00, 0x24, 0x00, 0x00, 0x00, 0x00, 0x00, 0x26, 0x00, 0x00, 0x00, 0x00,
	0x80, 0x00, 0x00, 0x14, 0x00, 0x00, 0x00, 0x29, 0x80, 0x10, 0x14, 0x0C, 0x00, 0x00, 0x00, 0x14,
	0x80, 0x00, 0x00, 0x16, 0x20, 0x01, 0x00, 0x00, 0x00, 0x24, 0x00, 0x10, 0x09, 0x00, 0x00, 0x26,
	0x00, 0x00, 0x80, 0x00, 0x80, 0x00, 0x00, 0x28, 0x00, 0x00, 0x00, 0x29, 0x9E, 0x10, 0x14, 0x0C,
	0x00, 0x00, 0x12, 0x68, 0x80, 0x00, 0x00, 0x28, 0x00, 0x00, 0x00, 0x00, 0x00, 0x00, 0x00, 0x00,
	0x00, 0x00, 0x00, 0x38, 0x00, 0x00, 0x00, 0x00, 0x00, 0x00, 0x00, 0x00, 0x00, 0x88, 0x2B, 0x16,
	0x00, 0x00, 0x00, 0x00, 0x00, 0x12, 0x00, 0x00, 0x12, 0x00, 0x00, 0x26, 0x00, 0x00, 0x00, 0x01,
	0x80, 0x00, 0x00, 0x00, 0x00, 0x00, 0x00, 0x29, 0x71, 0x08, 0x18, 0x10, 0x00, 0x02, 0x00, 0x00,
	0x80, 0x00, 0x00, 0x16, 0x20, 0x01, 0x00, 0x02, 0x00, 0x12, 0x00, 0x10, 0x16, 0x00, 0x00, 0x26,
	0x00, 0x00, 0x80, 0x01, 0x80, 0x00, 0x00, 0x3C, 0x00, 0x00, 0x00, 0x29, 0x76, 0x08, 0x18, 0x10,
	0x00, 0x02, 0x12, 0x7C, 0x80, 0x00, 0x00, 0x16, 0x00, 0x00, 0x00, 0x00, 0x00, 0x12, 0x00, 0x00,
	0x1B, 0x00, 0x00, 0x26, 0x00, 0x00, 0x00, 0x02, 0x80, 0x00, 0x00, 0x14, 0x00, 0x00, 0x00, 0x29,
	0x7B, 0x08, 0x18, 0x10, 0x00, 0x02, 0x00, 0x14, 0x80, 0x00, 0x00, 0x2E, 0x20, 0x0A, 0x00, 0x00,
	0x00, 0xE0, 0xC1, 0x00, 0x5E, 0x10, 0x00, 0x00, 0x00, 0x00, 0x00, 0x00, 0x00, 0x00, 0x00, 0x00,
	0x00, 0x00, 0x00, 0x00, 0x00, 0x14, 0x00, 0x00, 0x00, 0x00, 0x00, 0x00, 0x00, 0x00, 0x00, 0x66,
	0x00, 0x00, 0x00, 0x20, 0x00, 0x90, 0x01, 0x00, 0xF0, 0x0A, 0x00, 0x3D, 0x7F, 0x20, 0x02, 0x00,
	0x00, 0x00, 0x00, 0x00, 0x00, 0x06, 0x00, 0x28, 0x00, 0x00, 0x00, 0x00, 0x00, 0x00, 0x00, 0x00,
	0x00, 0x00, 0x00, 0x38, 0x00, 0x00, 0x00, 0x00, 0x00, 0x00, 0x00, 0x00, 0x00, 0x0A, 0x23, 0x16,
	0x20, 0x01, 0x00, 0x00, 0x00, 0x24, 0x00, 0x10, 0x00, 0x00, 0x00, 0x26, 0x00, 0x00, 0x00, 0x00,
	0x80, 0x00, 0x00, 0x28, 0x00, 0x00, 0x00, 0x29, 0x80, 0x10, 0x14, 0x0C, 0x00, 0x00, 0x12, 0x68,
	0x80, 0x00, 0x00, 0x16, 0x00, 0x00, 0x00, 0x00, 0x00, 0x24, 0x00, 0x00, 0x09, 0x00, 0x00, 0x26,
	0x00, 0x00, 0x80, 0x00, 0x80, 0x00, 0x00, 0x00, 0x00, 0x00, 0x00, 0x29, 0x9E, 0x10, 0x14, 0x0C,
	0x00, 0x00, 0x00, 0x00, 0x80, 0x00, 0x00, 0x28, 0x00, 0x00, 0x00, 0x00, 0x00, 0x00, 0x00, 0x00,
	0x00, 0x00, 0x00, 0x38, 0x00, 0x00, 0x00, 0x00, 0x00, 0x00, 0x00, 0x00, 0x00, 0x88, 0x2B, 0x16,
	0x20, 0x01, 0x00, 0x00, 0x00, 0x12, 0x00, 0x10, 0x12, 0x00, 0x00, 0x26, 0x00, 0x00, 0x00, 0x01,
	0x80, 0x00, 0x00, 0x3C, 0x00, 0x00, 0x00, 0x29, 0x71, 0x08, 0x18, 0x10, 0x00, 0x02, 0x12, 0x7C,
	0x80, 0x00, 0x00, 0x16, 0x00, 0x00, 0x00, 0x02, 0x00, 0x12, 0x00, 0x00, 0x16, 0x00, 0x00, 0x26,
	0x00, 0x00, 0x80, 0x01, 0x80, 0x00, 0x00, 0x14, 0x00, 0x00, 0x00, 0x29, 0x76, 0x08, 0x18, 0x10,
	0x00, 0x02, 0x00, 0x14, 0x80, 0x00, 0x00, 0x16, 0x20, 0x01, 0x00, 0x00, 0x00, 0x12, 0x00, 0x10,
	0x1B, 0x00, 0x00, 0x26, 0x00, 0x00, 0x00, 0x02, 0x80, 0x00, 0x00, 0x28, 0x00, 0x00, 0x00, 0x29,
	0x7B, 0x08, 0x18, 0x10, 0x00, 0x02, 0x12, 0x68, 0x80, 0x00, 0x00, 0x2E, 0x20, 0x0A, 0x00, 0x00,
	0x00, 0xE0, 0xC1, 0x00, 0x63, 0x10, 0x00, 0x00, 0x00, 0x00, 0x00, 0x00, 0x00, 0x00, 0x00, 0x00,
	0x00, 0x00, 0x00, 0x00, 0x00, 0x14, 0x00, 0x00, 0x00, 0x00, 0x00, 0x00, 0x00, 0x00, 0x00, 0x66,
	0x00, 0x00, 0x00, 0x20, 0x00, 0x90, 0x01, 0x00, 0x18, 0x0B, 0x00, 0x3D, 0x7F, 0x20, 0x02, 0x00,
	0x00, 0x00, 0x00, 0x00, 0x00, 0x06, 0x00, 0x28, 0x00, 0x00, 0x00, 0x00, 0x00, 0x00, 0x00, 0x00,
	0x00, 0x00, 0x00, 0x38, 0x00, 0x00, 0x00, 0x00, 0x00, 0x00, 0x00, 0x00, 0x00, 0x0A, 0x23, 0x16,
	0x00, 0x00, 0x00, 0x00, 0x00, 0x24, 0x00, 0x00, 0x00, 0x00, 0x00, 0x26, 0x00, 0x00, 0x00, 0x00,
	0x80, 0x00, 0x00, 0x00, 0x00, 0x00, 0x00, 0x29, 0x80, 0x10, 0x14, 0x0C, 0x00, 0x00, 0x00, 0x00,
	0x80, 0x00, 0x00, 0x16, 0x20, 0x01, 0x00, 0x00, 0x00, 0x24, 0x00, 0x10, 0x09, 0x00, 0x00, 0x26,
	0x00, 0x00, 0x80, 0x00, 0x80, 0x00, 0x00, 0x3C, 0x00, 0x00, 0x00, 0x29, 0x9E, 0x10, 0x14, 0x0C,
	0x00, 0x00, 0x12, 0x7C, 0x80, 0x00, 0x00, 0x28, 0x00, 0x00, 0x00, 0x00, 0x00, 0x00, 0x00, 0x00,
	0x00, 0x00, 0x00, 0x38, 0x00, 0x00, 0x00, 0x00, 0x00, 0x00, 0x00, 0x00, 0x00, 0x88, 0x2B, 0x16,
	0x00, 0x00, 0x00, 0x00, 0x00, 0x12, 0x00, 0x00, 0x12, 0x00, 0x00, 0x26, 0x00, 0x00, 0x00, 0x01,
	0x80, 0x00, 0x00, 0x14, 0x00, 0x00, 0x00, 0x29, 0x71, 0x08, 0x18, 0x10, 0x00, 0x02, 0x00, 0x14,
	0x80, 0x00, 0x00, 0x16, 0x20, 0x01, 0x00, 0x02, 0x00, 0x12, 0x00, 0x10, 0x16, 0x00, 0x00, 0x26,
	0x00, 0x00, 0x80, 0x01, 0x80, 0x00, 0x00, 0x28, 0x00, 0x00, 0x00, 0x29, 0x76, 0x08, 0x18, 0x10,
	0x00, 0x02, 0x12, 0x68, 0x80, 0x00, 0x00, 0x16, 0x00, 0x00, 0x00, 0x00, 0x00, 0x12, 0x00, 0x00,
	0x1B, 0x00, 0x00, 0x26, 0x00, 0x00, 0x00, 0x02, 0x80, 0x00, 0x00, 0x00, 0x00, 0x00, 0x00, 0x29,
	0x7B, 0x08, 0x18, 0x10, 0x00, 0x02, 0x00, 0x00, 0x80, 0x00, 0x00, 0x2E, 0x20, 0x0A, 0x00, 0x00,
	0x00, 0xE0, 0xC1, 0x00, 0x68, 0x10, 0x00, 0x00, 0x00, 0x00, 0x00, 0x00, 0x00, 0x00, 0x00, 0x00,
	0x00, 0x00, 0x00, 0x00, 0x00, 0x14, 0x00, 0x00, 0x00, 0x00, 0x00, 0x00, 0x00, 0x00, 0x00, 0x66,
	0x00, 0x00, 0x00, 0x20, 0x00, 0x90, 0x01, 0x00, 0x40, 0x0B, 0x00, 0x3D, 0x7F, 0x20, 0x02, 0x00,
	0x00, 0x00, 0x00, 0x00, 0x00, 0x06, 0x00, 0x28, 0x00, 0x00, 0x00, 0x00, 0x00, 0x00, 0x00, 0x00,
	0x00, 0x00, 0x00, 0x38, 0x00, 0x00, 0x00, 0x00, 0x00, 0x00, 0x00, 0x00, 0x00, 0x0A, 0x23, 0x16,
	0x20, 0x01, 0x00, 0x00, 0x00, 0x24, 0x00, 0x10, 0x00, 0x00, 0x00, 0x26, 0x00, 0x00, 0x00, 0x00,
	0x80, 0x00, 0x00, 0x3C, 0x00, 0x00, 0x00, 0x29, 0x80, 0x10, 0x14, 0x0C, 0x00, 0x00, 0x12, 0x7C,
	0x80, 0x00, 0x00, 0x16, 0x00, 0x00, 0x00, 0x00, 0x00, 0x24, 0x00, 0x00, 0x09, 0x00, 0x00, 0x26,
	0x00, 0x00, 0x80, 0x00, 0x80, 0x00, 0x00, 0x14, 0x00, 0x00, 0x00, 0x29, 0x9E, 0x10, 0x14, 0x0C,
	0x00, 0x00, 0x00, 0x14, 0x80, 0x00, 0x00, 0x28, 0x00, 0x00, 0x00, 0x00, 0x00, 0x00, 0x00, 0x00,
	0x00, 0x00, 0x00, 0x38, 0x00, 0x00, 0x00, 0x00, 0x00, 0x00, 0x00, 0x00, 0x00, 0x88, 0x2B, 0x16,
	0x20, 0x01, 0x00, 0x00, 0x00, 0x12, 0x00, 0x10, 0x12, 0x00, 0x00, 0x26, 0x00, 0x00, 0x00, 0x01,
	0x80, 0x00, 0x00, 0x28, 0x00, 0x00, 0x00, 0x29, 0x71, 0x08, 0x18, 0x10, 0x00, 0x02, 0x12, 0x68,
	0x80, 0x00, 0x00, 0x16, 0x00, 0x00, 0x00, 0x02, 0x00, 0x12, 0x00, 0x00, 0x16, 0x00, 0x00, 0x26,
	0x00, 0x00, 0x80, 0x01, 0x80, 0x00, 0x00, 0x00, 0x00, 0x00, 0x00, 0x29, 0x76, 0x08, 0x18, 0x10,
	0x00, 0x02, 0x00, 0x00, 0x80, 0x00, 0x00, 0x16, 0x20, 0x01, 0x00, 0x00, 0x00, 0x12, 0x00, 0x10,
	0x1B, 0x00, 0x00, 0x26, 0x00, 0x00, 0x00, 0x02, 0x80, 0x00, 0x00, 0x3C, 0x00, 0x00, 0x00, 0x29,
	0x7B, 0x08, 0x18, 0x10, 0x00, 0x02, 0x12, 0x7C, 0x80, 0x00, 0x00, 0x2E, 0x20, 0x0A, 0x00, 0x00,
	0x00, 0xE0, 0xC1, 0x00, 0x6D, 0x10, 0x00, 0x00, 0x00, 0x00, 0x00, 0x00, 0x00, 0x00, 0x00, 0x00,
	0x00, 0x00, 0x00, 0x00, 0x00, 0x14, 0x00, 0x00, 0x00, 0x00, 0x00, 0x00, 0x00, 0x00, 0x00, 0x66,
	0x00, 0x00, 0x00, 0x20, 0x00, 0x90, 0x01, 0x00, 0x68, 0x0B, 0x00, 0x3D, 0x7F, 0x20, 0x02, 0x00,
	0x00, 0x00, 0x00, 0x00, 0x00, 0x06, 0x00, 0x28, 0x00, 0x00, 0x00, 0x00, 0x00, 0x00, 0x00, 0x00,
	0x00, 0x00, 0x00, 0x38, 0x00, 0x00, 0x00, 0x00, 0x00, 0x00, 0x00, 0x00, 0x00, 0x0A, 0x23, 0x16,
	0x00, 0x00, 0x00, 0x00, 0x00, 0x24, 0x00, 0x00, 0x00, 0x00, 0x00, 0x26, 0x00, 0x00, 0x00, 0x00,
	0x80, 0x00, 0x00, 0x14, 0x00, 0x00, 0x00, 0x29, 0x80, 0x10, 0x14, 0x0C, 0x00, 0x00, 0x00, 0x14,
	0x80, 0x00, 0x00, 0x16, 0x20, 0x01, 0x00, 0x00, 0x00, 0x24, 0x00, 0x10, 0x09, 0x00, 0x00, 0x26,
	0x00, 0x00, 0x80, 0x00, 0x80, 0x00, 0x00, 0x28, 0x00, 0x00, 0x00, 0x29, 0x9E, 0x10, 0x14, 0x0C,
	0x00, 0x00, 0x12, 0x68, 0x80, 0x00, 0x00, 0x28, 0x00, 0x00, 0x00, 0x00, 0x00, 0x00, 0x00, 0x00,
	0x00, 0x00, 0x00, 0x38, 0x00, 0x00, 0x00, 0x00, 0x00, 0x00, 0x00, 0x00, 0x00, 0x88, 0x2B, 0x16,
	0x00, 0x00, 0x00, 0x00, 0x00, 0x12, 0x00, 0x00, 0x12, 0x00, 0x00, 0x26, 0x00, 0x00, 0x00, 0x01,
	0x80, 0x00, 0x00, 0x00, 0x00, 0x00, 0x00, 0x29, 0x71, 0x08, 0x18, 0x10, 0x00, 0x02, 0x00, 0x00,
	0x80, 0x00, 0x00, 0x16, 0x20, 0x01, 0x00, 0x02, 0x00, 0x12, 0x00, 0x10, 0x16, 0x00, 0x00, 0x26,
	0x00, 0x00, 0x80, 0x01, 0x80, 0x00, 0x00, 0x3C, 0x00, 0x00, 0x00, 0x29, 0x76, 0x08, 0x18, 0x10,
	0x00, 0x02, 0x12, 0x7C, 0x80, 0x00, 0x00, 0x16, 0x00, 0x00, 0x00, 0x00, 0x00, 0x12, 0x00, 0x00,
	0x1B, 0x00, 0x00, 0x26, 0x00, 0x00, 0x00, 0x02, 0x80, 0x00, 0x00, 0x14, 0x00, 0x00, 0x00, 0x29,
	0x7B, 0x08, 0x18, 0x10, 0x00, 0x02, 0x00, 0x14, 0x80, 0x00, 0x00, 0x2E, 0x20, 0x0A, 0x00, 0x00,
	0x00, 0xE0, 0xC1, 0x00, 0x72, 0x10, 0x00, 0x00, 0x00, 0x00, 0x00, 0x00, 0x00, 0x00, 0x00, 0x00,
	0x00, 0x00, 0x00, 0x00, 0x00, 0x14, 0x00, 0x00, 0x00, 0x00, 0x00, 0x00, 0x00, 0x00, 0x00, 0x66,
	0x00, 0x00, 0x00, 0x20, 0x00, 0x90, 0x01, 0x00, 0x90, 0x0B, 0x00, 0x3D, 0x7F, 0x20, 0x02, 0x00,
	0x00, 0x00, 0x00, 0x00, 0x00, 0x06, 0x00, 0x28, 0x00, 0x00, 0x00, 0x00, 0x00, 0x00, 0x00, 0x00,
	0x00, 0x00, 0x00, 0x38, 0x00, 0x00, 0x00, 0x00, 0x00, 0x00, 0x00, 0x00, 0x00, 0x0A, 0x23, 0x16,
	0x20, 0x01, 0x00, 0x00, 0x00, 0x24, 0x00, 0x10, 0x00, 0x00, 0x00, 0x26, 0x00, 0x00, 0x00, 0x00,
	0x80, 0x00, 0x00, 0x28, 0x00, 0x00, 0x00, 0x29, 0x80, 0x10, 0x14, 0x0C, 0x00, 0x00, 0x12, 0x68,
	0x80, 0x00, 0x00, 0x16, 0x00, 0x00, 0x00, 0x00, 0x00, 0x24, 0x00, 0x00, 0x09, 0x00, 0x00, 0x26,
	0x00, 0x00, 0x80, 0x00, 0x80, 0x00, 0x00, 0x00, 0x00, 0x00, 0x00, 0x29, 0x9E, 0x10, 0x14, 0x0C,
	0x00, 0x00, 0x00, 0x00, 0x80, 0x00, 0x00, 0x28, 0x00, 0x00, 0x00, 0x00, 0x00, 0x00, 0x00, 0x00,
	0x00, 0x00, 0x00, 0x38, 0x00, 0x00, 0x00, 0x00, 0x00, 0x00, 0x00, 0x00, 0x00, 0x88, 0x2B, 0x16,
	0x20, 0x01, 0x00, 0x00, 0x00, 0x12, 0x00, 0x10, 0x12, 0x00, 0x00, 0x26, 0x00, 0x00, 0x00, 0x01,
	0x80, 0x00, 0x00, 0x3C, 0x00, 0x00, 0x00, 0x29, 0x71, 0x08, 0x18, 0x10, 0x00, 0x02, 0x12, 0x7C,
	0x80, 0x00, 0x00, 0x16, 0x00, 0x00, 0x00, 0x02, 0x00, 0x12, 0x00, 0x00, 0x16, 0x00, 0x00, 0x26,
	0x00, 0x00, 0x80, 0x01, 0x80, 0x00, 0x00, 0x14, 0x00, 0x00, 0x00, 0x29, 0x76, 0x08, 0x18, 0x10,
	0x00, 0x02, 0x00, 0x14, 0x80, 0x00, 0x00, 0x16, 0x20, 0x01, 0x00, 0x00, 0x00, 0x12, 0x00, 0x10,
	0x1B, 0x00, 0x00, 0x26, 0x00, 0x00, 0x00, 0x02, 0x80, 0x00, 0x00, 0x28, 0x00, 0x00, 0x00, 0x29,
	0x7B, 0x08, 0x18, 0x10, 0x00, 0x02, 0x12, 0x68, 0x80, 0x00, 0x00, 0x2E, 0x20, 0x0A, 0x00, 0x00,
	0x00, 0xE0, 0xC1, 0x00, 0x77, 0x10, 0x00, 0x00, 0x00, 0x00, 0x00, 0x00, 0x00, 0x00, 0x00, 0x00,
	0x00, 0x00, 0x00, 0x00, 0x00, 0x14, 0x00, 0x00, 0x00, 0x00, 0x00, 0x00, 0x00, 0x00, 0x00, 0x66,
	0x00, 0x00, 0x00, 0x20, 0x00, 0x90, 0x01, 0x00, 0xB8, 0x0B, 0x00, 0x3D, 0x7F, 0x20, 0x02, 0x00,
	0x00, 0x00, 0x00, 0x00, 0x00, 0x06, 0x00, 0x28, 0x00, 0x00, 0x00, 0x00, 0x00, 0x00, 0x00, 0x00,
	0x00, 0x00, 0x00, 0x38, 0x00, 0x00, 0x00, 0x00, 0x00, 0x00, 0x00, 0x00, 0x00, 0x0A, 0x23, 0x16,
	0x00, 0x00, 0x00, 0x00, 0x00, 0x24, 0x00, 0x00, 0x00, 0x00, 0x00, 0x26, 0x00, 0x00, 0x00, 0x00,
	0x80, 0x00, 0x00, 0x00, 0x00, 0x00, 0x00, 0x29, 0x80, 0x10, 0x14, 0x0C, 0x00, 0x00, 0x00, 0x00,
	0x80, 0x00, 0x00, 0x16, 0x20, 0x01, 0x00, 0x00, 0x00, 0x24, 0x00, 0x10, 0x09, 0x00, 0x00, 0x26,
	0x00, 0x00, 0x80, 0x00, 0x80, 0x00, 0x00, 0x3C, 0x00, 0x00, 0x00, 0x29, 0x9E, 0x10, 0x14, 0x0C,
	0x00, 0x00, 0x12, 0x7C, 0x80, 0x00, 0x00, 0x28, 0x00, 0x00, 0x00, 0x00, 0x00, 0x00, 0x00, 0x00,
	0x00, 0x00, 0x00, 0x38, 0x00, 0x00, 0x00, 0x00, 0x00, 0x00, 0x00, 0x00, 0x00, 0x88, 0x2B, 0x16,
	0x00, 0x00, 0x00, 0x00, 0x00, 0x12, 0x00, 0x00, 0x12, 0x00, 0x00, 0x26, 0x00, 0x00, 0x00, 0x01,
	0x80, 0x00, 0x00, 0x14, 0x00, 0x00, 0x00, 0x29, 0x71, 0x08, 0x18, 0x10, 0x00, 0x02, 0x00, 0x14,
	0x80, 0x00, 0x00, 0x16, 0x20, 0x01, 0x00, 0x02, 0x00, 0x12, 0x00, 0x10, 0x16, 0x00, 0x00, 0x26,
	0x00, 0x00, 0x80, 0x01, 0x80, 0x00, 0x00, 0x28, 0x00, 0x00, 0x00, 0x29, 0x76, 0x08, 0x18, 0x10,
	0x00, 0x02, 0x12, 0x68, 0x80, 0x00, 0x00, 0x16, 0x00, 0x00, 0x00, 0x00, 0x00, 0x12, 0x00, 0x00,
	0x1B, 0x00, 0x00, 0x26, 0x00, 0x00, 0x00, 0x02, 0x80, 0x00, 0x00, 0x00, 0x00, 0x00, 0x00, 0x29,
	0x7B, 0x08, 0x18, 0x10, 0x00, 0x02, 0x00, 0x00, 0x80, 0x00, 0x00, 0x2E, 0x20, 0x0A, 0x00, 0x00,
	0x00, 0xE0, 0xC1, 0x00, 0x7C, 0x10, 0x00, 0x00, 0x00, 0x00, 0x00, 0x00, 0x00, 0x00, 0x00, 0x00,
	0x00, 0x00, 0x00, 0x00, 0x00, 0x14, 0x00, 0x00, 0x00, 0x00, 0x00, 0x00, 0x00, 0x00, 0x00, 0x66,
	0x00, 0x00, 0x00, 0x20, 0x00, 0x90, 0x01, 0x00, 0xE0, 0x0B, 0x00, 0x3D, 0x7F, 0x20, 0x02, 0x00,
	0x00, 0x00, 0x00, 0x00, 0x00, 0x06, 0x00, 0x28, 0x00, 0x00, 0x00, 0x00, 0x00, 0x00, 0x00, 0x00,
	0x00, 0x00, 0x00, 0x38, 0x00, 0x00, 0x00, 0x00, 0x00, 0x00, 0x00, 0x00, 0x00, 0x0A, 0x23, 0x16,
	0x20, 0x01, 0x00, 0x00, 0x00, 0x24, 0x00, 0x10, 0x00, 0x00, 0x00, 0x26, 0x00, 0x00, 0x00, 0x00,
	0x80, 0x00, 0x00, 0x3C, 0x00, 0x00, 0x00, 0x29, 0x80, 0x10, 0x14, 0x0C, 0x00, 0x00, 0x12, 0x7C,
	0x80, 0x00, 0x00, 0x16, 0x00, 0x00, 0x00, 0x00, 0x00, 0x24, 0x00, 0x00, 0x09, 0x00, 0x00, 0x26,
	0x00, 0x00, 0x80, 0x00, 0x80, 0x00, 0x00, 0x14, 0x00, 0x00, 0x00, 0x29, 0x9E, 0x10, 0x14, 0x0C,
	0x00, 0x00, 0x00, 0x14, 0x80, 0x00, 0x00, 0x28, 0x00, 0x00, 0x00, 0x00, 0x00, 0x00, 0x00, 0x00,
	0x00, 0x00, 0x00, 0x38, 0x00, 0x00, 0x00, 0x00, 0x00, 0x00, 0x00, 0x00, 0x00, 0x88, 0x2B, 0x16,
	0x20, 0x01, 0x00, 0x00, 0x00, 0x12, 0x00, 0x10, 0x12, 0x00, 0x00, 0x26, 0x00, 0x00, 0x00, 0x01,
	0x80, 0x00, 0x00, 0x28, 0x00, 0x00, 0x00, 0x29, 0x71, 0x08, 0x18, 0x10, 0x00, 0x02, 0x12, 0x68,
	0x80, 0x00, 0x00, 0x16, 0x00, 0x00, 0x00, 0x02, 0x00, 0x12, 0x00, 0x00, 0x16, 0x00, 0x00, 0x26,
	0x00, 0x00, 0x80, 0x01, 0x80, 0x00, 0x00, 0x00, 0x00, 0x00, 0x00, 0x29, 0x76, 0x08, 0x18, 0x10,
	0x00, 0x02, 0x00, 0x00, 0x80, 0x00, 0x00, 0x16, 0x20, 0x01, 0x00, 0x00, 0x00, 0x12, 0x00, 0x10,
	0x1B, 0x00, 0x00, 0x26, 0x00, 0x00, 0x00, 0x02, 0x80, 0x00, 0x00, 0x3C, 0x00, 0x00, 0x00, 0x29,
	0x7B, 0x08, 0x18, 0x10, 0x00, 0x02, 0x12, 0x7C, 0x80, 0x00, 0x00, 0x2E, 0x20, 0x0A, 0x00, 0x00,
	0x00, 0xE0, 0xC1, 0x00, 0x81, 0x10, 0x00, 0x00, 0x00, 0x00, 0x00, 0x00, 0x00, 0x00, 0x00, 0x00,
	0x00, 0x00, 0x00, 0x00, 0x00, 0x14, 0x00, 0x00, 0x00, 0x00, 0x00, 0x00, 0x00, 0x00, 0x00, 0x66,
	0x00, 0x00, 0x00, 0x20, 0x00, 0x90, 0x01, 0x00, 0x08, 0x0C, 0x00, 0x3D, 0x7F, 0x20, 0x02, 0x00,
	0x00, 0x00, 0x00, 0x00, 0x00, 0x06, 0x00, 0x28, 0x00, 0x00, 0x00, 0x00, 0x00, 0x00, 0x00, 0x00,
	0x00, 0x00, 0x00, 0x38, 0x00, 0x00, 0x00, 0x00, 0x00, 0x00, 0x00, 0x00, 0x00, 0x0A, 0x23, 0x16,
	0x00, 0x00, 0x00, 0x00, 0x00, 0x24, 0x00, 0x00, 0x00, 0x00, 0x00, 0x26, 0x00, 0x00, 0x00, 0x00,
	0x80, 0x00, 0x00, 0x14, 0x00, 0x00, 0x00, 0x29, 0x80, 0x10, 0x14, 0x0C, 0x00, 0x00, 0x00, 0x14,
	0x80, 0x00, 0x00, 0x16, 0x20, 0x01, 0x00, 0x00, 0x00, 0x24, 0x00, 0x10, 0x09, 0x00, 0x00, 0x26,
	0x00, 0x00, 0x80, 0x00, 0x80, 0x00, 0x00, 0x28, 0x00, 0x00, 0x00, 0x29, 0x9E, 0x10, 0x14, 0x0C,
	0x00, 0x00, 0x12, 0x68, 0x80, 0x00, 0x00, 0x28, 0x00, 0x00, 0x00, 0x00, 0x00, 0x00, 0x00, 0x00,
	0x00, 0x00, 0x00, 0x38, 0x00, 0x00, 0x00, 0x00, 0x00, 0x00, 0x00, 0x00, 0x00, 0x88, 0x2B, 0x16,
	0x00, 0x00, 0x00, 0x00, 0x00, 0x12, 0x00, 0x00, 0x12, 0x00, 0x00, 0x26, 0x00, 0x00, 0x00, 0x01,
	0x80, 0x00, 0x00, 0x00, 0x00, 0x00, 0x00, 0x29, 0x71, 0x08, 0x18, 0x10, 0x00, 0x02, 0x00, 0x00,
	0x80, 0x00, 0x00, 0x16, 0x20, 0x01, 0x00, 0x02, 0x00, 0x12, 0x00, 0x10, 0x16, 0x00, 0x00, 0x26,
	0x00, 0x00, 0x80, 0x01, 0x80, 0x00, 0x00, 0x3C, 0x00, 0x00, 0x00, 0x29, 0x76, 0x08, 0x18, 0x10,
	0x00, 0x02, 0x12, 0x7C, 0x80, 0x00, 0x00, 0x16, 0x00, 0x00, 0x00, 0x00, 0x00, 0x12, 0x00, 0x00,
	0x1B, 0x00, 0x00, 0x26, 0x00, 0x00, 0x00, 0x02, 0x80, 0x00, 0x00, 0x14, 0x00, 0x00, 0x00, 0x29,
	0x7B, 0x08, 0x18, 0x10, 0x00, 0x02, 0x00, 0x14, 0x80, 0x00, 0x00, 0x2E, 0x20, 0x0A, 0x00, 0x00,
	0x00, 0xE0, 0xC1, 0x00, 0x86, 0x10, 0x00, 0x00, 0x00, 0x00, 0x00, 0x00, 0x00, 0x00, 0x00, 0x00,
	0x00, 0x00, 0x00, 0x00, 0x00, 0x14, 0x00, 0x00, 0x00, 0x00, 0x00, 0x00, 0x00, 0x00, 0x00, 0x66,
	0x00, 0x00, 0x00, 0x20, 0x00, 0x90, 0x01, 0x00, 0x30, 0x0C, 0x00, 0x3D, 0x7F, 0x20, 0x02, 0x00,
	0x00, 0x00, 0x00, 0x00, 0x00, 0x06, 0x00, 0x28, 0x00, 0x00, 0x00, 0x00, 0x00, 0x00, 0x00, 0x00,
	0x00, 0x00, 0x00, 0x38, 0x00, 0x00, 0x00, 0x00, 0x00, 0x00, 0x00, 0x00, 0x00, 0x0A, 0x23, 0x16,
	0x20, 0x01, 0x00, 0x00, 0x00, 0x24, 0x00, 0x10, 0x00, 0x00, 0x00, 0x26, 0x00, 0x00, 0x00, 0x00,
	0x80, 0x00, 0x00, 0x28, 0x00, 0x00, 0x00, 0x29, 0x80, 0x10, 0x14, 0x0C, 0x00, 0x00, 0x12, 0x68,
	0x80, 0x00, 0x00, 0x16, 0x00, 0x00, 0x00, 0x00, 0x00, 0x24, 0x00, 0x00, 0x09, 0x00, 0x00, 0x26,
	0x00, 0x00, 0x80, 0x00, 0x80, 0x00, 0x00, 0x00, 0x00, 0x00, 0x00, 0x29, 0x9E, 0x10, 0x14, 0x0C,
	0x00, 0x00, 0x00, 0x00, 0x80, 0x00, 0x00, 0x28, 0x00, 0x00, 0x00, 0x00, 0x00, 0x00, 0x00, 0x00,
	0x00, 0x00, 0x00, 0x38, 0x00, 0x00, 0x00, 0x00, 0x00, 0x00, 0x00, 0x00, 0x00, 0x88, 0x2B, 0x16,
	0x20, 0x01, 0x00, 0x00, 0x00, 0x12, 0x00, 0x10, 0x12, 0x00, 0x00, 0x26, 0x00, 0x00, 0x00, 0x01,
	0x80, 0x00, 0x00, 0x3C, 0x00, 0x00, 0x00, 0x29, 0x71, 0x08, 0x18, 0x10, 0x00, 0x02, 0x12, 0x7C,
	0x80, 0x00, 0x00, 0x16, 0x00, 0x00, 0x00, 0x02, 0x00, 0x12, 0x00, 0x00, 0x16, 0x00, 0x00, 0x26,
	0x00, 0x00, 0x80, 0x01, 0x80, 0x00, 0x00, 0x14, 0x00, 0x00, 0x00, 0x29, 0x76, 0x08, 0x18, 0x10,
	0x00, 0x02, 0x00, 0x14, 0x80, 0x00, 0x00, 0x16, 0x20, 0x01, 0x00, 0x00, 0x00, 0x12, 0x00, 0x10,
	0x1B, 0x00, 0x00, 0x26, 0x00, 0x00, 0x00, 0x02, 0x80, 0x00, 0x00, 0x28, 0x00, 0x00, 0x00, 0x29,
	0x7B, 0x08, 0x18, 0x10, 0x00, 0x02, 0x12, 0x68, 0x80, 0x00, 0x00, 0x2E, 0x20, 0x0A, 0x00, 0x00,
	0x00, 0xE0, 0xC1, 0x00, 0x8B, 0x10, 0x00, 0x00, 0x00, 0x00, 0x00, 0x00, 0x00, 0x00, 0x00, 0x00,
	0x00, 0x00, 0x00, 0x00, 0x00, 0x14, 0x00, 0x00, 0x00, 0x00, 0x00, 0x00, 0x00, 0x00, 0x00, 0x66,
	0x00, 0x00, 0x00, 0x20, 0x00, 0x90, 0x01, 0x00, 0x58, 0x0C, 0x00, 0x3D, 0x7F, 0x20, 0x02, 0x00,
	0x00, 0x00, 0x00, 0x00, 0x00, 0x06, 0x00, 0x28, 0x00, 0x00, 0x00, 0x00, 0x00, 0x00, 0x00, 0x00,
	0x00, 0x00, 0x00, 0x38, 0x00, 0x00, 0x00, 0x00, 0x00, 0x00, 0x00, 0x00, 0x00, 0x0A, 0x23, 0x16,
	0x00, 0x00, 0x00, 0x00, 0x00, 0x24, 0x00, 0x00, 0x00, 0x00, 0x00, 0x26, 0x00, 0x00, 0x00, 0x00,
	0x80, 0x00, 0x00, 0x00, 0x00, 0x00, 0x00, 0x29, 0x80, 0x10, 0x14, 0x0C, 0x00, 0x00, 0x00, 0x00,
	0x80, 0x00, 0x00, 0x16, 0x20, 0x01, 0x00, 0x00, 0x00, 0x24, 0x00, 0x10, 0x09, 0x00, 0x00, 0x26,
	0x00, 0x00, 0x80, 0x00, 0x80, 0x00, 0x00, 0x3C, 0x00, 0x00, 0x00, 0x29, 0x9E, 0x10, 0x14, 0x0C,
	0x00, 0x00, 0x12, 0x7C, 0x80, 0x00, 0x00, 0x28, 0x00, 0x00, 0x00, 0x00, 0x00, 0x00, 0x00, 0x00,
	0x00, 0x00, 0x00, 0x38, 0x00, 0x00, 0x00, 0x00, 0x00, 0x00, 0x00, 0x00, 0x00, 0x88, 0x2B, 0x16,
	0x00, 0x00, 0x00, 0x00, 0x00, 0x12, 0x00, 0x00, 0x12, 0x00, 0x00, 0x26, 0x00, 0x00, 0x00, 0x01,
	0x80, 0x00, 0x00, 0x14, 0x00, 0x00, 0x00, 0x29, 0x71, 0x08, 0x18, 0x10, 0x00, 0x02, 0x00, 0x14,
	0x80, 0x00, 0x00, 0x16, 0x20, 0x01, 0x00, 0x02, 0x00, 0x12, 0x00, 0x10, 0x16, 0x00, 0x00, 0x26,
	0x00, 0x00, 0x80, 0x01, 0x80, 0x00, 0x00, 0x28, 0x00, 0x00, 0x00, 0x29, 0x76, 0x08, 0x18, 0x10,
	0x00, 0x02, 0x12, 0x68, 0x80, 0x00, 0x00, 0x16, 0x00, 0x00, 0x00, 0x00, 0x00, 0x12, 0x00, 0x00,
	0x1B, 0x00, 0x00, 0x26, 0x00, 0x00, 0x00, 0x02, 0x80, 0x00, 0x00, 0x00, 0x00, 0x00, 0x00, 0x29,
	0x7B, 0x08, 0x18, 0x10, 0x00, 0x02, 0x00, 0x00, 0x80, 0x00, 0x00, 0x2E, 0x20, 0x0A, 0x00, 0x00,
	0x00, 0xE0, 0xC1, 0x00, 0x90, 0x10, 0x00, 0x00, 0x00, 0x00, 0x00, 0x00, 0x00, 0x00, 0x00, 0x00,
	0x00, 0x00, 0x00, 0x00, 0x00, 0x14, 0x00, 0x00, 0x00, 0x00, 0x00, 0x00, 0x00, 0x00, 0x00, 0x66,
	0x00, 0x00, 0x00, 0x20, 0x00, 0x90, 0x01, 0x00, 0x80, 0x0C, 0x00, 0x3D, 0x7F, 0x20, 0x02, 0x00,
	0x00, 0x00, 0x00, 0x00, 0x00, 0x06, 0x00, 0x28, 0x00, 0x00, 0x00, 0x00, 0x00, 0x00, 0x00, 0x00,
	0x00, 0x00, 0x00, 0x38, 0x00, 0x00, 0x00, 0x00, 0x00, 0x00, 0x00, 0x00, 0x00, 0x0A, 0x23, 0x16,
	0x20, 0x01, 0x00, 0x00, 0x00, 0x24, 0x00, 0x10, 0x00, 0x00, 0x00, 0x26, 0x00, 0x00, 0x00, 0x00,
	0x80, 0x00, 0x00, 0x3C, 0x00, 0x00, 0x00, 0x29, 0x80, 0x10, 0x14, 0x0C, 0x00, 0x00, 0x12, 0x7C,
	0x80, 0x00, 0x00, 0x16, 0x00, 0x00, 0x00, 0x00, 0x00, 0x24, 0x00, 0x00, 0x09, 0x00, 0x00, 0x26,
	0x00, 0x00, 0x80, 0x00, 0x80, 0x00, 0x00, 0x14, 0x00, 0x00, 0x00, 0x29, 0x9E, 0x10, 0x14, 0x0C,
	0x00, 0x00, 0x00, 0x14, 0x80, 0x00, 0x00, 0x28, 0x00, 0x00, 0x00, 0x00, 0x00, 0x00, 0x00, 0x00,
	0x00, 0x00, 0x00, 0x38, 0x00, 0x00, 0x00, 0x00, 0x00, 0x00, 0x00, 0x00, 0x00, 0x88, 0x2B, 0x16,
	0x20, 0x01, 0x00, 0x00, 0x00, 0x12, 0x00, 0x10, 0x12, 0x00, 0x00, 0x26, 0x00, 0x00, 0x00, 0x01,
	0x80, 0x00, 0x00, 0x28, 0x00, 0x00, 0x00, 0x29, 0x71, 0x08, 0x18, 0x10, 0x00, 0x02, 0x12, 0x68,
	0x80, 0x00, 0x00, 0x16, 0x00, 0x00, 0x00, 0x02, 0x00, 0x12, 0x00, 0x00, 0x16, 0x00, 0x00, 0x26,
	0x00, 0x00, 0x80, 0x01, 0x80, 0x00, 0x00, 0x00, 0x00, 0x00, 0x00, 0x29, 0x76, 0x08, 0x18, 0x10,
	0x00, 0x02, 0x00, 0x00, 0x80, 0x00, 0x00, 0x16, 0x20, 0x01, 0x00, 0x00, 0x00, 0x12, 0x00, 0x10,
	0x1B, 0x00, 0x00, 0x26, 0x00, 0x00, 0x00, 0x02, 0x80, 0x00, 0x00, 0x3C, 0x00, 0x00, 0x00, 0x29,
	0x7B, 0x08, 0x18, 0x10, 0x00, 0x02, 0x12, 0x7C, 0x80, 0x00, 0x00, 0x2E, 0x20, 0x0A, 0x00, 0x00,
	0x00, 0xE0, 0xC1, 0x00, 0x95, 0x10, 0x00, 0x00, 0x00, 0x00, 0x00, 0x00, 0x00, 0x00, 0x00, 0x00,
	0x00, 0x00, 0x00, 0x00, 0x00, 0x14, 0x00, 0x00, 0x00, 0x00, 0x00, 0x00, 0x00, 0x00, 0x00, 0x66,
	0x00, 0x00, 0x00, 0x20, 0x00, 0x90, 0x01, 0x00, 0xA8, 0x0C, 0x00, 0x3D, 0x7F, 0x20, 0x02, 0x00,
	0x00, 0x00, 0x00, 0x00, 0x00, 0x06, 0x00, 0x28, 0x00, 0x00, 0x00, 0x00, 0x00, 0x00, 0x00, 0x00,
	0x00, 0x00, 0x00, 0x38, 0x00, 0x00, 0x00, 0x00, 0x00, 0x00, 0x00, 0x00, 0x00, 0x0A, 0x23, 0x16,
	0x00, 0x00, 0x00, 0x00, 0x00, 0x24, 0x00, 0x00, 0x00, 0x00, 0x00, 0x26, 0x00, 0x00, 0x00, 0x00,
	0x80, 0x00, 0x00, 0x14, 0x00, 0x00, 0x00, 0x29, 0x80, 0x10, 0x14, 0x0C, 0x00, 0x00, 0x00, 0x14,
	0x80, 0x00, 0x00, 0x16, 0x20, 0x01, 0x00, 0x00, 0x00, 0x24, 0x00, 0x10, 0x09, 0x00, 0x00, 0x26,
	0x00, 0x00, 0x80, 0x00, 0x80, 0x00, 0x00, 0x28, 0x00, 0x00, 0x00, 0x29, 0x9E, 0x10, 0x14, 0x0C,
	0x00, 0x00, 0x12, 0x68, 0x80, 0x00, 0x00, 0x28, 0x00, 0x00, 0x00, 0x00, 0x00, 0x00, 0x00, 0x00,
	0x00, 0x00, 0x00, 0x38, 0x00, 0x00, 0x00, 0x00, 0x00, 0x00, 0x00, 0x00, 0x00, 0x88, 0x2B, 0x16,
	0x00, 0x00, 0x00, 0x00, 0x00, 0x12, 0x00, 0x00, 0x12, 0x00, 0x00, 0x26, 0x00, 0x00, 0x00, 0x01,
	0x80, 0x00, 0x00, 0x00, 0x00, 0x00, 0x00, 0x29, 0x71, 0x08, 0x18, 0x10, 0x00, 0x02, 0x00, 0x00,
	0x80, 0x00, 0x00, 0x16, 0x20, 0x01, 0x00, 0x02, 0x00, 0x12, 0x00, 0x10, 0x16, 0x00, 0x00, 0x26,
	0x00, 0x00, 0x80, 0x01, 0x80, 0x00, 0x00, 0x3C, 0x00, 0x00, 0x00, 0x29, 0x76, 0x08, 0x18, 0x10,
	0x00, 0x02, 0x12, 0x7C, 0x80, 0x00, 0x00, 0x16, 0x00, 0x00, 0x00, 0x00, 0x00, 0x12, 0x00, 0x00,
	0x1B, 0x00, 0x00, 0x26, 0x00, 0x00, 0x00, 0x02, 0x80, 0x00, 0x00, 0x14, 0x00, 0x00, 0x00, 0x29,
	0x7B, 0x08, 0x18, 0x10, 0x00, 0x02, 0x00, 0x14, 0x80, 0x00, 0x00, 0x2E, 0x20, 0x0A, 0x00, 0x00,
	0x00, 0xE0, 0xC1, 0x00, 0x9A, 0x10, 0x00, 0x00, 0x00, 0x00, 0x00, 0x00, 0x00, 0x00, 0x00, 0x00,
	0x00, 0x00, 0x00, 0x00, 0x00, 0x14, 0x00, 0x00, 0x00, 0x00, 0x00, 0x00, 0x00, 0x00, 0x00, 0x66,
	0x00, 0x00, 0x00, 0x20, 0x00, 0x90, 0x01, 0x00, 0xD0, 0x0C, 0x00, 0x3D, 0x7F, 0x20, 0x02, 0x00,
	0x00, 0x00, 0x00, 0x00, 0x00, 0x06, 0x00, 0x28, 0x00, 0x00, 0x00, 0x00, 0x00, 0x00, 0x00, 0x00,
	0x00, 0x00, 0x00, 0x38, 0x00, 0x00, 0x00, 0x00, 0x00, 0x00, 0x00, 0x00, 0x00, 0x0A, 0x23, 0x16,
	0x20, 0x01, 0x00, 0x00, 0x00, 0x24, 0x00, 0x10, 0x00, 0x00, 0x00, 0x26, 0x00, 0x00, 0x00, 0x00,
	0x80, 0x00, 0x00, 0x28, 0x00, 0x00, 0x00, 0x29, 0x80, 0x10, 0x14, 0x0C, 0x00, 0x00, 0x12, 0x68,
	0x80, 0x00, 0x00, 0x16, 0x00, 0x00, 0x00, 0x00, 0x00, 0x24, 0x00, 0x00, 0x09, 0x00, 0x00, 0x26,
	0x00, 0x00, 0x80, 0x00, 0x80, 0x00, 0x00, 0x00, 0x00, 0x00, 0x00, 0x29, 0x9E, 0x10, 0x14, 0x0C,
	0x00, 0x00, 0x00, 0x00, 0x80, 0x00, 0x00, 0x28, 0x00, 0x00, 0x00, 0x00, 0x00, 0x00, 0x00, 0x00,
	0x00, 0x00, 0x00, 0x38, 0x00, 0x00, 0x00, 0x00, 0x00, 0x00, 0x00, 0x00, 0x00, 0x88, 0x2B, 0x16,
	0x20, 0x01, 0x00, 0x00, 0x00, 0x12, 0x00, 0x10, 0x12, 0x00, 0x00, 0x26, 0x00, 0x00, 0x00, 0x01,
	0x80, 0x00, 0x00, 0x3C, 0x00, 0x00, 0x00, 0x29, 0x71, 0x08, 0x18, 0x10, 0x00, 0x02, 0x12, 0x7C,
	0x80, 0x00, 0x00, 0x16, 0x00, 0x00, 0x00, 0x02, 0x00, 0x12, 0x00, 0x00, 0x16, 0x00, 0x00, 0x26,
	0x00, 0x00, 0x80, 0x01, 0x80, 0x00, 0x00, 0x14, 0x00, 0x00, 0x00, 0x29, 0x76, 0x08, 0x18, 0x10,
	0x00, 0x02, 0x00, 0x14, 0x80, 0x00, 0x00, 0x16, 0x20, 0x01, 0x00, 0x00, 0x00, 0x12, 0x00, 0x10,
	0x1B, 0x00, 0x00, 0x26, 0x00, 0x00, 0x00, 0x02, 0x80, 0x00, 0x00, 0x28, 0x00, 0x00, 0x00, 0x29,
	0x7B, 0x08, 0x18, 0x10, 0x00, 0x02, 0x12, 0x68, 0x80, 0x00, 0x00, 0x2E, 0x20, 0x0A, 0x00, 0x00,
	0x00, 0xE0, 0xC1, 0x00, 0x9F, 0x10, 0x00, 0x00, 0x00, 0x00, 0x00, 0x00, 0x00, 0x00, 0x00, 0x00,
	0x00, 0x00, 0x00, 0x00, 0x00, 0x14, 0x00, 0x00, 0x00, 0x00, 0x00, 0x00, 0x00, 0x00, 0x00, 0x66,
	0x00, 0x00, 0x00, 0x20, 0x00, 0x90, 0x01, 0x00, 0xF8, 0x0C, 0x00, 0x3D, 0x7F, 0x20, 0x02, 0x00,
	0x00, 0x00, 0x00, 0x00, 0x00, 0x06, 0x00, 0x28, 0x00, 0x00, 0x00, 0x00, 0x00, 0x00, 0x00, 0x00,
	0x00, 0x00, 0x00, 0x38, 0x00, 0x00, 0x00, 0x00, 0x00, 0x00, 0x00, 0x00, 0x00, 0x0A, 0x23, 0x16,
	0x00, 0x00, 0x00, 0x00, 0x00, 0x24, 0x00, 0x00, 0x00, 0x00, 0x00, 0x26, 0x00, 0x00, 0x00, 0x00,
	0x80, 0x00, 0x00, 0x00, 0x00, 0x00, 0x00, 0x29, 0x80, 0x10, 0x14, 0x0C, 0x00, 0x00, 0x00, 0x00,
	0x80, 0x00, 0x00, 0x16, 0x20, 0x01, 0x00, 0x00, 0x00, 0x24, 0x00, 0x10, 0x09, 0x00, 0x00, 0x26,
	0x00, 0x00, 0x80, 0x00, 0x80, 0x00, 0x00, 0x3C, 0x00, 0x00, 0x00, 0x29, 0x9E, 0x10, 0x14, 0x0C,
	0x00, 0x00, 0x12, 0x7C, 0x80, 0x00, 0x00, 0x28, 0x00, 0x00, 0x00, 0x00, 0x00, 0x00, 0x00, 0x00,
	0x00, 0x00, 0x00, 0x38, 0x00, 0x00, 0x00, 0x00, 0x00, 0x00, 0x00, 0x00, 0x00, 0x88, 0x2B, 0x16,
	0x00, 0x00, 0x00, 0x00, 0x00, 0x12, 0x00, 0x00, 0x12, 0x00, 0x00, 0x26, 0x00, 0x00, 0x00, 0x01,
	0x80, 0x00, 0x00, 0x14, 0x00, 0x00, 0x00, 0x29, 0x71, 0x08, 0x18, 0x10, 0x00, 0x02, 0x00, 0x14,
	0x80, 0x00, 0x00, 0x16, 0x20, 0x01, 0x00, 0x02, 0x00, 0x12, 0x00, 0x10, 0x16, 0x00, 0x00, 0x26,
	0x00, 0x00, 0x80, 0x01, 0x80, 0x00, 0x00, 0x28, 0x00, 0x00, 0x00, 0x29, 0x76, 0x08, 0x18, 0x10,
	0x00, 0x02, 0x12, 0x68, 0x80, 0x00, 0x00, 0x06, 0x00, 0x00, 0x00, 0x00, 0x00, 0x08, 0x00, 0x00,
	0x60, 0x00, 0x00, 0x08, 0x00, 0x00, 0x00, 0x00, 0x00, 0x00, 0x00, 0x00, 0x00, 0x00, 0x00, 0x18,
	0x00, 0x00, 0x00, 0x00, 0x00, 0x00, 0x00, 0x00, 0x00, 0x00, 0x00, 0x16, 0x00, 0x00, 0x00, 0x00,
	0x00, 0x12, 0x00, 0x00, 0x1B, 0x00, 0x00, 0x26, 0x00, 0x00, 0x00, 0x02, 0x80, 0x00, 0x00, 0x00,
	0x00, 0x00, 0x00, 0x29, 0x7B, 0x08, 0x18, 0x10, 0x00, 0x02, 0x00, 0x00, 0x80, 0x00, 0x00, 0x2E,
	0x20, 0x0A, 0x00, 0x00, 0x00, 0xE0, 0xC1, 0x00, 0xA4, 0x10, 0x00, 0x00, 0x00, 0x00, 0x00, 0x00,
	0x00, 0x00, 0x00, 0x00, 0x00, 0x00, 0x00, 0x00, 0x00, 0x14, 0x00, 0x00, 0x00, 0x00, 0x00, 0x00,
	0x00, 0x00, 0x00, 0x66, 0x00, 0x00, 0x00, 0x20, 0x00, 0x90, 0x01, 0x00, 0x20, 0x0D, 0x00, 0x3D,
	0x7F, 0x20, 0x02, 0x00, 0x00, 0x00, 0x00, 0x00, 0x00, 0x06, 0x00, 0x28, 0x00, 0x00, 0x00, 0x00,
	0x00, 0x00, 0x00, 0x00, 0x00, 0x00, 0x00, 0x38, 0x00, 0x00, 0x00, 0x00, 0x00, 0x00, 0x00, 0x00,
	0x00, 0x0A, 0x23, 0x16, 0x20, 0x01, 0x00, 0x00, 0x00, 0x24, 0x00, 0x10, 0x00, 0x00, 0x00, 0x26,
	0x00, 0x00, 0x00, 0x00, 0x80, 0x00, 0x00, 0x3C, 0x00, 0x00, 0x00, 0x29, 0x80, 0x10, 0x14, 0x0C,
	0x00, 0x00, 0x12, 0x7C, 0x80, 0x00, 0x00, 0x16, 0x00, 0x00, 0x00, 0x00, 0x00, 0x24, 0x00, 0x00,
	0x09, 0x00, 0x00, 0x26, 0x00, 0x00, 0x80, 0x00, 0x80, 0x00, 0x00, 0x14, 0x00, 0x00, 0x00, 0x29,
	0x9E, 0x10, 0x14, 0x0C, 0x00, 0x00, 0x00, 0x14, 0x80, 0x00, 0x00, 0x28, 0x00, 0x00, 0x00, 0x00,
	0x00, 0x00, 0x00, 0x00, 0x00, 0x00, 0x00, 0x38, 0x00, 0x00, 0x00, 0x00, 0x00, 0x00, 0x00, 0x00,
	0x00, 0x88, 0x2B, 0x16, 0x20, 0x01, 0x00, 0x00, 0x00, 0x12, 0x00, 0x10, 0x12, 0x00, 0x00, 0x26,
	0x00, 0x00, 0x00, 0x01, 0x80, 0x00, 0x00, 0x28, 0x00, 0x00, 0x00, 0x29, 0x71, 0x08, 0x18, 0x10,
	0x00, 0x02, 0x12, 0x68, 0x80, 0x00, 0x00, 0x16, 0x00, 0x00, 0x00, 0x02, 0x00, 0x12, 0x00, 0x00,
	0x16, 0x00, 0x00, 0x26, 0x00, 0x00, 0x80, 0x01, 0x80, 0x00, 0x00, 0x00, 0x00, 0x00, 0x00, 0x29,
	0x76, 0x08, 0x18, 0x10, 0x00, 0x02, 0x00, 0x00, 0x80, 0x00, 0x00, 0x16, 0x20, 0x01, 0x00, 0x00,
	0x00, 0x12, 0x00, 0x10, 0x1B, 0x00, 0x00, 0x26, 0x00, 0x00, 0x00, 0x02, 0x80, 0x00, 0x00, 0x3C,
	0x00, 0x00, 0x00, 0x29, 0x7B, 0x08, 0x18, 0x10, 0x00, 0x02, 0x12, 0x7C, 0x80, 0x00, 0x00, 0x2E,
	0x20, 0x0A, 0x00, 0x00, 0x00, 0xE0, 0xC1, 0x00, 0xA9, 0x10, 0x00, 0x00, 0x00, 0x00, 0x00, 0x00,
	0x00, 0x00, 0x00, 0x00, 0x00, 0x00, 0x00, 0x00, 0x00, 0x14, 0x00, 0x00, 0x00, 0x00, 0x00, 0x00,
	0x00, 0x00, 0x00, 0x66, 0x00, 0x00, 0x00, 0x20, 0x00, 0x90, 0x01, 0x00, 0x48, 0x0D, 0x00, 0x3D,
	0x7F, 0x20, 0x02, 0x00, 0x00, 0x00, 0x00, 0x00, 0x00, 0x06, 0x00, 0x28, 0x00, 0x00, 0x00, 0x00,
	0x00, 0x00, 0x00, 0x00, 0x00, 0x00, 0x00, 0x38, 0x00, 0x00, 0x00, 0x00, 0x00, 0x00, 0x00, 0x00,
	0x00, 0x0A, 0x23, 0x16, 0x00, 0x00, 0x00, 0x00, 0x00, 0x24, 0x00, 0x00, 0x00, 0x00, 0x00, 0x26,
	0x00, 0x00, 0x00, 0x00, 0x80, 0x00, 0x00, 0x14, 0x00, 0x00, 0x00, 0x29, 0x80, 0x10, 0x14, 0x0C,
	0x00, 0x00, 0x00, 0x14, 0x80, 0x00, 0x00, 0x16, 0x20, 0x01, 0x00, 0x00, 0x00, 0x24, 0x00, 0x10,
	0x09, 0x00, 0x00, 0x26, 0x00, 0x00, 0x80, 0x00, 0x80, 0x00, 0x00, 0x28, 0x00, 0x00, 0x00, 0x29,
	0x9E, 0x10, 0x14, 0x0C, 0x00, 0x00, 0x12, 0x68, 0x80, 0x00, 0x00, 0x28, 0x00, 0x00, 0x00, 0x00,
	0x00, 0x00, 0x00, 0x00, 0x00, 0x00, 0x00, 0x38, 0x00, 0x00, 0x00, 0x00, 0x00, 0x00, 0x00, 0x00,
	0x00, 0x88, 0x2B, 0x16, 0x00, 0x00, 0x00, 0x00, 0x00, 0x12, 0x00, 0x00, 0x12, 0x00, 0x00, 0x26,
	0x00, 0x00, 0x00, 0x01, 0x80, 0x00, 0x00, 0x00, 0x00, 0x00, 0x00, 0x29, 0x71, 0x08, 0x18, 0x10,
	0x00, 0x02, 0x00, 0x00, 0x80, 0x00, 0x00, 0x16, 0x20, 0x01, 0x00, 0x02, 0x00, 0x12, 0x00, 0x10,
	0x16, 0x00, 0x00, 0x26, 0x00, 0x00, 0x80, 0x01, 0x80, 0x00, 0x00, 0x3C, 0x00, 0x00, 0x00, 0x29,
	0x76, 0x08, 0x18, 0x10, 0x00, 0x02, 0x12, 0x7C, 0x80, 0x00, 0x00, 0x16, 0x00, 0x00, 0x00, 0x00,
	0x00, 0x12, 0x00, 0x00, 0x1B, 0x00, 0x00, 0x26, 0x00, 0x00, 0x00, 0x02, 0x80, 0x00, 0x00, 0x14,
	0x00, 0x00, 0x00, 0x29, 0x7B, 0x08, 0x18, 0x10, 0x00, 0x02, 0x00, 0x14, 0x80, 0x00, 0x00, 0x2E,
	0x20, 0x0A, 0x00, 0x00, 0x00, 0xE0, 0xC1, 0x00, 0xAE, 0x10, 0x00, 0x00, 0x00, 0x00, 0x00, 0x00,
	0x00, 0x00, 0x00, 0x00, 0x00, 0x00, 0x00, 0x00, 0x00, 0x14, 0x00, 0x00, 0x00, 0x00, 0x00, 0x00,
	0x00, 0x00, 0x00, 0x66, 0x00, 0x00, 0x00, 0x20, 0x00, 0x90, 0x01, 0x00, 0x70, 0x0D, 0x00, 0x3D,
	0x7F, 0x20, 0x02, 0x00, 0x00, 0x00, 0x00, 0x00, 0x00, 0x06, 0x00, 0x28, 0x00, 0x00, 0x00, 0x00,
	0x00, 0x00, 0x00, 0x00, 0x00, 0x00, 0x00, 0x38, 0x00, 0x00, 0x00, 0x00, 0x00, 0x00, 0x00, 0x00,
	0x00, 0x0A, 0x23, 0x16, 0x20, 0x01, 0x00, 0x00, 0x00, 0x24, 0x00, 0x10, 0x00, 0x00, 0x00, 0x26,
	0x00, 0x00, 0x00, 0x00, 0x80, 0x00, 0x00, 0x28, 0x00, 0x00, 0x00, 0x29, 0x80, 0x10, 0x14, 0x0C,
	0x00, 0x00, 0x12, 0x68, 0x80, 0x00, 0x00, 0x16, 0x00, 0x00, 0x00, 0x00, 0x00, 0x24, 0x00, 0x00,
	0x09, 0x00, 0x00, 0x26, 0x00, 0x00, 0x80, 0x00, 0x80, 0x00, 0x00, 0x00, 0x00, 0x00, 0x00, 0x29,
	0x9E, 0x10, 0x14, 0x0C, 0x00, 0x00, 0x00, 0x00, 0x80, 0x00, 0x00, 0x28, 0x00, 0x00, 0x00, 0x00,
	0x00, 0x00, 0x00, 0x00, 0x00, 0x00, 0x00, 0x38, 0x00, 0x00, 0x00, 0x00, 0x00, 0x00, 0x00, 0x00,
	0x00, 0x88, 0x2B, 0x16, 0x20, 0x01, 0x00, 0x00, 0x00, 0x12, 0x00, 0x10, 0x12, 0x00, 0x00, 0x26,
	0x00, 0x00, 0x00, 0x01, 0x80, 0x00, 0x00, 0x3C, 0x00, 0x00, 0x00, 0x29, 0x71, 0x08, 0x18, 0x10,
	0x00, 0x02, 0x12, 0x7C, 0x80, 0x00, 0x00, 0x16, 0x00, 0x00, 0x00, 0x02, 0x00, 0x12, 0x00, 0x00,
	0x16, 0x00, 0x00, 0x26, 0x00, 0x00, 0x80, 0x01, 0x80, 0x00, 0x00, 0x14, 0x00, 0x00, 0x00, 0x29,
	0x76, 0x08, 0x18, 0x10, 0x00, 0x02, 0x00, 0x14, 0x80, 0x00, 0x00, 0x16, 0x20, 0x01, 0x00, 0x00,
	0x00, 0x12, 0x00, 0x10, 0x1B, 0x00, 0x00, 0x26, 0x00, 0x00, 0x00, 0x02, 0x80, 0x00, 0x00, 0x28,
	0x00, 0x00, 0x00, 0x29, 0x7B, 0x08, 0x18, 0x10, 0x00, 0x02, 0x12, 0x68, 0x80, 0x00, 0x00, 0x2E,
	0x20, 0x0A, 0x00, 0x00, 0x00, 0xE0, 0xC1, 0x00, 0xB3, 0x10, 0x00, 0x00, 0x00, 0x00, 0x00, 0x00,
	0x00, 0x00, 0x00, 0x00, 0x00, 0x00, 0x00, 0x00, 0x00, 0x14, 0x00, 0x00, 0x00, 0x00, 0x00, 0x00,
	0x00, 0x00, 0x00, 0x66, 0x00, 0x00, 0x00, 0x20, 0x00, 0x90, 0x01, 0x00, 0x98, 0x0D, 0x00, 0x3D,
	0x7F, 0x20, 0x02, 0x00, 0x00, 0x00, 0x00, 0x00, 0x00, 0x06, 0x00, 0x28, 0x00, 0x00, 0x00, 0x00,
	0x00, 0x00, 0x00, 0x00, 0x00, 0x00, 0x00, 0x38, 0x00, 0x00, 0x00, 0x00, 0x00, 0x00, 0x00, 0x00,
	0x00, 0x0A, 0x23, 0x16, 0x00, 0x00, 0x00, 0x00, 0x00, 0x24, 0x00, 0x00, 0x00, 0x00, 0x00, 0x26,
	0x00, 0x00, 0x00, 0x00, 0x80, 0x00, 0x00, 0x00, 0x00, 0x00, 0x00, 0x29, 0x80, 0x10, 0x14, 0x0C,
	0x00, 0x00, 0x00, 0x00, 0x80, 0x00, 0x00, 0x16, 0x20, 0x01, 0x00, 0x00, 0x00, 0x24, 0x00, 0x10,
	0x09, 0x00, 0x00, 0x26, 0x00, 0x00, 0x80, 0x00, 0x80, 0x00, 0x00, 0x3C, 0x00, 0x00, 0x00, 0x29,
	0x9E, 0x10, 0x14, 0x0C, 0x00, 0x00, 0x12, 0x7C, 0x80, 0x00, 0x00, 0x28, 0x00, 0x00, 0x00, 0x00,
	0x00, 0x00, 0x00, 0x00, 0x00, 0x00, 0x00, 0x38, 0x00, 0x00, 0x00, 0x00, 0x00, 0x00, 0x00, 0x00,
	0x00, 0x88, 0x2B, 0x16, 0x00, 0x00, 0x00, 0x00, 0x00, 0x12, 0x00, 0x00, 0x12, 0x00, 0x00, 0x26,
	0x00, 0x00, 0x00, 0x01, 0x80, 0x00, 0x00, 0x14, 0x00, 0x00, 0x00, 0x29, 0x71, 0x08, 0x18, 0x10,
	0x00, 0x02, 0x00, 0x14, 0x80, 0x00, 0x00, 0x16, 0x20, 0x01, 0x00, 0x02, 0x00, 0x12, 0x00, 0x10,
	0x16, 0x00, 0x00, 0x26, 0x00, 0x00, 0x80, 0x01, 0x80, 0x00, 0x00, 0x28, 0x00, 0x00, 0x00, 0x29,
	0x76, 0x08, 0x18, 0x10, 0x00, 0x02, 0x12, 0x68, 0x80, 0x00, 0x00, 0x16, 0x00, 0x00, 0x00, 0x00,
	0x00, 0x12, 0x00, 0x00, 0x1B, 0x00, 0x00, 0x26, 0x00, 0x00, 0x00, 0x02, 0x80, 0x00, 0x00, 0x00,
	0x00, 0x00, 0x00, 0x29, 0x7B, 0x08, 0x18, 0x10, 0x00, 0x02, 0x00, 0x00, 0x80, 0x00, 0x00, 0x2E,
	0x20, 0x0A, 0x00, 0x00, 0x00, 0xE0, 0xC1, 0x00, 0xB8, 0x10, 0x00, 0x00, 0x00, 0x00, 0x00, 0x00,
	0x00, 0x00, 0x00, 0x00, 0x00, 0x00, 0x00, 0x00, 0x00, 0x14, 0x00, 0x00, 0x00, 0x00, 0x00, 0x00,
	0x00, 0x00, 0x00, 0x66, 0x00, 0x00, 0x00, 0x20, 0x00, 0x90, 0x01, 0x00, 0xC0, 0x0D, 0x00, 0x3D,
	0x7F, 0x20, 0x02, 0x00, 0x00, 0x00, 0x00, 0x00, 0x00, 0x06, 0x00, 0x28, 0x00, 0x00, 0x00, 0x00,
	0x00, 0x00, 0x00, 0x00, 0x00, 0x00, 0x00, 0x38, 0x00, 0x00, 0x00, 0x00, 0x00, 0x00, 0x00, 0x00,
	0x00, 0x0A, 0x23, 0x16, 0x20, 0x01, 0x00, 0x00, 0x00, 0x24, 0x00, 0x10, 0x00, 0x00, 0x00, 0x26,
	0x00, 0x00, 0x00, 0x00, 0x80, 0x00, 0x00, 0x3C, 0x00, 0x00, 0x00, 0x29, 0x80, 0x10, 0x14, 0x0C,
	0x00, 0x00, 0x12, 0x7C, 0x80, 0x00, 0x00, 0x16, 0x00, 0x00, 0x00, 0x00, 0x00, 0x24, 0x00, 0x00,
	0x09, 0x00, 0x00, 0x26, 0x00, 0x00, 0x80, 0x00, 0x80, 0x00, 0x00, 0x14, 0x00, 0x00, 0x00, 0x29,
	0x9E, 0x10, 0x14, 0x0C, 0x00, 0x00, 0x00, 0x14, 0x80, 0x00, 0x00, 0x28, 0x00, 0x00, 0x00, 0x00,
	0x00, 0x00, 0x00, 0x00, 0x00, 0x00, 0x00, 0x38, 0x00, 0x00, 0x00, 0x00, 0x00, 0x00, 0x00, 0x00,
	0x00, 0x88, 0x2B, 0x16, 0x20, 0x01, 0x00, 0x00, 0x00, 0x12, 0x00, 0x10, 0x12, 0x00, 0x00, 0x26,
	0x00, 0x00, 0x00, 0x01, 0x80, 0x00, 0x00, 0x28, 0x00, 0x00, 0x00, 0x29, 0x71, 0x08, 0x18, 0x10,
	0x00, 0x02, 0x12, 0x68, 0x80, 0x00, 0x00, 0x16, 0x00, 0x00, 0x00, 0x02, 0x00, 0x12, 0x00, 0x00,
	0x16, 0x00, 0x00, 0x26, 0x00, 0x00, 0x80, 0x01, 0x80, 0x00, 0x00, 0x00, 0x00, 0x00, 0x00, 0x29,
	0x76, 0x08, 0x18, 0x10, 0x00, 0x02, 0x00, 0x00, 0x80, 0x00, 0x00, 0x16, 0x20, 0x01, 0x00, 0x00,
	0x00, 0x12, 0x00, 0x10, 0x1B, 0x00, 0x00, 0x26, 0x00, 0x00, 0x00, 0x02, 0x80, 0x00, 0x00, 0x3C,
	0x00, 0x00, 0x00, 0x29, 0x7B, 0x08, 0x18, 0x10, 0x00, 0x02, 0x12, 0x7C, 0x80, 0x00, 0x00, 0x2E,
	0x20, 0x0A, 0x00, 0x00, 0x00, 0xE0, 0xC1, 0x00, 0xBD, 0x10, 0x00, 0x00, 0x00, 0x00, 0x00, 0x00,
	0x00, 0x00, 0x00, 0x00, 0x00, 0x00, 0x00, 0x00, 0x00, 0x14, 0x00, 0x00, 0x00, 0x00, 0x00, 0x00,
	0x00, 0x00, 0x00, 0x66, 0x00, 0x00, 0x00, 0x20, 0x00, 0x90, 0x01, 0x00, 0xE8, 0x0D, 0x00, 0x3D,
	0x7F, 0x20, 0x02, 0x00, 0x00, 0x00, 0x00, 0x00, 0x00, 0x06, 0x00, 0x28, 0x00, 0x00, 0x00, 0x00,
	0x00, 0x00, 0x00, 0x00, 0x00, 0x00, 0x00, 0x38, 0x00, 0x00, 0x00, 0x00, 0x00, 0x00, 0x00, 0x00,
	0x00, 0x0A, 0x23, 0x16, 0x00, 0x00, 0x00, 0x00, 0x00, 0x24, 0x00, 0x00, 0x00, 0x00, 0x00, 0x26,
	0x00, 0x00, 0x00, 0x00, 0x80, 0x00, 0x00, 0x14, 0x00, 0x00, 0x00, 0x29, 0x80, 0x10, 0x14, 0x0C,
	0x00, 0x00, 0x00, 0x14, 0x80, 0x00, 0x00, 0x16, 0x20, 0x01, 0x00, 0x00, 0x00, 0x24, 0x00, 0x10,
	0x09, 0x00, 0x00, 0x26, 0x00, 0x00, 0x80, 0x00, 0x80, 0x00, 0x00, 0x28, 0x00, 0x00, 0x00, 0x29,
	0x9E, 0x10, 0x14, 0x0C, 0x00, 0x00, 0x12, 0x68, 0x80, 0x00, 0x00, 0x28, 0x00, 0x00, 0x00, 0x00,
	0x00, 0x00, 0x00, 0x00, 0x00, 0x00, 0x00, 0x38, 0x00, 0x00, 0x00, 0x00, 0x00, 0x00, 0x00, 0x00,
	0x00, 0x88, 0x2B, 0x16, 0x00, 0x00, 0x00, 0x00, 0x00, 0x12, 0x00, 0x00, 0x12, 0x00, 0x00, 0x26,
	0x00, 0x00, 0x00, 0x01, 0x80, 0x00, 0x00, 0x00, 0x00, 0x00, 0x00, 0x29, 0x71, 0x08, 0x18, 0x10,
	0x00, 0x02, 0x00, 0x00, 0x80, 0x00, 0x00, 0x16, 0x20, 0x01, 0x00, 0x02, 0x00, 0x12, 0x00, 0x10,
	0x16, 0x00, 0x00, 0x26, 0x00, 0x00, 0x80, 0x01, 0x80, 0x00, 0x00, 0x3C, 0x00, 0x00, 0x00, 0x29,
	0x76, 0x08, 0x18, 0x10, 0x00, 0x02, 0x12, 0x7C, 0x80, 0x00, 0x00, 0x16, 0x00, 0x00, 0x00, 0x00,
	0x00, 0x12, 0x00, 0x00, 0x1B, 0x00, 0x00, 0x26, 0x00, 0x00, 0x00, 0x02, 0x80, 0x00, 0x00, 0x14,
	0x00, 0x00, 0x00, 0x29, 0x7B, 0x08, 0x18, 0x10, 0x00, 0x02, 0x00, 0x14, 0x80, 0x00, 0x00, 0x2E,
	0x20, 0x0A, 0x00, 0x00, 0x00, 0xE0, 0xC1, 0x00, 0xC2, 0x10, 0x00, 0x00, 0x00, 0x00, 0x00, 0x00,
	0x00, 0x00, 0x00, 0x00, 0x00, 0x00, 0x00, 0x00, 0x00, 0x14, 0x00, 0x00, 0x00, 0x00, 0x00, 0x00,
	0x00, 0x00, 0x00, 0x66, 0x00, 0x00, 0x00, 0x20, 0x00, 0x90, 0x01, 0x00, 0x10, 0x0E, 0x00, 0x3D,
	0x7F, 0x20, 0x02, 0x00, 0x00, 0x00, 0x00, 0x00, 0x00, 0x06, 0x00, 0x28, 0x00, 0x00, 0x00, 0x00,
	0x00, 0x00, 0x00, 0x00, 0x00, 0x00, 0x00, 0x38, 0x00, 0x00, 0x00, 0x00, 0x00, 0x00, 0x00, 0x00,
	0x00, 0x0A, 0x23, 0x16, 0x20, 0x01, 0x00, 0x00, 0x00, 0x24, 0x00, 0x10, 0x00, 0x00, 0x00, 0x26,
	0x00, 0x00, 0x00, 0x00, 0x80, 0x00, 0x00, 0x28, 0x00, 0x00, 0x00, 0x29, 0x80, 0x10, 0x14, 0x0C,
	0x00, 0x00, 0x12, 0x68, 0x80, 0x00, 0x00, 0x16, 0x00, 0x00, 0x00, 0x00, 0x00, 0x24, 0x00, 0x00,
	0x09, 0x00, 0x00, 0x26, 0x00, 0x00, 0x80, 0x00, 0x80, 0x00, 0x00, 0x00, 0x00, 0x00, 0x00, 0x29,
	0x9E, 0x10, 0x14, 0x0C, 0x00, 0x00, 0x00, 0x00, 0x80, 0x00, 0x00, 0x28, 0x00, 0x00, 0x00, 0x00,
	0x00, 0x00, 0x00, 0x00, 0x00, 0x00, 0x00, 0x38, 0x00, 0x00, 0x00, 0x00, 0x00, 0x00, 0x00, 0x00,
	0x00, 0x88, 0x2B, 0x16, 0x20, 0x01, 0x00, 0x00, 0x00, 0x12, 0x00, 0x10, 0x12, 0x00, 0x00, 0x26,
	0x00, 0x00, 0x00, 0x01, 0x80, 0x00, 0x00, 0x3C, 0x00, 0x00, 0x00, 0x29, 0x71, 0x08, 0x18, 0x10,
	0x00, 0x02, 0x12, 0x7C, 0x80, 0x00, 0x00, 0x16, 0x00, 0x00, 0x00, 0x02, 0x00, 0x12, 0x00, 0x00,
	0x16, 0x00, 0x00, 0x26, 0x00, 0x00, 0x80, 0x01, 0x80, 0x00, 0x00, 0x14, 0x00, 0x00, 0x00, 0x29,
	0x76, 0x08, 0x18, 0x10, 0x00, 0x02, 0x00, 0x14, 0x80, 0x00, 0x00, 0x16, 0x20, 0x01, 0x00, 0x00,
	0x00, 0x12, 0x00, 0x10, 0x1B, 0x00, 0x00, 0x26, 0x00, 0x00, 0x00, 0x02, 0x80, 0x00, 0x00, 0x28,
	0x00, 0x00, 0x00, 0x29, 0x7B, 0x08, 0x18, 0x10, 0x00, 0x02, 0x12, 0x68, 0x80, 0x00, 0x00, 0x2E,
	0x20, 0x0A, 0x00, 0x00, 0x00, 0xE0, 0xC1, 0x00, 0xC7, 0x10, 0x00, 0x00, 0x00, 0x00, 0x00, 0x00,
	0x00, 0x00, 0x00, 0x00, 0x00, 0x00, 0x00, 0x00, 0x00, 0x14, 0x00, 0x00, 0x00, 0x00, 0x00, 0x00,
	0x00, 0x00, 0x00, 0x66, 0x00, 0x00, 0x00, 0x20, 0x00, 0x90, 0x01, 0x00, 0x38, 0x0E, 0x00, 0x3D,
	0x7F, 0x20, 0x02, 0x00, 0x00, 0x00, 0x00, 0x00, 0x00, 0x06, 0x00, 0x28, 0x00, 0x00, 0x00, 0x00,
	0x00, 0x00, 0x00, 0x00, 0x00, 0x00, 0x00, 0x38, 0x00, 0x00, 0x00, 0x00, 0x00, 0x00, 0x00, 0x00,
	0x00, 0x0A, 0x23, 0x16, 0x00, 0x00, 0x00, 0x00, 0x00, 0x24, 0x00, 0x00, 0x00, 0x00, 0x00, 0x26,
	0x00, 0x00, 0x00, 0x00, 0x80, 0x00, 0x00, 0x00, 0x00, 0x00, 0x00, 0x29, 0x80, 0x10, 0x14, 0x0C,
	0x00, 0x00, 0x00, 0x00, 0x80, 0x00, 0x00, 0x16, 0x20, 0x01, 0x00, 0x00, 0x00, 0x24, 0x00, 0x10,
	0x09, 0x00, 0x00, 0x26, 0x00, 0x00, 0x80, 0x00, 0x80, 0x00, 0x00, 0x3C, 0x00, 0x00, 0x00, 0x29,
	0x9E, 0x10, 0x14, 0x0C, 0x00, 0x00, 0x12, 0x7C, 0x80, 0x00, 0x00, 0x28, 0x00, 0x00, 0x00, 0x00,
	0x00, 0x00, 0x00, 0x00, 0x00, 0x00, 0x00, 0x38, 0x00, 0x00, 0x00, 0x00, 0x00, 0x00, 0x00, 0x00,
	0x00, 0x88, 0x2B, 0x16, 0x00, 0x00, 0x00, 0x00, 0x00, 0x12, 0x00, 0x00, 0x12, 0x00, 0x00, 0x26,
	0x00, 0x00, 0x00, 0x01, 0x80, 0x00, 0x00, 0x14, 0x00, 0x00, 0x00, 0x29, 0x71, 0x08, 0x18, 0x10,
	0x00, 0x02, 0x00, 0x14, 0x80, 0x00, 0x00, 0x16, 0x20, 0x01, 0x00, 0x02, 0x00, 0x12, 0x00, 0x10,
	0x16, 0x00, 0x00, 0x26, 0x00, 0x00, 0x80, 0x01, 0x80, 0x00, 0x00, 0x28, 0x00, 0x00, 0x00, 0x29,
	0x76, 0x08, 0x18, 0x10, 0x00, 0x02, 0x12, 0x68, 0x80, 0x00, 0x00, 0x16, 0x00, 0x00, 0x00, 0x00,
	0x00, 0x12, 0x00, 0x00, 0x1B, 0x00, 0x00, 0x26, 0x00, 0x00, 0x00, 0x02, 0x80, 0x00, 0x00, 0x00,
	0x00, 0x00, 0x00, 0x29, 0x7B, 0x08, 0x18, 0x10, 0x00, 0x02, 0x00, 0x00, 0x80, 0x00, 0x00, 0x2E,
	0x20, 0x0A, 0x00, 0x00, 0x00, 0xE0, 0xC1, 0x00, 0xCC, 0x10, 0x00, 0x00, 0x00, 0x00, 0x00, 0x00,
	0x00, 0x00, 0x00, 0x00, 0x00, 0x00, 0x00, 0x00, 0x00, 0x14, 0x00, 0x00, 0x00, 0x00, 0x00, 0x00,
	0x00, 0x00, 0x00, 0x66, 0x00, 0x00, 0x00, 0x20, 0x00, 0x90, 0x01, 0x00, 0x60, 0x0E, 0x00, 0x3D,
	0x7F, 0x20, 0x02, 0x00, 0x00, 0x00, 0x00, 0x00, 0x00, 0x06, 0x00, 0x28, 0x00, 0x00, 0x00, 0x00,
	0x00, 0x00, 0x00, 0x00, 0x00, 0x00, 0x00, 0x38, 0x00, 0x00, 0x00, 0x00, 0x00, 0x00, 0x00, 0x00,
	0x00, 0x0A, 0x23, 0x16, 0x20, 0x01, 0x00, 0x00, 0x00, 0x24, 0x00, 0x10, 0x00, 0x00, 0x00, 0x26,
	0x00, 0x00, 0x00, 0x00, 0x80, 0x00, 0x00, 0x3C, 0x00, 0x00, 0x00, 0x29, 0x80, 0x10, 0x14, 0x0C,
	0x00, 0x00, 0x12, 0x7C, 0x80, 0x00, 0x00, 0x16, 0x00, 0x00, 0x00, 0x00, 0x00, 0x24, 0x00, 0x00,
	0x09, 0x00, 0x00, 0x26, 0x00, 0x00, 0x80, 0x00, 0x80, 0x00, 0x00, 0x14, 0x00, 0x00, 0x00, 0x29,
	0x9E, 0x10, 0x14, 0x0C, 0x00, 0x00, 0x00, 0x14, 0x80, 0x00, 0x00, 0x28, 0x00, 0x00, 0x00, 0x00,
	0x00, 0x00, 0x00, 0x00, 0x00, 0x00, 0x00, 0x38, 0x00, 0x00, 0x00, 0x00, 0x00, 0x00, 0x00, 0x00,
	0x00, 0x88, 0x2B, 0x16, 0x20, 0x01, 0x00, 0x00, 0x00, 0x12, 0x00, 0x10, 0x12, 0x00, 0x00, 0x26,
	0x00, 0x00, 0x00, 0x01, 0x80, 0x00, 0x00, 0x28, 0x00, 0x00, 0x00, 0x29, 0x71, 0x08, 0x18, 0x10,
	0x00, 0x02, 0x12, 0x68, 0x80, 0x00, 0x00, 0x16, 0x00, 0x00, 0x00, 0x02, 0x00, 0x12, 0x00, 0x00,
	0x16, 0x00, 0x00, 0x26, 0x00, 0x00, 0x80, 0x01, 0x80, 0x00, 0x00, 0x00, 0x00, 0x00, 0x00, 0x29,
	0x76, 0x08, 0x18, 0x10, 0x00, 0x02, 0x00, 0x00, 0x80, 0x00, 0x00, 0x16, 0x20, 0x01, 0x00, 0x00,
	0x00, 0x12, 0x00, 0x10, 0x1B, 0x00, 0x00, 0x26, 0x00, 0x00, 0x00, 0x02, 0x80, 0x00, 0x00, 0x3C,
	0x00, 0x00, 0x00, 0x29, 0x7B, 0x08, 0x18, 0x10, 0x00, 0x02, 0x12, 0x7C, 0x80, 0x00, 0x00, 0x2E,
	0x20, 0x0A, 0x00, 0x00, 0x00, 0xE0, 0xC1, 0x00, 0xD1, 0x10, 0x00, 0x00, 0x00, 0x00, 0x00, 0x00,
	0x00, 0x00, 0x00, 0x00, 0x00, 0x00, 0x00, 0x00, 0x00, 0x14, 0x00, 0x00, 0x00, 0x00, 0x00, 0x00,
	0x00, 0x00, 0x00, 0x66, 0x00, 0x00, 0x00, 0x20, 0x00, 0xE0, 0x01, 0x00, 0x88, 0x0E, 0x00, 0x3D,
	0xFF, 0x22, 0x02, 0x00, 0x00, 0x00, 0x00, 0x00, 0x00, 0x06, 0x00, 0x28, 0x00, 0x00, 0x00, 0x00,
	0x00, 0x00, 0x00, 0x00, 0x00, 0x00, 0x00, 0x38, 0x00, 0x00, 0x00, 0x00, 0x00, 0x00, 0x00, 0x00,
	0x00, 0x0A, 0x23, 0x16, 0x00, 0x00, 0x00, 0x00, 0x00, 0x24, 0x00, 0x00, 0x00, 0x00, 0x00, 0x26,
	0x00, 0x00, 0x00, 0x00, 0x80, 0x00, 0x00, 0x14, 0x00, 0x00, 0x00, 0x29, 0x80, 0x1C, 0x20, 0x14,
	0x00, 0x00, 0x00, 0x14, 0x80, 0x00, 0x00, 0x16, 0x20, 0x01, 0x00, 0x00, 0x00, 0x24, 0x00, 0x10,
	0x09, 0x00, 0x00, 0x26, 0x00, 0x00, 0x80, 0x00, 0x80, 0x00, 0x00, 0x28, 0x00, 0x00, 0x00, 0x29,
	0xB2, 0x1C, 0x20, 0x14, 0x00, 0x00, 0x12, 0x68, 0x80, 0x00, 0x00, 0x28, 0x00, 0x00, 0x00, 0x00,
	0x00, 0x00, 0x00, 0x00, 0x00, 0x00, 0x00, 0x38, 0x00, 0x00, 0x00, 0x00, 0x00, 0x00, 0x00, 0x00,
	0x00, 0x88, 0x2B, 0x16, 0x00, 0x00, 0x00, 0x00, 0x00, 0x12, 0x00, 0x00, 0x12, 0x00, 0x00, 0x26,
	0x00, 0x00, 0x00, 0x01, 0x80, 0x00, 0x00, 0x00, 0x00, 0x00, 0x00, 0x29, 0x62, 0x24, 0x28, 0x10,
	0x00, 0x02, 0x00, 0x00, 0x80, 0x00, 0x00, 0x16, 0x20, 0x01, 0x00, 0x02, 0x00, 0x12, 0x00, 0x10,
	0x16, 0x00, 0x00, 0x26, 0x00, 0x00, 0x80, 0x01, 0x80, 0x00, 0x00, 0x3C, 0x00, 0x00, 0x00, 0x29,
	0x6C, 0x24, 0x28, 0x10, 0x00, 0x02, 0x12, 0x7C, 0x80, 0x00, 0x00, 0x16, 0x00, 0x00, 0x00, 0x00,
	0x00, 0x12, 0x00, 0x00, 0x1B, 0x00, 0x00, 0x26, 0x00, 0x00, 0x00, 0x02, 0x80, 0x00, 0x00, 0x14,
	0x00, 0x00, 0x00, 0x29, 0x76, 0x24, 0x28, 0x10, 0x00, 0x02, 0x00, 0x14, 0x80, 0x00, 0x00, 0x2E,
	0x40, 0x18, 0x00, 0x00, 0x00, 0xE0, 0xC1, 0x00, 0xD6, 0x10, 0x00, 0x00, 0x00, 0x00, 0x00, 0x00,
	0x00, 0x00, 0x00, 0x00, 0x00, 0x00, 0x00, 0x00, 0x00, 0x14, 0x00, 0x00, 0x00, 0x00, 0x00, 0x00,
	0x00, 0x00, 0x00, 0x00, 0x00, 0x00, 0x00, 0x00, 0x00, 0x00, 0x00, 0x00, 0x00, 0x00, 0x00, 0x00,
	0x00, 0x14, 0x00, 0x00, 0x00, 0x00, 0x00, 0x00, 0x00, 0x00, 0x00, 0x0E, 0x00, 0x1C, 0x00, 0x00,
	0x00, 0xE0, 0x01, 0x00, 0x00, 0x0F, 0x00, 0x28, 0x00, 0x00, 0x00, 0x00, 0x00, 0x00, 0x00, 0x00,
	0x00, 0x00, 0x00, 0x38, 0x00, 0x00, 0x00, 0x00, 0x00, 0x00, 0x00, 0x00, 0x00, 0x46, 0x2B, 0x16,
	0x20, 0x01, 0x00, 0x02, 0x00, 0x03, 0x00, 0x10, 0x1F, 0x00, 0x00, 0x26, 0x00, 0x00, 0x80, 0x02,
	0x80, 0x00, 0x00, 0x28, 0x00, 0x00, 0x00, 0x29, 0xB0, 0x2C, 0x30, 0x20, 0x00, 0x00, 0x12, 0x68,
	0x80, 0x00, 0x00, 0x16, 0x00, 0x00, 0x00, 0x01, 0x00, 0x03, 0x00, 0x00, 0x20, 0x00, 0x00, 0x26,
	0x00, 0x00, 0x00, 0x03, 0x80, 0x00, 0x00, 0x00, 0x00, 0x00, 0x00, 0x29, 0xD8, 0x34, 0x30, 0x20,
	0x00, 0x00, 0x00, 0x00, 0x80, 0x00, 0x00, 0x2E, 0x00, 0x26, 0x00, 0x00, 0x00, 0xE0, 0x41, 0x01,
	0x00, 0x00, 0x00, 0x00, 0x00, 0x00, 0x00, 0x00, 0x00, 0x00, 0x00, 0x00, 0x00, 0x00, 0x00, 0x00,
	0x00, 0x14, 0x00, 0x00, 0x00, 0x00, 0x00, 0x00, 0x00, 0x00, 0x00, 0x0E, 0x00, 0x1C, 0x00, 0x00,
	0x00, 0xE0, 0x01, 0x00, 0x28, 0x0F, 0x00, 0x28, 0x00, 0x00, 0x00, 0x00, 0x00, 0x00, 0x00, 0x00,
	0x00, 0x00, 0x00, 0x38, 0x00, 0x00, 0x00, 0x00, 0x00, 0x00, 0x00, 0x00, 0x00, 0x46, 0x2B, 0x16,
	0x20, 0x01, 0x00, 0x02, 0x00, 0x03, 0x00, 0x10, 0x1F, 0x00, 0x00, 0x26, 0x00, 0x00, 0x80, 0x02,
	0x80, 0x00, 0x00, 0x3C, 0x00, 0x00, 0x00, 0x29, 0xB0, 0x2C, 0x30, 0x20, 0x00, 0x00, 0x12, 0x7C,
	0x80, 0x00, 0x00, 0x16, 0x00, 0x00, 0x00, 0x01, 0x00, 0x03, 0x00, 0x00, 0x20, 0x00, 0x00, 0x26,
	0x00, 0x00, 0x00, 0x03, 0x80, 0x00, 0x00, 0x14, 0x00, 0x00, 0x00, 0x29, 0xD8, 0x34, 0x30, 0x20,
	0x00, 0x00, 0x00, 0x14, 0x80, 0x00, 0x00, 0x2E, 0x00, 0x26, 0x00, 0x00, 0x00, 0xE0, 0x41, 0x01,
	0x28, 0x00, 0x00, 0x00, 0x00, 0x00, 0x00, 0x00, 0x00, 0x00, 0x00, 0x00, 0x00, 0x00, 0x00, 0x00,
	0x00, 0x14, 0x00, 0x00, 0x00, 0x00, 0x00, 0x00, 0x00, 0x00, 0x00, 0x0E, 0x00, 0x1C, 0x00, 0x00,
	0x00, 0xE0, 0x01, 0x00, 0x50, 0x0F, 0x00, 0x28, 0x00, 0x00, 0x00, 0x00, 0x00, 0x00, 0x00, 0x00,
	0x00, 0x00, 0x00, 0x38, 0x00, 0x00, 0x00, 0x00, 0x00, 0x00, 0x00, 0x00, 0x00, 0x46, 0x2B, 0x16,
	0x20, 0x01, 0x00, 0x02, 0x00, 0x03, 0x00, 0x10, 0x1F, 0x00, 0x00, 0x26, 0x00, 0x00, 0x80, 0x02,
	0x80, 0x00, 0x00, 0x28, 0x00, 0x00, 0x00, 0x29, 0xB0, 0x2C, 0x30, 0x20, 0x00, 0x00, 0x12, 0x68,
	0x80, 0x00, 0x00, 0x16, 0x00, 0x00, 0x00, 0x01, 0x00, 0x03, 0x00, 0x00, 0x20, 0x00, 0x00, 0x26,
	0x00, 0x00, 0x00, 0x03, 0x80, 0x00, 0x00, 0x00, 0x00, 0x00, 0x00, 0x29, 0xD8, 0x34, 0x30, 0x20,
	0x00, 0x00, 0x00, 0x00, 0x80, 0x00, 0x00, 0x2E, 0x00, 0x26, 0x00, 0x00, 0x00, 0xE0, 0x41, 0x01,
	0x50, 0x00, 0x00, 0x00, 0x00, 0x00, 0x00, 0x00, 0x00, 0x00, 0x00, 0x00, 0x00, 0x00, 0x00, 0x00,
	0x00, 0x14, 0x00, 0x00, 0x00, 0x00, 0x00, 0x00, 0x00, 0x00, 0x00, 0x0E, 0x00, 0x1C, 0x00, 0x00,
	0x00, 0xE0, 0x01, 0x00, 0x78, 0x0F, 0x00, 0x28, 0x00, 0x00, 0x00, 0x00, 0x00, 0x00, 0x00, 0x00,
	0x00, 0x00, 0x00, 0x38, 0x00, 0x00, 0x00, 0x00, 0x00, 0x00, 0x00, 0x00, 0x00, 0x46, 0x2B, 0x16,
	0x20, 0x01, 0x00, 0x02, 0x00, 0x03, 0x00, 0x10, 0x1F, 0x00, 0x00, 0x26, 0x00, 0x00, 0x80, 0x02,
	0x80, 0x00, 0x00, 0x3C, 0x00, 0x00, 0x00, 0x29, 0xB0, 0x2C, 0x30, 0x20, 0x00, 0x00, 0x12, 0x7C,
	0x80, 0x00, 0x00, 0x16, 0x00, 0x00, 0x00, 0x01, 0x00, 0x03, 0x00, 0x00, 0x20, 0x00, 0x00, 0x26,
	0x00, 0x00, 0x00, 0x03, 0x80, 0x00, 0x00, 0x14, 0x00, 0x00, 0x00, 0x29, 0xD8, 0x34, 0x30, 0x20,
	0x00, 0x00, 0x00, 0x14, 0x80, 0x00, 0x00, 0x2E, 0x00, 0x26, 0x00, 0x00, 0x00, 0xE0, 0x41, 0x01,
	0x78, 0x00, 0x00, 0x00, 0x00, 0x00, 0x00, 0x00, 0x00, 0x00, 0x00, 0x00, 0x00, 0x00, 0x00, 0x00,
	0x00, 0x14, 0x00, 0x00, 0x00, 0x00, 0x00, 0x00, 0x00, 0x00, 0x00, 0x0E, 0x00, 0x1C, 0x00, 0x00,
	0x00, 0xE0, 0x01, 0x00, 0xA0, 0x0F, 0x00, 0x28, 0x00, 0x00, 0x00, 0x00, 0x00, 0x00, 0x00, 0x00,
	0x00, 0x00, 0x00, 0x38, 0x00, 0x00, 0x00, 0x00, 0x00, 0x00, 0x00, 0x00, 0x00, 0x46, 0x2B, 0x16,
	0x20, 0x01, 0x00, 0x02, 0x00, 0x03, 0x00, 0x10, 0x1F, 0x00, 0x00, 0x26, 0x00, 0x00, 0x80, 0x02,
	0x80, 0x00, 0x00, 0x28, 0x00, 0x00, 0x00, 0x29, 0xB0, 0x2C, 0x30, 0x20, 0x00, 0x00, 0x12, 0x68,
	0x80, 0x00, 0x00, 0x16, 0x00, 0x00, 0x00, 0x01, 0x00, 0x03, 0x00, 0x00, 0x20, 0x00, 0x00, 0x26,
	0x00, 0x00, 0x00, 0x03, 0x80, 0x00, 0x00, 0x00, 0x00, 0x00, 0x00, 0x29, 0xD8, 0x34, 0x30, 0x20,
	0x00, 0x00, 0x00, 0x00, 0x80, 0x00, 0x00, 0x2E, 0x00, 0x26, 0x00, 0x00, 0x00, 0xE0, 0x41, 0x01,
	0xA0, 0x00, 0x00, 0x00, 0x00, 0x00, 0x00, 0x00, 0x00, 0x00, 0x00, 0x00, 0x00, 0x00, 0x00, 0x00,
	0x00, 0x14, 0x00, 0x00, 0x00, 0x00, 0x00, 0x00, 0x00, 0x00, 0x00, 0x0E, 0x00, 0x1C, 0x00, 0x00,
	0x00, 0xE0, 0x01, 0x00, 0xC8, 0x0F, 0x00, 0x28, 0x00, 0x00, 0x00, 0x00, 0x00, 0x00, 0x00, 0x00,
	0x00, 0x00, 0x00, 0x38, 0x00, 0x00, 0x00, 0x00, 0x00, 0x00, 0x00, 0x00, 0x00, 0x46, 0x2B, 0x16,
	0x20, 0x01, 0x00, 0x02, 0x00, 0x03, 0x00, 0x10, 0x1F, 0x00, 0x00, 0x26, 0x00, 0x00, 0x80, 0x02,
	0x80, 0x00, 0x00, 0x3C, 0x00, 0x00, 0x00, 0x29, 0xB0, 0x2C, 0x30, 0x20, 0x00, 0x00, 0x12, 0x7C,
	0x80, 0x00, 0x00, 0x16, 0x00, 0x00, 0x00, 0x01, 0x00, 0x03, 0x00, 0x00, 0x20, 0x00, 0x00, 0x26,
	0x00, 0x00, 0x00, 0x03, 0x80, 0x00, 0x00, 0x14, 0x00, 0x00, 0x00, 0x29, 0xD8, 0x34, 0x30, 0x20,
	0x00, 0x00, 0x00, 0x14, 0x80, 0x00, 0x00, 0x2E, 0x00, 0x26, 0x00, 0x00, 0x00, 0xE0, 0x41, 0x01,
	0xC8, 0x00, 0x00, 0x00, 0x00, 0x00, 0x00, 0x00, 0x00, 0x00, 0x00, 0x00, 0x00, 0x00, 0x00, 0x00,
	0x00, 0x14, 0x00, 0x00, 0x00, 0x00, 0x00, 0x00, 0x00, 0x00, 0x00, 0x0E, 0x00, 0x1C, 0x00, 0x00,
	0x00, 0xE0, 0x01, 0x00, 0xF0, 0x0F, 0x00, 0x28, 0x00, 0x00, 0x00, 0x00, 0x00, 0x00, 0x00, 0x00,
	0x00, 0x00, 0x00, 0x38, 0x00, 0x00, 0x00, 0x00, 0x00, 0x00, 0x00, 0x00, 0x00, 0x46, 0x2B, 0x16,
	0x20, 0x01, 0x00, 0x02, 0x00, 0x03, 0x00, 0x10, 0x1F, 0x00, 0x00, 0x26, 0x00, 0x00, 0x80, 0x02,
	0x80, 0x00, 0x00, 0x28, 0x00, 0x00, 0x00, 0x29, 0xB0, 0x2C, 0x30, 0x20, 0x00, 0x00, 0x12, 0x68,
	0x80, 0x00, 0x00, 0x16, 0x00, 0x00, 0x00, 0x01, 0x00, 0x03, 0x00, 0x00, 0x20, 0x00, 0x00, 0x26,
	0x00, 0x00, 0x00, 0x03, 0x80, 0x00, 0x00, 0x00, 0x00, 0x00, 0x00, 0x29, 0xD8, 0x34, 0x30, 0x20,
	0x00, 0x00, 0x00, 0x00, 0x80, 0x00, 0x00, 0x2E, 0x00, 0x26, 0x00, 0x00, 0x00, 0xE0, 0x41, 0x01,
	0xF0, 0x00, 0x00, 0x00, 0x00, 0x00, 0x00, 0x00, 0x00, 0x00, 0x00, 0x00, 0x00, 0x00, 0x00, 0x00,
	0x00, 0x14, 0x00, 0x00, 0x00, 0x00, 0x00, 0x00, 0x00, 0x00, 0x00, 0x0E, 0x00, 0x1C, 0x00, 0x00,
	0x00, 0xE0, 0x01, 0x00, 0x18, 0x10, 0x00, 0x28, 0x00, 0x00, 0x00, 0x00, 0x00, 0x00, 0x00, 0x00,
	0x00, 0x00, 0x00, 0x38, 0x00, 0x00, 0x00, 0x00, 0x00, 0x00, 0x00, 0x00, 0x00, 0x46, 0x2B, 0x16,
	0x20, 0x01, 0x00, 0x02, 0x00, 0x03, 0x00, 0x10, 0x1F, 0x00, 0x00, 0x26, 0x00, 0x00, 0x80, 0x02,
	0x80, 0x00, 0x00, 0x3C, 0x00, 0x00, 0x00, 0x29, 0xB0, 0x2C, 0x30, 0x20, 0x00, 0x00, 0x12, 0x7C,
	0x80, 0x00, 0x00, 0x16, 0x00, 0x00, 0x00, 0x01, 0x00, 0x03, 0x00, 0x00, 0x20, 0x00, 0x00, 0x26,
	0x00, 0x00, 0x00, 0x03, 0x80, 0x00, 0x00, 0x14, 0x00, 0x00, 0x00, 0x29, 0xD8, 0x34, 0x30, 0x20,
	0x00, 0x00, 0x00, 0x14, 0x80, 0x00, 0x00, 0x2E, 0x00, 0x26, 0x00, 0x00, 0x00, 0xE0, 0x41, 0x01,
	0x18, 0x01, 0x00, 0x00, 0x00, 0x00, 0x00, 0x00, 0x00, 0x00, 0x00, 0x00, 0x00, 0x00, 0x00, 0x00,
	0x00, 0x14, 0x00, 0x00, 0x00, 0x00, 0x00, 0x00, 0x00, 0x00, 0x00, 0x0E, 0x00, 0x1C, 0x00, 0x00,
	0x00, 0xE0, 0x01, 0x00, 0x40, 0x10, 0x00, 0x28, 0x00, 0x00, 0x00, 0x00, 0x00, 0x00, 0x00, 0x00,
	0x00, 0x00, 0x00, 0x38, 0x00, 0x00, 0x00, 0x00, 0x00, 0x00, 0x00, 0x00, 0x00, 0x46, 0x2B, 0x16,
	0x20, 0x01, 0x00, 0x02, 0x00, 0x03, 0x00, 0x10, 0x1F, 0x00, 0x00, 0x26, 0x00, 0x00, 0x80, 0x02,
	0x80, 0x00, 0x00, 0x28, 0x00, 0x00, 0x00, 0x29, 0xB0, 0x2C, 0x30, 0x20, 0x00, 0x00, 0x12, 0x68,
	0x80, 0x00, 0x00, 0x16, 0x00, 0x00, 0x00, 0x01, 0x00, 0x03, 0x00, 0x00, 0x20, 0x00, 0x00, 0x26,
	0x00, 0x00, 0x00, 0x03, 0x80, 0x00, 0x00, 0x00, 0x00, 0x00, 0x00, 0x29, 0xD8, 0x34, 0x30, 0x20,
	0x00, 0x00, 0x00, 0x00, 0x80, 0x00, 0x00, 0x2E, 0x00, 0x26, 0x00, 0x00, 0x00, 0xE0, 0x41, 0x01,
	0x40, 0x01, 0x00, 0x00, 0x00, 0x00, 0x00, 0x00, 0x00, 0x00, 0x00, 0x00, 0x00, 0x00, 0x00, 0x00,
	0x00, 0x14, 0x00, 0x00, 0x00, 0x00, 0x00, 0x00, 0x00, 0x00, 0x00, 0x0E, 0x00, 0x1C, 0x00, 0x00,
	0x00, 0xE0, 0x01, 0x00, 0x68, 0x10, 0x00, 0x28, 0x00, 0x00, 0x00, 0x00, 0x00, 0x00, 0x00, 0x00,
	0x00, 0x00, 0x00, 0x38, 0x00, 0x00, 0x00, 0x00, 0x00, 0x00, 0x00, 0x00, 0x00, 0x46, 0x2B, 0x16,
	0x20, 0x01, 0x00, 0x02, 0x00, 0x03, 0x00, 0x10, 0x1F, 0x00, 0x00, 0x26, 0x00, 0x00, 0x80, 0x02,
	0x80, 0x00, 0x00, 0x3C, 0x00, 0x00, 0x00, 0x29, 0xB0, 0x2C, 0x30, 0x20, 0x00, 0x00, 0x12, 0x7C,
	0x80, 0x00, 0x00, 0x16, 0x00, 0x00, 0x00, 0x01, 0x00, 0x03, 0x00, 0x00, 0x20, 0x00, 0x00, 0x26,
	0x00, 0x00, 0x00, 0x03, 0x80, 0x00, 0x00, 0x14, 0x00, 0x00, 0x00, 0x29, 0xD8, 0x34, 0x30, 0x20,
	0x00, 0x00, 0x00, 0x14, 0x80, 0x00, 0x00, 0x2E, 0x00, 0x26, 0x00, 0x00, 0x00, 0xE0, 0x41, 0x01,
	0x68, 0x01, 0x00, 0x00, 0x00, 0x00, 0x00, 0x00, 0x00, 0x00, 0x00, 0x00, 0x00, 0x00, 0x00, 0x00,
	0x00, 0x14, 0x00, 0x00, 0x00, 0x00, 0x00, 0x00, 0x00, 0x00, 0x00, 0x0E, 0x00, 0x1C, 0x00, 0x00,
	0x00, 0xE0, 0x01, 0x00, 0x90, 0x10, 0x00, 0x28, 0x00, 0x00, 0x00, 0x00, 0x00, 0x00, 0x00, 0x00,
	0x00, 0x00, 0x00, 0x38, 0x00, 0x00, 0x00, 0x00, 0x00, 0x00, 0x00, 0x00, 0x00, 0x46, 0x2B, 0x16,
	0x20, 0x01, 0x00, 0x02, 0x00, 0x03, 0x00, 0x10, 0x1F, 0x00, 0x00, 0x26, 0x00, 0x00, 0x80, 0x02,
	0x80, 0x00, 0x00, 0x28, 0x00, 0x00, 0x00, 0x29, 0xB0, 0x2C, 0x30, 0x20, 0x00, 0x00, 0x12, 0x68,
	0x80, 0x00, 0x00, 0x16, 0x00, 0x00, 0x00, 0x01, 0x00, 0x03, 0x00, 0x00, 0x20, 0x00, 0x00, 0x26,
	0x00, 0x00, 0x00, 0x03, 0x80, 0x00, 0x00, 0x00, 0x00, 0x00, 0x00, 0x29, 0xD8, 0x34, 0x30, 0x20,
	0x00, 0x00, 0x00, 0x00, 0x80, 0x00, 0x00, 0x2E, 0x00, 0x26, 0x00, 0x00, 0x00, 0xE0, 0x41, 0x01,
	0x90, 0x01, 0x00, 0x00, 0x00, 0x00, 0x00, 0x00, 0x00, 0x00, 0x00, 0x00, 0x00, 0x00, 0x00, 0x00,
	0x00, 0x14, 0x00, 0x00, 0x00, 0x00, 0x00, 0x00, 0x00, 0x00, 0x00, 0x0E, 0x00, 0x1C, 0x00, 0x00,
	0x00, 0xE0, 0x01, 0x00, 0xB8, 0x10, 0x00, 0x28, 0x00, 0x00, 0x00, 0x00, 0x00, 0x00, 0x00, 0x00,
	0x00, 0x00, 0x00, 0x38, 0x00, 0x00, 0x00, 0x00, 0x00, 0x00, 0x00, 0x00, 0x00, 0x46, 0x2B, 0x16,
	0x20, 0x01, 0x00, 0x02, 0x00, 0x03, 0x00, 0x10, 0x1F, 0x00, 0x00, 0x26, 0x00, 0x00, 0x80, 0x02,
	0x80, 0x00, 0x00, 0x3C, 0x00, 0x00, 0x00, 0x29, 0xB0, 0x2C, 0x30, 0x20, 0x00, 0x00, 0x12, 0x7C,
	0x80, 0x00, 0x00, 0x16, 0x00, 0x00, 0x00, 0x01, 0x00, 0x03, 0x00, 0x00, 0x20, 0x00, 0x00, 0x26,
	0x00, 0x00, 0x00, 0x03, 0x80, 0x00, 0x00, 0x14, 0x00, 0x00, 0x00, 0x29, 0xD8, 0x34, 0x30, 0x20,
	0x00, 0x00, 0x00, 0x14, 0x80, 0x00, 0x00, 0x2E, 0x00, 0x26, 0x00, 0x00, 0x00, 0xE0, 0x41, 0x01,
	0xB8, 0x01, 0x00, 0x00, 0x00, 0x00, 0x00, 0x00, 0x00, 0x00, 0x00, 0x00, 0x00, 0x00, 0x00, 0x00,
	0x00, 0x14, 0x00, 0x00, 0x00, 0x00, 0x00, 0x00, 0x00, 0x00, 0x00, 0x00, 0x00, 0x00, 0x00, 0x00,
	0x00, 0x00, 0x00, 0x00, 0x00, 0x00, 0x00, 0x00, 0x00, 0x14, 0x00, 0x00, 0x00, 0x00, 0x00, 0x00,
	0x00, 0x00, 0x00, 0x0E, 0xC0, 0x28, 0x00, 0x00, 0x00, 0xE0, 0x41, 0x01, 0x00, 0x00, 0x00, 0x3D,
	0xFF, 0xC3, 0x03, 0x00, 0x80, 0x09, 0x00, 0x00, 0x00, 0x8E, 0x01, 0x28, 0x00, 0x00, 0x00, 0x00,
	0x00, 0x00, 0x00, 0x00, 0x00, 0x00, 0x00, 0x38, 0x00, 0x00, 0x00, 0x00, 0x00, 0x00, 0x00, 0x00,
	0x00, 0x44, 0x33, 0x16, 0x20, 0x01, 0x00, 0x00, 0x00, 0x02, 0x00, 0x10, 0x21, 0x00, 0x00, 0x26,
	0x00, 0x00, 0x80, 0x03, 0x80, 0x00, 0x00, 0x28, 0x00, 0x00, 0x00, 0x29, 0x00, 0x38, 0x3C, 0x20,
	0x98, 0x02, 0x12, 0x68, 0x80, 0x00, 0x00, 0x16, 0x00, 0x00, 0x00, 0x02, 0x00, 0x02, 0x00, 0x00,
	0x21, 0x00, 0x00, 0x26, 0x00, 0x00, 0x00, 0x00, 0x80, 0x00, 0x00, 0x00, 0x01, 0x00, 0x00, 0x29,
	0x2D, 0x40, 0x3C, 0x20, 0x98, 0x02, 0x00, 0x00, 0x80, 0x00, 0x00, 0x28, 0x00, 0x00, 0x00, 0x00,
	0x00, 0x00, 0x00, 0x00, 0x00, 0x00, 0x00, 0x38, 0x00, 0x00, 0x00, 0x00, 0x00, 0x00, 0x00, 0x00,
	0x00, 0x46, 0x2B, 0x16, 0x20, 0x01, 0x00, 0x00, 0x00, 0x12, 0x00, 0x10, 0x22, 0x00, 0x00, 0x26,
	0x00, 0x00, 0x80, 0x00, 0x80, 0x00, 0x00, 0x3C, 0x01, 0x00, 0x00, 0x29, 0xB0, 0x2C, 0x44, 0x2C,
	0x00, 0x00, 0x12, 0x7C, 0x80, 0x00, 0x00, 0x16, 0x00, 0x00, 0x00, 0x02, 0x00, 0x12, 0x00, 0x00,
	0x26, 0x00, 0x00, 0x26, 0x00, 0x00, 0x00, 0x01, 0x80, 0x00, 0x00, 0x14, 0x01, 0x00, 0x00, 0x29,
	0xD8, 0x34, 0x44, 0x2C, 0x00, 0x00, 0x00, 0x14, 0x80, 0x00, 0x00, 0x2E, 0x00, 0x26, 0x00, 0x00,
	0x00, 0xE0, 0x41, 0x01, 0xC0, 0x03, 0x00, 0x00, 0x00, 0x00, 0x00, 0x00, 0x00, 0x00, 0x00, 0x00,
	0x00, 0x00, 0x00, 0x00, 0x00, 0x14, 0x00, 0x00, 0x00, 0x00, 0x00, 0x00, 0x00, 0x00, 0x00, 0x0E,
	0x80, 0x33, 0x00, 0x00, 0x00, 0xE0, 0x01, 0x01, 0x23, 0x00, 0x00, 0x3D, 0xFF, 0xC3, 0x03, 0x00,
	0x00, 0x07, 0x00, 0x00, 0x00, 0x8E, 0x01, 0x28, 0x00, 0x00, 0x00, 0x00, 0x00, 0x00, 0x00, 0x00,
	0x00, 0x00, 0x00, 0x38, 0x00, 0x00, 0x00, 0x00, 0x00, 0x00, 0x00, 0x00, 0x00, 0x44, 0x33, 0x16,
	0x20, 0x01, 0x00, 0x00, 0x00, 0x02, 0x00, 0x10, 0x21, 0x00, 0x00, 0x26, 0x00, 0x00, 0x80, 0x03,
	0x80, 0x00, 0x00, 0x28, 0x00, 0x00, 0x00, 0x29, 0x00, 0x48, 0x4C, 0x20, 0x70, 0x02, 0x12, 0x68,
	0x80, 0x00, 0x00, 0x16, 0x00, 0x00, 0x00, 0x02, 0x00, 0x02, 0x00, 0x00, 0x21, 0x00, 0x00, 0x26,
	0x00, 0x00, 0x00, 0x00, 0x80, 0x00, 0x00, 0x00, 0x01, 0x00, 0x00, 0x29, 0x32, 0x50, 0x4C, 0x20,
	0x70, 0x02, 0x00, 0x00, 0x80, 0x00, 0x00, 0x28, 0x00, 0x00, 0x00, 0x00, 0x00, 0x00, 0x00, 0x00,
	0x00, 0x00, 0x00, 0x38, 0x00, 0x00, 0x00, 0x00, 0x00, 0x00, 0x00, 0x00, 0x00, 0x46, 0x2B, 0x16,
	0x20, 0x01, 0x00, 0x00, 0x00, 0x12, 0x00, 0x10, 0x22, 0x00, 0x00, 0x26, 0x00, 0x00, 0x80, 0x00,
	0x80, 0x00, 0x00, 0x3C, 0x01, 0x00, 0x00, 0x29, 0xB0, 0x2C, 0x54, 0x34, 0x00, 0x00, 0x12, 0x7C,
	0x80, 0x00, 0x00, 0x16, 0x00, 0x00, 0x00, 0x02, 0x00, 0x12, 0x00, 0x00, 0x26, 0x00, 0x00, 0x26,
	0x00, 0x00, 0x00, 0x01, 0x80, 0x00, 0x00, 0x14, 0x01, 0x00, 0x00, 0x29, 0xD8, 0x34, 0x54, 0x34,
	0x00, 0x00, 0x00, 0x14, 0x80, 0x00, 0x00, 0x2E, 0x00, 0x26, 0x00, 0x00, 0x00, 0xE0, 0x41, 0x01,
	0xE8, 0x03, 0x00, 0x00, 0x00, 0x00, 0x00, 0x00, 0x00, 0x00, 0x00, 0x00, 0x00, 0x00, 0x00, 0x00,
	0x00, 0x14, 0x00, 0x00, 0x00, 0x00, 0x00, 0x00, 0x00, 0x00, 0x00, 0x0E, 0x80, 0x33, 0x00, 0x00,
	0x00, 0xE0, 0x01, 0x01, 0x4B, 0x00, 0x00, 0x3D, 0xFF, 0xC3, 0x03, 0x00, 0x00, 0x07, 0x00, 0x00,
	0x00, 0x8E, 0x01, 0x28, 0x00, 0x00, 0x00, 0x00, 0x00, 0x00, 0x00, 0x00, 0x00, 0x00, 0x00, 0x38,
	0x00, 0x00, 0x00, 0x00, 0x00, 0x00, 0x00, 0x00, 0x00, 0x44, 0x33, 0x16, 0x20, 0x01, 0x00, 0x00,
	0x00, 0x02, 0x00, 0x10, 0x21, 0x00, 0x00, 0x26, 0x00, 0x00, 0x80, 0x03, 0x80, 0x00, 0x00, 0x28,
	0x00, 0x00, 0x00, 0x29, 0x00, 0x48, 0x4C, 0x20, 0x70, 0x02, 0x12, 0x68, 0x80, 0x00, 0x00, 0x16,
	0x00, 0x00, 0x00, 0x02, 0x00, 0x02, 0x00, 0x00, 0x21, 0x00, 0x00, 0x26, 0x00, 0x00, 0x00, 0x00,
	0x80, 0x00, 0x00, 0x00, 0x01, 0x00, 0x00, 0x29, 0x32, 0x50, 0x4C, 0x20, 0x70, 0x02, 0x00, 0x00,
	0x80, 0x00, 0x00, 0x28, 0x00, 0x00, 0x00, 0x00, 0x00, 0x00, 0x00, 0x00, 0x00, 0x00, 0x00, 0x38,
	0x00, 0x00, 0x00, 0x00, 0x00, 0x00, 0x00, 0x00, 0x00, 0x46, 0x2B, 0x16, 0x20, 0x01, 0x00, 0x00,
	0x00, 0x12, 0x00, 0x10, 0x22, 0x00, 0x00, 0x26, 0x00, 0x00, 0x80, 0x00, 0x80, 0x00, 0x00, 0x3C,
	0x01, 0x00, 0x00, 0x29, 0xB0, 0x2C, 0x54, 0x34, 0x00, 0x00, 0x12, 0x7C, 0x80, 0x00, 0x00, 0x16,
	0x00, 0x00, 0x00, 0x02, 0x00, 0x12, 0x00, 0x00, 0x26, 0x00, 0x00, 0x26, 0x00, 0x00, 0x00, 0x01,
	0x80, 0x00, 0x00, 0x14, 0x01, 0x00, 0x00, 0x29, 0xD8, 0x34, 0x54, 0x34, 0x00, 0x00, 0x00, 0x14,
	0x80, 0x00, 0x00, 0x2E, 0x00, 0x26, 0x00, 0x00, 0x00, 0xE0, 0x41, 0x01, 0x10, 0x04, 0x00, 0x00,
	0x00, 0x00, 0x00, 0x00, 0x00, 0x00, 0x00, 0x00, 0x00, 0x00, 0x00, 0x00, 0x00, 0x14, 0x00, 0x00,
	0x00, 0x00, 0x00, 0x00, 0x00, 0x00, 0x00, 0x0E, 0x80, 0x33, 0x00, 0x00, 0x00, 0xE0, 0x01, 0x01,
	0x73, 0x00, 0x00, 0x3D, 0xFF, 0xC3, 0x03, 0x00, 0x00, 0x07, 0x00, 0x00, 0x00, 0x8E, 0x01, 0x28,
	0x00, 0x00, 0x00, 0x00, 0x00, 0x00, 0x00, 0x00, 0x00, 0x00, 0x00, 0x38, 0x00, 0x00, 0x00, 0x00,
	0x00, 0x00, 0x00, 0x00, 0x00, 0x44, 0x33, 0x16, 0x20, 0x01, 0x00, 0x00, 0x00, 0x02, 0x00, 0x10,
	0x21, 0x00, 0x00, 0x26, 0x00, 0x00, 0x80, 0x03, 0x80, 0x00, 0x00, 0x28, 0x00, 0x00, 0x00, 0x29,
	0x00, 0x48, 0x4C, 0x20, 0x70, 0x02, 0x12, 0x68, 0x80, 0x00, 0x00, 0x16, 0x00, 0x00, 0x00, 0x02,
	0x00, 0x02, 0x00, 0x00, 0x21, 0x00, 0x00, 0x26, 0x00, 0x00, 0x00, 0x00, 0x80, 0x00, 0x00, 0x00,
	0x01, 0x00, 0x00, 0x29, 0x32, 0x50, 0x4C, 0x20, 0x70, 0x02, 0x00, 0x00, 0x80, 0x00, 0x00, 0x28,
	0x00, 0x00, 0x00, 0x00, 0x00, 0x00, 0x00, 0x00, 0x00, 0x00, 0x00, 0x38, 0x00, 0x00, 0x00, 0x00,
	0x00, 0x00, 0x00, 0x00, 0x00, 0x46, 0x2B, 0x16, 0x20, 0x01, 0x00, 0x00, 0x00, 0x12, 0x00, 0x10,
	0x22, 0x00, 0x00, 0x26, 0x00, 0x00, 0x80, 0x00, 0x80, 0x00, 0x00, 0x3C, 0x01, 0x00, 0x00, 0x29,
	0xB0, 0x2C, 0x54, 0x34, 0x00, 0x00, 0x12, 0x7C, 0x80, 0x00, 0x00, 0x16, 0x00, 0x00, 0x00, 0x02,
	0x00, 0x12, 0x00, 0x00, 0x26, 0x00, 0x00, 0x26, 0x00, 0x00, 0x00, 0x01, 0x80, 0x00, 0x00, 0x14,
	0x01, 0x00, 0x00, 0x29, 0xD8, 0x34, 0x54, 0x34, 0x00, 0x00, 0x00, 0x14, 0x80, 0x00, 0x00, 0x2E,
	0x00, 0x26, 0x00, 0x00, 0x00, 0xE0, 0x41, 0x01, 0x38, 0x04, 0x00, 0x00, 0x00, 0x00, 0x00, 0x00,
	0x00, 0x00, 0x00, 0x00, 0x00, 0x00, 0x00, 0x00, 0x00, 0x14, 0x00, 0x00, 0x00, 0x00, 0x00, 0x00,
	0x00, 0x00, 0x00, 0x0E, 0x80, 0x33, 0x00, 0x00, 0x00, 0xE0, 0x01, 0x01, 0x9B, 0x00, 0x00, 0x3D,
	0xFF, 0xC3, 0x03, 0x00, 0x00, 0x07, 0x00, 0x00, 0x00, 0x8E, 0x01, 0x28, 0x00, 0x00, 0x00, 0x00,
	0x00, 0x00, 0x00, 0x00, 0x00, 0x00, 0x00, 0x38, 0x00, 0x00, 0x00, 0x00, 0x00, 0x00, 0x00, 0x00,
	0x00, 0x44, 0x33, 0x16, 0x20, 0x01, 0x00, 0x00, 0x00, 0x02, 0x00, 0x10, 0x21, 0x00, 0x00, 0x26,
	0x00, 0x00, 0x80, 0x03, 0x80, 0x00, 0x00, 0x28, 0x00, 0x00, 0x00, 0x29, 0x00, 0x48, 0x4C, 0x20,
	0x70, 0x02, 0x12, 0x68, 0x80, 0x00, 0x00, 0x16, 0x00, 0x00, 0x00, 0x02, 0x00, 0x02, 0x00, 0x00,
	0x21, 0x00, 0x00, 0x26, 0x00, 0x00, 0x00, 0x00, 0x80, 0x00, 0x00, 0x00, 0x01, 0x00, 0x00, 0x29,
	0x32, 0x50, 0x4C, 0x20, 0x70, 0x02, 0x00, 0x00, 0x80, 0x00, 0x00, 0x28, 0x00, 0x00, 0x00, 0x00,
	0x00, 0x00, 0x00, 0x00, 0x00, 0x00, 0x00, 0x38, 0x00, 0x00, 0x00, 0x00, 0x00, 0x00, 0x00, 0x00,
	0x00, 0x46, 0x2B, 0x16, 0x20, 0x01, 0x00, 0x00, 0x00, 0x12, 0x00, 0x10, 0x22, 0x00, 0x00, 0x26,
	0x00, 0x00, 0x80, 0x00, 0x80, 0x00, 0x00, 0x3C, 0x01, 0x00, 0x00, 0x29, 0xB0, 0x2C, 0x54, 0x34,
	0x00, 0x00, 0x12, 0x7C, 0x80, 0x00, 0x00, 0x16, 0x00, 0x00, 0x00, 0x02, 0x00, 0x12, 0x00, 0x00,
	0x26, 0x00, 0x00, 0x26, 0x00, 0x00, 0x00, 0x01, 0x80, 0x00, 0x00, 0x14, 0x01, 0x00, 0x00, 0x29,
	0xD8, 0x34, 0x54, 0x34, 0x00, 0x00, 0x00, 0x14, 0x80, 0x00, 0x00, 0x2E, 0x00, 0x26, 0x00, 0x00,
	0x00, 0xE0, 0x41, 0x01, 0x60, 0x04, 0x00, 0x00, 0x00, 0x00, 0x00, 0x00, 0x00, 0x00, 0x00, 0x00,
	0x00, 0x00, 0x00, 0x00, 0x00, 0x14, 0x00, 0x00, 0x00, 0x00, 0x00, 0x00, 0x00, 0x00, 0x00, 0x0E,
	0x80, 0x33, 0x00, 0x00, 0x00, 0xE0, 0x01, 0x01, 0xC3, 0x00, 0x00, 0x3D, 0xFF, 0xC3, 0x03, 0x00,
	0x00, 0x07, 0x00, 0x00, 0x00, 0x8E, 0x01, 0x28, 0x00, 0x00, 0x00, 0x00, 0x00, 0x00, 0x00, 0x00,
	0x00, 0x00, 0x00, 0x38, 0x00, 0x00, 0x00, 0x00, 0x00, 0x00, 0x00, 0x00, 0x00, 0x44, 0x33, 0x16,
	0x20, 0x01, 0x00, 0x00, 0x00, 0x02, 0x00, 0x10, 0x21, 0x00, 0x00, 0x26, 0x00, 0x00, 0x80, 0x03,
	0x80, 0x00, 0x00, 0x28, 0x00, 0x00, 0x00, 0x29, 0x00, 0x48, 0x4C, 0x20, 0x70, 0x02, 0x12, 0x68,
	0x80, 0x00, 0x00, 0x16, 0x00, 0x00, 0x00, 0x02, 0x00, 0x02, 0x00, 0x00, 0x21, 0x00, 0x00, 0x26,
	0x00, 0x00, 0x00, 0x00, 0x80, 0x00, 0x00, 0x00, 0x01, 0x00, 0x00, 0x29, 0x32, 0x50, 0x4C, 0x20,
	0x70, 0x02, 0x00, 0x00, 0x80, 0x00, 0x00, 0x06, 0x00, 0x02, 0x00, 0x00, 0x00, 0x08, 0x00, 0x00,
	0x78, 0x00, 0x00, 0x08, 0x00, 0x00, 0x00, 0x00, 0x00, 0x00, 0x00, 0x00, 0x00, 0x00, 0x00, 0x18,
	0x00, 0x02, 0x00, 0x00, 0x00, 0x00, 0x00, 0x00, 0x00, 0x00, 0x00, 0x28, 0x00, 0x00, 0x00, 0x00,
	0x00, 0x00, 0x00, 0x00, 0x00, 0x00, 0x00, 0x38, 0x00, 0x00, 0x00, 0x00, 0x00, 0x00, 0x00, 0x00,
	0x00, 0x46, 0x2B, 0x16, 0x20, 0x01, 0x00, 0x00, 0x00, 0x12, 0x00, 0x10, 0x22, 0x00, 0x00, 0x26,
	0x00, 0x00, 0x80, 0x00, 0x80, 0x00, 0x00, 0x3C, 0x01, 0x00, 0x00, 0x29, 0xB0, 0x2C, 0x54, 0x34,
	0x00, 0x00, 0x12, 0x7C, 0x80, 0x00, 0x00, 0x16, 0x00, 0x00, 0x00, 0x02, 0x00, 0x12, 0x00, 0x00,
	0x26, 0x00, 0x00, 0x26, 0x00, 0x00, 0x00, 0x01, 0x80, 0x00, 0x00, 0x14, 0x01, 0x00, 0x00, 0x29,
	0xD8, 0x34, 0x54, 0x34, 0x00, 0x00, 0x00, 0x14, 0x80, 0x00, 0x00, 0x2E, 0x00, 0x26, 0x00, 0x00,
	0x00, 0xE0, 0x41, 0x01, 0x88, 0x04, 0x00, 0x00, 0x00, 0x00, 0x00, 0x00, 0x00, 0x00, 0x00, 0x00,
	0x00, 0x00, 0x00, 0x00, 0x00, 0x14, 0x00, 0x00, 0x00, 0x00, 0x00, 0x00, 0x00, 0x00, 0x00, 0x0E,
	0x80, 0x33, 0x00, 0x00, 0x00, 0xE0, 0x01, 0x01, 0xEB, 0x00, 0x00, 0x3D, 0xFF, 0xC3, 0x03, 0x00,
	0x00, 0x07, 0x00, 0x00, 0x00, 0x8E, 0x01, 0x28, 0x00, 0x00, 0x00, 0x00, 0x00, 0x00, 0x00, 0x00,
	0x00, 0x00, 0x00, 0x38, 0x00, 0x00, 0x00, 0x00, 0x00, 0x00, 0x00, 0x00, 0x00, 0x44, 0x33, 0x16,
	0x20, 0x01, 0x00, 0x00, 0x00, 0x02, 0x00, 0x10, 0x21, 0x00, 0x00, 0x26, 0x00, 0x00, 0x80, 0x03,
	0x80, 0x00, 0x00, 0x28, 0x00, 0x00, 0x00, 0x29, 0x00, 0x48, 0x4C, 0x20, 0x70, 0x02, 0x12, 0x68,
	0x80, 0x00, 0x00, 0x16, 0x00, 0x00, 0x00, 0x02, 0x00, 0x02, 0x00, 0x00, 0x21, 0x00, 0x00, 0x26,
	0x00, 0x00, 0x00, 0x00, 0x80, 0x00, 0x00, 0x00, 0x01, 0x00, 0x00, 0x29, 0x32, 0x50, 0x4C, 0x20,
	0x70, 0x02, 0x00, 0x00, 0x80, 0x00, 0x00, 0x28, 0x00, 0x00, 0x00, 0x00, 0x00, 0x00, 0x00, 0x00,
	0x00, 0x00, 0x00, 0x38, 0x00, 0x00, 0x00, 0x00, 0x00, 0x00, 0x00, 0x00, 0x00, 0x46, 0x2B, 0x16,
	0x20, 0x01, 0x00, 0x00, 0x00, 0x12, 0x00, 0x10, 0x22, 0x00, 0x00, 0x26, 0x00, 0x00, 0x80, 0x00,
	0x80, 0x00, 0x00, 0x3C, 0x01, 0x00, 0x00, 0x29, 0xB0, 0x2C, 0x54, 0x34, 0x00, 0x00, 0x12, 0x7C,
	0x80, 0x00, 0x00, 0x16, 0x00, 0x00, 0x00, 0x02, 0x00, 0x12, 0x00, 0x00, 0x26, 0x00, 0x00, 0x26,
	0x00, 0x00, 0x00, 0x01, 0x80, 0x00, 0x00, 0x14, 0x01, 0x00, 0x00, 0x29, 0xD8, 0x34, 0x54, 0x34,
	0x00, 0x00, 0x00, 0x14, 0x80, 0x00, 0x00, 0x2E, 0x00, 0x26, 0x00, 0x00, 0x00, 0xE0, 0x41, 0x01,
	0xB0, 0x04, 0x00, 0x00, 0x00, 0x00, 0x00, 0x00, 0x00, 0x00, 0x00, 0x00, 0x00, 0x00, 0x00, 0x00,
	0x00, 0x14, 0x00, 0x00, 0x00, 0x00, 0x00, 0x00, 0x00, 0x00, 0x00, 0x0E, 0x80, 0x33, 0x00, 0x00,
	0x00, 0xE0, 0x01, 0x01, 0x13, 0x01, 0x00, 0x3D, 0xFF, 0xC3, 0x03, 0x00, 0x00, 0x07, 0x00, 0x00,
	0x00, 0x8E, 0x01, 0x28, 0x00, 0x00, 0x00, 0x00, 0x00, 0x00, 0x00, 0x00, 0x00, 0x00, 0x00, 0x38,
	0x00, 0x00, 0x00, 0x00, 0x00, 0x00, 0x00, 0x00, 0x00, 0x44, 0x33, 0x16, 0x20, 0x01, 0x00, 0x00,
	0x00, 0x02, 0x00, 0x10, 0x21, 0x00, 0x00, 0x26, 0x00, 0x00, 0x80, 0x03, 0x80, 0x00, 0x00, 0x28,
	0x00, 0x00, 0x00, 0x29, 0x00, 0x48, 0x4C, 0x20, 0x70, 0x02, 0x12, 0x68, 0x80, 0x00, 0x00, 0x16,
	0x00, 0x00, 0x00, 0x02, 0x00, 0x02, 0x00, 0x00, 0x21, 0x00, 0x00, 0x26, 0x00, 0x00, 0x00, 0x00,
	0x80, 0x00, 0x00, 0x00, 0x01, 0x00, 0x00, 0x29, 0x32, 0x50, 0x4C, 0x20, 0x70, 0x02, 0x00, 0x00,
	0x80, 0x00, 0x00, 0x28, 0x00, 0x00, 0x00, 0x00, 0x00, 0x00, 0x00, 0x00, 0x00, 0x00, 0x00, 0x38,
	0x00, 0x00, 0x00, 0x00, 0x00, 0x00, 0x00, 0x00, 0x00, 0x46, 0x2B, 0x16, 0x20, 0x01, 0x00, 0x00,
	0x00, 0x12, 0x00, 0x10, 0x22, 0x00, 0x00, 0x26, 0x00, 0x00, 0x80, 0x00, 0x80, 0x00, 0x00, 0x3C,
	0x01, 0x00, 0x00, 0x29, 0xB0, 0x2C, 0x54, 0x34, 0x00, 0x00, 0x12, 0x7C, 0x80, 0x00, 0x00, 0x16,
	0x00, 0x00, 0x00, 0x02, 0x00, 0x12, 0x00, 0x00, 0x26, 0x00, 0x00, 0x26, 0x00, 0x00, 0x00, 0x01,
	0x80, 0x00, 0x00, 0x14, 0x01, 0x00, 0x00, 0x29, 0xD8, 0x34, 0x54, 0x34, 0x00, 0x00, 0x00, 0x14,
	0x80, 0x00, 0x00, 0x2E, 0x00, 0x26, 0x00, 0x00, 0x00, 0xE0, 0x41, 0x01, 0xD8, 0x04, 0x00, 0x00,
	0x00, 0x00, 0x00, 0x00, 0x00, 0x00, 0x00, 0x00, 0x00, 0x00, 0x00, 0x00, 0x00, 0x14, 0x00, 0x00,
	0x00, 0x00, 0x00, 0x00, 0x00, 0x00, 0x00, 0x0E, 0x80, 0x33, 0x00, 0x00, 0x00, 0xE0, 0x01, 0x01,
	0x3B, 0x01, 0x00, 0x3D, 0xFF, 0xC3, 0x03, 0x00, 0x00, 0x07, 0x00, 0x00, 0x00, 0x8E, 0x01, 0x28,
	0x00, 0x00, 0x00, 0x00, 0x00, 0x00, 0x00, 0x00, 0x00, 0x00, 0x00, 0x38, 0x00, 0x00, 0x00, 0x00,
	0x00, 0x00, 0x00, 0x00, 0x00, 0x44, 0x33, 0x16, 0x20, 0x01, 0x00, 0x00, 0x00, 0x02, 0x00, 0x10,
	0x21, 0x00, 0x00, 0x26, 0x00, 0x00, 0x80, 0x03, 0x80, 0x00, 0x00, 0x28, 0x00, 0x00, 0x00, 0x29,
	0x00, 0x48, 0x4C, 0x20, 0x70, 0x02, 0x12, 0x68, 0x80, 0x00, 0x00, 0x16, 0x00, 0x00, 0x00, 0x02,
	0x00, 0x02, 0x00, 0x00, 0x21, 0x00, 0x00, 0x26, 0x00, 0x00, 0x00, 0x00, 0x80, 0x00, 0x00, 0x00,
	0x01, 0x00, 0x00, 0x29, 0x32, 0x50, 0x4C, 0x20, 0x70, 0x02, 0x00, 0x00, 0x80, 0x00, 0x00, 0x28,
	0x00, 0x00, 0x00, 0x00, 0x00, 0x00, 0x00, 0x00, 0x00, 0x00, 0x00, 0x38, 0x00, 0x00, 0x00, 0x00,
	0x00, 0x00, 0x00, 0x00, 0x00, 0x46, 0x2B, 0x16, 0x20, 0x01, 0x00, 0x00, 0x00, 0x12, 0x00, 0x10,
	0x22, 0x00, 0x00, 0x26, 0x00, 0x00, 0x80, 0x00, 0x80, 0x00, 0x00, 0x3C, 0x01, 0x00, 0x00, 0x29,
	0xB0, 0x2C, 0x54, 0x34, 0x00, 0x00, 0x12, 0x7C, 0x80, 0x00, 0x00, 0x16, 0x00, 0x00, 0x00, 0x02,
	0x00, 0x12, 0x00, 0x00, 0x26, 0x00, 0x00, 0x26, 0x00, 0x00, 0x00, 0x01, 0x80, 0x00, 0x00, 0x14,
	0x01, 0x00, 0x00, 0x29, 0xD8, 0x34, 0x54, 0x34, 0x00, 0x00, 0x00, 0x14, 0x80, 0x00, 0x00, 0x2E,
	0x00, 0x26, 0x00, 0x00, 0x00, 0xE0, 0x41, 0x01, 0x00, 0x05, 0x00, 0x00, 0x00, 0x00, 0x00, 0x00,
	0x00, 0x00, 0x00, 0x00, 0x00, 0x00, 0x00, 0x00, 0x00, 0x14, 0x00, 0x00, 0x00, 0x00, 0x00, 0x00,
	0x00, 0x00, 0x00, 0x0E, 0x80, 0x33, 0x00, 0x00, 0x00, 0xE0, 0x01, 0x01, 0x63, 0x01, 0x00, 0x3D,
	0xFF, 0xC3, 0x03, 0x00, 0x00, 0x07, 0x00, 0x00, 0x00, 0x8E, 0x01, 0x28, 0x00, 0x00, 0x00, 0x00,
	0x00, 0x00, 0x00, 0x00, 0x00, 0x00, 0x00, 0x38, 0x00, 0x00, 0x00, 0x00, 0x00, 0x00, 0x00, 0x00,
	0x00, 0x44, 0x33, 0x16, 0x20, 0x01, 0x00, 0x00, 0x00, 0x02, 0x00, 0x10, 0x21, 0x00, 0x00, 0x26,
	0x00, 0x00, 0x80, 0x03, 0x80, 0x00, 0x00, 0x28, 0x00, 0x00, 0x00, 0x29, 0x00, 0x48, 0x4C, 0x20,
	0x70, 0x02, 0x12, 0x68, 0x80, 0x00, 0x00, 0x16, 0x00, 0x00, 0x00, 0x02, 0x00, 0x02, 0x00, 0x00,
	0x21, 0x00, 0x00, 0x26, 0x00, 0x00, 0x00, 0x00, 0x80, 0x00, 0x00, 0x00, 0x01, 0x00, 0x00, 0x29,
	0x32, 0x50, 0x4C, 0x20, 0x70, 0x02, 0x00, 0x00, 0x80, 0x00, 0x00, 0x28, 0x00, 0x00, 0x00, 0x00,
	0x00, 0x00, 0x00, 0x00, 0x00, 0x00, 0x00, 0x38, 0x00, 0x00, 0x00, 0x00, 0x00, 0x00, 0x00, 0x00,
	0x00, 0x46, 0x2B, 0x16, 0x20, 0x01, 0x00, 0x00, 0x00, 0x12, 0x00, 0x10, 0x22, 0x00, 0x00, 0x26,
	0x00, 0x00, 0x80, 0x00, 0x80, 0x00, 0x00, 0x3C, 0x01, 0x00, 0x00, 0x29, 0xB0, 0x2C, 0x54, 0x34,
	0x00, 0x00, 0x12, 0x7C, 0x80, 0x00, 0x00, 0x16, 0x00, 0x00, 0x00, 0x02, 0x00, 0x12, 0x00, 0x00,
	0x26, 0x00, 0x00, 0x26, 0x00, 0x00, 0x00, 0x01, 0x80, 0x00, 0x00, 0x14, 0x01, 0x00, 0x00, 0x29,
	0xD8, 0x34, 0x54, 0x34, 0x00, 0x00, 0x00, 0x14, 0x80, 0x00, 0x00, 0x2E, 0x00, 0x26, 0x00, 0x00,
	0x00, 0xE0, 0x41, 0x01, 0x28, 0x05, 0x00, 0x00, 0x00, 0x00, 0x00, 0x00, 0x00, 0x00, 0x00, 0x00,
	0x00, 0x00, 0x00, 0x00, 0x00, 0x14, 0x00, 0x00, 0x00, 0x00, 0x00, 0x00, 0x00, 0x00, 0x00, 0x0E,
	0x80, 0x33, 0x00, 0x00, 0x00, 0xE0, 0x01, 0x01, 0x8B, 0x01, 0x00, 0x3D, 0xFF, 0xC3, 0x03, 0x00,
	0x00, 0x07, 0x00, 0x00, 0x00, 0x8E, 0x01, 0x28, 0x00, 0x00, 0x00, 0x00, 0x00, 0x00, 0x00, 0x00,
	0x00, 0x00, 0x00, 0x38, 0x00, 0x00, 0x00, 0x00, 0x00, 0x00, 0x00, 0x00, 0x00, 0x44, 0x33, 0x16,
	0x20, 0x01, 0x00, 0x00, 0x00, 0x02, 0x00, 0x10, 0x21, 0x00, 0x00, 0x26, 0x00, 0x00, 0x80, 0x03,
	0x80, 0x00, 0x00, 0x28, 0x00, 0x00, 0x00, 0x29, 0x00, 0x48, 0x4C, 0x20, 0x70, 0x02, 0x12, 0x68,
	0x80, 0x00, 0x00, 0x16, 0x00, 0x00, 0x00, 0x02, 0x00, 0x02, 0x00, 0x00, 0x21, 0x00, 0x00, 0x26,
	0x00, 0x00, 0x00, 0x00, 0x80, 0x00, 0x00, 0x00, 0x01, 0x00, 0x00, 0x29, 0x32, 0x50, 0x4C, 0x20,
	0x70, 0x02, 0x00, 0x00, 0x80, 0x00, 0x00, 0x28, 0x00, 0x00, 0x00, 0x00, 0x00, 0x00, 0x00, 0x00,
	0x00, 0x00, 0x00, 0x38, 0x00, 0x00, 0x00, 0x00, 0x00, 0x00, 0x00, 0x00, 0x00, 0x46, 0x2B, 0x16,
	0x20, 0x01, 0x00, 0x00, 0x00, 0x12, 0x00, 0x10, 0x22, 0x00, 0x00, 0x26, 0x00, 0x00, 0x80, 0x00,
	0x80, 0x00, 0x00, 0x3C, 0x01, 0x00, 0x00, 0x29, 0xB0, 0x2C, 0x54, 0x34, 0x00, 0x00, 0x12, 0x7C,
	0x80, 0x00, 0x00, 0x16, 0x00, 0x00, 0x00, 0x02, 0x00, 0x12, 0x00, 0x00, 0x26, 0x00, 0x00, 0x26,
	0x00, 0x00, 0x00, 0x01, 0x80, 0x00, 0x00, 0x14, 0x01, 0x00, 0x00, 0x29, 0xD8, 0x34, 0x54, 0x34,
	0x00, 0x00, 0x00, 0x14, 0x80, 0x00, 0x00, 0x2E, 0x00, 0x26, 0x00, 0x00, 0x00, 0xE0, 0x41, 0x01,
	0x50, 0x05, 0x00, 0x00, 0x00, 0x00, 0x00, 0x00, 0x00, 0x00, 0x00, 0x00, 0x00, 0x00, 0x00, 0x00,
	0x00, 0x14, 0x00, 0x00, 0x00, 0x00, 0x00, 0x00, 0x00, 0x00, 0x00, 0x0E, 0xC0, 0x28, 0x00, 0x00,
	0x00, 0xE0, 0x41, 0x01, 0xB3, 0x01, 0x00, 0x3D, 0xFF, 0xC3, 0x03, 0x00, 0x80, 0x09, 0x00, 0x00,
	0x00, 0x8E, 0x01, 0x28, 0x00, 0x00, 0x00, 0x00, 0x00, 0x00, 0x00, 0x00, 0x00, 0x00, 0x00, 0x38,
	0x00, 0x00, 0x00, 0x00, 0x00, 0x00, 0x00, 0x00, 0x00, 0x44, 0x33, 0x16, 0x20, 0x01, 0x00, 0x00,
	0x00, 0x02, 0x00, 0x10, 0x21, 0x00, 0x00, 0x26, 0x00, 0x00, 0x80, 0x03, 0x80, 0x00, 0x00, 0x28,
	0x00, 0x00, 0x00, 0x29, 0x00, 0x38, 0x3C, 0x20, 0x98, 0x02, 0x12, 0x68, 0x80, 0x00, 0x00, 0x16,
	0x00, 0x00, 0x00, 0x02, 0x00, 0x02, 0x00, 0x00, 0x21, 0x00, 0x00, 0x26, 0x00, 0x00, 0x00, 0x00,
	0x80, 0x00, 0x00, 0x00, 0x01, 0x00, 0x00, 0x29, 0x2D, 0x40, 0x3C, 0x20, 0x98, 0x02, 0x00, 0x00,
	0x80, 0x00, 0x00, 0x28, 0x00, 0x00, 0x00, 0x00, 0x00, 0x00, 0x00, 0x00, 0x00, 0x00, 0x00, 0x38,
	0x00, 0x00, 0x00, 0x00, 0x00, 0x00, 0x00, 0x00, 0x00, 0x46, 0x2B, 0x16, 0x20, 0x01, 0x00, 0x00,
	0x00, 0x12, 0x00, 0x10, 0x22, 0x00, 0x00, 0x26, 0x00, 0x00, 0x80, 0x00, 0x80, 0x00, 0x00, 0x3C,
	0x01, 0x00, 0x00, 0x29, 0xB0, 0x2C, 0x44, 0x38, 0x00, 0x00, 0x12, 0x7C, 0x80, 0x00, 0x00, 0x16,
	0x00, 0x00, 0x00, 0x02, 0x00, 0x12, 0x00, 0x00, 0x26, 0x00, 0x00, 0x26, 0x00, 0x00, 0x00, 0x01,
	0x80, 0x00, 0x00, 0x14, 0x01, 0x00, 0x00, 0x29, 0xD8, 0x34, 0x44, 0x38, 0x00, 0x00, 0x00, 0x14,
	0x80, 0x00, 0x00, 0x2E, 0x00, 0x26, 0x00, 0x00, 0x00, 0xE0, 0x41, 0x01, 0x78, 0x05, 0x00, 0x00,
	0x00, 0x00, 0x00, 0x00, 0x00, 0x00, 0x00, 0x00, 0x00, 0x00, 0x00, 0x00, 0x00, 0x14, 0x00, 0x00,
	0x00, 0x00, 0x00, 0x00, 0x00, 0x00, 0x00, 0x00, 0x00, 0x00, 0x00, 0x00, 0x00, 0x00, 0x00, 0x00,
	0x00, 0x00, 0x00, 0x00, 0x00, 0x14, 0x00, 0x00, 0x00, 0x00, 0x00, 0x00, 0x00, 0x00, 0x00, 0x0E,
	0x80, 0x3C, 0x00, 0x00, 0x00, 0xE0, 0x81, 0x01, 0x00, 0x00, 0x00, 0x3D, 0xFF, 0xC3, 0x03, 0x00,
	0x00, 0x01, 0x00, 0x00, 0x00, 0xCE, 0x01, 0x0E, 0x00, 0x3D, 0x00, 0x00, 0x00, 0xE0, 0x01, 0x01,
	0xC0, 0x03, 0x00, 0x3D, 0x7F, 0xC0, 0x03, 0x00, 0x00, 0x03, 0x00, 0x00, 0x00, 0x4C, 0x01, 0x40,
	0x69, 0x51, 0x44, 0x99, 0x01, 0x00, 0x00, 0x00, 0x00, 0x00, 0x00, 0x0B, 0x00, 0x58, 0x00, 0x18,
	0x01, 0x02, 0x10, 0x00, 0x00, 0xDE, 0x1B, 0x40, 0xD7, 0x43, 0x00, 0x00, 0x00, 0x00, 0x00, 0x00,
	0x00, 0x00, 0x00, 0xDC, 0x80, 0x58, 0x80, 0x01, 0x00, 0x00, 0x00, 0x00, 0x00, 0x80, 0x0B, 0x2E,
	0x80, 0x3C, 0x00, 0x00, 0x00, 0xE0, 0x81, 0x01, 0x80, 0x07, 0x00, 0x00, 0x00, 0x00, 0x00, 0x00,
	0x00, 0x00, 0x00, 0x00, 0x00, 0x00, 0x00, 0x00, 0x00, 0x14, 0x00, 0x00, 0x00, 0x00, 0x00, 0x00,
	0x00, 0x00, 0x00, 0x0E, 0x80, 0x3C, 0x00, 0x00, 0x00, 0xE0, 0x81, 0x01, 0x1E, 0x00, 0x00, 0x3D,
	0xFF, 0xC3, 0x03, 0x00, 0x00, 0x01, 0x00, 0x00, 0x00, 0xCE, 0x01, 0x0E, 0x00, 0x3D, 0x00, 0x00,
	0x00, 0xE0, 0x01, 0x01, 0xDE, 0x03, 0x00, 0x3D, 0x7F, 0xC0, 0x03, 0x00, 0x00, 0x03, 0x00, 0x00,
	0x00, 0x4C, 0x01, 0x40, 0x69, 0x51, 0x44, 0x99, 0x01, 0x00, 0x00, 0x00, 0x00, 0x00, 0x00, 0x0B,
	0x00, 0x58, 0x00, 0x18, 0x01, 0x02, 0x10, 0x00, 0x00, 0xDE, 0x1B, 0x40, 0xD7, 0x43, 0x00, 0x00,
	0x00, 0x00, 0x00, 0x00, 0x00, 0x00, 0x00, 0xDC, 0x80, 0x58, 0x80, 0x01, 0x00, 0x00, 0x00, 0x00,
	0x00, 0x80, 0x0B, 0x2E, 0x80, 0x3C, 0x00, 0x00, 0x00, 0xE0, 0x81, 0x01, 0x9E, 0x07, 0x00, 0x00,
	0x00, 0x00, 0x00, 0x00, 0x00, 0x00, 0x00, 0x00, 0x00, 0x00, 0x00, 0x00, 0x00, 0x14, 0x00, 0x00,
	0x00, 0x00, 0x00, 0x00, 0x00, 0x00, 0x00, 0x0E, 0x80, 0x3C, 0x00, 0x00, 0x00, 0xE0, 0x81, 0x01,
	0x3C, 0x00, 0x00, 0x3D, 0xFF, 0xC3, 0x03, 0x00, 0x00, 0x01, 0x00, 0x00, 0x00, 0xCE, 0x01, 0x0E,
	0x00, 0x3D, 0x00, 0x00, 0x00, 0xE0, 0x01, 0x01, 0xFC, 0x03, 0x00, 0x3D, 0x7F, 0xC0, 0x03, 0x00,
	0x00, 0x03, 0x00, 0x00, 0x00, 0x4C, 0x01, 0x40, 0x69, 0x51, 0x44, 0x99, 0x01, 0x00, 0x00, 0x00,
	0x00, 0x00, 0x00, 0x0B, 0x00, 0x58, 0x00, 0x18, 0x01, 0x02, 0x10, 0x00, 0x00, 0xDE, 0x1B, 0x40,
	0xD7, 0x43, 0x00, 0x00, 0x00, 0x00, 0x00, 0x00, 0x00, 0x00, 0x00, 0xDC, 0x80, 0x58, 0x80, 0x01,
	0x00, 0x00, 0x00, 0x00, 0x00, 0x80, 0x0B, 0x2E, 0x80, 0x3C, 0x00, 0x00, 0x00, 0xE0, 0x81, 0x01,
	0xBC, 0x07, 0x00, 0x00, 0x00, 0x00, 0x00, 0x00, 0x00, 0x00, 0x00, 0x00, 0x00, 0x00, 0x00, 0x00,
	0x00, 0x14, 0x00, 0x00, 0x00, 0x00, 0x00, 0x00, 0x00, 0x00, 0x00, 0x0E, 0x80, 0x3C, 0x00, 0x00,
	0x00, 0xE0, 0x81, 0x01, 0x5A, 0x00, 0x00, 0x3D, 0xFF, 0xC3, 0x03, 0x00, 0x00, 0x01, 0x00, 0x00,
	0x00, 0xCE, 0x01, 0x0E, 0x00, 0x3D, 0x00, 0x00, 0x00, 0xE0, 0x01, 0x01, 0x1A, 0x04, 0x00, 0x3D,
	0x7F, 0xC0, 0x03, 0x00, 0x00, 0x03, 0x00, 0x00, 0x00, 0x4C, 0x01, 0x40, 0x69, 0x51, 0x44, 0x99,
	0x01, 0x00, 0x00, 0x00, 0x00, 0x00, 0x00, 0x0B, 0x00, 0x58, 0x00, 0x18, 0x01, 0x02, 0x10, 0x00,
	0x00, 0xDE, 0x1B, 0x40, 0xD7, 0x43, 0x00, 0x00, 0x00, 0x00, 0x00, 0x00, 0x00, 0x00, 0x00, 0xDC,
	0x80, 0x58, 0x80, 0x01, 0x00, 0x00, 0x00, 0x00, 0x00, 0x80, 0x0B, 0x2E, 0x80, 0x3C, 0x00, 0x00,
	0x00, 0xE0, 0x81, 0x01, 0xDA, 0x07, 0x00, 0x00, 0x00, 0x00, 0x00, 0x00, 0x00, 0x00, 0x00, 0x00,
	0x00, 0x00, 0x00, 0x00, 0x00, 0x14, 0x00, 0x00, 0x00, 0x00, 0x00, 0x00, 0x00, 0x00, 0x00, 0x0E,
	0x80, 0x3C, 0x00, 0x00, 0x00, 0xE0, 0x81, 0x01, 0x78, 0x00, 0x00, 0x3D, 0xFF, 0xC3, 0x03, 0x00,
	0x00, 0x01, 0x00, 0x00, 0x00, 0xCE, 0x01, 0x0E, 0x00, 0x3D, 0x00, 0x00, 0x00, 0xE0, 0x01, 0x01,
	0x38, 0x04, 0x00, 0x3D, 0x7F, 0xC0, 0x03, 0x00, 0x00, 0x03, 0x00, 0x00, 0x00, 0x4C, 0x01, 0x40,
	0x69, 0x51, 0x44, 0x99, 0x01, 0x00, 0x00, 0x00, 0x00, 0x00, 0x00, 0x0B, 0x00, 0x58, 0x00, 0x18,
	0x01, 0x02, 0x10, 0x00, 0x00, 0xDE, 0x1B, 0x40, 0xD7, 0x43, 0x00, 0x00, 0x00, 0x00, 0x00, 0x00,
	0x00, 0x00, 0x00, 0xDC, 0x80, 0x58, 0x80, 0x01, 0x00, 0x00, 0x00, 0x00, 0x00, 0x80, 0x0B, 0x2E,
	0x80, 0x3C, 0x00, 0x00, 0x00, 0xE0, 0x81, 0x01, 0xF8, 0x07, 0x00, 0x00, 0x00, 0x00, 0x00, 0x00,
	0x00, 0x00, 0x00, 0x00, 0x00, 0x00, 0x00, 0x00, 0x00, 0x14, 0x00, 0x00, 0x00, 0x00, 0x00, 0x00,
	0x00, 0x00, 0x00, 0x0E, 0x80, 0x3C, 0x00, 0x00, 0x00, 0xE0, 0x81, 0x01, 0x96, 0x00, 0x00, 0x3D,
	0xFF, 0xC3, 0x03, 0x00, 0x00, 0x01, 0x00, 0x00, 0x00, 0xCE, 0x01, 0x0E, 0x00, 0x3D, 0x00, 0x00,
	0x00, 0xE0, 0x01, 0x01, 0x56, 0x04, 0x00, 0x3D, 0x7F, 0xC0, 0x03, 0x00, 0x00, 0x03, 0x00, 0x00,
	0x00, 0x4C, 0x01, 0x40, 0x69, 0x51, 0x44, 0x99, 0x01, 0x00, 0x00, 0x00, 0x00, 0x00, 0x00, 0x0B,
	0x00, 0x58, 0x00, 0x18, 0x01, 0x02, 0x10, 0x00, 0x00, 0xDE, 0x1B, 0x40, 0xD7, 0x43, 0x00, 0x00,
	0x00, 0x00, 0x00, 0x00, 0x00, 0x00, 0x00, 0xDC, 0x80, 0x58, 0x80, 0x01, 0x00, 0x00, 0x00, 0x00,
	0x00, 0x80, 0x0B, 0x2E, 0x80, 0x3C, 0x00, 0x00, 0x00, 0xE0, 0x81, 0x01, 0x16, 0x08, 0x00, 0x00,
	0x00, 0x00, 0x00, 0x00, 0x00, 0x00, 0x00, 0x00, 0x00, 0x00, 0x00, 0x00, 0x00, 0x14, 0x00, 0x00,
	0x00, 0x00, 0x00, 0x00, 0x00, 0x00, 0x00, 0x0E, 0x80, 0x3C, 0x00, 0x00, 0x00, 0xE0, 0x81, 0x01,
	0xB4, 0x00, 0x00, 0x3D, 0xFF, 0xC3, 0x03, 0x00, 0x00, 0x01, 0x00, 0x00, 0x00, 0xCE, 0x01, 0x0E,
	0x00, 0x3D, 0x00, 0x00, 0x00, 0xE0, 0x01, 0x01, 0x74, 0x04, 0x00, 0x3D, 0x7F, 0xC0, 0x03, 0x00,
	0x00, 0x03, 0x00, 0x00, 0x00, 0x4C, 0x01, 0x40, 0x69, 0x51, 0x44, 0x99, 0x01, 0x00, 0x00, 0x00,
	0x00, 0x00, 0x00, 0x0B, 0x00, 0x58, 0x00, 0x18, 0x01, 0x02, 0x10, 0x00, 0x00, 0xDE, 0x1B, 0x40,
	0xD7, 0x43, 0x00, 0x00, 0x00, 0x00, 0x00, 0x00, 0x00, 0x00, 0x00, 0xDC, 0x80, 0x58, 0x80, 0x01,
	0x00, 0x00, 0x00, 0x00, 0x00, 0x80, 0x0B, 0x2E, 0x80, 0x3C, 0x00, 0x00, 0x00, 0xE0, 0x81, 0x01,
	0x34, 0x08, 0x00, 0x00, 0x00, 0x00, 0x00, 0x00, 0x00, 0x00, 0x00, 0x00, 0x00, 0x00, 0x00, 0x00,
	0x00, 0x14, 0x00, 0x00, 0x00, 0x00, 0x00, 0x00, 0x00, 0x00, 0x00, 0x0E, 0x80, 0x3C, 0x00, 0x00,
	0x00, 0xE0, 0x81, 0x01, 0xD2, 0x00, 0x00, 0x3D, 0xFF, 0xC3, 0x03, 0x00, 0x00, 0x01, 0x00, 0x00,
	0x00, 0xCE, 0x01, 0x0E, 0x00, 0x3D, 0x00, 0x00, 0x00, 0xE0, 0x01, 0x01, 0x92, 0x04, 0x00, 0x3D,
	0x7F, 0xC0, 0x03, 0x00, 0x00, 0x03, 0x00, 0x00, 0x00, 0x4C, 0x01, 0x40, 0x69, 0x51, 0x44, 0x99,
	0x01, 0x00, 0x00, 0x00, 0x00, 0x00, 0x00, 0x0B, 0x00, 0x58, 0x00, 0x18, 0x01, 0x02, 0x10, 0x00,
	0x00, 0xDE, 0x1B, 0x40, 0xD7, 0x43, 0x00, 0x00, 0x00, 0x00, 0x00, 0x00, 0x00, 0x00, 0x00, 0xDC,
	0x80, 0x58, 0x80, 0x01, 0x00, 0x00, 0x00, 0x00, 0x00, 0x80, 0x0B, 0x2E, 0x80, 0x3C, 0x00, 0x00,
	0x00, 0xE0, 0x81, 0x01, 0x52, 0x08, 0x00, 0x00, 0x00, 0x00, 0x00, 0x00, 0x00, 0x00, 0x00, 0x00,
	0x00, 0x00, 0x00, 0x00, 0x00, 0x14, 0x00, 0x00, 0x00, 0x00, 0x00, 0x00, 0x00, 0x00, 0x00, 0x0E,
	0x80, 0x3C, 0x00, 0x00, 0x00, 0xE0, 0x81, 0x01, 0xF0, 0x00, 0x00, 0x3D, 0xFF, 0xC3, 0x03, 0x00,
	0x00, 0x01, 0x00, 0x00, 0x00, 0xCE, 0x01, 0x0E, 0x00, 0x3D, 0x00, 0x00, 0x00, 0xE0, 0x01, 0x01,
	0xB0, 0x04, 0x00, 0x3D, 0x7F, 0xC0, 0x03, 0x00, 0x00, 0x03, 0x00, 0x00, 0x00, 0x4C, 0x01, 0x40,
	0x69, 0x51, 0x44, 0x99, 0x01, 0x00, 0x00, 0x00, 0x00, 0x00, 0x00, 0x0B, 0x00, 0x58, 0x00, 0x18,
	0x01, 0x02, 0x10, 0x00, 0x00, 0xDE, 0x1B, 0x40, 0xD7, 0x43, 0x00, 0x00, 0x00, 0x00, 0x00, 0x00,
	0x00, 0x00, 0x00, 0xDC, 0x80, 0x58, 0x80, 0x01, 0x00, 0x00, 0x00, 0x00, 0x00, 0x80, 0x0B, 0x2E,
	0x80, 0x3C, 0x00, 0x00, 0x00, 0xE0, 0x81, 0x01, 0x70, 0x08, 0x00, 0x00, 0x00, 0x00, 0x00, 0x00,
	0x00, 0x00, 0x00, 0x00, 0x00, 0x00, 0x00, 0x00, 0x00, 0x14, 0x00, 0x00, 0x00, 0x00, 0x00, 0x00,
	0x00, 0x00, 0x00, 0x0E, 0x80, 0x3C, 0x00, 0x00, 0x00, 0xE0, 0x81, 0x01, 0x0E, 0x01, 0x00, 0x3D,
	0xFF, 0xC3, 0x03, 0x00, 0x00, 0x01, 0x00, 0x00, 0x00, 0xCE, 0x01, 0x0E, 0x00, 0x3D, 0x00, 0x00,
	0x00, 0xE0, 0x01, 0x01, 0xCE, 0x04, 0x00, 0x3D, 0x7F, 0xC0, 0x03, 0x00, 0x00, 0x03, 0x00, 0x00,
	0x00, 0x4C, 0x01, 0x40, 0x69, 0x51, 0x44, 0x99, 0x01, 0x00, 0x00, 0x00, 0x00, 0x00, 0x00, 0x0B,
	0x00, 0x58, 0x00, 0x18, 0x01, 0x02, 0x10, 0x00, 0x00, 0xDE, 0x1B, 0x40, 0xD7, 0x43, 0x00, 0x00,
	0x00, 0x00, 0x00, 0x00, 0x00, 0x00, 0x00, 0xDC, 0x80, 0x58, 0x80, 0x01, 0x00, 0x00, 0x00, 0x00,
	0x00, 0x80, 0x0B, 0x2E, 0x80, 0x3C, 0x00, 0x00, 0x00, 0xE0, 0x81, 0x01, 0x8E, 0x08, 0x00, 0x00,
	0x00, 0x00, 0x00, 0x00, 0x00, 0x00, 0x00, 0x00, 0x00, 0x00, 0x00, 0x00, 0x00, 0x14, 0x00, 0x00,
	0x00, 0x00, 0x00, 0x00, 0x00, 0x00, 0x00, 0x0E, 0x80, 0x3C, 0x00, 0x00, 0x00, 0xE0, 0x81, 0x01,
	0x2C, 0x01, 0x00, 0x3D, 0xFF, 0xC3, 0x03, 0x00, 0x00, 0x01, 0x00, 0x00, 0x00, 0xCE, 0x01, 0x0E,
	0x00, 0x3D, 0x00, 0x00, 0x00, 0xE0, 0x01, 0x01, 0xEC, 0x04, 0x00, 0x3D, 0x7F, 0xC0, 0x03, 0x00,
	0x00, 0x03, 0x00, 0x00, 0x00, 0x4C, 0x01, 0x40, 0x69, 0x51, 0x44, 0x99, 0x01, 0x00, 0x00, 0x00,
	0x00, 0x00, 0x00, 0x0B, 0x00, 0x58, 0x00, 0x18, 0x01, 0x02, 0x10, 0x00, 0x00, 0xDE, 0x1B, 0x40,
	0xD7, 0x43, 0x00, 0x00, 0x00, 0x00, 0x00, 0x00, 0x00, 0x00, 0x00, 0xDC, 0x80, 0x58, 0x80, 0x01,
	0x00, 0x00, 0x00, 0x00, 0x00, 0x80, 0x0B, 0x2E, 0x80, 0x3C, 0x00, 0x00, 0x00, 0xE0, 0x81, 0x01,
	0xAC, 0x08, 0x00, 0x00, 0x00, 0x00, 0x00, 0x00, 0x00, 0x00, 0x00, 0x00, 0x00, 0x00, 0x00, 0x00,
	0x00, 0x14, 0x00, 0x00, 0x00, 0x00, 0x00, 0x00, 0x00, 0x00, 0x00, 0x0E, 0x80, 0x3C, 0x00, 0x00,
	0x00, 0xE0, 0x81, 0x01, 0x4A, 0x01, 0x00, 0x3D, 0xFF, 0xC3, 0x03, 0x00, 0x00, 0x01, 0x00, 0x00,
	0x00, 0xCE, 0x01, 0x0E, 0x00, 0x3D, 0x00, 0x00, 0x00, 0xE0, 0x01, 0x01, 0x0A, 0x05, 0x00, 0x3D,
	0x7F, 0xC0, 0x03, 0x00, 0x00, 0x03, 0x00, 0x00, 0x00, 0x4C, 0x01, 0x40, 0x69, 0x51, 0x44, 0x99,
	0x01, 0x00, 0x00, 0x00, 0x00, 0x00, 0x00, 0x0B, 0x00, 0x58, 0x00, 0x18, 0x01, 0x02, 0x10, 0x00,
	0x00, 0xDE, 0x1B, 0x40, 0xD7, 0x43, 0x00, 0x00, 0x00, 0x00, 0x00, 0x00, 0x00, 0x00, 0x00, 0xDC,
	0x80, 0x58, 0x80, 0x01, 0x00, 0x00, 0x00, 0x00, 0x00, 0x80, 0x0B, 0x2E, 0x80, 0x3C, 0x00, 0x00,
	0x00, 0xE0, 0x81, 0x01, 0xCA, 0x08, 0x00, 0x00, 0x00, 0x00, 0x00, 0x00, 0x00, 0x00, 0x00, 0x00,
	0x00, 0x00, 0x00, 0x00, 0x00, 0x14, 0x00, 0x00, 0x00, 0x00, 0x00, 0x00, 0x00, 0x00, 0x00, 0x0E,
	0x80, 0x3C, 0x00, 0x00, 0x00, 0xE0, 0x81, 0x01, 0x68, 0x01, 0x00, 0x3D, 0xFF, 0xC3, 0x03, 0x00,
	0x00, 0x01, 0x00, 0x00, 0x00, 0xCE, 0x01, 0x0E, 0x00, 0x3D, 0x00, 0x00, 0x00, 0xE0, 0x01, 0x01,
	0x28, 0x05, 0x00, 0x3D, 0x7F, 0xC0, 0x03, 0x00, 0x00, 0x03, 0x00, 0x00, 0x00, 0x4C, 0x01, 0x40,
	0x69, 0x51, 0x44, 0x99, 0x01, 0x00, 0x00, 0x00, 0x00, 0x00, 0x00, 0x0B, 0x00, 0x58, 0x00, 0x18,
	0x01, 0x02, 0x10, 0x00, 0x00, 0xDE, 0x1B, 0x40, 0xD7, 0x43, 0x00, 0x00, 0x00, 0x00, 0x00, 0x00,
	0x00, 0x00, 0x00, 0xDC, 0x80, 0x58, 0x80, 0x01, 0x00, 0x00, 0x00, 0x00, 0x00, 0x80, 0x0B, 0x2E,
	0x80, 0x3C, 0x00, 0x00, 0x00, 0xE0, 0x81, 0x01, 0xE8, 0x08, 0x00, 0x00, 0x00, 0x00, 0x00, 0x00,
	0x00, 0x00, 0x00, 0x00, 0x00, 0x00, 0x00, 0x00, 0x00, 0x14, 0x00, 0x00, 0x00, 0x00, 0x00, 0x00,
	0x00, 0x00, 0x00, 0x0E, 0x80, 0x3C, 0x00, 0x00, 0x00, 0xE0, 0x81, 0x01, 0x86, 0x01, 0x00, 0x3D,
	0xFF, 0xC3, 0x03, 0x00, 0x00, 0x01, 0x00, 0x00, 0x00, 0xCE, 0x01, 0x0E, 0x00, 0x3D, 0x00, 0x00,
	0x00, 0xE0, 0x01, 0x01, 0x46, 0x05, 0x00, 0x3D, 0x7F, 0xC0, 0x03, 0x00, 0x00, 0x03, 0x00, 0x00,
	0x00, 0x4C, 0x01, 0x40, 0x69, 0x51, 0x44, 0x99, 0x01, 0x00, 0x00, 0x00, 0x00, 0x00, 0x00, 0x0B,
	0x00, 0x58, 0x00, 0x18, 0x01, 0x02, 0x10, 0x00, 0x00, 0xDE, 0x1B, 0x40, 0xD7, 0x43, 0x00, 0x00,
	0x00, 0x00, 0x00, 0x00, 0x00, 0x00, 0x00, 0xDC, 0x80, 0x58, 0x80, 0x01, 0x00, 0x00, 0x00, 0x00,
	0x00, 0x80, 0x0B, 0x2E, 0x80, 0x3C, 0x00, 0x00, 0x00, 0xE0, 0x81, 0x01, 0x06, 0x09, 0x00, 0x00,
	0x00, 0x00, 0x00, 0x00, 0x00, 0x00, 0x00, 0x00, 0x00, 0x00, 0x00, 0x00, 0x00, 0x14, 0x00, 0x00,
	0x00, 0x00, 0x00, 0x00, 0x00, 0x00, 0x00, 0x0E, 0x80, 0x3C, 0x00, 0x00, 0x00, 0xE0, 0x81, 0x01,
	0xA4, 0x01, 0x00, 0x3D, 0xFF, 0xC3, 0x03, 0x00, 0x00, 0x01, 0x00, 0x00, 0x00, 0xCE, 0x01, 0x0E,
	0x00, 0x3D, 0x00, 0x00, 0x00, 0xE0, 0x01, 0x01, 0x64, 0x05, 0x00, 0x3D, 0x7F, 0xC0, 0x03, 0x00,
	0x00, 0x03, 0x00, 0x00, 0x00, 0x4C, 0x01, 0x40, 0x69, 0x51, 0x44, 0x99, 0x01, 0x00, 0x00, 0x00,
	0x00, 0x00, 0x00, 0x0B, 0x00, 0x58, 0x00, 0x18, 0x01, 0x02, 0x10, 0x00, 0x00, 0xDE, 0x1B, 0x40,
	0xD7, 0x43, 0x00, 0x00, 0x00, 0x00, 0x00, 0x00, 0x00, 0x00, 0x00, 0xDC, 0x80, 0x58, 0x80, 0x01,
	0x00, 0x00, 0x00, 0x00, 0x00, 0x80, 0x0B, 0x2E, 0x80, 0x3C, 0x00, 0x00, 0x00, 0xE0, 0x81, 0x01,
	0x24, 0x09, 0x00, 0x00, 0x00, 0x00, 0x00, 0x00, 0x00, 0x00, 0x00, 0x00, 0x00, 0x00, 0x00, 0x00,
	0x00, 0x14, 0x00, 0x00, 0x00, 0x00, 0x00, 0x00, 0x00, 0x00, 0x00, 0x0E, 0x80, 0x3C, 0x00, 0x00,
	0x00, 0xE0, 0x81, 0x01, 0xC2, 0x01, 0x00, 0x3D, 0xFF, 0xC3, 0x03, 0x00, 0x00, 0x01, 0x00, 0x00,
	0x00, 0xCE, 0x01, 0x0E, 0x00, 0x3D, 0x00, 0x00, 0x00, 0xE0, 0x01, 0x01, 0x82, 0x05, 0x00, 0x3D,
	0x7F, 0xC0, 0x03, 0x00, 0x00, 0x03, 0x00, 0x00, 0x00, 0x4C, 0x01, 0x40, 0x69, 0x51, 0x44, 0x99,
	0x01, 0x00, 0x00, 0x00, 0x00, 0x00, 0x00, 0x0B, 0x00, 0x58, 0x00, 0x18, 0x01, 0x02, 0x10, 0x00,
	0x00, 0xDE, 0x1B, 0x40, 0xD7, 0x43, 0x00, 0x00, 0x00, 0x00, 0x00, 0x00, 0x00, 0x00, 0x00, 0xDC,
	0x80, 0x58, 0x80, 0x01, 0x00, 0x00, 0x00, 0x00, 0x00, 0x80, 0x0B, 0x2E, 0x80, 0x3C, 0x00, 0x00,
	0x00, 0xE0, 0x81, 0x01, 0x42, 0x09, 0x00, 0x00, 0x00, 0x00, 0x00, 0x00, 0x00, 0x00, 0x00, 0x00,
	0x00, 0x00, 0x00, 0x00, 0x00, 0x14, 0x00, 0x00, 0x00, 0x00, 0x00, 0x00, 0x00, 0x00, 0x00, 0x00,
	0x00, 0x00, 0x00, 0x00, 0x00, 0x00, 0x00, 0x00, 0x00, 0x00, 0x00, 0x00, 0x00, 0x14, 0x00, 0x00,
	0x00, 0x00, 0x00, 0x00, 0x00, 0x00, 0x00, 0x0E, 0x00, 0x1C, 0x00, 0x00, 0x00, 0xE0, 0x01, 0x00,
	0x00, 0x0F, 0x00, 0x28, 0x00, 0x00, 0x00, 0x00, 0x00, 0x00, 0x00, 0x00, 0x00, 0x00, 0x00, 0x38,
	0x00, 0x00, 0x00, 0x00, 0x00, 0x00, 0x00, 0x00, 0x00, 0x84, 0x2B, 0x16, 0x20, 0x01, 0x00, 0x00,
	0x00, 0x03, 0x00, 0x10, 0x2B, 0x00, 0x00, 0x26, 0x00, 0x00, 0x80, 0x01, 0x80, 0x00, 0x00, 0x28,
	0x01, 0x00, 0x00, 0x29, 0xB0, 0x2C, 0x30, 0x20, 0x00, 0x00, 0x12, 0x68, 0x80, 0x00, 0x00, 0x16,
	0x00, 0x00, 0x00, 0x03, 0x00, 0x03, 0x00, 0x00, 0x2B, 0x00, 0x00, 0x26, 0x00, 0x00, 0x00, 0x02,
	0x80, 0x00, 0x00, 0x00, 0x01, 0x00, 0x00, 0x29, 0xD8, 0x34, 0x30, 0x20, 0x00, 0x00, 0x00, 0x00,
	0x80, 0x00, 0x00, 0x2E, 0x00, 0x26, 0x00, 0x00, 0x00, 0xE0, 0x41, 0x01, 0x00, 0x00, 0x00, 0x00,
	0x00, 0x00, 0x00, 0x00, 0x00, 0x00, 0x00, 0x00, 0x00, 0x00, 0x00, 0x00, 0x00, 0x14, 0x00, 0x00,
	0x00, 0x00, 0x00, 0x00, 0x00, 0x00, 0x00, 0x0E, 0x00, 0x1C, 0x00, 0x00, 0x00, 0xE0, 0x01, 0x00,
	0x28, 0x0F, 0x00, 0x28, 0x00, 0x00, 0x00, 0x00, 0x00, 0x00, 0x00, 0x00, 0x00, 0x00, 0x00, 0x38,
	0x00, 0x00, 0x00, 0x00, 0x00, 0x00, 0x00, 0x00, 0x00, 0x84, 0x2B, 0x16, 0x20, 0x01, 0x00, 0x00,
	0x00, 0x03, 0x00, 0x10, 0x2B, 0x00, 0x00, 0x26, 0x00, 0x00, 0x80, 0x01, 0x80, 0x00, 0x00, 0x3C,
	0x01, 0x00, 0x00, 0x29, 0xB0, 0x2C, 0x30, 0x20, 0x00, 0x00, 0x12, 0x7C, 0x80, 0x00, 0x00, 0x16,
	0x00, 0x00, 0x00, 0x03, 0x00, 0x03, 0x00, 0x00, 0x2B, 0x00, 0x00, 0x26, 0x00, 0x00, 0x00, 0x02,
	0x80, 0x00, 0x00, 0x14, 0x01, 0x00, 0x00, 0x29, 0xD8, 0x34, 0x30, 0x20, 0x00, 0x00, 0x00, 0x14,
	0x80, 0x00, 0x00, 0x2E, 0x00, 0x26, 0x00, 0x00, 0x00, 0xE0, 0x41, 0x01, 0x28, 0x00, 0x00, 0x00,
	0x00, 0x00, 0x00, 0x00, 0x00, 0x00, 0x00, 0x00, 0x00, 0x00, 0x00, 0x00, 0x00, 0x14, 0x00, 0x00,
	0x00, 0x00, 0x00, 0x00, 0x00, 0x00, 0x00, 0x0E, 0x00, 0x1C, 0x00, 0x00, 0x00, 0xE0, 0x01, 0x00,
	0x50, 0x0F, 0x00, 0x28, 0x00, 0x00, 0x00, 0x00, 0x00, 0x00, 0x00, 0x00, 0x00, 0x00, 0x00, 0x38,
	0x00, 0x00, 0x00, 0x00, 0x00, 0x00, 0x00, 0x00, 0x00, 0x84, 0x2B, 0x16, 0x20, 0x01, 0x00, 0x00,
	0x00, 0x03, 0x00, 0x10, 0x2B, 0x00, 0x00, 0x26, 0x00, 0x00, 0x80, 0x01, 0x80, 0x00, 0x00, 0x28,
	0x01, 0x00, 0x00, 0x29, 0xB0, 0x2C, 0x30, 0x20, 0x00, 0x00, 0x12, 0x68, 0x80, 0x00, 0x00, 0x16,
	0x00, 0x00, 0x00, 0x03, 0x00, 0x03, 0x00, 0x00, 0x2B, 0x00, 0x00, 0x26, 0x00, 0x00, 0x00, 0x02,
	0x80, 0x00, 0x00, 0x00, 0x01, 0x00, 0x00, 0x29, 0xD8, 0x34, 0x30, 0x20, 0x00, 0x00, 0x00, 0x00,
	0x80, 0x00, 0x00, 0x2E, 0x00, 0x26, 0x00, 0x00, 0x00, 0xE0, 0x41, 0x01, 0x50, 0x00, 0x00, 0x00,
	0x00, 0x00, 0x00, 0x00, 0x00, 0x00, 0x00, 0x00, 0x00, 0x00, 0x00, 0x00, 0x00, 0x14, 0x00, 0x00,
	0x00, 0x00, 0x00, 0x00, 0x00, 0x00, 0x00, 0x0E, 0x00, 0x1C, 0x00, 0x00, 0x00, 0xE0, 0x01, 0x00,
	0x78, 0x0F, 0x00, 0x28, 0x00, 0x00, 0x00, 0x00, 0x00, 0x00, 0x00, 0x00, 0x00, 0x00, 0x00, 0x38,
	0x00, 0x00, 0x00, 0x00, 0x00, 0x00, 0x00, 0x00, 0x00, 0x84, 0x2B, 0x16, 0x20, 0x01, 0x00, 0x00,
	0x00, 0x03, 0x00, 0x10, 0x2B, 0x00, 0x00, 0x26, 0x00, 0x00, 0x80, 0x01, 0x80, 0x00, 0x00, 0x3C,
	0x01, 0x00, 0x00, 0x29, 0xB0, 0x2C, 0x30, 0x20, 0x00, 0x00, 0x12, 0x7C, 0x80, 0x00, 0x00, 0x16,
	0x00, 0x00, 0x00, 0x03, 0x00, 0x03, 0x00, 0x00, 0x2B, 0x00, 0x00, 0x26, 0x00, 0x00, 0x00, 0x02,
	0x80, 0x00, 0x00, 0x14, 0x01, 0x00, 0x00, 0x29, 0xD8, 0x34, 0x30, 0x20, 0x00, 0x00, 0x00, 0x14,
	0x80, 0x00, 0x00, 0x2E, 0x00, 0x26, 0x00, 0x00, 0x00, 0xE0, 0x41, 0x01, 0x78, 0x00, 0x00, 0x00,
	0x00, 0x00, 0x00, 0x00, 0x00, 0x00, 0x00, 0x00, 0x00, 0x00, 0x00, 0x00, 0x00, 0x14, 0x00, 0x00,
	0x00, 0x00, 0x00, 0x00, 0x00, 0x00, 0x00, 0x0E, 0x00, 0x1C, 0x00, 0x00, 0x00, 0xE0, 0x01, 0x00,
	0xA0, 0x0F, 0x00, 0x28, 0x00, 0x00, 0x00, 0x00, 0x00, 0x00, 0x00, 0x00, 0x00, 0x00, 0x00, 0x38,
	0x00, 0x00, 0x00, 0x00, 0x00, 0x00, 0x00, 0x00, 0x00, 0x84, 0x2B, 0x16, 0x20, 0x01, 0x00, 0x00,
	0x00, 0x03, 0x00, 0x10, 0x2B, 0x00, 0x00, 0x26, 0x00, 0x00, 0x80, 0x01, 0x80, 0x00, 0x00, 0x28,
	0x01, 0x00, 0x00, 0x29, 0xB0, 0x2C, 0x30, 0x20, 0x00, 0x00, 0x12, 0x68, 0x80, 0x00, 0x00, 0x16,
	0x00, 0x00, 0x00, 0x03, 0x00, 0x03, 0x00, 0x00, 0x2B, 0x00, 0x00, 0x26, 0x00, 0x00, 0x00, 0x02,
	0x80, 0x00, 0x00, 0x00, 0x01, 0x00, 0x00, 0x29, 0xD8, 0x34, 0x30, 0x20, 0x00, 0x00, 0x00, 0x00,
	0x80, 0x00, 0x00, 0x2E, 0x00, 0x26, 0x00, 0x00, 0x00, 0xE0, 0x41, 0x01, 0xA0, 0x00, 0x00, 0x00,
	0x00, 0x00, 0x00, 0x00, 0x00, 0x00, 0x00, 0x00, 0x00, 0x00, 0x00, 0x00, 0x00, 0x14, 0x00, 0x00,
	0x00, 0x00, 0x00, 0x00, 0x00, 0x00, 0x00, 0x0E, 0x00, 0x1C, 0x00, 0x00, 0x00, 0xE0, 0x01, 0x00,
	0xC8, 0x0F, 0x00, 0x28, 0x00, 0x00, 0x00, 0x00, 0x00, 0x00, 0x00, 0x00, 0x00, 0x00, 0x00, 0x38,
	0x00, 0x00, 0x00, 0x00, 0x00, 0x00, 0x00, 0x00, 0x00, 0x84, 0x2B, 0x16, 0x20, 0x01, 0x00, 0x00,
	0x00, 0x03, 0x00, 0x10, 0x2B, 0x00, 0x00, 0x26, 0x00, 0x00, 0x80, 0x01, 0x80, 0x00, 0x00, 0x3C,
	0x01, 0x00, 0x00, 0x29, 0xB0, 0x2C, 0x30, 0x20, 0x00, 0x00, 0x12, 0x7C, 0x80, 0x00, 0x00, 0x16,
	0x00, 0x00, 0x00, 0x03, 0x00, 0x03, 0x00, 0x00, 0x2B, 0x00, 0x00, 0x26, 0x00, 0x00, 0x00, 0x02,
	0x80, 0x00, 0x00, 0x14, 0x01, 0x00, 0x00, 0x29, 0xD8, 0x34, 0x30, 0x20, 0x00, 0x00, 0x00, 0x14,
	0x80, 0x00, 0x00, 0x2E, 0x00, 0x26, 0x00, 0x00, 0x00, 0xE0, 0x41, 0x01, 0xC8, 0x00, 0x00, 0x00,
	0x00, 0x00, 0x00, 0x00, 0x00, 0x00, 0x00, 0x00, 0x00, 0x00, 0x00, 0x00, 0x00, 0x14, 0x00, 0x00,
	0x00, 0x00, 0x00, 0x00, 0x00, 0x00, 0x00, 0x0E, 0x00, 0x1C, 0x00, 0x00, 0x00, 0xE0, 0x01, 0x00,
	0xF0, 0x0F, 0x00, 0x28, 0x00, 0x00, 0x00, 0x00, 0x00, 0x00, 0x00, 0x00, 0x00, 0x00, 0x00, 0x38,
	0x00, 0x00, 0x00, 0x00, 0x00, 0x00, 0x00, 0x00, 0x00, 0x84, 0x2B, 0x16, 0x20, 0x01, 0x00, 0x00,
	0x00, 0x03, 0x00, 0x10, 0x2B, 0x00, 0x00, 0x26, 0x00, 0x00, 0x80, 0x01, 0x80, 0x00, 0x00, 0x28,
	0x01, 0x00, 0x00, 0x29, 0xB0, 0x2C, 0x30, 0x20, 0x00, 0x00, 0x12, 0x68, 0x80, 0x00, 0x00, 0x16,
	0x00, 0x00, 0x00, 0x03, 0x00, 0x03, 0x00, 0x00, 0x2B, 0x00, 0x00, 0x26, 0x00, 0x00, 0x00, 0x02,
	0x80, 0x00, 0x00, 0x00, 0x01, 0x00, 0x00, 0x29, 0xD8, 0x34, 0x30, 0x20, 0x00, 0x00, 0x00, 0x00,
	0x80, 0x00, 0x00, 0x2E, 0x00, 0x26, 0x00, 0x00, 0x00, 0xE0, 0x41, 0x01, 0xF0, 0x00, 0x00, 0x00,
	0x00, 0x00, 0x00, 0x00, 0x00, 0x00, 0x00, 0x00, 0x00, 0x00, 0x00, 0x00, 0x00, 0x14, 0x00, 0x00,
	0x00, 0x00, 0x00, 0x00, 0x00, 0x00, 0x00, 0x0E, 0x00, 0x1C, 0x00, 0x00, 0x00, 0xE0, 0x01, 0x00,
	0x18, 0x10, 0x00, 0x28, 0x00, 0x00, 0x00, 0x00, 0x00, 0x00, 0x00, 0x00, 0x00, 0x00, 0x00, 0x38,
	0x00, 0x00, 0x00, 0x00, 0x00, 0x00, 0x00, 0x00, 0x00, 0x84, 0x2B, 0x16, 0x20, 0x01, 0x00, 0x00,
	0x00, 0x03, 0x00, 0x10, 0x2B, 0x00, 0x00, 0x26, 0x00, 0x00, 0x80, 0x01, 0x80, 0x00, 0x00, 0x3C,
	0x01, 0x00, 0x00, 0x29, 0xB0, 0x2C, 0x30, 0x20, 0x00, 0x00, 0x12, 0x7C, 0x80, 0x00, 0x00, 0x16,
	0x00, 0x00, 0x00, 0x03, 0x00, 0x03, 0x00, 0x00, 0x2B, 0x00, 0x00, 0x26, 0x00, 0x00, 0x00, 0x02,
	0x80, 0x00, 0x00, 0x14, 0x01, 0x00, 0x00, 0x29, 0xD8, 0x34, 0x30, 0x20, 0x00, 0x00, 0x00, 0x14,
	0x80, 0x00, 0x00, 0x2E, 0x00, 0x26, 0x00, 0x00, 0x00, 0xE0, 0x41, 0x01, 0x18, 0x01, 0x00, 0x00,
	0x00, 0x00, 0x00, 0x00, 0x00, 0x00, 0x00, 0x00, 0x00, 0x00, 0x00, 0x00, 0x00, 0x14, 0x00, 0x00,
	0x00, 0x00, 0x00, 0x00, 0x00, 0x00, 0x00, 0x0E, 0x00, 0x1C, 0x00, 0x00, 0x00, 0xE0, 0x01, 0x00,
	0x40, 0x10, 0x00, 0x28, 0x00, 0x00, 0x00, 0x00, 0x00, 0x00, 0x00, 0x00, 0x00, 0x00, 0x00, 0x38,
	0x00, 0x00, 0x00, 0x00, 0x00, 0x00, 0x00, 0x00, 0x00, 0x84, 0x2B, 0x16, 0x20, 0x01, 0x00, 0x00,
	0x00, 0x03, 0x00, 0x10, 0x2B, 0x00, 0x00, 0x26, 0x00, 0x00, 0x80, 0x01, 0x80, 0x00, 0x00, 0x28,
	0x01, 0x00, 0x00, 0x29, 0xB0, 0x2C, 0x30, 0x20, 0x00, 0x00, 0x12, 0x68, 0x80, 0x00, 0x00, 0x16,
	0x00, 0x00, 0x00, 0x03, 0x00, 0x03, 0x00, 0x00, 0x2B, 0x00, 0x00, 0x26, 0x00, 0x00, 0x00, 0x02,
	0x80, 0x00, 0x00, 0x00, 0x01, 0x00, 0x00, 0x29, 0xD8, 0x34, 0x30, 0x20, 0x00, 0x00, 0x00, 0x00,
	0x80, 0x00, 0x00, 0x2E, 0x00, 0x26, 0x00, 0x00, 0x00, 0xE0, 0x41, 0x01, 0x40, 0x01, 0x00, 0x00,
	0x00, 0x00, 0x00, 0x00, 0x00, 0x00, 0x00, 0x00, 0x00, 0x00, 0x00, 0x00, 0x00, 0x14, 0x00, 0x00,
	0x00, 0x00, 0x00, 0x00, 0x00, 0x00, 0x00, 0x0E, 0x00, 0x1C, 0x00, 0x00, 0x00, 0xE0, 0x01, 0x00,
	0x68, 0x10, 0x00, 0x28, 0x00, 0x00, 0x00, 0x00, 0x00, 0x00, 0x00, 0x00, 0x00, 0x00, 0x00, 0x38,
	0x00, 0x00, 0x00, 0x00, 0x00, 0x00, 0x00, 0x00, 0x00, 0x84, 0x2B, 0x16, 0x20, 0x01, 0x00, 0x00,
	0x00, 0x03, 0x00, 0x10, 0x2B, 0x00, 0x00, 0x26, 0x00, 0x00, 0x80, 0x01, 0x80, 0x00, 0x00, 0x3C,
	0x01, 0x00, 0x00, 0x29, 0xB0, 0x2C, 0x30, 0x20, 0x00, 0x00, 0x12, 0x7C, 0x80, 0x00, 0x00, 0x16,
	0x00, 0x00, 0x00, 0x03, 0x00, 0x03, 0x00, 0x00, 0x2B, 0x00, 0x00, 0x26, 0x00, 0x00, 0x00, 0x02,
	0x80, 0x00, 0x00, 0x14, 0x01, 0x00, 0x00, 0x29, 0xD8, 0x34, 0x30, 0x20, 0x00, 0x00, 0x00, 0x14,
	0x80, 0x00, 0x00, 0x2E, 0x00, 0x26, 0x00, 0x00, 0x00, 0xE0, 0x41, 0x01, 0x68, 0x01, 0x00, 0x00,
	0x00, 0x00, 0x00, 0x00, 0x00, 0x00, 0x00, 0x00, 0x00, 0x00, 0x00, 0x00, 0x00, 0x14, 0x00, 0x00,
	0x00, 0x00, 0x00, 0x00, 0x00, 0x00, 0x00, 0x0E, 0x00, 0x1C, 0x00, 0x00, 0x00, 0xE0, 0x01, 0x00,
	0x90, 0x10, 0x00, 0x28, 0x00, 0x00, 0x00, 0x00, 0x00, 0x00, 0x00, 0x00, 0x00, 0x00, 0x00, 0x38,
	0x00, 0x00, 0x00, 0x00, 0x00, 0x00, 0x00, 0x00, 0x00, 0x84, 0x2B, 0x16, 0x20, 0x01, 0x00, 0x00,
	0x00, 0x03, 0x00, 0x10, 0x2B, 0x00, 0x00, 0x26, 0x00, 0x00, 0x80, 0x01, 0x80, 0x00, 0x00, 0x28,
	0x01, 0x00, 0x00, 0x29, 0xB0, 0x2C, 0x30, 0x20, 0x00, 0x00, 0x12, 0x68, 0x80, 0x00, 0x00, 0x16,
	0x00, 0x00, 0x00, 0x03, 0x00, 0x03, 0x00, 0x00, 0x2B, 0x00, 0x00, 0x26, 0x00, 0x00, 0x00, 0x02,
	0x80, 0x00, 0x00, 0x00, 0x01, 0x00, 0x00, 0x29, 0xD8, 0x34, 0x30, 0x20, 0x00, 0x00, 0x00, 0x00,
	0x80, 0x00, 0x00, 0x2E, 0x00, 0x26, 0x00, 0x00, 0x00, 0xE0, 0x41, 0x01, 0x90, 0x01, 0x00, 0x00,
	0x00, 0x00, 0x00, 0x00, 0x00, 0x00, 0x00, 0x00, 0x00, 0x00, 0x00, 0x00, 0x00, 0x14, 0x00, 0x00,
	0x00, 0x00, 0x00, 0x00, 0x00, 0x00, 0x00, 0x0E, 0x00, 0x1C, 0x00, 0x00, 0x00, 0xE0, 0x01, 0x00,
	0xB8, 0x10, 0x00, 0x28, 0x00, 0x00, 0x00, 0x00, 0x00, 0x00, 0x00, 0x00, 0x00, 0x00, 0x00, 0x38,
	0x00, 0x00, 0x00, 0x00, 0x00, 0x00, 0x00, 0x00, 0x00, 0x84, 0x2B, 0x16, 0x20, 0x01, 0x00, 0x00,
	0x00, 0x03, 0x00, 0x10, 0x2B, 0x00, 0x00, 0x26, 0x00, 0x00, 0x80, 0x01, 0x80, 0x00, 0x00, 0x3C,
	0x01, 0x00, 0x00, 0x29, 0xB0, 0x2C, 0x30, 0x20, 0x00, 0x00, 0x12, 0x7C, 0x80, 0x00, 0x00, 0x16,
	0x00, 0x00, 0x00, 0x03, 0x00, 0x03, 0x00, 0x00, 0x2B, 0x00, 0x00, 0x26, 0x00, 0x00, 0x00, 0x02,
	0x80, 0x00, 0x00, 0x14, 0x01, 0x00, 0x00, 0x29, 0xD8, 0x34, 0x30, 0x20, 0x00, 0x00, 0x00, 0x14,
	0x80, 0x00, 0x00, 0x2E, 0x00, 0x26, 0x00, 0x00, 0x00, 0xE0, 0x41, 0x01, 0xB8, 0x01, 0x00, 0x00,
	0x00, 0x00, 0x00, 0x00, 0x00, 0x00, 0x00, 0x00, 0x00, 0x00, 0x00, 0x00, 0x00, 0x14, 0x00, 0x00,
	0x00, 0x00, 0x00, 0x00, 0x00, 0x00, 0x00, 0x00, 0x00, 0x00, 0x00, 0x00, 0x00, 0x00, 0x00, 0x00,
	0x00, 0x00, 0x00, 0x00, 0x00, 0x14, 0x00, 0x00, 0x00, 0x00, 0x00, 0x00, 0x00, 0x00, 0x00, 0x0E,
	0x00, 0x43, 0x00, 0x00, 0x00, 0xE0, 0x01, 0x01, 0x80, 0x07, 0x00, 0x3D, 0xFF, 0xC3, 0x03, 0x00,
	0x00, 0x06, 0x00, 0x00, 0x00, 0x4A, 0x01, 0x0D, 0x80, 0x5C, 0x00, 0x00, 0x00, 0x0C, 0x00, 0x00,
	0x00, 0x0C, 0x01, 0x0E, 0x00, 0x43, 0x00, 0x00, 0x00, 0xE0, 0x01, 0x01, 0x00, 0x00, 0x00, 0x3D,
	0xFF, 0xC3, 0x03, 0x00, 0x00, 0x06, 0x00, 0x00, 0x00, 0x4A, 0x01, 0x55, 0x00, 0x44, 0x00, 0x00,
	0x00, 0x8C, 0x00, 0x00, 0x00, 0x00, 0x01, 0x75, 0x00, 0x47, 0x00, 0x01, 0x00, 0x80, 0x00, 0x00,
	0x00, 0x0C, 0x00, 0x55, 0x00, 0x44, 0x00, 0x00, 0x00, 0x8C, 0x00, 0x00, 0x00, 0x01, 0x01, 0x75,
	0x80, 0x45, 0x00, 0x00, 0x00, 0x80, 0x00, 0x00, 0x00, 0x0E, 0x00, 0x55, 0x00, 0x44, 0x00, 0x00,
	0x00, 0x86, 0x00, 0x00, 0x00, 0x40, 0x01, 0x75, 0x80, 0x45, 0x00, 0x01, 0x00, 0x80, 0x00, 0x00,
	0x00, 0x0E, 0x00, 0x28, 0x00, 0x00, 0x00, 0x00, 0x00, 0x00, 0x00, 0x00, 0x00, 0x00, 0x00, 0x38,
	0x00, 0x00, 0x00, 0x00, 0x00, 0x00, 0x00, 0x00, 0x00, 0x84, 0x23, 0x16, 0x20, 0x01, 0x00, 0x02,
	0x00, 0x03, 0x00, 0x10, 0x2C, 0x00, 0x00, 0x26, 0x00, 0x00, 0x80, 0x02, 0x80, 0x00, 0x00, 0x28,
	0x01, 0x00, 0x00, 0x29, 0x00, 0x60, 0x64, 0x20, 0x10, 0x03, 0x12, 0x68, 0x80, 0x00, 0x00, 0x16,
	0x00, 0x00, 0x00, 0x01, 0x00, 0x03, 0x00, 0x00, 0x2D, 0x00, 0x00, 0x26, 0x00, 0x00, 0x00, 0x03,
	0x80, 0x00, 0x00, 0x00, 0x01, 0x00, 0x00, 0x29, 0x14, 0x60, 0x64, 0x20, 0x10, 0x03, 0x00, 0x00,
	0x80, 0x00, 0x00, 0x16, 0x20, 0x01, 0x00, 0x00, 0x00, 0x03, 0x00, 0x10, 0x2E, 0x00, 0x00, 0x26,
	0x00, 0x00, 0x80, 0x03, 0x80, 0x00, 0x00, 0x3C, 0x01, 0x00, 0x00, 0x29, 0x28, 0x60, 0x64, 0x20,
	0x10, 0x03, 0x12, 0x7C, 0x80, 0x00, 0x00, 0x28, 0x00, 0x00, 0x00, 0x00, 0x00, 0x00, 0x00, 0x00,
	0x00, 0x00, 0x00, 0x38, 0x00, 0x00, 0x00, 0x00, 0x00, 0x00, 0x00, 0x00, 0x00, 0x86, 0x33, 0x16,
	0x00, 0x00, 0x00, 0x03, 0x00, 0x1B, 0x00, 0x00, 0x2E, 0x00, 0x00, 0x26, 0x00, 0x00, 0x00, 0x00,
	0x80, 0x00, 0x00, 0x14, 0x02, 0x00, 0x00, 0x29, 0xE7, 0x68, 0x6C, 0x04, 0x00, 0x00, 0x00, 0x14,
	0x80, 0x00, 0x00, 0x16, 0x20, 0x01, 0x00, 0x02, 0x00, 0x1B, 0x00, 0x10, 0x35, 0x00, 0x00, 0x26,
	0x00, 0x00, 0x80, 0x00, 0x80, 0x00, 0x00, 0x28, 0x02, 0x00, 0x00, 0x29, 0xEC, 0x68, 0x6C, 0x04,
	0x00, 0x00, 0x12, 0x68, 0x80, 0x00, 0x00, 0x16, 0x00, 0x00, 0x00, 0x01, 0x00, 0x1B, 0x00, 0x00,
	0x3C, 0x00, 0x00, 0x26, 0x00, 0x00, 0x00, 0x01, 0x80, 0x00, 0x00, 0x00, 0x02, 0x00, 0x00, 0x29,
	0xF1, 0x68, 0x6C, 0x04, 0x00, 0x00, 0x00, 0x00, 0x80, 0x00, 0x00, 0x16, 0x20, 0x01, 0x00, 0x00,
	0x00, 0x1B, 0x00, 0x10, 0x43, 0x00, 0x00, 0x26, 0x00, 0x00, 0x80, 0x01, 0x80, 0x00, 0x00, 0x3C,
	0x02, 0x00, 0x00, 0x29, 0xF6, 0x68, 0x6C, 0x04, 0x00, 0x00, 0x12, 0x7C, 0x80, 0x00, 0x00, 0x16,
	0x00, 0x00, 0x00, 0x03, 0x00, 0x1B, 0x00, 0x00, 0x49, 0x00, 0x00, 0x26, 0x00, 0x00, 0x00, 0x02,
	0x80, 0x00, 0x00, 0x14, 0x02, 0x00, 0x00, 0x29, 0xFB, 0x68, 0x6C, 0x04, 0x00, 0x00, 0x00, 0x14,
	0x80, 0x00, 0x00, 0x2E, 0xE0, 0x48, 0x00, 0x00, 0x00, 0x78, 0xC0, 0x01, 0xC0, 0x03, 0x00, 0x00,
	0x00, 0x00, 0x00, 0x00, 0x00, 0x00, 0x00, 0x00, 0x00, 0x00, 0x00, 0x00, 0x00, 0x14, 0x00, 0x00,
	0x00, 0x00, 0x00, 0x00, 0x00, 0x00, 0x00, 0x0E, 0xC0, 0x4D, 0x00, 0x00, 0x00, 0xE0, 0x81, 0x00,
	0x8F, 0x07, 0x00, 0x3D, 0xFF, 0xC3, 0x03, 0x00, 0x80, 0x03, 0x00, 0x00, 0x00, 0xC6, 0x00, 0x0D,
	0xA0, 0x72, 0x00, 0x00, 0x00, 0x07, 0x00, 0x00, 0x00, 0x8A, 0x00, 0x0E, 0xC0, 0x4D, 0x00, 0x00,
	0x00, 0xE0, 0x81, 0x00, 0x0F, 0x00, 0x00, 0x06, 0x00, 0x00, 0x00, 0x00, 0x00, 0x08, 0x00, 0x00,
	0x90, 0x00, 0x00, 0x08, 0x00, 0x00, 0x00, 0x00, 0x00, 0x00, 0x00, 0x00, 0x00, 0x00, 0x00, 0x18,
	0x00, 0x00, 0x00, 0x00, 0x00, 0x00, 0x00, 0x00, 0x00, 0x00, 0x00, 0x3D, 0xFF, 0xC3, 0x03, 0x00,
	0x80, 0x03, 0x00, 0x00, 0x00, 0xC6, 0x00, 0x55, 0x00, 0x50, 0x00, 0x00, 0x00, 0x87, 0x00, 0x00,
	0x00, 0x80, 0x00, 0x75, 0xC0, 0x51, 0x00, 0x01, 0x00, 0x80, 0x00, 0x00, 0x00, 0x0C, 0x00, 0x55,
	0x00, 0x50, 0x00, 0x00, 0x00, 0x87, 0x00, 0x00, 0x00, 0x81, 0x00, 0x75, 0xE0, 0x50, 0x00, 0x00,
	0x00, 0x80, 0x00, 0x00, 0x00, 0x0E, 0x00, 0x55, 0x00, 0x50, 0x00, 0x00, 0x80, 0x83, 0x00, 0x00,
	0x00, 0xC0, 0x00, 0x75, 0xE0, 0x50, 0x00, 0x01, 0x00, 0x80, 0x00, 0x00, 0x00, 0x0E, 0x00, 0x28,
	0x00, 0x00, 0x00, 0x00, 0x00, 0x00, 0x00, 0x00, 0x00, 0x00, 0x00, 0x38, 0x00, 0x00, 0x00, 0x00,
	0x00, 0x00, 0x00, 0x00, 0x00, 0x84, 0x23, 0x16, 0x20, 0x01, 0x00, 0x02, 0x00, 0x03, 0x00, 0x10,
	0x2C, 0x00, 0x00, 0x26, 0x00, 0x00, 0x80, 0x02, 0x80, 0x00, 0x00, 0x28, 0x01, 0x00, 0x00, 0x29,
	0x00, 0x74, 0x78, 0x20, 0xD4, 0x02, 0x12, 0x68, 0x80, 0x00, 0x00, 0x16, 0x00, 0x00, 0x00, 0x01,
	0x00, 0x03, 0x00, 0x00, 0x2D, 0x00, 0x00, 0x26, 0x00, 0x00, 0x00, 0x03, 0x80, 0x00, 0x00, 0x00,
	0x01, 0x00, 0x00, 0x29, 0x19, 0x74, 0x78, 0x20, 0xD4, 0x02, 0x00, 0x00, 0x80, 0x00, 0x00, 0x16,
	0x20, 0x01, 0x00, 0x00, 0x00, 0x03, 0x00, 0x10, 0x2E, 0x00, 0x00, 0x26, 0x00, 0x00, 0x80, 0x03,
	0x80, 0x00, 0x00, 0x3C, 0x01, 0x00, 0x00, 0x29, 0x32, 0x74, 0x78, 0x20, 0xD4, 0x02, 0x12, 0x7C,
	0x80, 0x00, 0x00, 0x28, 0x00, 0x00, 0x00, 0x00, 0x00, 0x00, 0x00, 0x00, 0x00, 0x00, 0x00, 0x38,
	0x00, 0x00, 0x00, 0x00, 0x00, 0x00, 0x00, 0x00, 0x00, 0x86, 0x33, 0x16, 0x00, 0x00, 0x00, 0x03,
	0x00, 0x1B, 0x00, 0x00, 0x2E, 0x00, 0x00, 0x26, 0x00, 0x00, 0x00, 0x00, 0x80, 0x00, 0x00, 0x14,
	0x02, 0x00, 0x00, 0x29, 0xE7, 0x68, 0x7C, 0x10, 0x00, 0x00, 0x00, 0x14, 0x80, 0x00, 0x00, 0x16,
	0x20, 0x01, 0x00, 0x02, 0x00, 0x1B, 0x00, 0x10, 0x35, 0x00, 0x00, 0x26, 0x00, 0x00, 0x80, 0x00,
	0x80, 0x00, 0x00, 0x28, 0x02, 0x00, 0x00, 0x29, 0xEC, 0x68, 0x7C, 0x10, 0x00, 0x00, 0x12, 0x68,
	0x80, 0x00, 0x00, 0x16, 0x00, 0x00, 0x00, 0x01, 0x00, 0x1B, 0x00, 0x00, 0x3C, 0x00, 0x00, 0x26,
	0x00, 0x00, 0x00, 0x01, 0x80, 0x00, 0x00, 0x00, 0x02, 0x00, 0x00, 0x29, 0xF1, 0x68, 0x7C, 0x10,
	0x00, 0x00, 0x00, 0x00, 0x80, 0x00, 0x00, 0x16, 0x20, 0x01, 0x00, 0x00, 0x00, 0x1B, 0x00, 0x10,
	0x43, 0x00, 0x00, 0x26, 0x00, 0x00, 0x80, 0x01, 0x80, 0x00, 0x00, 0x3C, 0x02, 0x00, 0x00, 0x29,
	0xF6, 0x68, 0x7C, 0x10, 0x00, 0x00, 0x12, 0x7C, 0x80, 0x00, 0x00, 0x16, 0x00, 0x00, 0x00, 0x03,
	0x00, 0x1B, 0x00, 0x00, 0x49, 0x00, 0x00, 0x26, 0x00, 0x00, 0x00, 0x02, 0x80, 0x00, 0x00, 0x14,
	0x02, 0x00, 0x00, 0x29, 0xFB, 0x68, 0x7C, 0x10, 0x00, 0x00, 0x00, 0x14, 0x80, 0x00, 0x00, 0x2E,
	0xE0, 0x48, 0x00, 0x00, 0x00, 0x78, 0xC0, 0x01, 0xC5, 0x03, 0x00, 0x00, 0x00, 0x00, 0x00, 0x00,
	0x00, 0x00, 0x00, 0x00, 0x00, 0x00, 0x00, 0x00, 0x00, 0x14, 0x00, 0x00, 0x00, 0x00, 0x00, 0x00,
	0x00, 0x00, 0x00, 0x0E, 0xC0, 0x4D, 0x00, 0x00, 0x00, 0xE0, 0x81, 0x00, 0xA3, 0x07, 0x00, 0x3D,
	0xFF, 0xC3, 0x03, 0x00, 0x80, 0x03, 0x00, 0x00, 0x00, 0xC6, 0x00, 0x0D, 0xA0, 0x72, 0x00, 0x00,
	0x00, 0x07, 0x00, 0x00, 0x00, 0x8A, 0x00, 0x0E, 0xC0, 0x4D, 0x00, 0x00, 0x00, 0xE0, 0x81, 0x00,
	0x23, 0x00, 0x00, 0x3D, 0xFF, 0xC3, 0x03, 0x00, 0x80, 0x03, 0x00, 0x00, 0x00, 0xC6, 0x00, 0x55,
	0x00, 0x50, 0x00, 0x00, 0x00, 0x87, 0x00, 0x00, 0x00, 0x80, 0x00, 0x75, 0xC0, 0x51, 0x00, 0x01,
	0x00, 0x80, 0x00, 0x00, 0x00, 0x0C, 0x00, 0x55, 0x00, 0x50, 0x00, 0x00, 0x00, 0x87, 0x00, 0x00,
	0x00, 0x81, 0x00, 0x75, 0xE0, 0x50, 0x00, 0x00, 0x00, 0x80, 0x00, 0x00, 0x00, 0x0E, 0x00, 0x55,
	0x00, 0x50, 0x00, 0x00, 0x80, 0x83, 0x00, 0x00, 0x00, 0xC0, 0x00, 0x75, 0xE0, 0x50, 0x00, 0x01,
	0x00, 0x80, 0x00, 0x00, 0x00, 0x0E, 0x00, 0x28, 0x00, 0x00, 0x00, 0x00, 0x00, 0x00, 0x00, 0x00,
	0x00, 0x00, 0x00, 0x38, 0x00, 0x00, 0x00, 0x00, 0x00, 0x00, 0x00, 0x00, 0x00, 0x84, 0x23, 0x16,
	0x20, 0x01, 0x00, 0x02, 0x00, 0x03, 0x00, 0x10, 0x2C, 0x00, 0x00, 0x26, 0x00, 0x00, 0x80, 0x02,
	0x80, 0x00, 0x00, 0x28, 0x01, 0x00, 0x00, 0x29, 0x00, 0x74, 0x78, 0x20, 0xD4, 0x02, 0x12, 0x68,
	0x80, 0x00, 0x00, 0x16, 0x00, 0x00, 0x00, 0x01, 0x00, 0x03, 0x00, 0x00, 0x2D, 0x00, 0x00, 0x26,
	0x00, 0x00, 0x00, 0x03, 0x80, 0x00, 0x00, 0x00, 0x01, 0x00, 0x00, 0x29, 0x19, 0x74, 0x78, 0x20,
	0xD4, 0x02, 0x00, 0x00, 0x80, 0x00, 0x00, 0x16, 0x20, 0x01, 0x00, 0x00, 0x00, 0x03, 0x00, 0x10,
	0x2E, 0x00, 0x00, 0x26, 0x00, 0x00, 0x80, 0x03, 0x80, 0x00, 0x00, 0x3C, 0x01, 0x00, 0x00, 0x29,
	0x32, 0x74, 0x78, 0x20, 0xD4, 0x02, 0x12, 0x7C, 0x80, 0x00, 0x00, 0x28, 0x00, 0x00, 0x00, 0x00,
	0x00, 0x00, 0x00, 0x00, 0x00, 0x00, 0x00, 0x38, 0x00, 0x00, 0x00, 0x00, 0x00, 0x00, 0x00, 0x00,
	0x00, 0x86, 0x33, 0x16, 0x00, 0x00, 0x00, 0x03, 0x00, 0x1B, 0x00, 0x00, 0x2E, 0x00, 0x00, 0x26,
	0x00, 0x00, 0x00, 0x00, 0x80, 0x00, 0x00, 0x14, 0x02, 0x00, 0x00, 0x29, 0xE7, 0x68, 0x7C, 0x10,
	0x00, 0x00, 0x00, 0x14, 0x80, 0x00, 0x00, 0x16, 0x20, 0x01, 0x00, 0x02, 0x00, 0x1B, 0x00, 0x10,
	0x35, 0x00, 0x00, 0x26, 0x00, 0x00, 0x80, 0x00, 0x80, 0x00, 0x00, 0x28, 0x02, 0x00, 0x00, 0x29,
	0xEC, 0x68, 0x7C, 0x10, 0x00, 0x00, 0x12, 0x68, 0x80, 0x00, 0x00, 0x16, 0x00, 0x00, 0x00, 0x01,
	0x00, 0x1B, 0x00, 0x00, 0x3C, 0x00, 0x00, 0x26, 0x00, 0x00, 0x00, 0x01, 0x80, 0x00, 0x00, 0x00,
	0x02, 0x00, 0x00, 0x29, 0xF1, 0x68, 0x7C, 0x10, 0x00, 0x00, 0x00, 0x00, 0x80, 0x00, 0x00, 0x16,
	0x20, 0x01, 0x00, 0x00, 0x00, 0x1B, 0x00, 0x10, 0x43, 0x00, 0x00, 0x26, 0x00, 0x00, 0x80, 0x01,
	0x80, 0x00, 0x00, 0x3C, 0x02, 0x00, 0x00, 0x29, 0xF6, 0x68, 0x7C, 0x10, 0x00, 0x00, 0x12, 0x7C,
	0x80, 0x00, 0x00, 0x16, 0x00, 0x00, 0x00, 0x03, 0x00, 0x1B, 0x00, 0x00, 0x49, 0x00, 0x00, 0x26,
	0x00, 0x00, 0x00, 0x02, 0x80, 0x00, 0x00, 0x14, 0x02, 0x00, 0x00, 0x29, 0xFB, 0x68, 0x7C, 0x10,
	0x00, 0x00, 0x00, 0x14, 0x80, 0x00, 0x00, 0x2E, 0xE0, 0x48, 0x00, 0x00, 0x00, 0x78, 0xC0, 0x01,
	0xCA, 0x03, 0x00, 0x00, 0x00, 0x00, 0x00, 0x00, 0x00, 0x00, 0x00, 0x00, 0x00, 0x00, 0x00, 0x00,
	0x00, 0x14, 0x00, 0x00, 0x00, 0x00, 0x00, 0x00, 0x00, 0x00, 0x00, 0x0E, 0xC0, 0x4D, 0x00, 0x00,
	0x00, 0xE0, 0x81, 0x00, 0xB7, 0x07, 0x00, 0x3D, 0xFF, 0xC3, 0x03, 0x00, 0x80, 0x03, 0x00, 0x00,
	0x00, 0xC6, 0x00, 0x0D, 0xA0, 0x72, 0x00, 0x00, 0x00, 0x07, 0x00, 0x00, 0x00, 0x8A, 0x00, 0x0E,
	0xC0, 0x4D, 0x00, 0x00, 0x00, 0xE0, 0x81, 0x00, 0x37, 0x00, 0x00, 0x3D, 0xFF, 0xC3, 0x03, 0x00,
	0x80, 0x03, 0x00, 0x00, 0x00, 0xC6, 0x00, 0x55, 0x00, 0x50, 0x00, 0x00, 0x00, 0x87, 0x00, 0x00,
	0x00, 0x80, 0x00, 0x75, 0xC0, 0x51, 0x00, 0x01, 0x00, 0x80, 0x00, 0x00, 0x00, 0x0C, 0x00, 0x55,
	0x00, 0x50, 0x00, 0x00, 0x00, 0x87, 0x00, 0x00, 0x00, 0x81, 0x00, 0x75, 0xE0, 0x50, 0x00, 0x00,
	0x00, 0x80, 0x00, 0x00, 0x00, 0x0E, 0x00, 0x55, 0x00, 0x50, 0x00, 0x00, 0x80, 0x83, 0x00, 0x00,
	0x00, 0xC0, 0x00, 0x75, 0xE0, 0x50, 0x00, 0x01, 0x00, 0x80, 0x00, 0x00, 0x00, 0x0E, 0x00, 0x28,
	0x00, 0x00, 0x00, 0x00, 0x00, 0x00, 0x00, 0x00, 0x00, 0x00, 0x00, 0x38, 0x00, 0x00, 0x00, 0x00,
	0x00, 0x00, 0x00, 0x00, 0x00, 0x84, 0x23, 0x16, 0x20, 0x01, 0x00, 0x02, 0x00, 0x03, 0x00, 0x10,
	0x2C, 0x00, 0x00, 0x26, 0x00, 0x00, 0x80, 0x02, 0x80, 0x00, 0x00, 0x28, 0x01, 0x00, 0x00, 0x29,
	0x00, 0x74, 0x78, 0x20, 0xD4, 0x02, 0x12, 0x68, 0x80, 0x00, 0x00, 0x16, 0x00, 0x00, 0x00, 0x01,
	0x00, 0x03, 0x00, 0x00, 0x2D, 0x00, 0x00, 0x26, 0x00, 0x00, 0x00, 0x03, 0x80, 0x00, 0x00, 0x00,
	0x01, 0x00, 0x00, 0x29, 0x19, 0x74, 0x78, 0x20, 0xD4, 0x02, 0x00, 0x00, 0x80, 0x00, 0x00, 0x16,
	0x20, 0x01, 0x00, 0x00, 0x00, 0x03, 0x00, 0x10, 0x2E, 0x00, 0x00, 0x26, 0x00, 0x00, 0x80, 0x03,
	0x80, 0x00, 0x00, 0x3C, 0x01, 0x00, 0x00, 0x29, 0x32, 0x74, 0x78, 0x20, 0xD4, 0x02, 0x12, 0x7C,
	0x80, 0x00, 0x00, 0x28, 0x00, 0x00, 0x00, 0x00, 0x00, 0x00, 0x00, 0x00, 0x00, 0x00, 0x00, 0x38,
	0x00, 0x00, 0x00, 0x00, 0x00, 0x00, 0x00, 0x00, 0x00, 0x86, 0x33, 0x16, 0x00, 0x00, 0x00, 0x03,
	0x00, 0x1B, 0x00, 0x00, 0x2E, 0x00, 0x00, 0x26, 0x00, 0x00, 0x00, 0x00, 0x80, 0x00, 0x00, 0x14,
	0x02, 0x00, 0x00, 0x29, 0xE7, 0x68, 0x7C, 0x10, 0x00, 0x00, 0x00, 0x14, 0x80, 0x00, 0x00, 0x16,
	0x20, 0x01, 0x00, 0x02, 0x00, 0x1B, 0x00, 0x10, 0x35, 0x00, 0x00, 0x26, 0x00, 0x00, 0x80, 0x00,
	0x80, 0x00, 0x00, 0x28, 0x02, 0x00, 0x00, 0x29, 0xEC, 0x68, 0x7C, 0x10, 0x00, 0x00, 0x12, 0x68,
	0x80, 0x00, 0x00, 0x16, 0x00, 0x00, 0x00, 0x01, 0x00, 0x1B, 0x00, 0x00, 0x3C, 0x00, 0x00, 0x26,
	0x00, 0x00, 0x00, 0x01, 0x80, 0x00, 0x00, 0x00, 0x02, 0x00, 0x00, 0x29, 0xF1, 0x68, 0x7C, 0x10,
	0x00, 0x00, 0x00, 0x00, 0x80, 0x00, 0x00, 0x16, 0x20, 0x01, 0x00, 0x00, 0x00, 0x1B, 0x00, 0x10,
	0x43, 0x00, 0x00, 0x26, 0x00, 0x00, 0x80, 0x01, 0x80, 0x00, 0x00, 0x3C, 0x02, 0x00, 0x00, 0x29,
	0xF6, 0x68, 0x7C, 0x10, 0x00, 0x00, 0x12, 0x7C, 0x80, 0x00, 0x00, 0x16, 0x00, 0x00, 0x00, 0x03,
	0x00, 0x1B, 0x00, 0x00, 0x49, 0x00, 0x00, 0x26, 0x00, 0x00, 0x00, 0x02, 0x80, 0x00, 0x00, 0x14,
	0x02, 0x00, 0x00, 0x29, 0xFB, 0x68, 0x7C, 0x10, 0x00, 0x00, 0x00, 0x14, 0x80, 0x00, 0x00, 0x2E,
	0xE0, 0x48, 0x00, 0x00, 0x00, 0x78, 0xC0, 0x01, 0xCF, 0x03, 0x00, 0x00, 0x00, 0x00, 0x00, 0x00,
	0x00, 0x00, 0x00, 0x00, 0x00, 0x00, 0x00, 0x00, 0x00, 0x14, 0x00, 0x00, 0x00, 0x00, 0x00, 0x00,
	0x00, 0x00, 0x00, 0x0E, 0xC0, 0x4D, 0x00, 0x00, 0x00, 0xE0, 0x81, 0x00, 0xCB, 0x07, 0x00, 0x3D,
	0xFF, 0xC3, 0x03, 0x00, 0x80, 0x03, 0x00, 0x00, 0x00, 0xC6, 0x00, 0x0D, 0xA0, 0x72, 0x00, 0x00,
	0x00, 0x07, 0x00, 0x00, 0x00, 0x8A, 0x00, 0x0E, 0xC0, 0x4D, 0x00, 0x00, 0x00, 0xE0, 0x81, 0x00,
	0x4B, 0x00, 0x00, 0x3D, 0xFF, 0xC3, 0x03, 0x00, 0x80, 0x03, 0x00, 0x00, 0x00, 0xC6, 0x00, 0x55,
	0x00, 0x50, 0x00, 0x00, 0x00, 0x87, 0x00, 0x00, 0x00, 0x80, 0x00, 0x75, 0xC0, 0x51, 0x00, 0x01,
	0x00, 0x80, 0x00, 0x00, 0x00, 0x0C, 0x00, 0x55, 0x00, 0x50, 0x00, 0x00, 0x00, 0x87, 0x00, 0x00,
	0x00, 0x81, 0x00, 0x75, 0xE0, 0x50, 0x00, 0x00, 0x00, 0x80, 0x00, 0x00, 0x00, 0x0E, 0x00, 0x55,
	0x00, 0x50, 0x00, 0x00, 0x80, 0x83, 0x00, 0x00, 0x00, 0xC0, 0x00, 0x75, 0xE0, 0x50, 0x00, 0x01,
	0x00, 0x80, 0x00, 0x00, 0x00, 0x0E, 0x00, 0x28, 0x00, 0x00, 0x00, 0x00, 0x00, 0x00, 0x00, 0x00,
	0x00, 0x00, 0x00, 0x38, 0x00, 0x00, 0x00, 0x00, 0x00, 0x00, 0x00, 0x00, 0x00, 0x84, 0x23, 0x16,
	0x20, 0x01, 0x00, 0x02, 0x00, 0x03, 0x00, 0x10, 0x2C, 0x00, 0x00, 0x26, 0x00, 0x00, 0x80, 0x02,
	0x80, 0x00, 0x00, 0x28, 0x01, 0x00, 0x00, 0x29, 0x00, 0x74, 0x78, 0x20, 0xD4, 0x02, 0x12, 0x68,
	0x80, 0x00, 0x00, 0x16, 0x00, 0x00, 0x00, 0x01, 0x00, 0x03, 0x00, 0x00, 0x2D, 0x00, 0x00, 0x26,
	0x00, 0x00, 0x00, 0x03, 0x80, 0x00, 0x00, 0x00, 0x01, 0x00, 0x00, 0x29, 0x19, 0x74, 0x78, 0x20,
	0xD4, 0x02, 0x00, 0x00, 0x80, 0x00, 0x00, 0x16, 0x20, 0x01, 0x00, 0x00, 0x00, 0x03, 0x00, 0x10,
	0x2E, 0x00, 0x00, 0x26, 0x00, 0x00, 0x80, 0x03, 0x80, 0x00, 0x00, 0x3C, 0x01, 0x00, 0x00, 0x29,
	0x32, 0x74, 0x78, 0x20, 0xD4, 0x02, 0x12, 0x7C, 0x80, 0x00, 0x00, 0x28, 0x00, 0x00, 0x00, 0x00,
	0x00, 0x00, 0x00, 0x00, 0x00, 0x00, 0x00, 0x38, 0x00, 0x00, 0x00, 0x00, 0x00, 0x00, 0x00, 0x00,
	0x00, 0x86, 0x33, 0x16, 0x00, 0x00, 0x00, 0x03, 0x00, 0x1B, 0x00, 0x00, 0x2E, 0x00, 0x00, 0x26,
	0x00, 0x00, 0x00, 0x00, 0x80, 0x00, 0x00, 0x14, 0x02, 0x00, 0x00, 0x29, 0xE7, 0x68, 0x7C, 0x10,
	0x00, 0x00, 0x00, 0x14, 0x80, 0x00, 0x00, 0x16, 0x20, 0x01, 0x00, 0x02, 0x00, 0x1B, 0x00, 0x10,
	0x35, 0x00, 0x00, 0x26, 0x00, 0x00, 0x80, 0x00, 0x80, 0x00, 0x00, 0x28, 0x02, 0x00, 0x00, 0x29,
	0xEC, 0x68, 0x7C, 0x10, 0x00, 0x00, 0x12, 0x68, 0x80, 0x00, 0x00, 0x16, 0x00, 0x00, 0x00, 0x01,
	0x00, 0x1B, 0x00, 0x00, 0x3C, 0x00, 0x00, 0x26, 0x00, 0x00, 0x00, 0x01, 0x80, 0x00, 0x00, 0x00,
	0x02, 0x00, 0x00, 0x29, 0xF1, 0x68, 0x7C, 0x10, 0x00, 0x00, 0x00, 0x00, 0x80, 0x00, 0x00, 0x16,
	0x20, 0x01, 0x00, 0x00, 0x00, 0x1B, 0x00, 0x10, 0x43, 0x00, 0x00, 0x26, 0x00, 0x00, 0x80, 0x01,
	0x80, 0x00, 0x00, 0x3C, 0x02, 0x00, 0x00, 0x29, 0xF6, 0x68, 0x7C, 0x10, 0x00, 0x00, 0x12, 0x7C,
	0x80, 0x00, 0x00, 0x16, 0x00, 0x00, 0x00, 0x03, 0x00, 0x1B, 0x00, 0x00, 0x49, 0x00, 0x00, 0x26,
	0x00, 0x00, 0x00, 0x02, 0x80, 0x00, 0x00, 0x14, 0x02, 0x00, 0x00, 0x29, 0xFB, 0x68, 0x7C, 0x10,
	0x00, 0x00, 0x00, 0x14, 0x80, 0x00, 0x00, 0x2E, 0xE0, 0x48, 0x00, 0x00, 0x00, 0x78, 0xC0, 0x01,
	0xD4, 0x03, 0x00, 0x00, 0x00, 0x00, 0x00, 0x00, 0x00, 0x00, 0x00, 0x00, 0x00, 0x00, 0x00, 0x00,
	0x00, 0x14, 0x00, 0x00, 0x00, 0x00, 0x00, 0x00, 0x00, 0x00, 0x00, 0x0E, 0xC0, 0x4D, 0x00, 0x00,
	0x00, 0xE0, 0x81, 0x00, 0xDF, 0x07, 0x00, 0x3D, 0xFF, 0xC3, 0x03, 0x00, 0x80, 0x03, 0x00, 0x00,
	0x00, 0xC6, 0x00, 0x0D, 0xA0, 0x72, 0x00, 0x00, 0x00, 0x07, 0x00, 0x00, 0x00, 0x8A, 0x00, 0x0E,
	0xC0, 0x4D, 0x00, 0x00, 0x00, 0xE0, 0x81, 0x00, 0x5F, 0x00, 0x00, 0x3D, 0xFF, 0xC3, 0x03, 0x00,
	0x80, 0x03, 0x00, 0x00, 0x00, 0xC6, 0x00, 0x55, 0x00, 0x50, 0x00, 0x00, 0x00, 0x87, 0x00, 0x00,
	0x00, 0x80, 0x00, 0x75, 0xC0, 0x51, 0x00, 0x01, 0x00, 0x80, 0x00, 0x00, 0x00, 0x0C, 0x00, 0x55,
	0x00, 0x50, 0x00, 0x00, 0x00, 0x87, 0x00, 0x00, 0x00, 0x81, 0x00, 0x75, 0xE0, 0x50, 0x00, 0x00,
	0x00, 0x80, 0x00, 0x00, 0x00, 0x0E, 0x00, 0x55, 0x00, 0x50, 0x00, 0x00, 0x80, 0x83, 0x00, 0x00,
	0x00, 0xC0, 0x00, 0x75, 0xE0, 0x50, 0x00, 0x01, 0x00, 0x80, 0x00, 0x00, 0x00, 0x0E, 0x00, 0x28,
	0x00, 0x00, 0x00, 0x00, 0x00, 0x00, 0x00, 0x00, 0x00, 0x00, 0x00, 0x38, 0x00, 0x00, 0x00, 0x00,
	0x00, 0x00, 0x00, 0x00, 0x00, 0x84, 0x23, 0x16, 0x20, 0x01, 0x00, 0x02, 0x00, 0x03, 0x00, 0x10,
	0x2C, 0x00, 0x00, 0x26, 0x00, 0x00, 0x80, 0x02, 0x80, 0x00, 0x00, 0x28, 0x01, 0x00, 0x00, 0x29,
	0x00, 0x74, 0x78, 0x20, 0xD4, 0x02, 0x12, 0x68, 0x80, 0x00, 0x00, 0x16, 0x00, 0x00, 0x00, 0x01,
	0x00, 0x03, 0x00, 0x00, 0x2D, 0x00, 0x00, 0x26, 0x00, 0x00, 0x00, 0x03, 0x80, 0x00, 0x00, 0x00,
	0x01, 0x00, 0x00, 0x29, 0x19, 0x74, 0x78, 0x20, 0xD4, 0x02, 0x00, 0x00, 0x80, 0x00, 0x00, 0x16,
	0x20, 0x01, 0x00, 0x00, 0x00, 0x03, 0x00, 0x10, 0x2E, 0x00, 0x00, 0x26, 0x00, 0x00, 0x80, 0x03,
	0x80, 0x00, 0x00, 0x3C, 0x01, 0x00, 0x00, 0x29, 0x32, 0x74, 0x78, 0x20, 0xD4, 0x02, 0x12, 0x7C,
	0x80, 0x00, 0x00, 0x28, 0x00, 0x00, 0x00, 0x00, 0x00, 0x00, 0x00, 0x00, 0x00, 0x00, 0x00, 0x38,
	0x00, 0x00, 0x00, 0x00, 0x00, 0x00, 0x00, 0x00, 0x00, 0x86, 0x33, 0x16, 0x00, 0x00, 0x00, 0x03,
	0x00, 0x1B, 0x00, 0x00, 0x2E, 0x00, 0x00, 0x26, 0x00, 0x00, 0x00, 0x00, 0x80, 0x00, 0x00, 0x14,
	0x02, 0x00, 0x00, 0x29, 0xE7, 0x68, 0x7C, 0x10, 0x00, 0x00, 0x00, 0x14, 0x80, 0x00, 0x00, 0x16,
	0x20, 0x01, 0x00, 0x02, 0x00, 0x1B, 0x00, 0x10, 0x35, 0x00, 0x00, 0x26, 0x00, 0x00, 0x80, 0x00,
	0x80, 0x00, 0x00, 0x28, 0x02, 0x00, 0x00, 0x29, 0xEC, 0x68, 0x7C, 0x10, 0x00, 0x00, 0x12, 0x68,
	0x80, 0x00, 0x00, 0x16, 0x00, 0x00, 0x00, 0x01, 0x00, 0x1B, 0x00, 0x00, 0x3C, 0x00, 0x00, 0x26,
	0x00, 0x00, 0x00, 0x01, 0x80, 0x00, 0x00, 0x00, 0x02, 0x00, 0x00, 0x29, 0xF1, 0x68, 0x7C, 0x10,
	0x00, 0x00, 0x00, 0x00, 0x80, 0x00, 0x00, 0x16, 0x20, 0x01, 0x00, 0x00, 0x00, 0x1B, 0x00, 0x10,
	0x43, 0x00, 0x00, 0x26, 0x00, 0x00, 0x80, 0x01, 0x80, 0x00, 0x00, 0x3C, 0x02, 0x00, 0x00, 0x29,
	0xF6, 0x68, 0x7C, 0x10, 0x00, 0x00, 0x12, 0x7C, 0x80, 0x00, 0x00, 0x16, 0x00, 0x00, 0x00, 0x03,
	0x00, 0x1B, 0x00, 0x00, 0x49, 0x00, 0x00, 0x26, 0x00, 0x00, 0x00, 0x02, 0x80, 0x00, 0x00, 0x14,
	0x02, 0x00, 0x00, 0x29, 0xFB, 0x68, 0x7C, 0x10, 0x00, 0x00, 0x00, 0x14, 0x80, 0x00, 0x00, 0x2E,
	0xE0, 0x48, 0x00, 0x00, 0x00, 0x78, 0xC0, 0x01, 0xD9, 0x03, 0x00, 0x00, 0x00, 0x00, 0x00, 0x00,
	0x00, 0x00, 0x00, 0x00, 0x00, 0x00, 0x00, 0x00, 0x00, 0x14, 0x00, 0x00, 0x00, 0x00, 0x00, 0x00,
	0x00, 0x00, 0x00, 0x0E, 0xC0, 0x4D, 0x00, 0x00, 0x00, 0xE0, 0x81, 0x00, 0xF3, 0x07, 0x00, 0x3D,
	0xFF, 0xC3, 0x03, 0x00, 0x80, 0x03, 0x00, 0x00, 0x00, 0xC6, 0x00, 0x0D, 0xA0, 0x72, 0x00, 0x00,
	0x00, 0x07, 0x00, 0x00, 0x00, 0x8A, 0x00, 0x0E, 0xC0, 0x4D, 0x00, 0x00, 0x00, 0xE0, 0x81, 0x00,
	0x73, 0x00, 0x00, 0x3D, 0xFF, 0xC3, 0x03, 0x00, 0x80, 0x03, 0x00, 0x00, 0x00, 0xC6, 0x00, 0x55,
	0x00, 0x50, 0x00, 0x00, 0x00, 0x87, 0x00, 0x00, 0x00, 0x80, 0x00, 0x75, 0xC0, 0x51, 0x00, 0x01,
	0x00, 0x80, 0x00, 0x00, 0x00, 0x0C, 0x00, 0x55, 0x00, 0x50, 0x00, 0x00, 0x00, 0x87, 0x00, 0x00,
	0x00, 0x81, 0x00, 0x75, 0xE0, 0x50, 0x00, 0x00, 0x00, 0x80, 0x00, 0x00, 0x00, 0x0E, 0x00, 0x55,
	0x00, 0x50, 0x00, 0x00, 0x80, 0x83, 0x00, 0x00, 0x00, 0xC0, 0x00, 0x75, 0xE0, 0x50, 0x00, 0x01,
	0x00, 0x80, 0x00, 0x00, 0x00, 0x0E, 0x00, 0x28, 0x00, 0x00, 0x00, 0x00, 0x00, 0x00, 0x00, 0x00,
	0x00, 0x00, 0x00, 0x38, 0x00, 0x00, 0x00, 0x00, 0x00, 0x00, 0x00, 0x00, 0x00, 0x84, 0x23, 0x16,
	0x20, 0x01, 0x00, 0x02, 0x00, 0x03, 0x00, 0x10, 0x2C, 0x00, 0x00, 0x26, 0x00, 0x00, 0x80, 0x02,
	0x80, 0x00, 0x00, 0x28, 0x01, 0x00, 0x00, 0x29, 0x00, 0x74, 0x78, 0x20, 0xD4, 0x02, 0x12, 0x68,
	0x80, 0x00, 0x00, 0x16, 0x00, 0x00, 0x00, 0x01, 0x00, 0x03, 0x00, 0x00, 0x2D, 0x00, 0x00, 0x26,
	0x00, 0x00, 0x00, 0x03, 0x80, 0x00, 0x00, 0x00, 0x01, 0x00, 0x00, 0x29, 0x19, 0x74, 0x78, 0x20,
	0xD4, 0x02, 0x00, 0x00, 0x80, 0x00, 0x00, 0x16, 0x20, 0x01, 0x00, 0x00, 0x00, 0x03, 0x00, 0x10,
	0x2E, 0x00, 0x00, 0x26, 0x00, 0x00, 0x80, 0x03, 0x80, 0x00, 0x00, 0x3C, 0x01, 0x00, 0x00, 0x29,
	0x32, 0x74, 0x78, 0x20, 0xD4, 0x02, 0x12, 0x7C, 0x80, 0x00, 0x00, 0x28, 0x00, 0x00, 0x00, 0x00,
	0x00, 0x00, 0x00, 0x00, 0x00, 0x00, 0x00, 0x38, 0x00, 0x00, 0x00, 0x00, 0x00, 0x00, 0x00, 0x00,
	0x00, 0x86, 0x33, 0x16, 0x00, 0x00, 0x00, 0x03, 0x00, 0x1B, 0x00, 0x00, 0x2E, 0x00, 0x00, 0x26,
	0x00, 0x00, 0x00, 0x00, 0x80, 0x00, 0x00, 0x14, 0x02, 0x00, 0x00, 0x29, 0xE7, 0x68, 0x7C, 0x10,
	0x00, 0x00, 0x00, 0x14, 0x80, 0x00, 0x00, 0x16, 0x20, 0x01, 0x00, 0x02, 0x00, 0x1B, 0x00, 0x10,
	0x35, 0x00, 0x00, 0x26, 0x00, 0x00, 0x80, 0x00, 0x80, 0x00, 0x00, 0x28, 0x02, 0x00, 0x00, 0x29,
	0xEC, 0x68, 0x7C, 0x10, 0x00, 0x00, 0x12, 0x68, 0x80, 0x00, 0x00, 0x16, 0x00, 0x00, 0x00, 0x01,
	0x00, 0x1B, 0x00, 0x00, 0x3C, 0x00, 0x00, 0x26, 0x00, 0x00, 0x00, 0x01, 0x80, 0x00, 0x00, 0x00,
	0x02, 0x00, 0x00, 0x29, 0xF1, 0x68, 0x7C, 0x10, 0x00, 0x00, 0x00, 0x00, 0x80, 0x00, 0x00, 0x16,
	0x20, 0x01, 0x00, 0x00, 0x00, 0x1B, 0x00, 0x10, 0x43, 0x00, 0x00, 0x26, 0x00, 0x00, 0x80, 0x01,
	0x80, 0x00, 0x00, 0x3C, 0x02, 0x00, 0x00, 0x29, 0xF6, 0x68, 0x7C, 0x10, 0x00, 0x00, 0x12, 0x7C,
	0x80, 0x00, 0x00, 0x16, 0x00, 0x00, 0x00, 0x03, 0x00, 0x1B, 0x00, 0x00, 0x49, 0x00, 0x00, 0x26,
	0x00, 0x00, 0x00, 0x02, 0x80, 0x00, 0x00, 0x14, 0x02, 0x00, 0x00, 0x29, 0xFB, 0x68, 0x7C, 0x10,
	0x00, 0x00, 0x00, 0x14, 0x80, 0x00, 0x00, 0x2E, 0xE0, 0x48, 0x00, 0x00, 0x00, 0x78, 0xC0, 0x01,
	0xDE, 0x03, 0x00, 0x00, 0x00, 0x00, 0x00, 0x00, 0x00, 0x00, 0x00, 0x00, 0x00, 0x00, 0x00, 0x00,
	0x00, 0x14, 0x00, 0x00, 0x00, 0x00, 0x00, 0x00, 0x00, 0x00, 0x00, 0x0E, 0xC0, 0x4D, 0x00, 0x00,
	0x00, 0xE0, 0x81, 0x00, 0x07, 0x08, 0x00, 0x3D, 0xFF, 0xC3, 0x03, 0x00, 0x80, 0x03, 0x00, 0x00,
	0x00, 0xC6, 0x00, 0x0D, 0xA0, 0x72, 0x00, 0x00, 0x00, 0x07, 0x00, 0x00, 0x00, 0x8A, 0x00, 0x0E,
	0xC0, 0x4D, 0x00, 0x00, 0x00, 0xE0, 0x81, 0x00, 0x87, 0x00, 0x00, 0x3D, 0xFF, 0xC3, 0x03, 0x00,
	0x80, 0x03, 0x00, 0x00, 0x00, 0xC6, 0x00, 0x55, 0x00, 0x50, 0x00, 0x00, 0x00, 0x87, 0x00, 0x00,
	0x00, 0x80, 0x00, 0x75, 0xC0, 0x51, 0x00, 0x01, 0x00, 0x80, 0x00, 0x00, 0x00, 0x0C, 0x00, 0x55,
	0x00, 0x50, 0x00, 0x00, 0x00, 0x87, 0x00, 0x00, 0x00, 0x81, 0x00, 0x75, 0xE0, 0x50, 0x00, 0x00,
	0x00, 0x80, 0x00, 0x00, 0x00, 0x0E, 0x00, 0x55, 0x00, 0x50, 0x00, 0x00, 0x80, 0x83, 0x00, 0x00,
	0x00, 0xC0, 0x00, 0x75, 0xE0, 0x50, 0x00, 0x01, 0x00, 0x80, 0x00, 0x00, 0x00, 0x0E, 0x00, 0x28,
	0x00, 0x00, 0x00, 0x00, 0x00, 0x00, 0x00, 0x00, 0x00, 0x00, 0x00, 0x38, 0x00, 0x00, 0x00, 0x00,
	0x00, 0x00, 0x00, 0x00, 0x00, 0x84, 0x23, 0x16, 0x20, 0x01, 0x00, 0x02, 0x00, 0x03, 0x00, 0x10,
	0x2C, 0x00, 0x00, 0x26, 0x00, 0x00, 0x80, 0x02, 0x80, 0x00, 0x00, 0x28, 0x01, 0x00, 0x00, 0x29,
	0x00, 0x74, 0x78, 0x20, 0xD4, 0x02, 0x12, 0x68, 0x80, 0x00, 0x00, 0x16, 0x00, 0x00, 0x00, 0x01,
	0x00, 0x03, 0x00, 0x00, 0x2D, 0x00, 0x00, 0x26, 0x00, 0x00, 0x00, 0x03, 0x80, 0x00, 0x00, 0x00,
	0x01, 0x00, 0x00, 0x29, 0x19, 0x74, 0x78, 0x20, 0xD4, 0x02, 0x00, 0x00, 0x80, 0x00, 0x00, 0x16,
	0x20, 0x01, 0x00, 0x00, 0x00, 0x03, 0x00, 0x10, 0x2E, 0x00, 0x00, 0x26, 0x00, 0x00, 0x80, 0x03,
	0x80, 0x00, 0x00, 0x3C, 0x01, 0x00, 0x00, 0x29, 0x32, 0x74, 0x78, 0x20, 0xD4, 0x02, 0x12, 0x7C,
	0x80, 0x00, 0x00, 0x28, 0x00, 0x00, 0x00, 0x00, 0x00, 0x00, 0x00, 0x00, 0x00, 0x00, 0x00, 0x38,
	0x00, 0x00, 0x00, 0x00, 0x00, 0x00, 0x00, 0x00, 0x00, 0x86, 0x33, 0x16, 0x00, 0x00, 0x00, 0x03,
	0x00, 0x1B, 0x00, 0x00, 0x2E, 0x00, 0x00, 0x26, 0x00, 0x00, 0x00, 0x00, 0x80, 0x00, 0x00, 0x14,
	0x02, 0x00, 0x00, 0x29, 0xE7, 0x68, 0x7C, 0x10, 0x00, 0x00, 0x00, 0x14, 0x80, 0x00, 0x00, 0x16,
	0x20, 0x01, 0x00, 0x02, 0x00, 0x1B, 0x00, 0x10, 0x35, 0x00, 0x00, 0x26, 0x00, 0x00, 0x80, 0x00,
	0x80, 0x00, 0x00, 0x28, 0x02, 0x00, 0x00, 0x29, 0xEC, 0x68, 0x7C, 0x10, 0x00, 0x00, 0x12, 0x68,
	0x80, 0x00, 0x00, 0x16, 0x00, 0x00, 0x00, 0x01, 0x00, 0x1B, 0x00, 0x00, 0x3C, 0x00, 0x00, 0x26,
	0x00, 0x00, 0x00, 0x01, 0x80, 0x00, 0x00, 0x00, 0x02, 0x00, 0x00, 0x29, 0xF1, 0x68, 0x7C, 0x10,
	0x00, 0x00, 0x00, 0x00, 0x80, 0x00, 0x00, 0x16, 0x20, 0x01, 0x00, 0x00, 0x00, 0x1B, 0x00, 0x10,
	0x43, 0x00, 0x00, 0x26, 0x00, 0x00, 0x80, 0x01, 0x80, 0x00, 0x00, 0x3C, 0x02, 0x00, 0x00, 0x29,
	0xF6, 0x68, 0x7C, 0x10, 0x00, 0x00, 0x12, 0x7C, 0x80, 0x00, 0x00, 0x16, 0x00, 0x00, 0x00, 0x03,
	0x00, 0x1B, 0x00, 0x00, 0x49, 0x00, 0x00, 0x26, 0x00, 0x00, 0x00, 0x02, 0x80, 0x00, 0x00, 0x14,
	0x02, 0x00, 0x00, 0x29, 0xFB, 0x68, 0x7C, 0x10, 0x00, 0x00, 0x00, 0x14, 0x80, 0x00, 0x00, 0x2E,
	0xE0, 0x48, 0x00, 0x00, 0x00, 0x78, 0xC0, 0x01, 0xE3, 0x03, 0x00, 0x00, 0x00, 0x00, 0x00, 0x00,
	0x00, 0x00, 0x00, 0x00, 0x00, 0x00, 0x00, 0x00, 0x00, 0x14, 0x00, 0x00, 0x00, 0x00, 0x00, 0x00,
	0x00, 0x00, 0x00, 0x0E, 0xC0, 0x4D, 0x00, 0x00, 0x00, 0xE0, 0x81, 0x00, 0x1B, 0x08, 0x00, 0x3D,
	0xFF, 0xC3, 0x03, 0x00, 0x80, 0x03, 0x00, 0x00, 0x00, 0xC6, 0x00, 0x0D, 0xA0, 0x72, 0x00, 0x00,
	0x00, 0x07, 0x00, 0x00, 0x00, 0x8A, 0x00, 0x0E, 0xC0, 0x4D, 0x00, 0x00, 0x00, 0xE0, 0x81, 0x00,
	0x9B, 0x00, 0x00, 0x3D, 0xFF, 0xC3, 0x03, 0x00, 0x80, 0x03, 0x00, 0x00, 0x00, 0xC6, 0x00, 0x55,
	0x00, 0x50, 0x00, 0x00, 0x00, 0x87, 0x00, 0x00, 0x00, 0x80, 0x00, 0x75, 0xC0, 0x51, 0x00, 0x01,
	0x00, 0x80, 0x00, 0x00, 0x00, 0x0C, 0x00, 0x55, 0x00, 0x50, 0x00, 0x00, 0x00, 0x87, 0x00, 0x00,
	0x00, 0x81, 0x00, 0x75, 0xE0, 0x50, 0x00, 0x00, 0x00, 0x80, 0x00, 0x00, 0x00, 0x0E, 0x00, 0x55,
	0x00, 0x50, 0x00, 0x00, 0x80, 0x83, 0x00, 0x00, 0x00, 0xC0, 0x00, 0x75, 0xE0, 0x50, 0x00, 0x01,
	0x00, 0x80, 0x00, 0x00, 0x00, 0x0E, 0x00, 0x28, 0x00, 0x00, 0x00, 0x00, 0x00, 0x00, 0x00, 0x00,
	0x00, 0x00, 0x00, 0x38, 0x00, 0x00, 0x00, 0x00, 0x00, 0x00, 0x00, 0x00, 0x00, 0x84, 0x23, 0x16,
	0x20, 0x01, 0x00, 0x02, 0x00, 0x03, 0x00, 0x10, 0x2C, 0x00, 0x00, 0x26, 0x00, 0x00, 0x80, 0x02,
	0x80, 0x00, 0x00, 0x28, 0x01, 0x00, 0x00, 0x29, 0x00, 0x74, 0x78, 0x20, 0xD4, 0x02, 0x12, 0x68,
	0x80, 0x00, 0x00, 0x16, 0x00, 0x00, 0x00, 0x01, 0x00, 0x03, 0x00, 0x00, 0x2D, 0x00, 0x00, 0x26,
	0x00, 0x00, 0x00, 0x03, 0x80, 0x00, 0x00, 0x00, 0x01, 0x00, 0x00, 0x29, 0x19, 0x74, 0x78, 0x20,
	0xD4, 0x02, 0x00, 0x00, 0x80, 0x00, 0x00, 0x16, 0x20, 0x01, 0x00, 0x00, 0x00, 0x03, 0x00, 0x10,
	0x2E, 0x00, 0x00, 0x26, 0x00, 0x00, 0x80, 0x03, 0x80, 0x00, 0x00, 0x3C, 0x01, 0x00, 0x00, 0x29,
	0x32, 0x74, 0x78, 0x20, 0xD4, 0x02, 0x12, 0x7C, 0x80, 0x00, 0x00, 0x28, 0x00, 0x00, 0x00, 0x00,
	0x00, 0x00, 0x00, 0x00, 0x00, 0x00, 0x00, 0x38, 0x00, 0x00, 0x00, 0x00, 0x00, 0x00, 0x00, 0x00,
	0x00, 0x86, 0x33, 0x16, 0x00, 0x00, 0x00, 0x03, 0x00, 0x1B, 0x00, 0x00, 0x2E, 0x00, 0x00, 0x26,
	0x00, 0x00, 0x00, 0x00, 0x80, 0x00, 0x00, 0x14, 0x02, 0x00, 0x00, 0x29, 0xE7, 0x68, 0x7C, 0x10,
	0x00, 0x00, 0x00, 0x14, 0x80, 0x00, 0x00, 0x16, 0x20, 0x01, 0x00, 0x02, 0x00, 0x1B, 0x00, 0x10,
	0x35, 0x00, 0x00, 0x26, 0x00, 0x00, 0x80, 0x00, 0x80, 0x00, 0x00, 0x28, 0x02, 0x00, 0x00, 0x29,
	0xEC, 0x68, 0x7C, 0x10, 0x00, 0x00, 0x12, 0x68, 0x80, 0x00, 0x00, 0x16, 0x00, 0x00, 0x00, 0x01,
	0x00, 0x1B, 0x00, 0x00, 0x3C, 0x00, 0x00, 0x26, 0x00, 0x00, 0x00, 0x01, 0x80, 0x00, 0x00, 0x00,
	0x02, 0x00, 0x00, 0x29, 0xF1, 0x68, 0x7C, 0x10, 0x00, 0x00, 0x00, 0x00, 0x80, 0x00, 0x00, 0x16,
	0x20, 0x01, 0x00, 0x00, 0x00, 0x1B, 0x00, 0x10, 0x43, 0x00, 0x00, 0x26, 0x00, 0x00, 0x80, 0x01,
	0x80, 0x00, 0x00, 0x3C, 0x02, 0x00, 0x00, 0x29, 0xF6, 0x68, 0x7C, 0x10, 0x00, 0x00, 0x12, 0x7C,
	0x80, 0x00, 0x00, 0x16, 0x00, 0x00, 0x00, 0x03, 0x00, 0x1B, 0x00, 0x00, 0x49, 0x00, 0x00, 0x26,
	0x00, 0x00, 0x00, 0x02, 0x80, 0x00, 0x00, 0x14, 0x02, 0x00, 0x00, 0x29, 0xFB, 0x68, 0x7C, 0x10,
	0x00, 0x00, 0x00, 0x14, 0x80, 0x00, 0x00, 0x2E, 0xE0, 0x48, 0x00, 0x00, 0x00, 0x78, 0xC0, 0x01,
	0xE8, 0x03, 0x00, 0x00, 0x00, 0x00, 0x00, 0x00, 0x00, 0x00, 0x00, 0x00, 0x00, 0x00, 0x00, 0x00,
	0x00, 0x14, 0x00, 0x00, 0x00, 0x00, 0x00, 0x00, 0x00, 0x00, 0x00, 0x0E, 0xC0, 0x4D, 0x00, 0x00,
	0x00, 0xE0, 0x81, 0x00, 0x2F, 0x08, 0x00, 0x3D, 0xFF, 0xC3, 0x03, 0x00, 0x80, 0x03, 0x00, 0x00,
	0x00, 0xC6, 0x00, 0x0D, 0xA0, 0x72, 0x00, 0x00, 0x00, 0x07, 0x00, 0x00, 0x00, 0x8A, 0x00, 0x0E,
	0xC0, 0x4D, 0x00, 0x00, 0x00, 0xE0, 0x81, 0x00, 0xAF, 0x00, 0x00, 0x3D, 0xFF, 0xC3, 0x03, 0x00,
	0x80, 0x03, 0x00, 0x00, 0x00, 0xC6, 0x00, 0x55, 0x00, 0x50, 0x00, 0x00, 0x00, 0x87, 0x00, 0x00,
	0x00, 0x80, 0x00, 0x75, 0xC0, 0x51, 0x00, 0x01, 0x00, 0x80, 0x00, 0x00, 0x00, 0x0C, 0x00, 0x55,
	0x00, 0x50, 0x00, 0x00, 0x00, 0x87, 0x00, 0x00, 0x00, 0x81, 0x00, 0x75, 0xE0, 0x50, 0x00, 0x00,
	0x00, 0x80, 0x00, 0x00, 0x00, 0x0E, 0x00, 0x55, 0x00, 0x50, 0x00, 0x00, 0x80, 0x83, 0x00, 0x00,
	0x00, 0xC0, 0x00, 0x75, 0xE0, 0x50, 0x00, 0x01, 0x00, 0x80, 0x00, 0x00, 0x00, 0x0E, 0x00, 0x28,
	0x00, 0x00, 0x00, 0x00, 0x00, 0x00, 0x00, 0x00, 0x00, 0x00, 0x00, 0x38, 0x00, 0x00, 0x00, 0x00,
	0x00, 0x00, 0x00, 0x00, 0x00, 0x84, 0x23, 0x16, 0x20, 0x01, 0x00, 0x02, 0x00, 0x03, 0x00, 0x10,
	0x2C, 0x00, 0x00, 0x26, 0x00, 0x00, 0x80, 0x02, 0x80, 0x00, 0x00, 0x28, 0x01, 0x00, 0x00, 0x29,
	0x00, 0x74, 0x78, 0x20, 0xD4, 0x02, 0x12, 0x68, 0x80, 0x00, 0x00, 0x16, 0x00, 0x00, 0x00, 0x01,
	0x00, 0x03, 0x00, 0x00, 0x2D, 0x00, 0x00, 0x26, 0x00, 0x00, 0x00, 0x03, 0x80, 0x00, 0x00, 0x00,
	0x01, 0x00, 0x00, 0x29, 0x19, 0x74, 0x78, 0x20, 0xD4, 0x02, 0x00, 0x00, 0x80, 0x00, 0x00, 0x16,
	0x20, 0x01, 0x00, 0x00, 0x00, 0x03, 0x00, 0x10, 0x2E, 0x00, 0x00, 0x26, 0x00, 0x00, 0x80, 0x03,
	0x80, 0x00, 0x00, 0x3C, 0x01, 0x00, 0x00, 0x29, 0x32, 0x74, 0x78, 0x20, 0xD4, 0x02, 0x12, 0x7C,
	0x80, 0x00, 0x00, 0x28, 0x00, 0x00, 0x00, 0x00, 0x00, 0x00, 0x00, 0x00, 0x00, 0x00, 0x00, 0x38,
	0x00, 0x00, 0x00, 0x00, 0x00, 0x00, 0x00, 0x00, 0x00, 0x86, 0x33, 0x16, 0x00, 0x00, 0x00, 0x03,
	0x00, 0x1B, 0x00, 0x00, 0x2E, 0x00, 0x00, 0x26, 0x00, 0x00, 0x00, 0x00, 0x80, 0x00, 0x00, 0x14,
	0x02, 0x00, 0x00, 0x29, 0xE7, 0x68, 0x7C, 0x10, 0x00, 0x00, 0x00, 0x14, 0x80, 0x00, 0x00, 0x16,
	0x20, 0x01, 0x00, 0x02, 0x00, 0x1B, 0x00, 0x10, 0x35, 0x00, 0x00, 0x26, 0x00, 0x00, 0x80, 0x00,
	0x80, 0x00, 0x00, 0x28, 0x02, 0x00, 0x00, 0x29, 0xEC, 0x68, 0x7C, 0x10, 0x00, 0x00, 0x12, 0x68,
	0x80, 0x00, 0x00, 0x16, 0x00, 0x00, 0x00, 0x01, 0x00, 0x1B, 0x00, 0x00, 0x3C, 0x00, 0x00, 0x26,
	0x00, 0x00, 0x00, 0x01, 0x80, 0x00, 0x00, 0x00, 0x02, 0x00, 0x00, 0x29, 0xF1, 0x68, 0x7C, 0x10,
	0x00, 0x00, 0x00, 0x00, 0x80, 0x00, 0x00, 0x16, 0x20, 0x01, 0x00, 0x00, 0x00, 0x1B, 0x00, 0x10,
	0x43, 0x00, 0x00, 0x26, 0x00, 0x00, 0x80, 0x01, 0x80, 0x00, 0x00, 0x3C, 0x02, 0x00, 0x00, 0x29,
	0xF6, 0x68, 0x7C, 0x10, 0x00, 0x00, 0x12, 0x7C, 0x80, 0x00, 0x00, 0x16, 0x00, 0x00, 0x00, 0x03,
	0x00, 0x1B, 0x00, 0x00, 0x49, 0x00, 0x00, 0x26, 0x00, 0x00, 0x00, 0x02, 0x80, 0x00, 0x00, 0x14,
	0x02, 0x00, 0x00, 0x29, 0xFB, 0x68, 0x7C, 0x10, 0x00, 0x00, 0x00, 0x14, 0x80, 0x00, 0x00, 0x2E,
	0xE0, 0x48, 0x00, 0x00, 0x00, 0x78, 0xC0, 0x01, 0xED, 0x03, 0x00, 0x00, 0x00, 0x00, 0x00, 0x00,
	0x00, 0x00, 0x00, 0x00, 0x00, 0x00, 0x00, 0x00, 0x00, 0x14, 0x00, 0x00, 0x00, 0x00, 0x00, 0x00,
	0x00, 0x00, 0x00, 0x0E, 0xC0, 0x4D, 0x00, 0x00, 0x00, 0xE0, 0x81, 0x00, 0x43, 0x08, 0x00, 0x3D,
	0xFF, 0xC3, 0x03, 0x00, 0x80, 0x03, 0x00, 0x00, 0x00, 0xC6, 0x00, 0x0D, 0xA0, 0x72, 0x00, 0x00,
	0x00, 0x07, 0x00, 0x00, 0x00, 0x8A, 0x00, 0x0E, 0xC0, 0x4D, 0x00, 0x00, 0x00, 0xE0, 0x81, 0x00,
	0xC3, 0x00, 0x00, 0x3D, 0xFF, 0xC3, 0x03, 0x00, 0x80, 0x03, 0x00, 0x00, 0x00, 0xC6, 0x00, 0x55,
	0x00, 0x50, 0x00, 0x00, 0x00, 0x87, 0x00, 0x00, 0x00, 0x80, 0x00, 0x75, 0xC0, 0x51, 0x00, 0x01,
	0x00, 0x80, 0x00, 0x00, 0x00, 0x0C, 0x00, 0x55, 0x00, 0x50, 0x00, 0x00, 0x00, 0x87, 0x00, 0x00,
	0x00, 0x81, 0x00, 0x75, 0xE0, 0x50, 0x00, 0x00, 0x00, 0x80, 0x00, 0x00, 0x00, 0x0E, 0x00, 0x55,
	0x00, 0x50, 0x00, 0x00, 0x80, 0x83, 0x00, 0x00, 0x00, 0xC0, 0x00, 0x75, 0xE0, 0x50, 0x00, 0x01,
	0x00, 0x80, 0x00, 0x00, 0x00, 0x0E, 0x00, 0x28, 0x00, 0x00, 0x00, 0x00, 0x00, 0x00, 0x00, 0x00,
	0x00, 0x00, 0x00, 0x38, 0x00, 0x00, 0x00, 0x00, 0x00, 0x00, 0x00, 0x00, 0x00, 0x84, 0x23, 0x16,
	0x20, 0x01, 0x00, 0x02, 0x00, 0x03, 0x00, 0x10, 0x2C, 0x00, 0x00, 0x26, 0x00, 0x00, 0x80, 0x02,
	0x80, 0x00, 0x00, 0x28, 0x01, 0x00, 0x00, 0x29, 0x00, 0x74, 0x78, 0x20, 0xD4, 0x02, 0x12, 0x68,
	0x80, 0x00, 0x00, 0x16, 0x00, 0x00, 0x00, 0x01, 0x00, 0x03, 0x00, 0x00, 0x2D, 0x00, 0x00, 0x26,
	0x00, 0x00, 0x00, 0x03, 0x80, 0x00, 0x00, 0x00, 0x01, 0x00, 0x00, 0x29, 0x19, 0x74, 0x78, 0x20,
	0xD4, 0x02, 0x00, 0x00, 0x80, 0x00, 0x00, 0x16, 0x20, 0x01, 0x00, 0x00, 0x00, 0x03, 0x00, 0x10,
	0x2E, 0x00, 0x00, 0x26, 0x00, 0x00, 0x80, 0x03, 0x80, 0x00, 0x00, 0x3C, 0x01, 0x00, 0x00, 0x29,
	0x32, 0x74, 0x78, 0x20, 0xD4, 0x02, 0x12, 0x7C, 0x80, 0x00, 0x00, 0x28, 0x00, 0x00, 0x00, 0x00,
	0x00, 0x00, 0x00, 0x00, 0x00, 0x00, 0x00, 0x38, 0x00, 0x00, 0x00, 0x00, 0x00, 0x00, 0x00, 0x00,
	0x00, 0x86, 0x33, 0x16, 0x00, 0x00, 0x00, 0x03, 0x00, 0x1B, 0x00, 0x00, 0x2E, 0x00, 0x00, 0x26,
	0x00, 0x00, 0x00, 0x00, 0x80, 0x00, 0x00, 0x14, 0x02, 0x00, 0x00, 0x29, 0xE7, 0x68, 0x7C, 0x10,
	0x00, 0x00, 0x00, 0x14, 0x80, 0x00, 0x00, 0x16, 0x20, 0x01, 0x00, 0x02, 0x00, 0x1B, 0x00, 0x10,
	0x35, 0x00, 0x00, 0x26, 0x00, 0x00, 0x80, 0x00, 0x80, 0x00, 0x00, 0x28, 0x02, 0x00, 0x00, 0x29,
	0xEC, 0x68, 0x7C, 0x10, 0x00, 0x00, 0x12, 0x68, 0x80, 0x00, 0x00, 0x16, 0x00, 0x00, 0x00, 0x01,
	0x00, 0x1B, 0x00, 0x00, 0x3C, 0x00, 0x00, 0x26, 0x00, 0x00, 0x00, 0x01, 0x80, 0x00, 0x00, 0x00,
	0x02, 0x00, 0x00, 0x29, 0xF1, 0x68, 0x7C, 0x10, 0x00, 0x00, 0x00, 0x00, 0x80, 0x00, 0x00, 0x16,
	0x20, 0x01, 0x00, 0x00, 0x00, 0x1B, 0x00, 0x10, 0x43, 0x00, 0x00, 0x26, 0x00, 0x00, 0x80, 0x01,
	0x80, 0x00, 0x00, 0x3C, 0x02, 0x00, 0x00, 0x29, 0xF6, 0x68, 0x7C, 0x10, 0x00, 0x00, 0x12, 0x7C,
	0x80, 0x00, 0x00, 0x16, 0x00, 0x00, 0x00, 0x03, 0x00, 0x1B, 0x00, 0x00, 0x49, 0x00, 0x00, 0x26,
	0x00, 0x00, 0x00, 0x02, 0x80, 0x00, 0x00, 0x14, 0x02, 0x00, 0x00, 0x29, 0xFB, 0x68, 0x7C, 0x10,
	0x00, 0x00, 0x00, 0x14, 0x80, 0x00, 0x00, 0x2E, 0xE0, 0x48, 0x00, 0x00, 0x00, 0x78, 0xC0, 0x01,
	0xF2, 0x03, 0x00, 0x00, 0x00, 0x00, 0x00, 0x00, 0x00, 0x00, 0x00, 0x00, 0x00, 0x00, 0x00, 0x00,
	0x00, 0x14, 0x00, 0x00, 0x00, 0x00, 0x00, 0x00, 0x00, 0x00, 0x00, 0x0E, 0xC0, 0x4D, 0x00, 0x00,
	0x00, 0xE0, 0x81, 0x00, 0x57, 0x08, 0x00, 0x3D, 0xFF, 0xC3, 0x03, 0x00, 0x80, 0x03, 0x00, 0x00,
	0x00, 0xC6, 0x00, 0x0D, 0xA0, 0x72, 0x00, 0x00, 0x00, 0x07, 0x00, 0x00, 0x00, 0x8A, 0x00, 0x0E,
	0xC0, 0x4D, 0x00, 0x00, 0x00, 0xE0, 0x81, 0x00, 0xD7, 0x00, 0x00, 0x3D, 0xFF, 0xC3, 0x03, 0x00,
	0x80, 0x03, 0x00, 0x00, 0x00, 0xC6, 0x00, 0x55, 0x00, 0x50, 0x00, 0x00, 0x00, 0x87, 0x00, 0x00,
	0x00, 0x80, 0x00, 0x75, 0xC0, 0x51, 0x00, 0x01, 0x00, 0x80, 0x00, 0x00, 0x00, 0x0C, 0x00, 0x55,
	0x00, 0x50, 0x00, 0x00, 0x00, 0x87, 0x00, 0x00, 0x00, 0x81, 0x00, 0x75, 0xE0, 0x50, 0x00, 0x00,
	0x00, 0x80, 0x00, 0x00, 0x00, 0x0E, 0x00, 0x55, 0x00, 0x50, 0x00, 0x00, 0x80, 0x83, 0x00, 0x00,
	0x00, 0xC0, 0x00, 0x75, 0xE0, 0x50, 0x00, 0x01, 0x00, 0x80, 0x00, 0x00, 0x00, 0x0E, 0x00, 0x28,
	0x00, 0x00, 0x00, 0x00, 0x00, 0x00, 0x00, 0x00, 0x00, 0x00, 0x00, 0x38, 0x00, 0x00, 0x00, 0x00,
	0x00, 0x00, 0x00, 0x00, 0x00, 0x84, 0x23, 0x16, 0x20, 0x01, 0x00, 0x02, 0x00, 0x03, 0x00, 0x10,
	0x2C, 0x00, 0x00, 0x26, 0x00, 0x00, 0x80, 0x02, 0x80, 0x00, 0x00, 0x28, 0x01, 0x00, 0x00, 0x29,
	0x00, 0x74, 0x78, 0x20, 0xD4, 0x02, 0x12, 0x68, 0x80, 0x00, 0x00, 0x16, 0x00, 0x00, 0x00, 0x01,
	0x00, 0x03, 0x00, 0x00, 0x2D, 0x00, 0x00, 0x26, 0x00, 0x00, 0x00, 0x03, 0x80, 0x00, 0x00, 0x00,
	0x01, 0x00, 0x00, 0x29, 0x19, 0x74, 0x78, 0x20, 0xD4, 0x02, 0x00, 0x00, 0x80, 0x00, 0x00, 0x16,
	0x20, 0x01, 0x00, 0x00, 0x00, 0x03, 0x00, 0x10, 0x2E, 0x00, 0x00, 0x26, 0x00, 0x00, 0x80, 0x03,
	0x80, 0x00, 0x00, 0x3C, 0x01, 0x00, 0x00, 0x29, 0x32, 0x74, 0x78, 0x20, 0xD4, 0x02, 0x12, 0x7C,
	0x80, 0x00, 0x00, 0x28, 0x00, 0x00, 0x00, 0x00, 0x00, 0x00, 0x00, 0x00, 0x00, 0x00, 0x00, 0x38,
	0x00, 0x00, 0x00, 0x00, 0x00, 0x00, 0x00, 0x00, 0x00, 0x86, 0x33, 0x16, 0x00, 0x00, 0x00, 0x03,
	0x00, 0x1B, 0x00, 0x00, 0x2E, 0x00, 0x00, 0x26, 0x00, 0x00, 0x00, 0x00, 0x80, 0x00, 0x00, 0x14,
	0x02, 0x00, 0x00, 0x29, 0xE7, 0x68, 0x7C, 0x10, 0x00, 0x00, 0x00, 0x14, 0x80, 0x00, 0x00, 0x16,
	0x20, 0x01, 0x00, 0x02, 0x00, 0x1B, 0x00, 0x10, 0x35, 0x00, 0x00, 0x26, 0x00, 0x00, 0x80, 0x00,
	0x80, 0x00, 0x00, 0x28, 0x02, 0x00, 0x00, 0x29, 0xEC, 0x68, 0x7C, 0x10, 0x00, 0x00, 0x12, 0x68,
	0x80, 0x00, 0x00, 0x16, 0x00, 0x00, 0x00, 0x01, 0x00, 0x1B, 0x00, 0x00, 0x3C, 0x00, 0x00, 0x26,
	0x00, 0x00, 0x00, 0x01, 0x80, 0x00, 0x00, 0x00, 0x02, 0x00, 0x00, 0x29, 0xF1, 0x68, 0x7C, 0x10,
	0x00, 0x00, 0x00, 0x00, 0x80, 0x00, 0x00, 0x16, 0x20, 0x01, 0x00, 0x00, 0x00, 0x1B, 0x00, 0x10,
	0x43, 0x00, 0x00, 0x26, 0x00, 0x00, 0x80, 0x01, 0x80, 0x00, 0x00, 0x3C, 0x02, 0x00, 0x00, 0x29,
	0xF6, 0x68, 0x7C, 0x10, 0x00, 0x00, 0x12, 0x7C, 0x80, 0x00, 0x00, 0x16, 0x00, 0x00, 0x00, 0x03,
	0x00, 0x1B, 0x00, 0x00, 0x49, 0x00, 0x00, 0x26, 0x00, 0x00, 0x00, 0x02, 0x80, 0x00, 0x00, 0x14,
	0x02, 0x00, 0x00, 0x29, 0xFB, 0x68, 0x7C, 0x10, 0x00, 0x00, 0x00, 0x14, 0x80, 0x00, 0x00, 0x2E,
	0xE0, 0x48, 0x00, 0x00, 0x00, 0x78, 0xC0, 0x01, 0xF7, 0x03, 0x00, 0x00, 0x00, 0x00, 0x00, 0x00,
	0x00, 0x00, 0x00, 0x00, 0x00, 0x00, 0x00, 0x00, 0x00, 0x14, 0x00, 0x00, 0x00, 0x00, 0x00, 0x00,
	0x00, 0x00, 0x00, 0x0E, 0xC0, 0x4D, 0x00, 0x00, 0x00, 0xE0, 0x81, 0x00, 0x6B, 0x08, 0x00, 0x3D,
	0xFF, 0xC3, 0x03, 0x00, 0x80, 0x03, 0x00, 0x00, 0x00, 0xC6, 0x00, 0x0D, 0xA0, 0x72, 0x00, 0x00,
	0x00, 0x07, 0x00, 0x00, 0x00, 0x8A, 0x00, 0x0E, 0xC0, 0x4D, 0x00, 0x00, 0x00, 0xE0, 0x81, 0x00,
	0xEB, 0x00, 0x00, 0x3D, 0xFF, 0xC3, 0x03, 0x00, 0x80, 0x03, 0x00, 0x00, 0x00, 0xC6, 0x00, 0x55,
	0x00, 0x50, 0x00, 0x00, 0x00, 0x87, 0x00, 0x00, 0x00, 0x80, 0x00, 0x75, 0xC0, 0x51, 0x00, 0x01,
	0x00, 0x80, 0x00, 0x00, 0x00, 0x0C, 0x00, 0x55, 0x00, 0x50, 0x00, 0x00, 0x00, 0x87, 0x00, 0x00,
	0x00, 0x81, 0x00, 0x75, 0xE0, 0x50, 0x00, 0x00, 0x00, 0x80, 0x00, 0x00, 0x00, 0x0E, 0x00, 0x55,
	0x00, 0x50, 0x00, 0x00, 0x80, 0x83, 0x00, 0x00, 0x00, 0xC0, 0x00, 0x75, 0xE0, 0x50, 0x00, 0x01,
	0x00, 0x80, 0x00, 0x00, 0x00, 0x0E, 0x00, 0x28, 0x00, 0x00, 0x00, 0x00, 0x00, 0x00, 0x00, 0x00,
	0x00, 0x00, 0x00, 0x38, 0x00, 0x00, 0x00, 0x00, 0x00, 0x00, 0x00, 0x00, 0x00, 0x84, 0x23, 0x16,
	0x20, 0x01, 0x00, 0x02, 0x00, 0x03, 0x00, 0x10, 0x2C, 0x00, 0x00, 0x26, 0x00, 0x00, 0x80, 0x02,
	0x80, 0x00, 0x00, 0x28, 0x01, 0x00, 0x00, 0x29, 0x00, 0x74, 0x78, 0x20, 0xD4, 0x02, 0x12, 0x68,
	0x80, 0x00, 0x00, 0x16, 0x00, 0x00, 0x00, 0x01, 0x00, 0x03, 0x00, 0x00, 0x2D, 0x00, 0x00, 0x26,
	0x00, 0x00, 0x00, 0x03, 0x80, 0x00, 0x00, 0x00, 0x01, 0x00, 0x00, 0x29, 0x19, 0x74, 0x78, 0x20,
	0xD4, 0x02, 0x00, 0x00, 0x80, 0x00, 0x00, 0x16, 0x20, 0x01, 0x00, 0x00, 0x00, 0x03, 0x00, 0x10,
	0x2E, 0x00, 0x00, 0x26, 0x00, 0x00, 0x80, 0x03, 0x80, 0x00, 0x00, 0x3C, 0x01, 0x00, 0x00, 0x29,
	0x32, 0x74, 0x78, 0x20, 0xD4, 0x02, 0x12, 0x7C, 0x80, 0x00, 0x00, 0x28, 0x00, 0x00, 0x00, 0x00,
	0x00, 0x00, 0x00, 0x00, 0x00, 0x00, 0x00, 0x38, 0x00, 0x00, 0x00, 0x00, 0x00, 0x00, 0x00, 0x00,
	0x00, 0x86, 0x33, 0x16, 0x00, 0x00, 0x00, 0x03, 0x00, 0x1B, 0x00, 0x00, 0x2E, 0x00, 0x00, 0x26,
	0x00, 0x00, 0x00, 0x00, 0x80, 0x00, 0x00, 0x14, 0x02, 0x00, 0x00, 0x29, 0xE7, 0x68, 0x7C, 0x10,
	0x00, 0x00, 0x00, 0x14, 0x80, 0x00, 0x00, 0x16, 0x20, 0x01, 0x00, 0x02, 0x00, 0x1B, 0x00, 0x10,
	0x35, 0x00, 0x00, 0x26, 0x00, 0x00, 0x80, 0x00, 0x80, 0x00, 0x00, 0x28, 0x02, 0x00, 0x00, 0x29,
	0xEC, 0x68, 0x7C, 0x10, 0x00, 0x00, 0x12, 0x68, 0x80, 0x00, 0x00, 0x16, 0x00, 0x00, 0x00, 0x01,
	0x00, 0x1B, 0x00, 0x00, 0x3C, 0x00, 0x00, 0x26, 0x00, 0x00, 0x00, 0x01, 0x80, 0x00, 0x00, 0x00,
	0x02, 0x00, 0x00, 0x29, 0xF1, 0x68, 0x7C, 0x10, 0x00, 0x00, 0x00, 0x00, 0x80, 0x00, 0x00, 0x16,
	0x20, 0x01, 0x00, 0x00, 0x00, 0x1B, 0x00, 0x10, 0x43, 0x00, 0x00, 0x26, 0x00, 0x00, 0x80, 0x01,
	0x80, 0x00, 0x00, 0x3C, 0x02, 0x00, 0x00, 0x29, 0xF6, 0x68, 0x7C, 0x10, 0x00, 0x00, 0x12, 0x7C,
	0x80, 0x00, 0x00, 0x16, 0x00, 0x00, 0x00, 0x03, 0x00, 0x1B, 0x00, 0x00, 0x49, 0x00, 0x00, 0x26,
	0x00, 0x00, 0x00, 0x02, 0x80, 0x00, 0x00, 0x14, 0x02, 0x00, 0x00, 0x29, 0xFB, 0x68, 0x7C, 0x10,
	0x00, 0x00, 0x00, 0x14, 0x80, 0x00, 0x00, 0x2E, 0xE0, 0x48, 0x00, 0x00, 0x00, 0x78, 0xC0, 0x01,
	0xFC, 0x03, 0x00, 0x00, 0x00, 0x00, 0x00, 0x00, 0x00, 0x00, 0x00, 0x00, 0x00, 0x00, 0x00, 0x00,
	0x00, 0x14, 0x00, 0x00, 0x00, 0x00, 0x00, 0x00, 0x00, 0x00, 0x00, 0x0E, 0xC0, 0x4D, 0x00, 0x00,
	0x00, 0xE0, 0x81, 0x00, 0x7F, 0x08, 0x00, 0x3D, 0xFF, 0xC3, 0x03, 0x00, 0x80, 0x03, 0x00, 0x00,
	0x00, 0xC6, 0x00, 0x0D, 0xA0, 0x72, 0x00, 0x00, 0x00, 0x07, 0x00, 0x00, 0x00, 0x8A, 0x00, 0x0E,
	0xC0, 0x4D, 0x00, 0x00, 0x00, 0xE0, 0x81, 0x00, 0xFF, 0x00, 0x00, 0x3D, 0xFF, 0xC3, 0x03, 0x00,
	0x80, 0x03, 0x00, 0x00, 0x00, 0xC6, 0x00, 0x55, 0x00, 0x50, 0x00, 0x00, 0x00, 0x87, 0x00, 0x00,
	0x00, 0x80, 0x00, 0x75, 0xC0, 0x51, 0x00, 0x01, 0x00, 0x80, 0x00, 0x00, 0x00, 0x0C, 0x00, 0x55,
	0x00, 0x50, 0x00, 0x00, 0x00, 0x87, 0x00, 0x00, 0x00, 0x81, 0x00, 0x75, 0xE0, 0x50, 0x00, 0x00,
	0x00, 0x80, 0x00, 0x00, 0x00, 0x0E, 0x00, 0x06, 0x00, 0x02, 0x00, 0x00, 0x00, 0x08, 0x00, 0x00,
	0xA8, 0x00, 0x00, 0x08, 0x00, 0x00, 0x00, 0x00, 0x00, 0x00, 0x00, 0x00, 0x00, 0x00, 0x00, 0x18,
	0x00, 0x02, 0x00, 0x00, 0x00, 0x00, 0x00, 0x00, 0x00, 0x00, 0x00, 0x55, 0x00, 0x50, 0x00, 0x00,
	0x80, 0x83, 0x00, 0x00, 0x00, 0xC0, 0x00, 0x75, 0xE0, 0x50, 0x00, 0x01, 0x00, 0x80, 0x00, 0x00,
	0x00, 0x0E, 0x00, 0x28, 0x00, 0x00, 0x00, 0x00, 0x00, 0x00, 0x00, 0x00, 0x00, 0x00, 0x00, 0x38,
	0x00, 0x00, 0x00, 0x00, 0x00, 0x00, 0x00, 0x00, 0x00, 0x84, 0x23, 0x16, 0x20, 0x01, 0x00, 0x02,
	0x00, 0x03, 0x00, 0x10, 0x2C, 0x00, 0x00, 0x26, 0x00, 0x00, 0x80, 0x02, 0x80, 0x00, 0x00, 0x28,
	0x01, 0x00, 0x00, 0x29, 0x00, 0x74, 0x78, 0x20, 0xD4, 0x02, 0x12, 0x68, 0x80, 0x00, 0x00, 0x16,
	0x00, 0x00, 0x00, 0x01, 0x00, 0x03, 0x00, 0x00, 0x2D, 0x00, 0x00, 0x26, 0x00, 0x00, 0x00, 0x03,
	0x80, 0x00, 0x00, 0x00, 0x01, 0x00, 0x00, 0x29, 0x19, 0x74, 0x78, 0x20, 0xD4, 0x02, 0x00, 0x00,
	0x80, 0x00, 0x00, 0x16, 0x20, 0x01, 0x00, 0x00, 0x00, 0x03, 0x00, 0x10, 0x2E, 0x00, 0x00, 0x26,
	0x00, 0x00, 0x80, 0x03, 0x80, 0x00, 0x00, 0x3C, 0x01, 0x00, 0x00, 0x29, 0x32, 0x74, 0x78, 0x20,
	0xD4, 0x02, 0x12, 0x7C, 0x80, 0x00, 0x00, 0x28, 0x00, 0x00, 0x00, 0x00, 0x00, 0x00, 0x00, 0x00,
	0x00, 0x00, 0x00, 0x38, 0x00, 0x00, 0x00, 0x00, 0x00, 0x00, 0x00, 0x00, 0x00, 0x86, 0x33, 0x16,
	0x00, 0x00, 0x00, 0x03, 0x00, 0x1B, 0x00, 0x00, 0x2E, 0x00, 0x00, 0x26, 0x00, 0x00, 0x00, 0x00,
	0x80, 0x00, 0x00, 0x14, 0x02, 0x00, 0x00, 0x29, 0xE7, 0x68, 0x7C, 0x10, 0x00, 0x00, 0x00, 0x14,
	0x80, 0x00, 0x00, 0x16, 0x20, 0x01, 0x00, 0x02, 0x00, 0x1B, 0x00, 0x10, 0x35, 0x00, 0x00, 0x26,
	0x00, 0x00, 0x80, 0x00, 0x80, 0x00, 0x00, 0x28, 0x02, 0x00, 0x00, 0x29, 0xEC, 0x68, 0x7C, 0x10,
	0x00, 0x00, 0x12, 0x68, 0x80, 0x00, 0x00, 0x16, 0x00, 0x00, 0x00, 0x01, 0x00, 0x1B, 0x00, 0x00,
	0x3C, 0x00, 0x00, 0x26, 0x00, 0x00, 0x00, 0x01, 0x80, 0x00, 0x00, 0x00, 0x02, 0x00, 0x00, 0x29,
	0xF1, 0x68, 0x7C, 0x10, 0x00, 0x00, 0x00, 0x00, 0x80, 0x00, 0x00, 0x16, 0x20, 0x01, 0x00, 0x00,
	0x00, 0x1B, 0x00, 0x10, 0x43, 0x00, 0x00, 0x26, 0x00, 0x00, 0x80, 0x01, 0x80, 0x00, 0x00, 0x3C,
	0x02, 0x00, 0x00, 0x29, 0xF6, 0x68, 0x7C, 0x10, 0x00, 0x00, 0x12, 0x7C, 0x80, 0x00, 0x00, 0x16,
	0x00, 0x00, 0x00, 0x03, 0x00, 0x1B, 0x00, 0x00, 0x49, 0x00, 0x00, 0x26, 0x00, 0x00, 0x00, 0x02,
	0x80, 0x00, 0x00, 0x14, 0x02, 0x00, 0x00, 0x29, 0xFB, 0x68, 0x7C, 0x10, 0x00, 0x00, 0x00, 0x14,
	0x80, 0x00, 0x00, 0x2E, 0xE0, 0x48, 0x00, 0x00, 0x00, 0x78, 0xC0, 0x01, 0x01, 0x04, 0x00, 0x00,
	0x00, 0x00, 0x00, 0x00, 0x00, 0x00, 0x00, 0x00, 0x00, 0x00, 0x00, 0x00, 0x00, 0x14, 0x00, 0x00,
	0x00, 0x00, 0x00, 0x00, 0x00, 0x00, 0x00, 0x0E, 0xC0, 0x4D, 0x00, 0x00, 0x00, 0xE0, 0x81, 0x00,
	0x93, 0x08, 0x00, 0x3D, 0xFF, 0xC3, 0x03, 0x00, 0x80, 0x03, 0x00, 0x00, 0x00, 0xC6, 0x00, 0x0D,
	0xA0, 0x72, 0x00, 0x00, 0x00, 0x07, 0x00, 0x00, 0x00, 0x8A, 0x00, 0x0E, 0xC0, 0x4D, 0x00, 0x00,
	0x00, 0xE0, 0x81, 0x00, 0x13, 0x01, 0x00, 0x3D, 0xFF, 0xC3, 0x03, 0x00, 0x80, 0x03, 0x00, 0x00,
	0x00, 0xC6, 0x00, 0x55, 0x00, 0x50, 0x00, 0x00, 0x00, 0x87, 0x00, 0x00, 0x00, 0x80, 0x00, 0x75,
	0xC0, 0x51, 0x00, 0x01, 0x00, 0x80, 0x00, 0x00, 0x00, 0x0C, 0x00, 0x55, 0x00, 0x50, 0x00, 0x00,
	0x00, 0x87, 0x00, 0x00, 0x00, 0x81, 0x00, 0x75, 0xE0, 0x50, 0x00, 0x00, 0x00, 0x80, 0x00, 0x00,
	0x00, 0x0E, 0x00, 0x55, 0x00, 0x50, 0x00, 0x00, 0x80, 0x83, 0x00, 0x00, 0x00, 0xC0, 0x00, 0x75,
	0xE0, 0x50, 0x00, 0x01, 0x00, 0x80, 0x00, 0x00, 0x00, 0x0E, 0x00, 0x28, 0x00, 0x00, 0x00, 0x00,
	0x00, 0x00, 0x00, 0x00, 0x00, 0x00, 0x00, 0x38, 0x00, 0x00, 0x00, 0x00, 0x00, 0x00, 0x00, 0x00,
	0x00, 0x84, 0x23, 0x16, 0x20, 0x01, 0x00, 0x02, 0x00, 0x03, 0x00, 0x10, 0x2C, 0x00, 0x00, 0x26,
	0x00, 0x00, 0x80, 0x02, 0x80, 0x00, 0x00, 0x28, 0x01, 0x00, 0x00, 0x29, 0x00, 0x74, 0x78, 0x20,
	0xD4, 0x02, 0x12, 0x68, 0x80, 0x00, 0x00, 0x16, 0x00, 0x00, 0x00, 0x01, 0x00, 0x03, 0x00, 0x00,
	0x2D, 0x00, 0x00, 0x26, 0x00, 0x00, 0x00, 0x03, 0x80, 0x00, 0x00, 0x00, 0x01, 0x00, 0x00, 0x29,
	0x19, 0x74, 0x78, 0x20, 0xD4, 0x02, 0x00, 0x00, 0x80, 0x00, 0x00, 0x16, 0x20, 0x01, 0x00, 0x00,
	0x00, 0x03, 0x00, 0x10, 0x2E, 0x00, 0x00, 0x26, 0x00, 0x00, 0x80, 0x03, 0x80, 0x00, 0x00, 0x3C,
	0x01, 0x00, 0x00, 0x29, 0x32, 0x74, 0x78, 0x20, 0xD4, 0x02, 0x12, 0x7C, 0x80, 0x00, 0x00, 0x28,
	0x00, 0x00, 0x00, 0x00, 0x00, 0x00, 0x00, 0x00, 0x00, 0x00, 0x00, 0x38, 0x00, 0x00, 0x00, 0x00,
	0x00, 0x00, 0x00, 0x00, 0x00, 0x86, 0x33, 0x16, 0x00, 0x00, 0x00, 0x03, 0x00, 0x1B, 0x00, 0x00,
	0x2E, 0x00, 0x00, 0x26, 0x00, 0x00, 0x00, 0x00, 0x80, 0x00, 0x00, 0x14, 0x02, 0x00, 0x00, 0x29,
	0xE7, 0x68, 0x7C, 0x10, 0x00, 0x00, 0x00, 0x14, 0x80, 0x00, 0x00, 0x16, 0x20, 0x01, 0x00, 0x02,
	0x00, 0x1B, 0x00, 0x10, 0x35, 0x00, 0x00, 0x26, 0x00, 0x00, 0x80, 0x00, 0x80, 0x00, 0x00, 0x28,
	0x02, 0x00, 0x00, 0x29, 0xEC, 0x68, 0x7C, 0x10, 0x00, 0x00, 0x12, 0x68, 0x80, 0x00, 0x00, 0x16,
	0x00, 0x00, 0x00, 0x01, 0x00, 0x1B, 0x00, 0x00, 0x3C, 0x00, 0x00, 0x26, 0x00, 0x00, 0x00, 0x01,
	0x80, 0x00, 0x00, 0x00, 0x02, 0x00, 0x00, 0x29, 0xF1, 0x68, 0x7C, 0x10, 0x00, 0x00, 0x00, 0x00,
	0x80, 0x00, 0x00, 0x16, 0x20, 0x01, 0x00, 0x00, 0x00, 0x1B, 0x00, 0x10, 0x43, 0x00, 0x00, 0x26,
	0x00, 0x00, 0x80, 0x01, 0x80, 0x00, 0x00, 0x3C, 0x02, 0x00, 0x00, 0x29, 0xF6, 0x68, 0x7C, 0x10,
	0x00, 0x00, 0x12, 0x7C, 0x80, 0x00, 0x00, 0x16, 0x00, 0x00, 0x00, 0x03, 0x00, 0x1B, 0x00, 0x00,
	0x49, 0x00, 0x00, 0x26, 0x00, 0x00, 0x00, 0x02, 0x80, 0x00, 0x00, 0x14, 0x02, 0x00, 0x00, 0x29,
	0xFB, 0x68, 0x7C, 0x10, 0x00, 0x00, 0x00, 0x14, 0x80, 0x00, 0x00, 0x2E, 0xE0, 0x48, 0x00, 0x00,
	0x00, 0x78, 0xC0, 0x01, 0x06, 0x04, 0x00, 0x00, 0x00, 0x00, 0x00, 0x00, 0x00, 0x00, 0x00, 0x00,
	0x00, 0x00, 0x00, 0x00, 0x00, 0x14, 0x00, 0x00, 0x00, 0x00, 0x00, 0x00, 0x00, 0x00, 0x00, 0x0E,
	0xC0, 0x4D, 0x00, 0x00, 0x00, 0xE0, 0x81, 0x00, 0xA7, 0x08, 0x00, 0x3D, 0xFF, 0xC3, 0x03, 0x00,
	0x80, 0x03, 0x00, 0x00, 0x00, 0xC6, 0x00, 0x0D, 0xA0, 0x72, 0x00, 0x00, 0x00, 0x07, 0x00, 0x00,
	0x00, 0x8A, 0x00, 0x0E, 0xC0, 0x4D, 0x00, 0x00, 0x00, 0xE0, 0x81, 0x00, 0x27, 0x01, 0x00, 0x3D,
	0xFF, 0xC3, 0x03, 0x00, 0x80, 0x03, 0x00, 0x00, 0x00, 0xC6, 0x00, 0x55, 0x00, 0x50, 0x00, 0x00,
	0x00, 0x87, 0x00, 0x00, 0x00, 0x80, 0x00, 0x75, 0xC0, 0x51, 0x00, 0x01, 0x00, 0x80, 0x00, 0x00,
	0x00, 0x0C, 0x00, 0x55, 0x00, 0x50, 0x00, 0x00, 0x00, 0x87, 0x00, 0x00, 0x00, 0x81, 0x00, 0x75,
	0xE0, 0x50, 0x00, 0x00, 0x00, 0x80, 0x00, 0x00, 0x00, 0x0E, 0x00, 0x55, 0x00, 0x50, 0x00, 0x00,
	0x80, 0x83, 0x00, 0x00, 0x00, 0xC0, 0x00, 0x75, 0xE0, 0x50, 0x00, 0x01, 0x00, 0x80, 0x00, 0x00,
	0x00, 0x0E, 0x00, 0x28, 0x00, 0x00, 0x00, 0x00, 0x00, 0x00, 0x00, 0x00, 0x00, 0x00, 0x00, 0x38,
	0x00, 0x00, 0x00, 0x00, 0x00, 0x00, 0x00, 0x00, 0x00, 0x84, 0x23, 0x16, 0x20, 0x01, 0x00, 0x02,
	0x00, 0x03, 0x00, 0x10, 0x2C, 0x00, 0x00, 0x26, 0x00, 0x00, 0x80, 0x02, 0x80, 0x00, 0x00, 0x28,
	0x01, 0x00, 0x00, 0x29, 0x00, 0x74, 0x78, 0x20, 0xD4, 0x02, 0x12, 0x68, 0x80, 0x00, 0x00, 0x16,
	0x00, 0x00, 0x00, 0x01, 0x00, 0x03, 0x00, 0x00, 0x2D, 0x00, 0x00, 0x26, 0x00, 0x00, 0x00, 0x03,
	0x80, 0x00, 0x00, 0x00, 0x01, 0x00, 0x00, 0x29, 0x19, 0x74, 0x78, 0x20, 0xD4, 0x02, 0x00, 0x00,
	0x80, 0x00, 0x00, 0x16, 0x20, 0x01, 0x00, 0x00, 0x00, 0x03, 0x00, 0x10, 0x2E, 0x00, 0x00, 0x26,
	0x00, 0x00, 0x80, 0x03, 0x80, 0x00, 0x00, 0x3C, 0x01, 0x00, 0x00, 0x29, 0x32, 0x74, 0x78, 0x20,
	0xD4, 0x02, 0x12, 0x7C, 0x80, 0x00, 0x00, 0x28, 0x00, 0x00, 0x00, 0x00, 0x00, 0x00, 0x00, 0x00,
	0x00, 0x00, 0x00, 0x38, 0x00, 0x00, 0x00, 0x00, 0x00, 0x00, 0x00, 0x00, 0x00, 0x86, 0x33, 0x16,
	0x00, 0x00, 0x00, 0x03, 0x00, 0x1B, 0x00, 0x00, 0x2E, 0x00, 0x00, 0x26, 0x00, 0x00, 0x00, 0x00,
	0x80, 0x00, 0x00, 0x14, 0x02, 0x00, 0x00, 0x29, 0xE7, 0x68, 0x7C, 0x10, 0x00, 0x00, 0x00, 0x14,
	0x80, 0x00, 0x00, 0x16, 0x20, 0x01, 0x00, 0x02, 0x00, 0x1B, 0x00, 0x10, 0x35, 0x00, 0x00, 0x26,
	0x00, 0x00, 0x80, 0x00, 0x80, 0x00, 0x00, 0x28, 0x02, 0x00, 0x00, 0x29, 0xEC, 0x68, 0x7C, 0x10,
	0x00, 0x00, 0x12, 0x68, 0x80, 0x00, 0x00, 0x16, 0x00, 0x00, 0x00, 0x01, 0x00, 0x1B, 0x00, 0x00,
	0x3C, 0x00, 0x00, 0x26, 0x00, 0x00, 0x00, 0x01, 0x80, 0x00, 0x00, 0x00, 0x02, 0x00, 0x00, 0x29,
	0xF1, 0x68, 0x7C, 0x10, 0x00, 0x00, 0x00, 0x00, 0x80, 0x00, 0x00, 0x16, 0x20, 0x01, 0x00, 0x00,
	0x00, 0x1B, 0x00, 0x10, 0x43, 0x00, 0x00, 0x26, 0x00, 0x00, 0x80, 0x01, 0x80, 0x00, 0x00, 0x3C,
	0x02, 0x00, 0x00, 0x29, 0xF6, 0x68, 0x7C, 0x10, 0x00, 0x00, 0x12, 0x7C, 0x80, 0x00, 0x00, 0x16,
	0x00, 0x00, 0x00, 0x03, 0x00, 0x1B, 0x00, 0x00, 0x49, 0x00, 0x00, 0x26, 0x00, 0x00, 0x00, 0x02,
	0x80, 0x00, 0x00, 0x14, 0x02, 0x00, 0x00, 0x29, 0xFB, 0x68, 0x7C, 0x10, 0x00, 0x00, 0x00, 0x14,
	0x80, 0x00, 0x00, 0x2E, 0xE0, 0x48, 0x00, 0x00, 0x00, 0x78, 0xC0, 0x01, 0x0B, 0x04, 0x00, 0x00,
	0x00, 0x00, 0x00, 0x00, 0x00, 0x00, 0x00, 0x00, 0x00, 0x00, 0x00, 0x00, 0x00, 0x14, 0x00, 0x00,
	0x00, 0x00, 0x00, 0x00, 0x00, 0x00, 0x00, 0x0E, 0xC0, 0x4D, 0x00, 0x00, 0x00, 0xE0, 0x81, 0x00,
	0xBB, 0x08, 0x00, 0x3D, 0xFF, 0xC3, 0x03, 0x00, 0x80, 0x03, 0x00, 0x00, 0x00, 0xC6, 0x00, 0x0D,
	0xA0, 0x72, 0x00, 0x00, 0x00, 0x07, 0x00, 0x00, 0x00, 0x8A, 0x00, 0x0E, 0xC0, 0x4D, 0x00, 0x00,
	0x00, 0xE0, 0x81, 0x00, 0x3B, 0x01, 0x00, 0x3D, 0xFF, 0xC3, 0x03, 0x00, 0x80, 0x03, 0x00, 0x00,
	0x00, 0xC6, 0x00, 0x55, 0x00, 0x50, 0x00, 0x00, 0x00, 0x87, 0x00, 0x00, 0x00, 0x80, 0x00, 0x75,
	0xC0, 0x51, 0x00, 0x01, 0x00, 0x80, 0x00, 0x00, 0x00, 0x0C, 0x00, 0x55, 0x00, 0x50, 0x00, 0x00,
	0x00, 0x87, 0x00, 0x00, 0x00, 0x81, 0x00, 0x75, 0xE0, 0x50, 0x00, 0x00, 0x00, 0x80, 0x00, 0x00,
	0x00, 0x0E, 0x00, 0x55, 0x00, 0x50, 0x00, 0x00, 0x80, 0x83, 0x00, 0x00, 0x00, 0xC0, 0x00, 0x75,
	0xE0, 0x50, 0x00, 0x01, 0x00, 0x80, 0x00, 0x00, 0x00, 0x0E, 0x00, 0x28, 0x00, 0x00, 0x00, 0x00,
	0x00, 0x00, 0x00, 0x00, 0x00, 0x00, 0x00, 0x38, 0x00, 0x00, 0x00, 0x00, 0x00, 0x00, 0x00, 0x00,
	0x00, 0x84, 0x23, 0x16, 0x20, 0x01, 0x00, 0x02, 0x00, 0x03, 0x00, 0x10, 0x2C, 0x00, 0x00, 0x26,
	0x00, 0x00, 0x80, 0x02, 0x80, 0x00, 0x00, 0x28, 0x01, 0x00, 0x00, 0x29, 0x00, 0x74, 0x78, 0x20,
	0xD4, 0x02, 0x12, 0x68, 0x80, 0x00, 0x00, 0x16, 0x00, 0x00, 0x00, 0x01, 0x00, 0x03, 0x00, 0x00,
	0x2D, 0x00, 0x00, 0x26, 0x00, 0x00, 0x00, 0x03, 0x80, 0x00, 0x00, 0x00, 0x01, 0x00, 0x00, 0x29,
	0x19, 0x74, 0x78, 0x20, 0xD4, 0x02, 0x00, 0x00, 0x80, 0x00, 0x00, 0x16, 0x20, 0x01, 0x00, 0x00,
	0x00, 0x03, 0x00, 0x10, 0x2E, 0x00, 0x00, 0x26, 0x00, 0x00, 0x80, 0x03, 0x80, 0x00, 0x00, 0x3C,
	0x01, 0x00, 0x00, 0x29, 0x32, 0x74, 0x78, 0x20, 0xD4, 0x02, 0x12, 0x7C, 0x80, 0x00, 0x00, 0x28,
	0x00, 0x00, 0x00, 0x00, 0x00, 0x00, 0x00, 0x00, 0x00, 0x00, 0x00, 0x38, 0x00, 0x00, 0x00, 0x00,
	0x00, 0x00, 0x00, 0x00, 0x00, 0x86, 0x33, 0x16, 0x00, 0x00, 0x00, 0x03, 0x00, 0x1B, 0x00, 0x00,
	0x2E, 0x00, 0x00, 0x26, 0x00, 0x00, 0x00, 0x00, 0x80, 0x00, 0x00, 0x14, 0x02, 0x00, 0x00, 0x29,
	0xE7, 0x68, 0x7C, 0x10, 0x00, 0x00, 0x00, 0x14, 0x80, 0x00, 0x00, 0x16, 0x20, 0x01, 0x00, 0x02,
	0x00, 0x1B, 0x00, 0x10, 0x35, 0x00, 0x00, 0x26, 0x00, 0x00, 0x80, 0x00, 0x80, 0x00, 0x00, 0x28,
	0x02, 0x00, 0x00, 0x29, 0xEC, 0x68, 0x7C, 0x10, 0x00, 0x00, 0x12, 0x68, 0x80, 0x00, 0x00, 0x16,
	0x00, 0x00, 0x00, 0x01, 0x00, 0x1B, 0x00, 0x00, 0x3C, 0x00, 0x00, 0x26, 0x00, 0x00, 0x00, 0x01,
	0x80, 0x00, 0x00, 0x00, 0x02, 0x00, 0x00, 0x29, 0xF1, 0x68, 0x7C, 0x10, 0x00, 0x00, 0x00, 0x00,
	0x80, 0x00, 0x00, 0x16, 0x20, 0x01, 0x00, 0x00, 0x00, 0x1B, 0x00, 0x10, 0x43, 0x00, 0x00, 0x26,
	0x00, 0x00, 0x80, 0x01, 0x80, 0x00, 0x00, 0x3C, 0x02, 0x00, 0x00, 0x29, 0xF6, 0x68, 0x7C, 0x10,
	0x00, 0x00, 0x12, 0x7C, 0x80, 0x00, 0x00, 0x16, 0x00, 0x00, 0x00, 0x03, 0x00, 0x1B, 0x00, 0x00,
	0x49, 0x00, 0x00, 0x26, 0x00, 0x00, 0x00, 0x02, 0x80, 0x00, 0x00, 0x14, 0x02, 0x00, 0x00, 0x29,
	0xFB, 0x68, 0x7C, 0x10, 0x00, 0x00, 0x00, 0x14, 0x80, 0x00, 0x00, 0x2E, 0xE0, 0x48, 0x00, 0x00,
	0x00, 0x78, 0xC0, 0x01, 0x10, 0x04, 0x00, 0x00, 0x00, 0x00, 0x00, 0x00, 0x00, 0x00, 0x00, 0x00,
	0x00, 0x00, 0x00, 0x00, 0x00, 0x14, 0x00, 0x00, 0x00, 0x00, 0x00, 0x00, 0x00, 0x00, 0x00, 0x0E,
	0xC0, 0x4D, 0x00, 0x00, 0x00, 0xE0, 0x81, 0x00, 0xCF, 0x08, 0x00, 0x3D, 0xFF, 0xC3, 0x03, 0x00,
	0x80, 0x03, 0x00, 0x00, 0x00, 0xC6, 0x00, 0x0D, 0xA0, 0x72, 0x00, 0x00, 0x00, 0x07, 0x00, 0x00,
	0x00, 0x8A, 0x00, 0x0E, 0xC0, 0x4D, 0x00, 0x00, 0x00, 0xE0, 0x81, 0x00, 0x4F, 0x01, 0x00, 0x3D,
	0xFF, 0xC3, 0x03, 0x00, 0x80, 0x03, 0x00, 0x00, 0x00, 0xC6, 0x00, 0x55, 0x00, 0x50, 0x00, 0x00,
	0x00, 0x87, 0x00, 0x00, 0x00, 0x80, 0x00, 0x75, 0xC0, 0x51, 0x00, 0x01, 0x00, 0x80, 0x00, 0x00,
	0x00, 0x0C, 0x00, 0x55, 0x00, 0x50, 0x00, 0x00, 0x00, 0x87, 0x00, 0x00, 0x00, 0x81, 0x00, 0x75,
	0xE0, 0x50, 0x00, 0x00, 0x00, 0x80, 0x00, 0x00, 0x00, 0x0E, 0x00, 0x55, 0x00, 0x50, 0x00, 0x00,
	0x80, 0x83, 0x00, 0x00, 0x00, 0xC0, 0x00, 0x75, 0xE0, 0x50, 0x00, 0x01, 0x00, 0x80, 0x00, 0x00,
	0x00, 0x0E, 0x00, 0x28, 0x00, 0x00, 0x00, 0x00, 0x00, 0x00, 0x00, 0x00, 0x00, 0x00, 0x00, 0x38,
	0x00, 0x00, 0x00, 0x00, 0x00, 0x00, 0x00, 0x00, 0x00, 0x84, 0x23, 0x16, 0x20, 0x01, 0x00, 0x02,
	0x00, 0x03, 0x00, 0x10, 0x2C, 0x00, 0x00, 0x26, 0x00, 0x00, 0x80, 0x02, 0x80, 0x00, 0x00, 0x28,
	0x01, 0x00, 0x00, 0x29, 0x00, 0x74, 0x78, 0x20, 0xD4, 0x02, 0x12, 0x68, 0x80, 0x00, 0x00, 0x16,
	0x00, 0x00, 0x00, 0x01, 0x00, 0x03, 0x00, 0x00, 0x2D, 0x00, 0x00, 0x26, 0x00, 0x00, 0x00, 0x03,
	0x80, 0x00, 0x00, 0x00, 0x01, 0x00, 0x00, 0x29, 0x19, 0x74, 0x78, 0x20, 0xD4, 0x02, 0x00, 0x00,
	0x80, 0x00, 0x00, 0x16, 0x20, 0x01, 0x00, 0x00, 0x00, 0x03, 0x00, 0x10, 0x2E, 0x00, 0x00, 0x26,
	0x00, 0x00, 0x80, 0x03, 0x80, 0x00, 0x00, 0x3C, 0x01, 0x00, 0x00, 0x29, 0x32, 0x74, 0x78, 0x20,
	0xD4, 0x02, 0x12, 0x7C, 0x80, 0x00, 0x00, 0x28, 0x00, 0x00, 0x00, 0x00, 0x00, 0x00, 0x00, 0x00,
	0x00, 0x00, 0x00, 0x38, 0x00, 0x00, 0x00, 0x00, 0x00, 0x00, 0x00, 0x00, 0x00, 0x86, 0x33, 0x16,
	0x00, 0x00, 0x00, 0x03, 0x00, 0x1B, 0x00, 0x00, 0x2E, 0x00, 0x00, 0x26, 0x00, 0x00, 0x00, 0x00,
	0x80, 0x00, 0x00, 0x14, 0x02, 0x00, 0x00, 0x29, 0xE7, 0x68, 0x7C, 0x10, 0x00, 0x00, 0x00, 0x14,
	0x80, 0x00, 0x00, 0x16, 0x20, 0x01, 0x00, 0x02, 0x00, 0x1B, 0x00, 0x10, 0x35, 0x00, 0x00, 0x26,
	0x00, 0x00, 0x80, 0x00, 0x80, 0x00, 0x00, 0x28, 0x02, 0x00, 0x00, 0x29, 0xEC, 0x68, 0x7C, 0x10,
	0x00, 0x00, 0x12, 0x68, 0x80, 0x00, 0x00, 0x16, 0x00, 0x00, 0x00, 0x01, 0x00, 0x1B, 0x00, 0x00,
	0x3C, 0x00, 0x00, 0x26, 0x00, 0x00, 0x00, 0x01, 0x80, 0x00, 0x00, 0x00, 0x02, 0x00, 0x00, 0x29,
	0xF1, 0x68, 0x7C, 0x10, 0x00, 0x00, 0x00, 0x00, 0x80, 0x00, 0x00, 0x16, 0x20, 0x01, 0x00, 0x00,
	0x00, 0x1B, 0x00, 0x10, 0x43, 0x00, 0x00, 0x26, 0x00, 0x00, 0x80, 0x01, 0x80, 0x00, 0x00, 0x3C,
	0x02, 0x00, 0x00, 0x29, 0xF6, 0x68, 0x7C, 0x10, 0x00, 0x00, 0x12, 0x7C, 0x80, 0x00, 0x00, 0x16,
	0x00, 0x00, 0x00, 0x03, 0x00, 0x1B, 0x00, 0x00, 0x49, 0x00, 0x00, 0x26, 0x00, 0x00, 0x00, 0x02,
	0x80, 0x00, 0x00, 0x14, 0x02, 0x00, 0x00, 0x29, 0xFB, 0x68, 0x7C, 0x10, 0x00, 0x00, 0x00, 0x14,
	0x80, 0x00, 0x00, 0x2E, 0xE0, 0x48, 0x00, 0x00, 0x00, 0x78, 0xC0, 0x01, 0x15, 0x04, 0x00, 0x00,
	0x00, 0x00, 0x00, 0x00, 0x00, 0x00, 0x00, 0x00, 0x00, 0x00, 0x00, 0x00, 0x00, 0x14, 0x00, 0x00,
	0x00, 0x00, 0x00, 0x00, 0x00, 0x00, 0x00, 0x0E, 0xC0, 0x4D, 0x00, 0x00, 0x00, 0xE0, 0x81, 0x00,
	0xE3, 0x08, 0x00, 0x3D, 0xFF, 0xC3, 0x03, 0x00, 0x80, 0x03, 0x00, 0x00, 0x00, 0xC6, 0x00, 0x0D,
	0xA0, 0x72, 0x00, 0x00, 0x00, 0x07, 0x00, 0x00, 0x00, 0x8A, 0x00, 0x0E, 0xC0, 0x4D, 0x00, 0x00,
	0x00, 0xE0, 0x81, 0x00, 0x63, 0x01, 0x00, 0x3D, 0xFF, 0xC3, 0x03, 0x00, 0x80, 0x03, 0x00, 0x00,
	0x00, 0xC6, 0x00, 0x55, 0x00, 0x50, 0x00, 0x00, 0x00, 0x87, 0x00, 0x00, 0x00, 0x80, 0x00, 0x75,
	0xC0, 0x51, 0x00, 0x01, 0x00, 0x80, 0x00, 0x00, 0x00, 0x0C, 0x00, 0x55, 0x00, 0x50, 0x00, 0x00,
	0x00, 0x87, 0x00, 0x00, 0x00, 0x81, 0x00, 0x75, 0xE0, 0x50, 0x00, 0x00, 0x00, 0x80, 0x00, 0x00,
	0x00, 0x0E, 0x00, 0x55, 0x00, 0x50, 0x00, 0x00, 0x80, 0x83, 0x00, 0x00, 0x00, 0xC0, 0x00, 0x75,
	0xE0, 0x50, 0x00, 0x01, 0x00, 0x80, 0x00, 0x00, 0x00, 0x0E, 0x00, 0x28, 0x00, 0x00, 0x00, 0x00,
	0x00, 0x00, 0x00, 0x00, 0x00, 0x00, 0x00, 0x38, 0x00, 0x00, 0x00, 0x00, 0x00, 0x00, 0x00, 0x00,
	0x00, 0x84, 0x23, 0x16, 0x20, 0x01, 0x00, 0x02, 0x00, 0x03, 0x00, 0x10, 0x2C, 0x00, 0x00, 0x26,
	0x00, 0x00, 0x80, 0x02, 0x80, 0x00, 0x00, 0x28, 0x01, 0x00, 0x00, 0x29, 0x00, 0x74, 0x78, 0x20,
	0xD4, 0x02, 0x12, 0x68, 0x80, 0x00, 0x00, 0x16, 0x00, 0x00, 0x00, 0x01, 0x00, 0x03, 0x00, 0x00,
	0x2D, 0x00, 0x00, 0x26, 0x00, 0x00, 0x00, 0x03, 0x80, 0x00, 0x00, 0x00, 0x01, 0x00, 0x00, 0x29,
	0x19, 0x74, 0x78, 0x20, 0xD4, 0x02, 0x00, 0x00, 0x80, 0x00, 0x00, 0x16, 0x20, 0x01, 0x00, 0x00,
	0x00, 0x03, 0x00, 0x10, 0x2E, 0x00, 0x00, 0x26, 0x00, 0x00, 0x80, 0x03, 0x80, 0x00, 0x00, 0x3C,
	0x01, 0x00, 0x00, 0x29, 0x32, 0x74, 0x78, 0x20, 0xD4, 0x02, 0x12, 0x7C, 0x80, 0x00, 0x00, 0x28,
	0x00, 0x00, 0x00, 0x00, 0x00, 0x00, 0x00, 0x00, 0x00, 0x00, 0x00, 0x38, 0x00, 0x00, 0x00, 0x00,
	0x00, 0x00, 0x00, 0x00, 0x00, 0x86, 0x33, 0x16, 0x00, 0x00, 0x00, 0x03, 0x00, 0x1B, 0x00, 0x00,
	0x2E, 0x00, 0x00, 0x26, 0x00, 0x00, 0x00, 0x00, 0x80, 0x00, 0x00, 0x14, 0x02, 0x00, 0x00, 0x29,
	0xE7, 0x68, 0x7C, 0x10, 0x00, 0x00, 0x00, 0x14, 0x80, 0x00, 0x00, 0x16, 0x20, 0x01, 0x00, 0x02,
	0x00, 0x1B, 0x00, 0x10, 0x35, 0x00, 0x00, 0x26, 0x00, 0x00, 0x80, 0x00, 0x80, 0x00, 0x00, 0x28,
	0x02, 0x00, 0x00, 0x29, 0xEC, 0x68, 0x7C, 0x10, 0x00, 0x00, 0x12, 0x68, 0x80, 0x00, 0x00, 0x16,
	0x00, 0x00, 0x00, 0x01, 0x00, 0x1B, 0x00, 0x00, 0x3C, 0x00, 0x00, 0x26, 0x00, 0x00, 0x00, 0x01,
	0x80, 0x00, 0x00, 0x00, 0x02, 0x00, 0x00, 0x29, 0xF1, 0x68, 0x7C, 0x10, 0x00, 0x00, 0x00, 0x00,
	0x80, 0x00, 0x00, 0x16, 0x20, 0x01, 0x00, 0x00, 0x00, 0x1B, 0x00, 0x10, 0x43, 0x00, 0x00, 0x26,
	0x00, 0x00, 0x80, 0x01, 0x80, 0x00, 0x00, 0x3C, 0x02, 0x00, 0x00, 0x29, 0xF6, 0x68, 0x7C, 0x10,
	0x00, 0x00, 0x12, 0x7C, 0x80, 0x00, 0x00, 0x16, 0x00, 0x00, 0x00, 0x03, 0x00, 0x1B, 0x00, 0x00,
	0x49, 0x00, 0x00, 0x26, 0x00, 0x00, 0x00, 0x02, 0x80, 0x00, 0x00, 0x14, 0x02, 0x00, 0x00, 0x29,
	0xFB, 0x68, 0x7C, 0x10, 0x00, 0x00, 0x00, 0x14, 0x80, 0x00, 0x00, 0x2E, 0xE0, 0x48, 0x00, 0x00,
	0x00, 0x78, 0xC0, 0x01, 0x1A, 0x04, 0x00, 0x00, 0x00, 0x00, 0x00, 0x00, 0x00, 0x00, 0x00, 0x00,
	0x00, 0x00, 0x00, 0x00, 0x00, 0x14, 0x00, 0x00, 0x00, 0x00, 0x00, 0x00, 0x00, 0x00, 0x00, 0x0E,
	0xC0, 0x4D, 0x00, 0x00, 0x00, 0xE0, 0x81, 0x00, 0xF7, 0x08, 0x00, 0x3D, 0xFF, 0xC3, 0x03, 0x00,
	0x80, 0x03, 0x00, 0x00, 0x00, 0xC6, 0x00, 0x0D, 0xA0, 0x72, 0x00, 0x00, 0x00, 0x07, 0x00, 0x00,
	0x00, 0x8A, 0x00, 0x0E, 0xC0, 0x4D, 0x00, 0x00, 0x00, 0xE0, 0x81, 0x00, 0x77, 0x01, 0x00, 0x3D,
	0xFF, 0xC3, 0x03, 0x00, 0x80, 0x03, 0x00, 0x00, 0x00, 0xC6, 0x00, 0x55, 0x00, 0x50, 0x00, 0x00,
	0x00, 0x87, 0x00, 0x00, 0x00, 0x80, 0x00, 0x75, 0xC0, 0x51, 0x00, 0x01, 0x00, 0x80, 0x00, 0x00,
	0x00, 0x0C, 0x00, 0x55, 0x00, 0x50, 0x00, 0x00, 0x00, 0x87, 0x00, 0x00, 0x00, 0x81, 0x00, 0x75,
	0xE0, 0x50, 0x00, 0x00, 0x00, 0x80, 0x00, 0x00, 0x00, 0x0E, 0x00, 0x55, 0x00, 0x50, 0x00, 0x00,
	0x80, 0x83, 0x00, 0x00, 0x00, 0xC0, 0x00, 0x75, 0xE0, 0x50, 0x00, 0x01, 0x00, 0x80, 0x00, 0x00,
	0x00, 0x0E, 0x00, 0x28, 0x00, 0x00, 0x00, 0x00, 0x00, 0x00, 0x00, 0x00, 0x00, 0x00, 0x00, 0x38,
	0x00, 0x00, 0x00, 0x00, 0x00, 0x00, 0x00, 0x00, 0x00, 0x84, 0x23, 0x16, 0x20, 0x01, 0x00, 0x02,
	0x00, 0x03, 0x00, 0x10, 0x2C, 0x00, 0x00, 0x26, 0x00, 0x00, 0x80, 0x02, 0x80, 0x00, 0x00, 0x28,
	0x01, 0x00, 0x00, 0x29, 0x00, 0x74, 0x78, 0x20, 0xD4, 0x02, 0x12, 0x68, 0x80, 0x00, 0x00, 0x16,
	0x00, 0x00, 0x00, 0x01, 0x00, 0x03, 0x00, 0x00, 0x2D, 0x00, 0x00, 0x26, 0x00, 0x00, 0x00, 0x03,
	0x80, 0x00, 0x00, 0x00, 0x01, 0x00, 0x00, 0x29, 0x19, 0x74, 0x78, 0x20, 0xD4, 0x02, 0x00, 0x00,
	0x80, 0x00, 0x00, 0x16, 0x20, 0x01, 0x00, 0x00, 0x00, 0x03, 0x00, 0x10, 0x2E, 0x00, 0x00, 0x26,
	0x00, 0x00, 0x80, 0x03, 0x80, 0x00, 0x00, 0x3C, 0x01, 0x00, 0x00, 0x29, 0x32, 0x74, 0x78, 0x20,
	0xD4, 0x02, 0x12, 0x7C, 0x80, 0x00, 0x00, 0x28, 0x00, 0x00, 0x00, 0x00, 0x00, 0x00, 0x00, 0x00,
	0x00, 0x00, 0x00, 0x38, 0x00, 0x00, 0x00, 0x00, 0x00, 0x00, 0x00, 0x00, 0x00, 0x86, 0x33, 0x16,
	0x00, 0x00, 0x00, 0x03, 0x00, 0x1B, 0x00, 0x00, 0x2E, 0x00, 0x00, 0x26, 0x00, 0x00, 0x00, 0x00,
	0x80, 0x00, 0x00, 0x14, 0x02, 0x00, 0x00, 0x29, 0xE7, 0x68, 0x7C, 0x10, 0x00, 0x00, 0x00, 0x14,
	0x80, 0x00, 0x00, 0x16, 0x20, 0x01, 0x00, 0x02, 0x00, 0x1B, 0x00, 0x10, 0x35, 0x00, 0x00, 0x26,
	0x00, 0x00, 0x80, 0x00, 0x80, 0x00, 0x00, 0x28, 0x02, 0x00, 0x00, 0x29, 0xEC, 0x68, 0x7C, 0x10,
	0x00, 0x00, 0x12, 0x68, 0x80, 0x00, 0x00, 0x16, 0x00, 0x00, 0x00, 0x01, 0x00, 0x1B, 0x00, 0x00,
	0x3C, 0x00, 0x00, 0x26, 0x00, 0x00, 0x00, 0x01, 0x80, 0x00, 0x00, 0x00, 0x02, 0x00, 0x00, 0x29,
	0xF1, 0x68, 0x7C, 0x10, 0x00, 0x00, 0x00, 0x00, 0x80, 0x00, 0x00, 0x16, 0x20, 0x01, 0x00, 0x00,
	0x00, 0x1B, 0x00, 0x10, 0x43, 0x00, 0x00, 0x26, 0x00, 0x00, 0x80, 0x01, 0x80, 0x00, 0x00, 0x3C,
	0x02, 0x00, 0x00, 0x29, 0xF6, 0x68, 0x7C, 0x10, 0x00, 0x00, 0x12, 0x7C, 0x80, 0x00, 0x00, 0x16,
	0x00, 0x00, 0x00, 0x03, 0x00, 0x1B, 0x00, 0x00, 0x49, 0x00, 0x00, 0x26, 0x00, 0x00, 0x00, 0x02,
	0x80, 0x00, 0x00, 0x14, 0x02, 0x00, 0x00, 0x29, 0xFB, 0x68, 0x7C, 0x10, 0x00, 0x00, 0x00, 0x14,
	0x80, 0x00, 0x00, 0x2E, 0xE0, 0x48, 0x00, 0x00, 0x00, 0x78, 0xC0, 0x01, 0x1F, 0x04, 0x00, 0x00,
	0x00, 0x00, 0x00, 0x00, 0x00, 0x00, 0x00, 0x00, 0x00, 0x00, 0x00, 0x00, 0x00, 0x14, 0x00, 0x00,
	0x00, 0x00, 0x00, 0x00, 0x00, 0x00, 0x00, 0x0E, 0xC0, 0x4D, 0x00, 0x00, 0x00, 0xE0, 0x81, 0x00,
	0x0B, 0x09, 0x00, 0x3D, 0xFF, 0xC3, 0x03, 0x00, 0x80, 0x03, 0x00, 0x00, 0x00, 0xC6, 0x00, 0x0D,
	0xA0, 0x72, 0x00, 0x00, 0x00, 0x07, 0x00, 0x00, 0x00, 0x8A, 0x00, 0x0E, 0xC0, 0x4D, 0x00, 0x00,
	0x00, 0xE0, 0x81, 0x00, 0x8B, 0x01, 0x00, 0x3D, 0xFF, 0xC3, 0x03, 0x00, 0x80, 0x03, 0x00, 0x00,
	0x00, 0xC6, 0x00, 0x55, 0x00, 0x50, 0x00, 0x00, 0x00, 0x87, 0x00, 0x00, 0x00, 0x80, 0x00, 0x75,
	0xC0, 0x51, 0x00, 0x01, 0x00, 0x80, 0x00, 0x00, 0x00, 0x0C, 0x00, 0x55, 0x00, 0x50, 0x00, 0x00,
	0x00, 0x87, 0x00, 0x00, 0x00, 0x81, 0x00, 0x75, 0xE0, 0x50, 0x00, 0x00, 0x00, 0x80, 0x00, 0x00,
	0x00, 0x0E, 0x00, 0x55, 0x00, 0x50, 0x00, 0x00, 0x80, 0x83, 0x00, 0x00, 0x00, 0xC0, 0x00, 0x75,
	0xE0, 0x50, 0x00, 0x01, 0x00, 0x80, 0x00, 0x00, 0x00, 0x0E, 0x00, 0x28, 0x00, 0x00, 0x00, 0x00,
	0x00, 0x00, 0x00, 0x00, 0x00, 0x00, 0x00, 0x38, 0x00, 0x00, 0x00, 0x00, 0x00, 0x00, 0x00, 0x00,
	0x00, 0x84, 0x23, 0x16, 0x20, 0x01, 0x00, 0x02, 0x00, 0x03, 0x00, 0x10, 0x2C, 0x00, 0x00, 0x26,
	0x00, 0x00, 0x80, 0x02, 0x80, 0x00, 0x00, 0x28, 0x01, 0x00, 0x00, 0x29, 0x00, 0x74, 0x78, 0x20,
	0xD4, 0x02, 0x12, 0x68, 0x80, 0x00, 0x00, 0x16, 0x00, 0x00, 0x00, 0x01, 0x00, 0x03, 0x00, 0x00,
	0x2D, 0x00, 0x00, 0x26, 0x00, 0x00, 0x00, 0x03, 0x80, 0x00, 0x00, 0x00, 0x01, 0x00, 0x00, 0x29,
	0x19, 0x74, 0x78, 0x20, 0xD4, 0x02, 0x00, 0x00, 0x80, 0x00, 0x00, 0x16, 0x20, 0x01, 0x00, 0x00,
	0x00, 0x03, 0x00, 0x10, 0x2E, 0x00, 0x00, 0x26, 0x00, 0x00, 0x80, 0x03, 0x80, 0x00, 0x00, 0x3C,
	0x01, 0x00, 0x00, 0x29, 0x32, 0x74, 0x78, 0x20, 0xD4, 0x02, 0x12, 0x7C, 0x80, 0x00, 0x00, 0x28,
	0x00, 0x00, 0x00, 0x00, 0x00, 0x00, 0x00, 0x00, 0x00, 0x00, 0x00, 0x38, 0x00, 0x00, 0x00, 0x00,
	0x00, 0x00, 0x00, 0x00, 0x00, 0x86, 0x33, 0x16, 0x00, 0x00, 0x00, 0x03, 0x00, 0x1B, 0x00, 0x00,
	0x2E, 0x00, 0x00, 0x26, 0x00, 0x00, 0x00, 0x00, 0x80, 0x00, 0x00, 0x14, 0x02, 0x00, 0x00, 0x29,
	0xE7, 0x68, 0x7C, 0x10, 0x00, 0x00, 0x00, 0x14, 0x80, 0x00, 0x00, 0x16, 0x20, 0x01, 0x00, 0x02,
	0x00, 0x1B, 0x00, 0x10, 0x35, 0x00, 0x00, 0x26, 0x00, 0x00, 0x80, 0x00, 0x80, 0x00, 0x00, 0x28,
	0x02, 0x00, 0x00, 0x29, 0xEC, 0x68, 0x7C, 0x10, 0x00, 0x00, 0x12, 0x68, 0x80, 0x00, 0x00, 0x16,
	0x00, 0x00, 0x00, 0x01, 0x00, 0x1B, 0x00, 0x00, 0x3C, 0x00, 0x00, 0x26, 0x00, 0x00, 0x00, 0x01,
	0x80, 0x00, 0x00, 0x00, 0x02, 0x00, 0x00, 0x29, 0xF1, 0x68, 0x7C, 0x10, 0x00, 0x00, 0x00, 0x00,
	0x80, 0x00, 0x00, 0x16, 0x20, 0x01, 0x00, 0x00, 0x00, 0x1B, 0x00, 0x10, 0x43, 0x00, 0x00, 0x26,
	0x00, 0x00, 0x80, 0x01, 0x80, 0x00, 0x00, 0x3C, 0x02, 0x00, 0x00, 0x29, 0xF6, 0x68, 0x7C, 0x10,
	0x00, 0x00, 0x12, 0x7C, 0x80, 0x00, 0x00, 0x16, 0x00, 0x00, 0x00, 0x03, 0x00, 0x1B, 0x00, 0x00,
	0x49, 0x00, 0x00, 0x26, 0x00, 0x00, 0x00, 0x02, 0x80, 0x00, 0x00, 0x14, 0x02, 0x00, 0x00, 0x29,
	0xFB, 0x68, 0x7C, 0x10, 0x00, 0x00, 0x00, 0x14, 0x80, 0x00, 0x00, 0x2E, 0xE0, 0x48, 0x00, 0x00,
	0x00, 0x78, 0xC0, 0x01, 0x24, 0x04, 0x00, 0x00, 0x00, 0x00, 0x00, 0x00, 0x00, 0x00, 0x00, 0x00,
	0x00, 0x00, 0x00, 0x00, 0x00, 0x14, 0x00, 0x00, 0x00, 0x00, 0x00, 0x00, 0x00, 0x00, 0x00, 0x0E,
	0xC0, 0x4D, 0x00, 0x00, 0x00, 0xE0, 0x81, 0x00, 0x1F, 0x09, 0x00, 0x3D, 0xFF, 0xC3, 0x03, 0x00,
	0x80, 0x03, 0x00, 0x00, 0x00, 0xC6, 0x00, 0x0D, 0xA0, 0x72, 0x00, 0x00, 0x00, 0x07, 0x00, 0x00,
	0x00, 0x8A, 0x00, 0x0E, 0xC0, 0x4D, 0x00, 0x00, 0x00, 0xE0, 0x81, 0x00, 0x9F, 0x01, 0x00, 0x3D,
	0xFF, 0xC3, 0x03, 0x00, 0x80, 0x03, 0x00, 0x00, 0x00, 0xC6, 0x00, 0x55, 0x00, 0x50, 0x00, 0x00,
	0x00, 0x87, 0x00, 0x00, 0x00, 0x80, 0x00, 0x75, 0xC0, 0x51, 0x00, 0x01, 0x00, 0x80, 0x00, 0x00,
	0x00, 0x0C, 0x00, 0x55, 0x00, 0x50, 0x00, 0x00, 0x00, 0x87, 0x00, 0x00, 0x00, 0x81, 0x00, 0x75,
	0xE0, 0x50, 0x00, 0x00, 0x00, 0x80, 0x00, 0x00, 0x00, 0x0E, 0x00, 0x55, 0x00, 0x50, 0x00, 0x00,
	0x80, 0x83, 0x00, 0x00, 0x00, 0xC0, 0x00, 0x75, 0xE0, 0x50, 0x00, 0x01, 0x00, 0x80, 0x00, 0x00,
	0x00, 0x0E, 0x00, 0x28, 0x00, 0x00, 0x00, 0x00, 0x00, 0x00, 0x00, 0x00, 0x00, 0x00, 0x00, 0x38,
	0x00, 0x00, 0x00, 0x00, 0x00, 0x00, 0x00, 0x00, 0x00, 0x84, 0x23, 0x16, 0x20, 0x01, 0x00, 0x02,
	0x00, 0x03, 0x00, 0x10, 0x2C, 0x00, 0x00, 0x26, 0x00, 0x00, 0x80, 0x02, 0x80, 0x00, 0x00, 0x28,
	0x01, 0x00, 0x00, 0x29, 0x00, 0x74, 0x78, 0x20, 0xD4, 0x02, 0x12, 0x68, 0x80, 0x00, 0x00, 0x16,
	0x00, 0x00, 0x00, 0x01, 0x00, 0x03, 0x00, 0x00, 0x2D, 0x00, 0x00, 0x26, 0x00, 0x00, 0x00, 0x03,
	0x80, 0x00, 0x00, 0x00, 0x01, 0x00, 0x00, 0x29, 0x19, 0x74, 0x78, 0x20, 0xD4, 0x02, 0x00, 0x00,
	0x80, 0x00, 0x00, 0x16, 0x20, 0x01, 0x00, 0x00, 0x00, 0x03, 0x00, 0x10, 0x2E, 0x00, 0x00, 0x26,
	0x00, 0x00, 0x80, 0x03, 0x80, 0x00, 0x00, 0x3C, 0x01, 0x00, 0x00, 0x29, 0x32, 0x74, 0x78, 0x20,
	0xD4, 0x02, 0x12, 0x7C, 0x80, 0x00, 0x00, 0x28, 0x00, 0x00, 0x00, 0x00, 0x00, 0x00, 0x00, 0x00,
	0x00, 0x00, 0x00, 0x38, 0x00, 0x00, 0x00, 0x00, 0x00, 0x00, 0x00, 0x00, 0x00, 0x86, 0x33, 0x16,
	0x00, 0x00, 0x00, 0x03, 0x00, 0x1B, 0x00, 0x00, 0x2E, 0x00, 0x00, 0x26, 0x00, 0x00, 0x00, 0x00,
	0x80, 0x00, 0x00, 0x14, 0x02, 0x00, 0x00, 0x29, 0xE7, 0x68, 0x7C, 0x10, 0x00, 0x00, 0x00, 0x14,
	0x80, 0x00, 0x00, 0x16, 0x20, 0x01, 0x00, 0x02, 0x00, 0x1B, 0x00, 0x10, 0x35, 0x00, 0x00, 0x26,
	0x00, 0x00, 0x80, 0x00, 0x80, 0x00, 0x00, 0x28, 0x02, 0x00, 0x00, 0x29, 0xEC, 0x68, 0x7C, 0x10,
	0x00, 0x00, 0x12, 0x68, 0x80, 0x00, 0x00, 0x16, 0x00, 0x00, 0x00, 0x01, 0x00, 0x1B, 0x00, 0x00,
	0x3C, 0x00, 0x00, 0x26, 0x00, 0x00, 0x00, 0x01, 0x80, 0x00, 0x00, 0x00, 0x02, 0x00, 0x00, 0x29,
	0xF1, 0x68, 0x7C, 0x10, 0x00, 0x00, 0x00, 0x00, 0x80, 0x00, 0x00, 0x16, 0x20, 0x01, 0x00, 0x00,
	0x00, 0x1B, 0x00, 0x10, 0x43, 0x00, 0x00, 0x26, 0x00, 0x00, 0x80, 0x01, 0x80, 0x00, 0x00, 0x3C,
	0x02, 0x00, 0x00, 0x29, 0xF6, 0x68, 0x7C, 0x10, 0x00, 0x00, 0x12, 0x7C, 0x80, 0x00, 0x00, 0x16,
	0x00, 0x00, 0x00, 0x03, 0x00, 0x1B, 0x00, 0x00, 0x49, 0x00, 0x00, 0x26, 0x00, 0x00, 0x00, 0x02,
	0x80, 0x00, 0x00, 0x14, 0x02, 0x00, 0x00, 0x29, 0xFB, 0x68, 0x7C, 0x10, 0x00, 0x00, 0x00, 0x14,
	0x80, 0x00, 0x00, 0x2E, 0xE0, 0x48, 0x00, 0x00, 0x00, 0x78, 0xC0, 0x01, 0x29, 0x04, 0x00, 0x00,
	0x00, 0x00, 0x00, 0x00, 0x00, 0x00, 0x00, 0x00, 0x00, 0x00, 0x00, 0x00, 0x00, 0x14, 0x00, 0x00,
	0x00, 0x00, 0x00, 0x00, 0x00, 0x00, 0x00, 0x0E, 0xC0, 0x4D, 0x00, 0x00, 0x00, 0xE0, 0x81, 0x00,
	0x33, 0x09, 0x00, 0x3D, 0xFF, 0xC3, 0x03, 0x00, 0x80, 0x03, 0x00, 0x00, 0x00, 0xC6, 0x00, 0x0D,
	0xA0, 0x72, 0x00, 0x00, 0x00, 0x07, 0x00, 0x00, 0x00, 0x8A, 0x00, 0x0E, 0xC0, 0x4D, 0x00, 0x00,
	0x00, 0xE0, 0x81, 0x00, 0xB3, 0x01, 0x00, 0x3D, 0xFF, 0xC3, 0x03, 0x00, 0x80, 0x03, 0x00, 0x00,
	0x00, 0xC6, 0x00, 0x55, 0x00, 0x50, 0x00, 0x00, 0x00, 0x87, 0x00, 0x00, 0x00, 0x80, 0x00, 0x75,
	0xC0, 0x51, 0x00, 0x01, 0x00, 0x80, 0x00, 0x00, 0x00, 0x0C, 0x00, 0x55, 0x00, 0x50, 0x00, 0x00,
	0x00, 0x87, 0x00, 0x00, 0x00, 0x81, 0x00, 0x75, 0xE0, 0x50, 0x00, 0x00, 0x00, 0x80, 0x00, 0x00,
	0x00, 0x0E, 0x00, 0x55, 0x00, 0x50, 0x00, 0x00, 0x80, 0x83, 0x00, 0x00, 0x00, 0xC0, 0x00, 0x75,
	0xE0, 0x50, 0x00, 0x01, 0x00, 0x80, 0x00, 0x00, 0x00, 0x0E, 0x00, 0x28, 0x00, 0x00, 0x00, 0x00,
	0x00, 0x00, 0x00, 0x00, 0x00, 0x00, 0x00, 0x38, 0x00, 0x00, 0x00, 0x00, 0x00, 0x00, 0x00, 0x00,
	0x00, 0x84, 0x23, 0x16, 0x20, 0x01, 0x00, 0x02, 0x00, 0x03, 0x00, 0x10, 0x2C, 0x00, 0x00, 0x26,
	0x00, 0x00, 0x80, 0x02, 0x80, 0x00, 0x00, 0x28, 0x01, 0x00, 0x00, 0x29, 0x00, 0x74, 0x78, 0x20,
	0xD4, 0x02, 0x12, 0x68, 0x80, 0x00, 0x00, 0x16, 0x00, 0x00, 0x00, 0x01, 0x00, 0x03, 0x00, 0x00,
	0x2D, 0x00, 0x00, 0x26, 0x00, 0x00, 0x00, 0x03, 0x80, 0x00, 0x00, 0x00, 0x01, 0x00, 0x00, 0x29,
	0x19, 0x74, 0x78, 0x20, 0xD4, 0x02, 0x00, 0x00, 0x80, 0x00, 0x00, 0x16, 0x20, 0x01, 0x00, 0x00,
	0x00, 0x03, 0x00, 0x10, 0x2E, 0x00, 0x00, 0x26, 0x00, 0x00, 0x80, 0x03, 0x80, 0x00, 0x00, 0x3C,
	0x01, 0x00, 0x00, 0x29, 0x32, 0x74, 0x78, 0x20, 0xD4, 0x02, 0x12, 0x7C, 0x80, 0x00, 0x00, 0x28,
	0x00, 0x00, 0x00, 0x00, 0x00, 0x00, 0x00, 0x00, 0x00, 0x00, 0x00, 0x38, 0x00, 0x00, 0x00, 0x00,
	0x00, 0x00, 0x00, 0x00, 0x00, 0x86, 0x33, 0x16, 0x00, 0x00, 0x00, 0x03, 0x00, 0x1B, 0x00, 0x00,
	0x2E, 0x00, 0x00, 0x26, 0x00, 0x00, 0x00, 0x00, 0x80, 0x00, 0x00, 0x14, 0x02, 0x00, 0x00, 0x29,
	0xE7, 0x68, 0x7C, 0x10, 0x00, 0x00, 0x00, 0x14, 0x80, 0x00, 0x00, 0x16, 0x20, 0x01, 0x00, 0x02,
	0x00, 0x1B, 0x00, 0x10, 0x35, 0x00, 0x00, 0x26, 0x00, 0x00, 0x80, 0x00, 0x80, 0x00, 0x00, 0x28,
	0x02, 0x00, 0x00, 0x29, 0xEC, 0x68, 0x7C, 0x10, 0x00, 0x00, 0x12, 0x68, 0x80, 0x00, 0x00, 0x16,
	0x00, 0x00, 0x00, 0x01, 0x00, 0x1B, 0x00, 0x00, 0x3C, 0x00, 0x00, 0x26, 0x00, 0x00, 0x00, 0x01,
	0x80, 0x00, 0x00, 0x00, 0x02, 0x00, 0x00, 0x29, 0xF1, 0x68, 0x7C, 0x10, 0x00, 0x00, 0x00, 0x00,
	0x80, 0x00, 0x00, 0x16, 0x20, 0x01, 0x00, 0x00, 0x00, 0x1B, 0x00, 0x10, 0x43, 0x00, 0x00, 0x26,
	0x00, 0x00, 0x80, 0x01, 0x80, 0x00, 0x00, 0x3C, 0x02, 0x00, 0x00, 0x29, 0xF6, 0x68, 0x7C, 0x10,
	0x00, 0x00, 0x12, 0x7C, 0x80, 0x00, 0x00, 0x16, 0x00, 0x00, 0x00, 0x03, 0x00, 0x1B, 0x00, 0x00,
	0x49, 0x00, 0x00, 0x26, 0x00, 0x00, 0x00, 0x02, 0x80, 0x00, 0x00, 0x14, 0x02, 0x00, 0x00, 0x29,
	0xFB, 0x68, 0x7C, 0x10, 0x00, 0x00, 0x00, 0x14, 0x80, 0x00, 0x00, 0x2E, 0xE0, 0x48, 0x00, 0x00,
	0x00, 0x78, 0xC0, 0x01, 0x2E, 0x04, 0x00, 0x00, 0x00, 0x00, 0x00, 0x00, 0x00, 0x00, 0x00, 0x00,
	0x00, 0x00, 0x00, 0x00, 0x00, 0x14, 0x00, 0x00, 0x00, 0x00, 0x00, 0x00, 0x00, 0x00, 0x00, 0x0E,
	0xC0, 0x4D, 0x00, 0x00, 0x00, 0xE0, 0x81, 0x00, 0x47, 0x09, 0x00, 0x3D, 0xFF, 0xC3, 0x03, 0x00,
	0x80, 0x03, 0x00, 0x00, 0x00, 0xC6, 0x00, 0x0D, 0xA0, 0x72, 0x00, 0x00, 0x00, 0x07, 0x00, 0x00,
	0x00, 0x8A, 0x00, 0x0E, 0xC0, 0x4D, 0x00, 0x00, 0x00, 0xE0, 0x81, 0x00, 0xC7, 0x01, 0x00, 0x3D,
	0xFF, 0xC3, 0x03, 0x00, 0x80, 0x03, 0x00, 0x00, 0x00, 0xC6, 0x00, 0x55, 0x00, 0x50, 0x00, 0x00,
	0x00, 0x87, 0x00, 0x00, 0x00, 0x80, 0x00, 0x75, 0xC0, 0x51, 0x00, 0x01, 0x00, 0x80, 0x00, 0x00,
	0x00, 0x0C, 0x00, 0x55, 0x00, 0x50, 0x00, 0x00, 0x00, 0x87, 0x00, 0x00, 0x00, 0x81, 0x00, 0x75,
	0xE0, 0x50, 0x00, 0x00, 0x00, 0x80, 0x00, 0x00, 0x00, 0x0E, 0x00, 0x55, 0x00, 0x50, 0x00, 0x00,
	0x80, 0x83, 0x00, 0x00, 0x00, 0xC0, 0x00, 0x75, 0xE0, 0x50, 0x00, 0x01, 0x00, 0x80, 0x00, 0x00,
	0x00, 0x0E, 0x00, 0x28, 0x00, 0x00, 0x00, 0x00, 0x00, 0x00, 0x00, 0x00, 0x00, 0x00, 0x00, 0x38,
	0x00, 0x00, 0x00, 0x00, 0x00, 0x00, 0x00, 0x00, 0x00, 0x84, 0x23, 0x16, 0x20, 0x01, 0x00, 0x02,
	0x00, 0x03, 0x00, 0x10, 0x2C, 0x00, 0x00, 0x26, 0x00, 0x00, 0x80, 0x02, 0x80, 0x00, 0x00, 0x28,
	0x01, 0x00, 0x00, 0x29, 0x00, 0x74, 0x78, 0x20, 0xD4, 0x02, 0x12, 0x68, 0x80, 0x00, 0x00, 0x16,
	0x00, 0x00, 0x00, 0x01, 0x00, 0x03, 0x00, 0x00, 0x2D, 0x00, 0x00, 0x26, 0x00, 0x00, 0x00, 0x03,
	0x80, 0x00, 0x00, 0x00, 0x01, 0x00, 0x00, 0x29, 0x19, 0x74, 0x78, 0x20, 0xD4, 0x02, 0x00, 0x00,
	0x80, 0x00, 0x00, 0x16, 0x20, 0x01, 0x00, 0x00, 0x00, 0x03, 0x00, 0x10, 0x2E, 0x00, 0x00, 0x26,
	0x00, 0x00, 0x80, 0x03, 0x80, 0x00, 0x00, 0x3C, 0x01, 0x00, 0x00, 0x29, 0x32, 0x74, 0x78, 0x20,
	0xD4, 0x02, 0x12, 0x7C, 0x80, 0x00, 0x00, 0x28, 0x00, 0x00, 0x00, 0x00, 0x00, 0x00, 0x00, 0x00,
	0x00, 0x00, 0x00, 0x38, 0x00, 0x00, 0x00, 0x00, 0x00, 0x00, 0x00, 0x00, 0x00, 0x86, 0x33, 0x16,
	0x00, 0x00, 0x00, 0x03, 0x00, 0x1B, 0x00, 0x00, 0x2E, 0x00, 0x00, 0x26, 0x00, 0x00, 0x00, 0x00,
	0x80, 0x00, 0x00, 0x14, 0x02, 0x00, 0x00, 0x29, 0xE7, 0x68, 0x7C, 0x10, 0x00, 0x00, 0x00, 0x14,
	0x80, 0x00, 0x00, 0x16, 0x20, 0x01, 0x00, 0x02, 0x00, 0x1B, 0x00, 0x10, 0x35, 0x00, 0x00, 0x26,
	0x00, 0x00, 0x80, 0x00, 0x80, 0x00, 0x00, 0x28, 0x02, 0x00, 0x00, 0x29, 0xEC, 0x68, 0x7C, 0x10,
	0x00, 0x00, 0x12, 0x68, 0x80, 0x00, 0x00, 0x16, 0x00, 0x00, 0x00, 0x01, 0x00, 0x1B, 0x00, 0x00,
	0x3C, 0x00, 0x00, 0x26, 0x00, 0x00, 0x00, 0x01, 0x80, 0x00, 0x00, 0x00, 0x02, 0x00, 0x00, 0x29,
	0xF1, 0x68, 0x7C, 0x10, 0x00, 0x00, 0x00, 0x00, 0x80, 0x00, 0x00, 0x16, 0x20, 0x01, 0x00, 0x00,
	0x00, 0x1B, 0x00, 0x10, 0x43, 0x00, 0x00, 0x26, 0x00, 0x00, 0x80, 0x01, 0x80, 0x00, 0x00, 0x3C,
	0x02, 0x00, 0x00, 0x29, 0xF6, 0x68, 0x7C, 0x10, 0x00, 0x00, 0x12, 0x7C, 0x80, 0x00, 0x00, 0x16,
	0x00, 0x00, 0x00, 0x03, 0x00, 0x1B, 0x00, 0x00, 0x49, 0x00, 0x00, 0x26, 0x00, 0x00, 0x00, 0x02,
	0x80, 0x00, 0x00, 0x14, 0x02, 0x00, 0x00, 0x29, 0xFB, 0x68, 0x7C, 0x10, 0x00, 0x00, 0x00, 0x14,
	0x80, 0x00, 0x00, 0x2E, 0xE0, 0x48, 0x00, 0x00, 0x00, 0x78, 0xC0, 0x01, 0x33, 0x04, 0x00, 0x00,
	0x00, 0x00, 0x00, 0x00, 0x00, 0x00, 0x00, 0x00, 0x00, 0x00, 0x00, 0x00, 0x00, 0x14, 0x00, 0x00,
	0x00, 0x00, 0x00, 0x00, 0x00, 0x00, 0x00, 0x00, 0x00, 0x00, 0x00, 0x00, 0x00, 0x00, 0x00, 0x00,
	0x00, 0x00, 0x00, 0x00, 0x00, 0x14, 0x00, 0x00, 0x00, 0x00, 0x00, 0x00, 0x00, 0x00, 0x00, 0x0E,
	0x00, 0x54, 0x00, 0x00, 0x00, 0x78, 0x00, 0x00, 0xC0, 0x03, 0x00, 0x28, 0x00, 0x00, 0x00, 0x00,
	0x00, 0x00, 0x00, 0x00, 0x00, 0x00, 0x00, 0x38, 0x00, 0x00, 0x00, 0x00, 0x00, 0x00, 0x00, 0x00,
	0x00, 0x84, 0x33, 0x16, 0x20, 0x01, 0x00, 0x02, 0x00, 0x05, 0x00, 0x10, 0x50, 0x00, 0x00, 0x26,
	0x00, 0x00, 0x80, 0x02, 0x80, 0x00, 0x00, 0x28, 0x02, 0x00, 0x00, 0x29, 0xC4, 0x80, 0x84, 0x20,
	0x00, 0x00, 0x12, 0x68, 0x80, 0x00, 0x00, 0x16, 0x00, 0x00, 0x00, 0x03, 0x00, 0x05, 0x00, 0x00,
	0x51, 0x00, 0x00, 0x26, 0x00, 0x00, 0x00, 0x03, 0x80, 0x00, 0x00, 0x00, 0x02, 0x00, 0x00, 0x29,
	0xD8, 0x80, 0x84, 0x20, 0x00, 0x00, 0x00, 0x00, 0x80, 0x00, 0x00, 0x16, 0x20, 0x01, 0x00, 0x00,
	0x00, 0x05, 0x00, 0x10, 0x53, 0x00, 0x00, 0x26, 0x00, 0x00, 0x80, 0x03, 0x80, 0x00, 0x00, 0x3C,
	0x02, 0x00, 0x00, 0x29, 0xEC, 0x88, 0x84, 0x20, 0x00, 0x00, 0x12, 0x7C, 0x80, 0x00, 0x00, 0x2E,
	0x80, 0x58, 0x00, 0x00, 0x00, 0x78, 0x80, 0x01, 0x00, 0x00, 0x00, 0x00, 0x00, 0x00, 0x00, 0x00,
	0x00, 0x00, 0x00, 0x00, 0x00, 0x00, 0x00, 0x00, 0x00, 0x14, 0x00, 0x00, 0x00, 0x00, 0x00, 0x00,
	0x00, 0x00, 0x00, 0x0E, 0x00, 0x54, 0x00, 0x00, 0x00, 0x78, 0x00, 0x00, 0xD4, 0x03, 0x00, 0x28,
	0x00, 0x00, 0x00, 0x00, 0x00, 0x00, 0x00, 0x00, 0x00, 0x00, 0x00, 0x38, 0x00, 0x00, 0x00, 0x00,
	0x00, 0x00, 0x00, 0x00, 0x00, 0x84, 0x33, 0x16, 0x00, 0x00, 0x00, 0x02, 0x00, 0x05, 0x00, 0x00,
	0x50, 0x00, 0x00, 0x26, 0x00, 0x00, 0x80, 0x02, 0x80, 0x00, 0x00, 0x14, 0x02, 0x00, 0x00, 0x29,
	0xC4, 0x80, 0x84, 0x20, 0x00, 0x00, 0x00, 0x14, 0x80, 0x00, 0x00, 0x16, 0x20, 0x01, 0x00, 0x03,
	0x00, 0x05, 0x00, 0x10, 0x51, 0x00, 0x00, 0x26, 0x00, 0x00, 0x00, 0x03, 0x80, 0x00, 0x00, 0x28,
	0x02, 0x00, 0x00, 0x29, 0xD8, 0x80, 0x84, 0x20, 0x00, 0x00, 0x12, 0x68, 0x80, 0x00, 0x00, 0x16,
	0x00, 0x00, 0x00, 0x00, 0x00, 0x05, 0x00, 0x00, 0x53, 0x00, 0x00, 0x26, 0x00, 0x00, 0x80, 0x03,
	0x80, 0x00, 0x00, 0x00, 0x02, 0x00, 0x00, 0x29, 0xEC, 0x88, 0x84, 0x20, 0x00, 0x00, 0x00, 0x00,
	0x80, 0x00, 0x00, 0x2E, 0x80, 0x58, 0x00, 0x00, 0x00, 0x78, 0x80, 0x01, 0x14, 0x00, 0x00, 0x00,
	0x00, 0x00, 0x00, 0x00, 0x00, 0x00, 0x00, 0x00, 0x00, 0x00, 0x00, 0x00, 0x00, 0x14, 0x00, 0x00,
	0x00, 0x00, 0x00, 0x00, 0x00, 0x00, 0x00, 0x0E, 0x00, 0x54, 0x00, 0x00, 0x00, 0x78, 0x00, 0x00,
	0xE8, 0x03, 0x00, 0x28, 0x00, 0x00, 0x00, 0x00, 0x00, 0x00, 0x00, 0x00, 0x00, 0x00, 0x00, 0x38,
	0x00, 0x00, 0x00, 0x00, 0x00, 0x00, 0x00, 0x00, 0x00, 0x84, 0x33, 0x16, 0x20, 0x01, 0x00, 0x02,
	0x00, 0x05, 0x00, 0x10, 0x50, 0x00, 0x00, 0x26, 0x00, 0x00, 0x80, 0x02, 0x80, 0x00, 0x00, 0x3C,
	0x02, 0x00, 0x00, 0x29, 0xC4, 0x80, 0x84, 0x20, 0x00, 0x00, 0x12, 0x7C, 0x80, 0x00, 0x00, 0x16,
	0x00, 0x00, 0x00, 0x03, 0x00, 0x05, 0x00, 0x00, 0x51, 0x00, 0x00, 0x26, 0x00, 0x00, 0x00, 0x03,
	0x80, 0x00, 0x00, 0x14, 0x02, 0x00, 0x00, 0x29, 0xD8, 0x80, 0x84, 0x20, 0x00, 0x00, 0x00, 0x14,
	0x80, 0x00, 0x00, 0x16, 0x20, 0x01, 0x00, 0x00, 0x00, 0x05, 0x00, 0x10, 0x53, 0x00, 0x00, 0x26,
	0x00, 0x00, 0x80, 0x03, 0x80, 0x00, 0x00, 0x28, 0x02, 0x00, 0x00, 0x29, 0xEC, 0x88, 0x84, 0x20,
	0x00, 0x00, 0x12, 0x68, 0x80, 0x00, 0x00, 0x2E, 0x80, 0x58, 0x00, 0x00, 0x00, 0x78, 0x80, 0x01,
	0x28, 0x00, 0x00, 0x00, 0x00, 0x00, 0x00, 0x00, 0x00, 0x00, 0x00, 0x00, 0x00, 0x00, 0x00, 0x00,
	0x00, 0x14, 0x00, 0x00, 0x00, 0x00, 0x00, 0x00, 0x00, 0x00, 0x00, 0x0E, 0x00, 0x54, 0x00, 0x00,
	0x00, 0x78, 0x00, 0x00, 0xFC, 0x03, 0x00, 0x28, 0x00, 0x00, 0x00, 0x00, 0x00, 0x00, 0x00, 0x00,
	0x00, 0x00, 0x00, 0x38, 0x00, 0x00, 0x00, 0x00, 0x00, 0x00, 0x00, 0x00, 0x00, 0x84, 0x33, 0x16,
	0x00, 0x00, 0x00, 0x02, 0x00, 0x05, 0x00, 0x00, 0x50, 0x00, 0x00, 0x26, 0x00, 0x00, 0x80, 0x02,
	0x80, 0x00, 0x00, 0x00, 0x02, 0x00, 0x00, 0x29, 0xC4, 0x80, 0x84, 0x20, 0x00, 0x00, 0x00, 0x00,
	0x80, 0x00, 0x00, 0x16, 0x20, 0x01, 0x00, 0x03, 0x00, 0x05, 0x00, 0x10, 0x51, 0x00, 0x00, 0x26,
	0x00, 0x00, 0x00, 0x03, 0x80, 0x00, 0x00, 0x3C, 0x02, 0x00, 0x00, 0x29, 0xD8, 0x80, 0x84, 0x20,
	0x00, 0x00, 0x12, 0x7C, 0x80, 0x00, 0x00, 0x06, 0x00, 0x00, 0x00, 0x00, 0x00, 0x08, 0x00, 0x00,
	0xC0, 0x00, 0x00, 0x08, 0x00, 0x00, 0x00, 0x00, 0x00, 0x00, 0x00, 0x00, 0x00, 0x00, 0x00, 0x18,
	0x00, 0x00, 0x00, 0x00, 0x00, 0x00, 0x00, 0x00, 0x00, 0x00, 0x00, 0x16, 0x00, 0x00, 0x00, 0x00,
	0x00, 0x05, 0x00, 0x00, 0x53, 0x00, 0x00, 0x26, 0x00, 0x00, 0x80, 0x03, 0x80, 0x00, 0x00, 0x14,
	0x02, 0x00, 0x00, 0x29, 0xEC, 0x88, 0x84, 0x20, 0x00, 0x00, 0x00, 0x14, 0x80, 0x00, 0x00, 0x2E,
	0x80, 0x58, 0x00, 0x00, 0x00, 0x78, 0x80, 0x01, 0x3C, 0x00, 0x00, 0x00, 0x00, 0x00, 0x00, 0x00,
	0x00, 0x00, 0x00, 0x00, 0x00, 0x00, 0x00, 0x00, 0x00, 0x14, 0x00, 0x00, 0x00, 0x00, 0x00, 0x00,
	0x00, 0x00, 0x00, 0x0E, 0x00, 0x54, 0x00, 0x00, 0x00, 0x78, 0x00, 0x00, 0x10, 0x04, 0x00, 0x28,
	0x00, 0x00, 0x00, 0x00, 0x00, 0x00, 0x00, 0x00, 0x00, 0x00, 0x00, 0x38, 0x00, 0x00, 0x00, 0x00,
	0x00, 0x00, 0x00, 0x00, 0x00, 0x84, 0x33, 0x16, 0x20, 0x01, 0x00, 0x02, 0x00, 0x05, 0x00, 0x10,
	0x50, 0x00, 0x00, 0x26, 0x00, 0x00, 0x80, 0x02, 0x80, 0x00, 0x00, 0x28, 0x02, 0x00, 0x00, 0x29,
	0xC4, 0x80, 0x84, 0x20, 0x00, 0x00, 0x12, 0x68, 0x80, 0x00, 0x00, 0x16, 0x00, 0x00, 0x00, 0x03,
	0x00, 0x05, 0x00, 0x00, 0x51, 0x00, 0x00, 0x26, 0x00, 0x00, 0x00, 0x03, 0x80, 0x00, 0x00, 0x00,
	0x02, 0x00, 0x00, 0x29, 0xD8, 0x80, 0x84, 0x20, 0x00, 0x00, 0x00, 0x00, 0x80, 0x00, 0x00, 0x16,
	0x20, 0x01, 0x00, 0x00, 0x00, 0x05, 0x00, 0x10, 0x53, 0x00, 0x00, 0x26, 0x00, 0x00, 0x80, 0x03,
	0x80, 0x00, 0x00, 0x3C, 0x02, 0x00, 0x00, 0x29, 0xEC, 0x88, 0x84, 0x20, 0x00, 0x00, 0x12, 0x7C,
	0x80, 0x00, 0x00, 0x2E, 0x80, 0x58, 0x00, 0x00, 0x00, 0x78, 0x80, 0x01, 0x50, 0x00, 0x00, 0x00,
	0x00, 0x00, 0x00, 0x00, 0x00, 0x00, 0x00, 0x00, 0x00, 0x00, 0x00, 0x00, 0x00, 0x14, 0x00, 0x00,
	0x00, 0x00, 0x00, 0x00, 0x00, 0x00, 0x00, 0x0E, 0x00, 0x54, 0x00, 0x00, 0x00, 0x78, 0x00, 0x00,
	0x24, 0x04, 0x00, 0x28, 0x00, 0x00, 0x00, 0x00, 0x00, 0x00, 0x00, 0x00, 0x00, 0x00, 0x00, 0x38,
	0x00, 0x00, 0x00, 0x00, 0x00, 0x00, 0x00, 0x00, 0x00, 0x84, 0x33, 0x16, 0x00, 0x00, 0x00, 0x02,
	0x00, 0x05, 0x00, 0x00, 0x50, 0x00, 0x00, 0x26, 0x00, 0x00, 0x80, 0x02, 0x80, 0x00, 0x00, 0x14,
	0x02, 0x00, 0x00, 0x29, 0xC4, 0x80, 0x84, 0x20, 0x00, 0x00, 0x00, 0x14, 0x80, 0x00, 0x00, 0x16,
	0x20, 0x01, 0x00, 0x03, 0x00, 0x05, 0x00, 0x10, 0x51, 0x00, 0x00, 0x26, 0x00, 0x00, 0x00, 0x03,
	0x80, 0x00, 0x00, 0x28, 0x02, 0x00, 0x00, 0x29, 0xD8, 0x80, 0x84, 0x20, 0x00, 0x00, 0x12, 0x68,
	0x80, 0x00, 0x00, 0x16, 0x00, 0x00, 0x00, 0x00, 0x00, 0x05, 0x00, 0x00, 0x53, 0x00, 0x00, 0x26,
	0x00, 0x00, 0x80, 0x03, 0x80, 0x00, 0x00, 0x00, 0x02, 0x00, 0x00, 0x29, 0xEC, 0x88, 0x84, 0x20,
	0x00, 0x00, 0x00, 0x00, 0x80, 0x00, 0x00, 0x2E, 0x80, 0x58, 0x00, 0x00, 0x00, 0x78, 0x80, 0x01,
	0x64, 0x00, 0x00, 0x00, 0x00, 0x00, 0x00, 0x00, 0x00, 0x00, 0x00, 0x00, 0x00, 0x00, 0x00, 0x00,
	0x00, 0x14, 0x00, 0x00, 0x00, 0x00, 0x00, 0x00, 0x00, 0x00, 0x00, 0x00, 0x00, 0x00, 0x00, 0x00,
	0x00, 0x00, 0x00, 0x00, 0x00, 0x00, 0x00, 0x00, 0x00, 0x14, 0x00, 0x00, 0x00, 0x00, 0x00, 0x00,
	0x00, 0x00, 0x00, 0x0E, 0xD0, 0x5F, 0x00, 0x00, 0x00, 0x78, 0x00, 0x01, 0x00, 0x00, 0x00, 0x3D,
	0xFF, 0xC3, 0x03, 0x00, 0xC0, 0x0F, 0x00, 0x00, 0x00, 0x8E, 0x01, 0x28, 0x00, 0x00, 0x00, 0x00,
	0x00, 0x00, 0x00, 0x00, 0x00, 0x00, 0x00, 0x38, 0x00, 0x00, 0x00, 0x00, 0x00, 0x00, 0x00, 0x00,
	0x00, 0x44, 0x33, 0x16, 0x20, 0x01, 0x00, 0x01, 0x00, 0x03, 0x00, 0x10, 0x54, 0x00, 0x00, 0x26,
	0x00, 0x00, 0x00, 0x00, 0x80, 0x00, 0x00, 0x3C, 0x03, 0x00, 0x00, 0x29, 0x00, 0x8C, 0x90, 0x20,
	0x78, 0x02, 0x12, 0x7C, 0x80, 0x00, 0x04, 0x16, 0x00, 0x00, 0x00, 0x00, 0x00, 0x03, 0x00, 0x00,
	0x55, 0x00, 0x00, 0x26, 0x00, 0x00, 0x80, 0x00, 0x80, 0x00, 0x00, 0x14, 0x03, 0x00, 0x00, 0x29,
	0x20, 0x8C, 0x90, 0x20, 0x78, 0x02, 0x00, 0x14, 0x80, 0x20, 0x04, 0x16, 0x20, 0x01, 0x00, 0x03,
	0x00, 0x03, 0x00, 0x10, 0x55, 0x00, 0x00, 0x26, 0x00, 0x00, 0x00, 0x01, 0x80, 0x00, 0x00, 0x28,
	0x03, 0x00, 0x00, 0x29, 0x41, 0x94, 0x90, 0x20, 0x78, 0x02, 0x12, 0x68, 0x80, 0x00, 0x04, 0x28,
	0x00, 0x00, 0x00, 0x00, 0x00, 0x00, 0x00, 0x00, 0x00, 0x00, 0x00, 0x38, 0x00, 0x00, 0x00, 0x00,
	0x00, 0x00, 0x00, 0x00, 0x00, 0x86, 0x33, 0x16, 0x00, 0x00, 0x00, 0x02, 0x00, 0x1B, 0x00, 0x00,
	0x56, 0x00, 0x00, 0x26, 0x00, 0x00, 0x80, 0x01, 0x80, 0x00, 0x00, 0x00, 0x03, 0x00, 0x00, 0x29,
	0xA6, 0x98, 0x9C, 0x2C, 0x00, 0x00, 0x00, 0x00, 0x80, 0x00, 0x00, 0x16, 0x20, 0x01, 0x00, 0x01,
	0x00, 0x1B, 0x00, 0x10, 0x5D, 0x00, 0x00, 0x26, 0x00, 0x00, 0x00, 0x02, 0x80, 0x00, 0x00, 0x3C,
	0x03, 0x00, 0x00, 0x29, 0xC4, 0x98, 0x9C, 0x2C, 0x00, 0x00, 0x12, 0x7C, 0x80, 0x00, 0x00, 0x16,
	0x00, 0x00, 0x00, 0x00, 0x00, 0x1B, 0x00, 0x00, 0x64, 0x00, 0x00, 0x26, 0x00, 0x00, 0x80, 0x02,
	0x80, 0x00, 0x00, 0x14, 0x03, 0x00, 0x00, 0x29, 0xE2, 0xA0, 0x9C, 0x2C, 0x00, 0x00, 0x00, 0x14,
	0x80, 0x00, 0x00, 0x2E, 0xC0, 0x60, 0x00, 0x00, 0x00, 0x78, 0x40, 0x01, 0x68, 0x01, 0x00, 0x00,
	0x00, 0x00, 0x00, 0x00, 0x00, 0x00, 0x00, 0x00, 0x00, 0x00, 0x00, 0x00, 0x00, 0x14, 0x00, 0x00,
	0x00, 0x00, 0x00, 0x00, 0x00, 0x00, 0x00, 0x0E, 0xE0, 0x66, 0x00, 0x02, 0x00, 0x78, 0x00, 0x01,
	0x1B, 0x00, 0x00, 0x3D, 0xFF, 0xC3, 0x03, 0x00, 0x80, 0x0E, 0x00, 0x00, 0x00, 0x8E, 0x01, 0x28,
	0x00, 0x00, 0x00, 0x00, 0x00, 0x00, 0x00, 0x00, 0x00, 0x00, 0x00, 0x38, 0x00, 0x00, 0x00, 0x00,
	0x00, 0x00, 0x00, 0x00, 0x00, 0x44, 0x33, 0x16, 0x20, 0x01, 0x00, 0x01, 0x00, 0x03, 0x00, 0x10,
	0x54, 0x00, 0x00, 0x26, 0x00, 0x00, 0x00, 0x00, 0x80, 0x00, 0x00, 0x28, 0x03, 0x00, 0x00, 0x29,
	0x00, 0xA4, 0xA8, 0x20, 0x5C, 0x02, 0x12, 0x68, 0x80, 0x00, 0x00, 0x16, 0x00, 0x00, 0x00, 0x00,
	0x00, 0x03, 0x00, 0x00, 0x55, 0x00, 0x00, 0x26, 0x00, 0x00, 0x80, 0x00, 0x80, 0x00, 0x00, 0x00,
	0x03, 0x00, 0x00, 0x29, 0x23, 0xA4, 0xA8, 0x20, 0x5C, 0x02, 0x00, 0x00, 0x80, 0x00, 0x00, 0x16,
	0x20, 0x01, 0x00, 0x03, 0x00, 0x03, 0x00, 0x10, 0x55, 0x00, 0x00, 0x26, 0x00, 0x00, 0x00, 0x01,
	0x80, 0x00, 0x00, 0x3C, 0x03, 0x00, 0x00, 0x29, 0x46, 0xAC, 0xA8, 0x20, 0x5C, 0x02, 0x12, 0x7C,
	0x80, 0x00, 0x00, 0x28, 0x00, 0x00, 0x00, 0x00, 0x00, 0x00, 0x00, 0x00, 0x00, 0x00, 0x00, 0x38,
	0x00, 0x00, 0x00, 0x00, 0x00, 0x00, 0x00, 0x00, 0x00, 0x86, 0x33, 0x16, 0x00, 0x00, 0x00, 0x02,
	0x00, 0x1B, 0x00, 0x00, 0x56, 0x00, 0x00, 0x26, 0x00, 0x00, 0x80, 0x01, 0x80, 0x00, 0x00, 0x14,
	0x03, 0x00, 0x00, 0x29, 0xA6, 0x98, 0xB0, 0x34, 0x00, 0x00, 0x00, 0x14, 0x80, 0x00, 0x00, 0x16,
	0x20, 0x01, 0x00, 0x01, 0x00, 0x1B, 0x00, 0x10, 0x5D, 0x00, 0x00, 0x26, 0x00, 0x00, 0x00, 0x02,
	0x80, 0x00, 0x00, 0x28, 0x03, 0x00, 0x00, 0x29, 0xC4, 0x98, 0xB0, 0x34, 0x00, 0x00, 0x12, 0x68,
	0x80, 0x00, 0x00, 0x16, 0x00, 0x00, 0x00, 0x00, 0x00, 0x1B, 0x00, 0x00, 0x64, 0x00, 0x00, 0x26,
	0x00, 0x00, 0x80, 0x02, 0x80, 0x00, 0x00, 0x00, 0x03, 0x00, 0x00, 0x29, 0xE2, 0xA0, 0xB0, 0x34,
	0x00, 0x00, 0x00, 0x00, 0x80, 0x00, 0x00, 0x2E, 0xC0, 0x60, 0x00, 0x00, 0x00, 0x78, 0x40, 0x01,
	0x86, 0x01, 0x00, 0x00, 0x00, 0x00, 0x00, 0x00, 0x00, 0x00, 0x00, 0x00, 0x00, 0x00, 0x00, 0x00,
	0x00, 0x14, 0x00, 0x00, 0x00, 0x00, 0x00, 0x00, 0x00, 0x00, 0x00, 0x0E, 0xE0, 0x66, 0x00, 0x02,
	0x00, 0x78, 0x00, 0x01, 0x39, 0x00, 0x00, 0x3D, 0xFF, 0xC3, 0x03, 0x00, 0x80, 0x0E, 0x00, 0x00,
	0x00, 0x8E, 0x01, 0x28, 0x00, 0x00, 0x00, 0x00, 0x00, 0x00, 0x00, 0x00, 0x00, 0x00, 0x00, 0x38,
	0x00, 0x00, 0x00, 0x00, 0x00, 0x00, 0x00, 0x00, 0x00, 0x44, 0x33, 0x16, 0x20, 0x01, 0x00, 0x01,
	0x00, 0x03, 0x00, 0x10, 0x54, 0x00, 0x00, 0x26, 0x00, 0x00, 0x00, 0x00, 0x80, 0x00, 0x00, 0x3C,
	0x03, 0x00, 0x00, 0x29, 0x00, 0xA4, 0xA8, 0x20, 0x5C, 0x02, 0x12, 0x7C, 0x80, 0x00, 0x00, 0x16,
	0x00, 0x00, 0x00, 0x00, 0x00, 0x03, 0x00, 0x00, 0x55, 0x00, 0x00, 0x26, 0x00, 0x00, 0x80, 0x00,
	0x80, 0x00, 0x00, 0x14, 0x03, 0x00, 0x00, 0x29, 0x23, 0xA4, 0xA8, 0x20, 0x5C, 0x02, 0x00, 0x14,
	0x80, 0x00, 0x00, 0x16, 0x20, 0x01, 0x00, 0x03, 0x00, 0x03, 0x00, 0x10, 0x55, 0x00, 0x00, 0x26,
	0x00, 0x00, 0x00, 0x01, 0x80, 0x00, 0x00, 0x28, 0x03, 0x00, 0x00, 0x29, 0x46, 0xAC, 0xA8, 0x20,
	0x5C, 0x02, 0x12, 0x68, 0x80, 0x00, 0x00, 0x28, 0x00, 0x00, 0x00, 0x00, 0x00, 0x00, 0x00, 0x00,
	0x00, 0x00, 0x00, 0x38, 0x00, 0x00, 0x00, 0x00, 0x00, 0x00, 0x00, 0x00, 0x00, 0x86, 0x33, 0x16,
	0x00, 0x00, 0x00, 0x02, 0x00, 0x1B, 0x00, 0x00, 0x56, 0x00, 0x00, 0x26, 0x00, 0x00, 0x80, 0x01,
	0x80, 0x00, 0x00, 0x00, 0x03, 0x00, 0x00, 0x29, 0xA6, 0x98, 0xB0, 0x34, 0x00, 0x00, 0x00, 0x00,
	0x80, 0x00, 0x00, 0x16, 0x20, 0x01, 0x00, 0x01, 0x00, 0x1B, 0x00, 0x10, 0x5D, 0x00, 0x00, 0x26,
	0x00, 0x00, 0x00, 0x02, 0x80, 0x00, 0x00, 0x3C, 0x03, 0x00, 0x00, 0x29, 0xC4, 0x98, 0xB0, 0x34,
	0x00, 0x00, 0x12, 0x7C, 0x80, 0x00, 0x00, 0x16, 0x00, 0x00, 0x00, 0x00, 0x00, 0x1B, 0x00, 0x00,
	0x64, 0x00, 0x00, 0x26, 0x00, 0x00, 0x80, 0x02, 0x80, 0x00, 0x00, 0x14, 0x03, 0x00, 0x00, 0x29,
	0xE2, 0xA0, 0xB0, 0x34, 0x00, 0x00, 0x00, 0x14, 0x80, 0x00, 0x00, 0x2E, 0xC0, 0x60, 0x00, 0x00,
	0x00, 0x78, 0x40, 0x01, 0xA4, 0x01, 0x00, 0x00, 0x00, 0x00, 0x00, 0x00, 0x00, 0x00, 0x00, 0x00,
	0x00, 0x00, 0x00, 0x00, 0x00, 0x14, 0x00, 0x00, 0x00, 0x00, 0x00, 0x00, 0x00, 0x00, 0x00, 0x0E,
	0xD0, 0x5F, 0x00, 0x02, 0x00, 0x78, 0x00, 0x01, 0x57, 0x00, 0x00, 0x3D, 0xFF, 0xC3, 0x03, 0x00,
	0xC0, 0x0F, 0x00, 0x00, 0x00, 0x8E, 0x01, 0x28, 0x00, 0x00, 0x00, 0x00, 0x00, 0x00, 0x00, 0x00,
	0x00, 0x00, 0x00, 0x38, 0x00, 0x00, 0x00, 0x00, 0x00, 0x00, 0x00, 0x00, 0x00, 0x44, 0x33, 0x16,
	0x20, 0x01, 0x00, 0x01, 0x00, 0x03, 0x00, 0x10, 0x54, 0x00, 0x00, 0x26, 0x00, 0x00, 0x00, 0x00,
	0x80, 0x00, 0x00, 0x28, 0x03, 0x00, 0x00, 0x29, 0x00, 0x8C, 0x90, 0x20, 0x78, 0x02, 0x12, 0x68,
	0x80, 0x00, 0x04, 0x16, 0x00, 0x00, 0x00, 0x00, 0x00, 0x03, 0x00, 0x00, 0x55, 0x00, 0x00, 0x26,
	0x00, 0x00, 0x80, 0x00, 0x80, 0x00, 0x00, 0x00, 0x03, 0x00, 0x00, 0x29, 0x20, 0x8C, 0x90, 0x20,
	0x78, 0x02, 0x00, 0x00, 0x80, 0x20, 0x04, 0x16, 0x20, 0x01, 0x00, 0x03, 0x00, 0x03, 0x00, 0x10,
	0x55, 0x00, 0x00, 0x26, 0x00, 0x00, 0x00, 0x01, 0x80, 0x00, 0x00, 0x3C, 0x03, 0x00, 0x00, 0x29,
	0x41, 0x94, 0x90, 0x20, 0x78, 0x02, 0x12, 0x7C, 0x80, 0x00, 0x04, 0x28, 0x00, 0x00, 0x00, 0x00,
	0x00, 0x00, 0x00, 0x00, 0x00, 0x00, 0x00, 0x38, 0x00, 0x00, 0x00, 0x00, 0x00, 0x00, 0x00, 0x00,
	0x00, 0x86, 0x33, 0x16, 0x00, 0x00, 0x00, 0x02, 0x00, 0x1B, 0x00, 0x00, 0x56, 0x00, 0x00, 0x26,
	0x00, 0x00, 0x80, 0x01, 0x80, 0x00, 0x00, 0x14, 0x03, 0x00, 0x00, 0x29, 0xA6, 0x98, 0x9C, 0x38,
	0x00, 0x00, 0x00, 0x14, 0x80, 0x00, 0x00, 0x16, 0x20, 0x01, 0x00, 0x01, 0x00, 0x1B, 0x00, 0x10,
	0x5D, 0x00, 0x00, 0x26, 0x00, 0x00, 0x00, 0x02, 0x80, 0x00, 0x00, 0x28, 0x03, 0x00, 0x00, 0x29,
	0xC4, 0x98, 0x9C, 0x38, 0x00, 0x00, 0x12, 0x68, 0x80, 0x00, 0x00, 0x16, 0x00, 0x00, 0x00, 0x00,
	0x00, 0x1B, 0x00, 0x00, 0x64, 0x00, 0x00, 0x26, 0x00, 0x00, 0x80, 0x02, 0x80, 0x00, 0x00, 0x00,
	0x03, 0x00, 0x00, 0x29, 0xE2, 0xA0, 0x9C, 0x38, 0x00, 0x00, 0x00, 0x00, 0x80, 0x00, 0x00, 0x2E,
	0xC0, 0x60, 0x00, 0x00, 0x00, 0x78, 0x40, 0x01, 0xC2, 0x01, 0x00, 0x00, 0x00, 0x00, 0x00, 0x00,
	0x00, 0x00, 0x00, 0x00, 0x00, 0x00, 0x00, 0x00, 0x00, 0x14, 0x00, 0x00, 0x00, 0x00, 0x00, 0x00,
	0x00, 0x00, 0x00, 0x00, 0x00, 0x00, 0x00, 0x00, 0x00, 0x00, 0x00, 0x00, 0x00, 0x00, 0x00, 0x00,
	0x00, 0x14, 0x00, 0x00, 0x00, 0x00, 0x00, 0x00, 0x00, 0x00, 0x00, 0x0E, 0x00, 0x58, 0x00, 0x00,
	0x00, 0x78, 0x00, 0x00, 0x00, 0x00, 0x00, 0x3D, 0x7F, 0xC3, 0x03, 0x00, 0x00, 0x04, 0x00, 0x00,
	0x00, 0x42, 0x00, 0x0E, 0x80, 0x5B, 0x00, 0x00, 0x00, 0x78, 0x40, 0x00, 0x68, 0x01, 0x00, 0x3D,
	0xFF, 0xC2, 0x03, 0x00, 0x00, 0x02, 0x00, 0x00, 0x00, 0xC6, 0x00, 0x40, 0xB1, 0x48, 0xA4, 0x81,
	0x01, 0x00, 0x00, 0x00, 0x00, 0x00, 0x00, 0x0B, 0x80, 0xB4, 0x80, 0x41, 0x00, 0x00, 0x38, 0x00,
	0x00, 0xDE, 0x1B, 0x2E, 0x80, 0x58, 0x00, 0x00, 0x00, 0x78, 0x80, 0x01, 0x18, 0x06, 0x00, 0x00,
	0x00, 0x00, 0x00, 0x00, 0x00, 0x00, 0x00, 0x00, 0x00, 0x00, 0x00, 0x00, 0x00, 0x14, 0x00, 0x00,
	0x00, 0x00, 0x00, 0x00, 0x00, 0x00, 0x00, 0x0E, 0x00, 0x58, 0x00, 0x00, 0x00, 0x78, 0x00, 0x00,
	0x14, 0x00, 0x00, 0x3D, 0x7F, 0xC3, 0x03, 0x00, 0x00, 0x04, 0x00, 0x00, 0x00, 0x42, 0x00, 0x0E,
	0x80, 0x5B, 0x00, 0x00, 0x00, 0x78, 0x40, 0x00, 0x7C, 0x01, 0x00, 0x3D, 0xFF, 0xC2, 0x03, 0x00,
	0x00, 0x02, 0x00, 0x00, 0x00, 0xC6, 0x00, 0x40, 0xB1, 0x48, 0xA4, 0x81, 0x01, 0x00, 0x00, 0x00,
	0x00, 0x00, 0x00, 0x0B, 0x80, 0xB4, 0x80, 0x41, 0x00, 0x00, 0x38, 0x00, 0x00, 0xDE, 0x1B, 0x2E,
	0x80, 0x58, 0x00, 0x00, 0x00, 0x78, 0x80, 0x01, 0x2C, 0x06, 0x00, 0x00, 0x00, 0x00, 0x00, 0x00,
	0x00, 0x00, 0x00, 0x00, 0x00, 0x00, 0x00, 0x00, 0x00, 0x14, 0x00, 0x00, 0x00, 0x00, 0x00, 0x00,
	0x00, 0x00, 0x00, 0x0E, 0x00, 0x58, 0x00, 0x00, 0x00, 0x78, 0x00, 0x00, 0x28, 0x00, 0x00, 0x3D,
	0x7F, 0xC3, 0x03, 0x00, 0x00, 0x04, 0x00, 0x00, 0x00, 0x42, 0x00, 0x0E, 0x80, 0x5B, 0x00, 0x00,
	0x00, 0x78, 0x40, 0x00, 0x90, 0x01, 0x00, 0x3D, 0xFF, 0xC2, 0x03, 0x00, 0x00, 0x02, 0x00, 0x00,
	0x00, 0xC6, 0x00, 0x40, 0xB1, 0x48, 0xA4, 0x81, 0x01, 0x00, 0x00, 0x00, 0x00, 0x00, 0x00, 0x0B,
	0x80, 0xB4, 0x80, 0x41, 0x00, 0x00, 0x38, 0x00, 0x00, 0xDE, 0x1B, 0x2E, 0x80, 0x58, 0x00, 0x00,
	0x00, 0x78, 0x80, 0x01, 0x40, 0x06, 0x00, 0x00, 0x00, 0x00, 0x00, 0x00, 0x00, 0x00, 0x00, 0x00,
	0x00, 0x00, 0x00, 0x00, 0x00, 0x14, 0x00, 0x00, 0x00, 0x00, 0x00, 0x00, 0x00, 0x00, 0x00, 0x0E,
	0x00, 0x58, 0x00, 0x00, 0x00, 0x78, 0x00, 0x00, 0x3C, 0x00, 0x00, 0x3D, 0x7F, 0xC3, 0x03, 0x00,
	0x00, 0x04, 0x00, 0x00, 0x00, 0x42, 0x00, 0x0E, 0x80, 0x5B, 0x00, 0x00, 0x00, 0x78, 0x40, 0x00,
	0xA4, 0x01, 0x00, 0x3D, 0xFF, 0xC2, 0x03, 0x00, 0x00, 0x02, 0x00, 0x00, 0x00, 0xC6, 0x00, 0x40,
	0xB1, 0x48, 0xA4, 0x81, 0x01, 0x00, 0x00, 0x00, 0x00, 0x00, 0x00, 0x0B, 0x80, 0xB4, 0x80, 0x41,
	0x00, 0x00, 0x38, 0x00, 0x00, 0xDE, 0x1B, 0x2E, 0x80, 0x58, 0x00, 0x00, 0x00, 0x78, 0x80, 0x01,
	0x54, 0x06, 0x00, 0x00, 0x00, 0x00, 0x00, 0x00, 0x00, 0x00, 0x00, 0x00, 0x00, 0x00, 0x00, 0x00,
	0x00, 0x14, 0x00, 0x00, 0x00, 0x00, 0x00, 0x00, 0x00, 0x00, 0x00, 0x0E, 0x00, 0x58, 0x00, 0x00,
	0x00, 0x78, 0x00, 0x00, 0x50, 0x00, 0x00, 0x3D, 0x7F, 0xC3, 0x03, 0x00, 0x00, 0x04, 0x00, 0x00,
	0x00, 0x42, 0x00, 0x0E, 0x80, 0x5B, 0x00, 0x00, 0x00, 0x78, 0x40, 0x00, 0xB8, 0x01, 0x00, 0x3D,
	0xFF, 0xC2, 0x03, 0x00, 0x00, 0x02, 0x00, 0x00, 0x00, 0xC6, 0x00, 0x40, 0xB1, 0x48, 0xA4, 0x81,
	0x01, 0x00, 0x00, 0x00, 0x00, 0x00, 0x00, 0x0B, 0x80, 0xB4, 0x80, 0x41, 0x00, 0x00, 0x38, 0x00,
	0x00, 0xDE, 0x1B, 0x2E, 0x80, 0x58, 0x00, 0x00, 0x00, 0x78, 0x80, 0x01, 0x68, 0x06, 0x00, 0x00,
	0x00, 0x00, 0x00, 0x00, 0x00, 0x00, 0x00, 0x00, 0x00, 0x00, 0x00, 0x00, 0x00, 0x14, 0x00, 0x00,
	0x00, 0x00, 0x00, 0x00, 0x00, 0x00, 0x00, 0x0E, 0x00, 0x58, 0x00, 0x00, 0x00, 0x78, 0x00, 0x00,
	0x64, 0x00, 0x00, 0x3D, 0x7F, 0xC3, 0x03, 0x00, 0x00, 0x04, 0x00, 0x00, 0x00, 0x42, 0x00, 0x0E,
	0x80, 0x5B, 0x00, 0x00, 0x00, 0x78, 0x40, 0x00, 0xCC, 0x01, 0x00, 0x3D, 0xFF, 0xC2, 0x03, 0x00,
	0x00, 0x02, 0x00, 0x00, 0x00, 0xC6, 0x00, 0x40, 0xB1, 0x48, 0xA4, 0x81, 0x01, 0x00, 0x00, 0x00,
	0x00, 0x00, 0x00, 0x0B, 0x80, 0xB4, 0x80, 0x41, 0x00, 0x00, 0x38, 0x00, 0x00, 0xDE, 0x1B, 0x2E,
	0x80, 0x58, 0x00, 0x00, 0x00, 0x78, 0x80, 0x01, 0x7C, 0x06, 0x00, 0x00, 0x00, 0x00, 0x00, 0x00,
	0x00, 0x00, 0x00, 0x00, 0x00, 0x00, 0x00, 0x00, 0x00, 0x14, 0x00, 0x00, 0x00, 0x00, 0x00, 0x00,
	0x00, 0x00, 0x00, 0x00, 0x00, 0x00, 0x00, 0x00, 0x00, 0x00, 0x00, 0x00, 0x00, 0x00, 0x00, 0x00,
	0x00, 0x14, 0x00, 0x00, 0x00, 0x00, 0x00, 0x00, 0x00, 0x00, 0x00, 0x0E, 0xD0, 0x5F, 0x00, 0x00,
	0x00, 0x78, 0x00, 0x01, 0x18, 0x06, 0x00, 0x3D, 0xFF, 0xC3, 0x03, 0x00, 0xC0, 0x0F, 0x00, 0x00,
	0x00, 0x8E, 0x01, 0x28, 0x00, 0x00, 0x00, 0x00, 0x00, 0x00, 0x00, 0x00, 0x00, 0x00, 0x00, 0x38,
	0x00, 0x00, 0x00, 0x00, 0x00, 0x00, 0x00, 0x00, 0x00, 0x84, 0x2B, 0x16, 0x20, 0x01, 0x00, 0x03,
	0x00, 0x03, 0x00, 0x10, 0x6A, 0x00, 0x00, 0x26, 0x00, 0x00, 0x00, 0x03, 0x80, 0x00, 0x00, 0x3C,
	0x03, 0x00, 0x00, 0x29, 0x00, 0x8C, 0x90, 0x20, 0x78, 0x02, 0x12, 0x7C, 0x80, 0x00, 0x04, 0x16,
	0x00, 0x00, 0x00, 0x02, 0x00, 0x03, 0x00, 0x00, 0x6B, 0x00, 0x00, 0x26, 0x00, 0x00, 0x80, 0x03,
	0x80, 0x00, 0x00, 0x14, 0x03, 0x00, 0x00, 0x29, 0x20, 0x8C, 0x90, 0x20, 0x78, 0x02, 0x00, 0x14,
	0x80, 0x20, 0x04, 0x16, 0x20, 0x01, 0x00, 0x01, 0x00, 0x03, 0x00, 0x10, 0x6C, 0x00, 0x00, 0x26,
	0x00, 0x00, 0x00, 0x00, 0x80, 0x00, 0x00, 0x28, 0x04, 0x00, 0x00, 0x29, 0x41, 0x94, 0x90, 0x20,
	0x78, 0x02, 0x12, 0x68, 0x80, 0x00, 0x04, 0x28, 0x00, 0x00, 0x00, 0x00, 0x00, 0x00, 0x00, 0x00,
	0x00, 0x00, 0x00, 0x38, 0x00, 0x00, 0x00, 0x00, 0x00, 0x00, 0x00, 0x00, 0x00, 0x86, 0x2B, 0x16,
	0x00, 0x00, 0x00, 0x00, 0x00, 0x1B, 0x00, 0x00, 0x6D, 0x00, 0x00, 0x26, 0x00, 0x00, 0x80, 0x00,
	0x80, 0x00, 0x00, 0x00, 0x04, 0x00, 0x00, 0x29, 0xA6, 0x98, 0x9C, 0x2C, 0x00, 0x00, 0x00, 0x00,
	0x80, 0x00, 0x00, 0x16, 0x20, 0x01, 0x00, 0x03, 0x00, 0x1B, 0x00, 0x10, 0x73, 0x00, 0x00, 0x26,
	0x00, 0x00, 0x00, 0x01, 0x80, 0x00, 0x00, 0x3C, 0x04, 0x00, 0x00, 0x29, 0xC4, 0x98, 0x9C, 0x2C,
	0x00, 0x00, 0x12, 0x7C, 0x80, 0x00, 0x00, 0x16, 0x00, 0x00, 0x00, 0x02, 0x00, 0x1B, 0x00, 0x00,
	0x7A, 0x00, 0x00, 0x26, 0x00, 0x00, 0x80, 0x01, 0x80, 0x00, 0x00, 0x14, 0x04, 0x00, 0x00, 0x29,
	0xE2, 0xA0, 0x9C, 0x2C, 0x00, 0x00, 0x00, 0x14, 0x80, 0x00, 0x00, 0x2E, 0xC0, 0x60, 0x00, 0x00,
	0x00, 0x78, 0x40, 0x01, 0x00, 0x00, 0x00, 0x00, 0x00, 0x00, 0x00, 0x00, 0x00, 0x00, 0x00, 0x00,
	0x00, 0x00, 0x00, 0x00, 0x00, 0x14, 0x00, 0x00, 0x00, 0x00, 0x00, 0x00, 0x00, 0x00, 0x00, 0x0E,
	0xE0, 0x66, 0x00, 0x02, 0x00, 0x78, 0x00, 0x01, 0x33, 0x06, 0x00, 0x3D, 0xFF, 0xC3, 0x03, 0x00,
	0x80, 0x0E, 0x00, 0x00, 0x00, 0x8E, 0x01, 0x28, 0x00, 0x00, 0x00, 0x00, 0x00, 0x00, 0x00, 0x00,
	0x00, 0x00, 0x00, 0x38, 0x00, 0x00, 0x00, 0x00, 0x00, 0x00, 0x00, 0x00, 0x00, 0x84, 0x2B, 0x16,
	0x20, 0x01, 0x00, 0x03, 0x00, 0x03, 0x00, 0x10, 0x6A, 0x00, 0x00, 0x26, 0x00, 0x00, 0x00, 0x03,
	0x80, 0x00, 0x00, 0x28, 0x03, 0x00, 0x00, 0x29, 0x00, 0xA4, 0xA8, 0x20, 0x5C, 0x02, 0x12, 0x68,
	0x80, 0x00, 0x00, 0x16, 0x00, 0x00, 0x00, 0x02, 0x00, 0x03, 0x00, 0x00, 0x6B, 0x00, 0x00, 0x26,
	0x00, 0x00, 0x80, 0x03, 0x80, 0x00, 0x00, 0x00, 0x03, 0x00, 0x00, 0x29, 0x23, 0xA4, 0xA8, 0x20,
	0x5C, 0x02, 0x00, 0x00, 0x80, 0x00, 0x00, 0x16, 0x20, 0x01, 0x00, 0x01, 0x00, 0x03, 0x00, 0x10,
	0x6C, 0x00, 0x00, 0x26, 0x00, 0x00, 0x00, 0x00, 0x80, 0x00, 0x00, 0x3C, 0x04, 0x00, 0x00, 0x29,
	0x46, 0xAC, 0xA8, 0x20, 0x5C, 0x02, 0x12, 0x7C, 0x80, 0x00, 0x00, 0x28, 0x00, 0x00, 0x00, 0x00,
	0x00, 0x00, 0x00, 0x00, 0x00, 0x00, 0x00, 0x38, 0x00, 0x00, 0x00, 0x00, 0x00, 0x00, 0x00, 0x00,
	0x00, 0x86, 0x2B, 0x16, 0x00, 0x00, 0x00, 0x00, 0x00, 0x1B, 0x00, 0x00, 0x6D, 0x00, 0x00, 0x26,
	0x00, 0x00, 0x80, 0x00, 0x80, 0x00, 0x00, 0x14, 0x04, 0x00, 0x00, 0x29, 0xA6, 0x98, 0xB0, 0x34,
	0x00, 0x00, 0x00, 0x14, 0x80, 0x00, 0x00, 0x16, 0x20, 0x01, 0x00, 0x03, 0x00, 0x1B, 0x00, 0x10,
	0x73, 0x00, 0x00, 0x26, 0x00, 0x00, 0x00, 0x01, 0x80, 0x00, 0x00, 0x28, 0x04, 0x00, 0x00, 0x29,
	0xC4, 0x98, 0xB0, 0x34, 0x00, 0x00, 0x12, 0x68, 0x80, 0x00, 0x00, 0x16, 0x00, 0x00, 0x00, 0x02,
	0x00, 0x1B, 0x00, 0x00, 0x7A, 0x00, 0x00, 0x26, 0x00, 0x00, 0x80, 0x01, 0x80, 0x00, 0x00, 0x00,
	0x04, 0x00, 0x00, 0x29, 0xE2, 0xA0, 0xB0, 0x34, 0x00, 0x00, 0x00, 0x00, 0x80, 0x00, 0x00, 0x2E,
	0xC0, 0x60, 0x00, 0x00, 0x00, 0x78, 0x40, 0x01, 0x1E, 0x00, 0x00, 0x00, 0x00, 0x00, 0x00, 0x00,
	0x00, 0x00, 0x00, 0x00, 0x00, 0x00, 0x00, 0x00, 0x00, 0x14, 0x00, 0x00, 0x00, 0x00, 0x00, 0x00,
	0x00, 0x00, 0x00, 0x0E, 0xE0, 0x66, 0x00, 0x02, 0x00, 0x78, 0x00, 0x01, 0x51, 0x06, 0x00, 0x3D,
	0xFF, 0xC3, 0x03, 0x00, 0x80, 0x0E, 0x00, 0x00, 0x00, 0x8E, 0x01, 0x28, 0x00, 0x00, 0x00, 0x00,
	0x00, 0x00, 0x00, 0x00, 0x00, 0x00, 0x00, 0x38, 0x00, 0x00, 0x00, 0x00, 0x00, 0x00, 0x00, 0x00,
	0x00, 0x84, 0x2B, 0x16, 0x20, 0x01, 0x00, 0x03, 0x00, 0x03, 0x00, 0x10, 0x6A, 0x00, 0x00, 0x26,
	0x00, 0x00, 0x00, 0x03, 0x80, 0x00, 0x00, 0x3C, 0x03, 0x00, 0x00, 0x29, 0x00, 0xA4, 0xA8, 0x20,
	0x5C, 0x02, 0x12, 0x7C, 0x80, 0x00, 0x00, 0x16, 0x00, 0x00, 0x00, 0x02, 0x00, 0x03, 0x00, 0x00,
	0x6B, 0x00, 0x00, 0x26, 0x00, 0x00, 0x80, 0x03, 0x80, 0x00, 0x00, 0x14, 0x03, 0x00, 0x00, 0x29,
	0x23, 0xA4, 0xA8, 0x20, 0x5C, 0x02, 0x00, 0x14, 0x80, 0x00, 0x00, 0x16, 0x20, 0x01, 0x00, 0x01,
	0x00, 0x03, 0x00, 0x10, 0x6C, 0x00, 0x00, 0x26, 0x00, 0x00, 0x00, 0x00, 0x80, 0x00, 0x00, 0x28,
	0x04, 0x00, 0x00, 0x29, 0x46, 0xAC, 0xA8, 0x20, 0x5C, 0x02, 0x12, 0x68, 0x80, 0x00, 0x00, 0x28,
	0x00, 0x00, 0x00, 0x00, 0x00, 0x00, 0x00, 0x00, 0x00, 0x00, 0x00, 0x38, 0x00, 0x00, 0x00, 0x00,
	0x00, 0x00, 0x00, 0x00, 0x00, 0x86, 0x2B, 0x16, 0x00, 0x00, 0x00, 0x00, 0x00, 0x1B, 0x00, 0x00,
	0x6D, 0x00, 0x00, 0x26, 0x00, 0x00, 0x80, 0x00, 0x80, 0x00, 0x00, 0x00, 0x04, 0x00, 0x00, 0x29,
	0xA6, 0x98, 0xB0, 0x34, 0x00, 0x00, 0x00, 0x00, 0x80, 0x00, 0x00, 0x16, 0x20, 0x01, 0x00, 0x03,
	0x00, 0x1B, 0x00, 0x10, 0x73, 0x00, 0x00, 0x26, 0x00, 0x00, 0x00, 0x01, 0x80, 0x00, 0x00, 0x3C,
	0x04, 0x00, 0x00, 0x29, 0xC4, 0x98, 0xB0, 0x34, 0x00, 0x00, 0x12, 0x7C, 0x80, 0x00, 0x00, 0x16,
	0x00, 0x00, 0x00, 0x02, 0x00, 0x1B, 0x00, 0x00, 0x7A, 0x00, 0x00, 0x26, 0x00, 0x00, 0x80, 0x01,
	0x80, 0x00, 0x00, 0x14, 0x04, 0x00, 0x00, 0x29, 0xE2, 0xA0, 0xB0, 0x34, 0x00, 0x00, 0x00, 0x14,
	0x80, 0x00, 0x00, 0x2E, 0xC0, 0x60, 0x00, 0x00, 0x00, 0x78, 0x40, 0x01, 0x3C, 0x00, 0x00, 0x00,
	0x00, 0x00, 0x00, 0x00, 0x00, 0x00, 0x00, 0x00, 0x00, 0x00, 0x00, 0x00, 0x00, 0x14, 0x00, 0x00,
	0x00, 0x00, 0x00, 0x00, 0x00, 0x00, 0x00, 0x0E, 0xD0, 0x5F, 0x00, 0x02, 0x00, 0x78, 0x00, 0x01,
	0x6F, 0x06, 0x00, 0x3D, 0xFF, 0xC3, 0x03, 0x00, 0xC0, 0x0F, 0x00, 0x00, 0x00, 0x8E, 0x01, 0x28,
	0x00, 0x00, 0x00, 0x00, 0x00, 0x00, 0x00, 0x00, 0x00, 0x00, 0x00, 0x38, 0x00, 0x00, 0x00, 0x00,
	0x00, 0x00, 0x00, 0x00, 0x00, 0x84, 0x2B, 0x16, 0x20, 0x01, 0x00, 0x03, 0x00, 0x03, 0x00, 0x10,
	0x6A, 0x00, 0x00, 0x26, 0x00, 0x00, 0x00, 0x03, 0x80, 0x00, 0x00, 0x28, 0x03, 0x00, 0x00, 0x29,
	0x00, 0x8C, 0x90, 0x20, 0x78, 0x02, 0x12, 0x68, 0x80, 0x00, 0x04, 0x16, 0x00, 0x00, 0x00, 0x02,
	0x00, 0x03, 0x00, 0x00, 0x6B, 0x00, 0x00, 0x26, 0x00, 0x00, 0x80, 0x03, 0x80, 0x00, 0x00, 0x00,
	0x03, 0x00, 0x00, 0x29, 0x20, 0x8C, 0x90, 0x20, 0x78, 0x02, 0x00, 0x00, 0x80, 0x20, 0x04, 0x16,
	0x20, 0x01, 0x00, 0x01, 0x00, 0x03, 0x00, 0x10, 0x6C, 0x00, 0x00, 0x26, 0x00, 0x00, 0x00, 0x00,
	0x80, 0x00, 0x00, 0x3C, 0x04, 0x00, 0x00, 0x29, 0x41, 0x94, 0x90, 0x20, 0x78, 0x02, 0x12, 0x7C,
	0x80, 0x00, 0x04, 0x28, 0x00, 0x00, 0x00, 0x00, 0x00, 0x00, 0x00, 0x00, 0x00, 0x00, 0x00, 0x38,
	0x00, 0x00, 0x00, 0x00, 0x00, 0x00, 0x00, 0x00, 0x00, 0x86, 0x2B, 0x16, 0x00, 0x00, 0x00, 0x00,
	0x00, 0x1B, 0x00, 0x00, 0x6D, 0x00, 0x00, 0x26, 0x00, 0x00, 0x80, 0x00, 0x80, 0x00, 0x00, 0x14,
	0x04, 0x00, 0x00, 0x29, 0xA6, 0x98, 0x9C, 0x38, 0x00, 0x00, 0x00, 0x14, 0x80, 0x00, 0x00, 0x16,
	0x20, 0x01, 0x00, 0x03, 0x00, 0x1B, 0x00, 0x10, 0x73, 0x00, 0x00, 0x26, 0x00, 0x00, 0x00, 0x01,
	0x80, 0x00, 0x00, 0x28, 0x04, 0x00, 0x00, 0x29, 0xC4, 0x98, 0x9C, 0x38, 0x00, 0x00, 0x12, 0x68,
	0x80, 0x00, 0x00, 0x16, 0x00, 0x00, 0x00, 0x02, 0x00, 0x1B, 0x00, 0x00, 0x7A, 0x00, 0x00, 0x26,
	0x00, 0x00, 0x80, 0x01, 0x80, 0x00, 0x00, 0x00, 0x04, 0x00, 0x00, 0x29, 0xE2, 0xA0, 0x9C, 0x38,
	0x00, 0x00, 0x00, 0x00, 0x80, 0x00, 0x00, 0x2E, 0xC0, 0x60, 0x00, 0x00, 0x00, 0x78, 0x40, 0x01,
	0x5A, 0x00, 0x00, 0x00, 0x00, 0x00, 0x00, 0x00, 0x00, 0x00, 0x00, 0x00, 0x00, 0x00, 0x00, 0x00,
	0x00, 0x14, 0x00, 0x00, 0x00, 0x00, 0x00, 0x00, 0x00, 0x00, 0x00, 0x00, 0x00, 0x00, 0x00, 0x00,
	0x00, 0x00, 0x00, 0x00, 0x00, 0x00, 0x00, 0x00, 0x00, 0x14, 0x00, 0x00, 0x00, 0x00, 0x00, 0x00,
	0x00, 0x00, 0x00, 0x0E, 0x00, 0x58, 0x00, 0x00, 0x00, 0x78, 0x00, 0x00, 0x18, 0x06, 0x00, 0x3D,
	0x7F, 0xC3, 0x03, 0x00, 0x00, 0x04, 0x00, 0x00, 0x00, 0x42, 0x00, 0x0E, 0x80, 0x5B, 0x00, 0x00,
	0x00, 0x78, 0x40, 0x00, 0x00, 0x00, 0x00, 0x3D, 0xFF, 0xC2, 0x03, 0x00, 0x00, 0x02, 0x00, 0x00,
	0x00, 0xC6, 0x00, 0x40, 0x08, 0x64, 0x80, 0x8C, 0x01, 0x00, 0x00, 0x00, 0x00, 0x00, 0x00, 0x0B,
	0x80, 0xB4, 0x80, 0x41, 0x00, 0x00, 0x38, 0x00, 0x00, 0xDE, 0x1B, 0x2E, 0x80, 0x58, 0x00, 0x00,
	0x00, 0x78, 0x80, 0x01, 0x68, 0x01, 0x00, 0x00, 0x00, 0x00, 0x00, 0x00, 0x00, 0x00, 0x00, 0x00,
	0x00, 0x00, 0x00, 0x00, 0x00, 0x14, 0x00, 0x00, 0x00, 0x00, 0x00, 0x00, 0x00, 0x00, 0x00, 0x0E,
	0x00, 0x58, 0x00, 0x00, 0x00, 0x78, 0x00, 0x00, 0x2C, 0x06, 0x00, 0x3D, 0x7F, 0xC3, 0x03, 0x00,
	0x00, 0x04, 0x00, 0x00, 0x00, 0x42, 0x00, 0x0E, 0x80, 0x5B, 0x00, 0x00, 0x00, 0x78, 0x40, 0x00,
	0x14, 0x00, 0x00, 0x3D, 0xFF, 0xC2, 0x03, 0x00, 0x00, 0x02, 0x00, 0x00, 0x00, 0xC6, 0x00, 0x40,
	0x08, 0x64, 0x80, 0x8C, 0x01, 0x00, 0x00, 0x00, 0x00, 0x00, 0x00, 0x0B, 0x80, 0xB4, 0x80, 0x41,
	0x00, 0x00, 0x38, 0x00, 0x00, 0xDE, 0x1B, 0x2E, 0x80, 0x58, 0x00, 0x00, 0x00, 0x78, 0x80, 0x01,
	0x7C, 0x01, 0x00, 0x00, 0x00, 0x00, 0x00, 0x00, 0x00, 0x00, 0x00, 0x00, 0x00, 0x00, 0x00, 0x00,
	0x00, 0x14, 0x00, 0x00, 0x00, 0x00, 0x00, 0x00, 0x00, 0x00, 0x00, 0x0E, 0x00, 0x58, 0x00, 0x00,
	0x00, 0x78, 0x00, 0x00, 0x40, 0x06, 0x00, 0x3D, 0x7F, 0xC3, 0x03, 0x00, 0x00, 0x04, 0x00, 0x00,
	0x00, 0x42, 0x00, 0x0E, 0x80, 0x5B, 0x00, 0x00, 0x00, 0x78, 0x40, 0x00, 0x28, 0x00, 0x00, 0x3D,
	0xFF, 0xC2, 0x03, 0x00, 0x00, 0x02, 0x00, 0x00, 0x00, 0xC6, 0x00, 0x40, 0x08, 0x64, 0x80, 0x8C,
	0x01, 0x00, 0x00, 0x00, 0x00, 0x00, 0x00, 0x0B, 0x80, 0xB4, 0x80, 0x41, 0x00, 0x00, 0x38, 0x00,
	0x00, 0xDE, 0x1B, 0x2E, 0x80, 0x58, 0x00, 0x00, 0x00, 0x78, 0x80, 0x01, 0x90, 0x01, 0x00, 0x00,
	0x00, 0x00, 0x00, 0x00, 0x00, 0x00, 0x00, 0x00, 0x00, 0x00, 0x00, 0x00, 0x00, 0x14, 0x00, 0x00,
	0x00, 0x00, 0x00, 0x00, 0x00, 0x00, 0x00, 0x0E, 0x00, 0x58, 0x00, 0x00, 0x00, 0x78, 0x00, 0x00,
	0x54, 0x06, 0x00, 0x3D, 0x7F, 0xC3, 0x03, 0x00, 0x00, 0x04, 0x00, 0x00, 0x00, 0x42, 0x00, 0x0E,
	0x80, 0x5B, 0x00, 0x00, 0x00, 0x78, 0x40, 0x00, 0x3C, 0x00, 0x00, 0x3D, 0xFF, 0xC2, 0x03, 0x00,
	0x00, 0x02, 0x00, 0x00, 0x00, 0xC6, 0x00, 0x40, 0x08, 0x64, 0x80, 0x8C, 0x01, 0x00, 0x00, 0x00,
	0x00, 0x00, 0x00, 0x0B, 0x80, 0xB4, 0x80, 0x41, 0x00, 0x00, 0x38, 0x00, 0x00, 0xDE, 0x1B, 0x2E,
	0x80, 0x58, 0x00, 0x00, 0x00, 0x78, 0x80, 0x01, 0xA4, 0x01, 0x00, 0x00, 0x00, 0x00, 0x00, 0x00,
	0x00, 0x00, 0x00, 0x00, 0x00, 0x00, 0x00, 0x00, 0x00, 0x14, 0x00, 0x00, 0x00, 0x00, 0x00, 0x00,
	0x00, 0x00, 0x00, 0x0E, 0x00, 0x58, 0x00, 0x00, 0x00, 0x78, 0x00, 0x00, 0x68, 0x06, 0x00, 0x3D,
	0x7F, 0xC3, 0x03, 0x00, 0x00, 0x04, 0x00, 0x00, 0x00, 0x42, 0x00, 0x0E, 0x80, 0x5B, 0x00, 0x00,
	0x00, 0x78, 0x40, 0x00, 0x50, 0x00, 0x00, 0x3D, 0xFF, 0xC2, 0x03, 0x00, 0x00, 0x02, 0x00, 0x00,
	0x00, 0xC6, 0x00, 0x40, 0x08, 0x64, 0x80, 0x8C, 0x01, 0x00, 0x00, 0x00, 0x00, 0x00, 0x00, 0x0B,
	0x80, 0xB4, 0x80, 0x41, 0x00, 0x00, 0x38, 0x00, 0x00, 0xDE, 0x1B, 0x2E, 0x80, 0x58, 0x00, 0x00,
	0x00, 0x78, 0x80, 0x01, 0xB8, 0x01, 0x00, 0x00, 0x00, 0x00, 0x00, 0x00, 0x00, 0x00, 0x00, 0x00,
	0x00, 0x00, 0x00, 0x00, 0x00, 0x14, 0x00, 0x00, 0x00, 0x00, 0x00, 0x00, 0x00, 0x00, 0x00, 0x0E,
	0x00, 0x58, 0x00, 0x00, 0x00, 0x78, 0x00, 0x00, 0x7C, 0x06, 0x00, 0x3D, 0x7F, 0xC3, 0x03, 0x00,
	0x00, 0x04, 0x00, 0x00, 0x00, 0x42, 0x00, 0x0E, 0x80, 0x5B, 0x00, 0x00, 0x00, 0x78, 0x40, 0x00,
	0x64, 0x00, 0x00, 0x3D, 0xFF, 0xC2, 0x03, 0x00, 0x00, 0x02, 0x00, 0x00, 0x00, 0xC6, 0x00, 0x40,
	0x08, 0x64, 0x80, 0x8C, 0x01, 0x00, 0x00, 0x00, 0x00, 0x00, 0x00, 0x0B, 0x80, 0xB4, 0x80, 0x41,
	0x00, 0x00, 0x38, 0x00, 0x00, 0xDE, 0x1B, 0x2E, 0x80, 0x58, 0x00, 0x00, 0x00, 0x78, 0x80, 0x01,
	0xCC, 0x01, 0x00, 0x00, 0x00, 0x00, 0x00, 0x00, 0x00, 0x00, 0x00, 0x00, 0x00, 0x00, 0x00, 0x00,
	0x00, 0x14, 0x00, 0x00, 0x00, 0x00, 0x00, 0x00, 0x00, 0x00, 0x00, 0x00, 0x00, 0x00, 0x00, 0x00,
	0x00, 0x00, 0x00, 0x00, 0x00, 0x00, 0x00, 0x00, 0x00, 0x14, 0x00, 0x00, 0x00, 0x00, 0x00, 0x00,
	0x00, 0x00, 0x00, 0x0E, 0x80, 0x57, 0x00, 0x00, 0x00, 0x78, 0x00, 0x01, 0xC0, 0x03, 0x00, 0x28,
	0x00, 0x00, 0x00, 0x00, 0x00, 0x00, 0x00, 0x00, 0x00, 0x00, 0x00, 0x38, 0x00, 0x00, 0x00, 0x00,
	0x00, 0x00, 0x00, 0x00, 0x00, 0x84, 0x2B, 0x16, 0x20, 0x01, 0x00, 0x01, 0x00, 0x05, 0x00, 0x10,
	0x81, 0x00, 0x00, 0x26, 0x00, 0x00, 0x00, 0x02, 0x80, 0x00, 0x00, 0x3C, 0x04, 0x00, 0x00, 0x29,
	0x00, 0x80, 0x84, 0x20, 0x70, 0x02, 0x12, 0x7C, 0x80, 0x00, 0x00, 0x16, 0x00, 0x00, 0x00, 0x02,
	0x00, 0x05, 0x00, 0x00, 0x82, 0x00, 0x00, 0x26, 0x00, 0x00, 0x80, 0x02, 0x80, 0x00, 0x00, 0x14,
	0x04, 0x00, 0x00, 0x29, 0x14, 0x80, 0x84, 0x20, 0x70, 0x02, 0x00, 0x14, 0x80, 0x00, 0x00, 0x16,
	0x20, 0x01, 0x00, 0x03, 0x00, 0x05, 0x00, 0x10, 0x83, 0x00, 0x00, 0x26, 0x00, 0x00, 0x00, 0x03,
	0x80, 0x00, 0x00, 0x28, 0x04, 0x00, 0x00, 0x29, 0x28, 0x88, 0x84, 0x20, 0x70, 0x02, 0x12, 0x68,
	0x80, 0x00, 0x00, 0x40, 0x01, 0x5E, 0x00, 0x00, 0x00, 0x00, 0x00, 0x00, 0x00, 0x00, 0x00, 0xDC,
	0x80, 0xB4, 0x80, 0x01, 0x00, 0x00, 0x00, 0x00, 0x00, 0xC0, 0x0B, 0x2E, 0x80, 0x58, 0x00, 0x00,
	0x00, 0x78, 0x80, 0x01, 0x00, 0x00, 0x00, 0x00, 0x00, 0x00, 0x00, 0x00, 0x00, 0x00, 0x00, 0x00,
	0x00, 0x00, 0x00, 0x00, 0x00, 0x14, 0x00, 0x00, 0x00, 0x00, 0x00, 0x00, 0x00, 0x00, 0x00, 0x0E,
	0x80, 0x57, 0x00, 0x00, 0x00, 0x78, 0x00, 0x01, 0xD4, 0x03, 0x00, 0x28, 0x00, 0x00, 0x00, 0x00,
	0x00, 0x00, 0x00, 0x00, 0x00, 0x00, 0x00, 0x38, 0x00, 0x00, 0x00, 0x00, 0x00, 0x00, 0x00, 0x00,
	0x00, 0x84, 0x2B, 0x16, 0x00, 0x00, 0x00, 0x01, 0x00, 0x05, 0x00, 0x00, 0x81, 0x00, 0x00, 0x26,
	0x00, 0x00, 0x00, 0x02, 0x80, 0x00, 0x00, 0x00, 0x04, 0x00, 0x00, 0x29, 0x00, 0x80, 0x84, 0x20,
	0x70, 0x02, 0x00, 0x00, 0x80, 0x00, 0x00, 0x16, 0x20, 0x01, 0x00, 0x02, 0x00, 0x05, 0x00, 0x10,
	0x82, 0x00, 0x00, 0x26, 0x00, 0x00, 0x80, 0x02, 0x80, 0x00, 0x00, 0x3C, 0x04, 0x00, 0x00, 0x29,
	0x14, 0x80, 0x84, 0x20, 0x70, 0x02, 0x12, 0x7C, 0x80, 0x00, 0x00, 0x16, 0x00, 0x00, 0x00, 0x03,
	0x00, 0x05, 0x00, 0x00, 0x83, 0x00, 0x00, 0x26, 0x00, 0x00, 0x00, 0x03, 0x80, 0x00, 0x00, 0x14,
	0x04, 0x00, 0x00, 0x29, 0x28, 0x88, 0x84, 0x20, 0x70, 0x02, 0x00, 0x14, 0x80, 0x00, 0x00, 0x40,
	0x01, 0x5E, 0x00, 0x00, 0x00, 0x00, 0x00, 0x00, 0x00, 0x00, 0x00, 0xDC, 0x80, 0xB4, 0x80, 0x01,
	0x00, 0x00, 0x00, 0x00, 0x00, 0xC0, 0x0B, 0x2E, 0x80, 0x58, 0x00, 0x00, 0x00, 0x78, 0x80, 0x01,
	0x14, 0x00, 0x00, 0x00, 0x00, 0x00, 0x00, 0x00, 0x00, 0x00, 0x00, 0x00, 0x00, 0x00, 0x00, 0x00,
	0x00, 0x14, 0x00, 0x00, 0x00, 0x00, 0x00, 0x00, 0x00, 0x00, 0x00, 0x0E, 0x80, 0x57, 0x00, 0x00,
	0x00, 0x78, 0x00, 0x01, 0xE8, 0x03, 0x00, 0x28, 0x00, 0x00, 0x00, 0x00, 0x00, 0x00, 0x00, 0x00,
	0x00, 0x00, 0x00, 0x38, 0x00, 0x00, 0x00, 0x00, 0x00, 0x00, 0x00, 0x00, 0x00, 0x84, 0x2B, 0x16,
	0x20, 0x01, 0x00, 0x01, 0x00, 0x05, 0x00, 0x10, 0x81, 0x00, 0x00, 0x26, 0x00, 0x00, 0x00, 0x02,
	0x80, 0x00, 0x00, 0x28, 0x04, 0x00, 0x00, 0x29, 0x00, 0x80, 0x84, 0x20, 0x70, 0x02, 0x12, 0x68,
	0x80, 0x00, 0x00, 0x16, 0x00, 0x00, 0x00, 0x02, 0x00, 0x05, 0x00, 0x00, 0x82, 0x00, 0x00, 0x26,
	0x00, 0x00, 0x80, 0x02, 0x80, 0x00, 0x00, 0x00, 0x04, 0x00, 0x00, 0x29, 0x14, 0x80, 0x84, 0x20,
	0x70, 0x02, 0x00, 0x00, 0x80, 0x00, 0x00, 0x16, 0x20, 0x01, 0x00, 0x03, 0x00, 0x05, 0x00, 0x10,
	0x83, 0x00, 0x00, 0x26, 0x00, 0x00, 0x00, 0x03, 0x80, 0x00, 0x00, 0x3C, 0x04, 0x00, 0x00, 0x29,
	0x28, 0x88, 0x84, 0x20, 0x70, 0x02, 0x12, 0x7C, 0x80, 0x00, 0x00, 0x40, 0x01, 0x5E, 0x00, 0x00,
	0x00, 0x00, 0x00, 0x00, 0x00, 0x00, 0x00, 0xDC, 0x80, 0xB4, 0x80, 0x01, 0x00, 0x00, 0x00, 0x00,
	0x00, 0xC0, 0x0B, 0x2E, 0x80, 0x58, 0x00, 0x00, 0x00, 0x78, 0x80, 0x01, 0x28, 0x00, 0x00, 0x00,
	0x00, 0x00, 0x00, 0x00, 0x00, 0x00, 0x00, 0x00, 0x00, 0x00, 0x00, 0x00, 0x00, 0x14, 0x00, 0x00,
	0x00, 0x00, 0x00, 0x00, 0x00, 0x00, 0x00, 0x0E, 0x80, 0x57, 0x00, 0x00, 0x00, 0x78, 0x00, 0x01,
	0xFC, 0x03, 0x00, 0x28, 0x00, 0x00, 0x00, 0x00, 0x00, 0x00, 0x00, 0x00, 0x00, 0x00, 0x00, 0x38,
	0x00, 0x00, 0x00, 0x00, 0x00, 0x00, 0x00, 0x00, 0x00, 0x84, 0x2B, 0x16, 0x00, 0x00, 0x00, 0x01,
	0x00, 0x05, 0x00, 0x00, 0x81, 0x00, 0x00, 0x26, 0x00, 0x00, 0x00, 0x02, 0x80, 0x00, 0x00, 0x14,
	0x04, 0x00, 0x00, 0x29, 0x00, 0x80, 0x84, 0x20, 0x70, 0x02, 0x00, 0x14, 0x80, 0x00, 0x00, 0x16,
	0x20, 0x01, 0x00, 0x02, 0x00, 0x05, 0x00, 0x10, 0x82, 0x00, 0x00, 0x26, 0x00, 0x00, 0x80, 0x02,
	0x80, 0x00, 0x00, 0x28, 0x04, 0x00, 0x00, 0x29, 0x14, 0x80, 0x84, 0x20, 0x70, 0x02, 0x12, 0x68,
	0x80, 0x00, 0x00, 0x16, 0x00, 0x00, 0x00, 0x03, 0x00, 0x05, 0x00, 0x00, 0x83, 0x00, 0x00, 0x26,
	0x00, 0x00, 0x00, 0x03, 0x80, 0x00, 0x00, 0x00, 0x04, 0x00, 0x00, 0x29, 0x28, 0x88, 0x84, 0x20,
	0x70, 0x02, 0x00, 0x00, 0x80, 0x00, 0x00, 0x40, 0x01, 0x5E, 0x00, 0x00, 0x00, 0x00, 0x00, 0x00,
	0x00, 0x00, 0x00, 0xDC, 0x80, 0xB4, 0x80, 0x01, 0x00, 0x00, 0x00, 0x00, 0x00, 0xC0, 0x0B, 0x2E,
	0x80, 0x58, 0x00, 0x00, 0x00, 0x78, 0x80, 0x01, 0x3C, 0x00, 0x00, 0x00, 0x00, 0x00, 0x00, 0x00,
	0x00, 0x00, 0x00, 0x00, 0x00, 0x00, 0x00, 0x00, 0x00, 0x14, 0x00, 0x00, 0x00, 0x00, 0x00, 0x00,
	0x00, 0x00, 0x00, 0x0E, 0x80, 0x57, 0x00, 0x00, 0x00, 0x78, 0x00, 0x01, 0x10, 0x04, 0x00, 0x28,
	0x00, 0x00, 0x00, 0x00, 0x00, 0x00, 0x00, 0x00, 0x00, 0x00, 0x00, 0x38, 0x00, 0x00, 0x00, 0x00,
	0x00, 0x00, 0x00, 0x00, 0x00, 0x84, 0x2B, 0x16, 0x20, 0x01, 0x00, 0x01, 0x00, 0x05, 0x00, 0x10,
	0x81, 0x00, 0x00, 0x26, 0x00, 0x00, 0x00, 0x02, 0x80, 0x00, 0x00, 0x3C, 0x04, 0x00, 0x00, 0x29,
	0x00, 0x80, 0x84, 0x20, 0x70, 0x02, 0x12, 0x7C, 0x80, 0x00, 0x00, 0x16, 0x00, 0x00, 0x00, 0x02,
	0x00, 0x05, 0x00, 0x00, 0x82, 0x00, 0x00, 0x26, 0x00, 0x00, 0x80, 0x02, 0x80, 0x00, 0x00, 0x14,
	0x04, 0x00, 0x00, 0x29, 0x14, 0x80, 0x84, 0x20, 0x70, 0x02, 0x00, 0x14, 0x80, 0x00, 0x00, 0x16,
	0x20, 0x01, 0x00, 0x03, 0x00, 0x05, 0x00, 0x10, 0x83, 0x00, 0x00, 0x26, 0x00, 0x00, 0x00, 0x03,
	0x80, 0x00, 0x00, 0x28, 0x04, 0x00, 0x00, 0x29, 0x28, 0x88, 0x84, 0x20, 0x70, 0x02, 0x12, 0x68,
	0x80, 0x00, 0x00, 0x40, 0x01, 0x5E, 0x00, 0x00, 0x00, 0x00, 0x00, 0x00, 0x00, 0x00, 0x00, 0xDC,
	0x80, 0xB4, 0x80, 0x01, 0x00, 0x00, 0x00, 0x00, 0x00, 0xC0, 0x0B, 0x2E, 0x80, 0x58, 0x00, 0x00,
	0x00, 0x78, 0x80, 0x01, 0x50, 0x00, 0x00, 0x00, 0x00, 0x00, 0x00, 0x00, 0x00, 0x00, 0x00, 0x00,
	0x00, 0x00, 0x00, 0x00, 0x00, 0x14, 0x00, 0x00, 0x00, 0x00, 0x00, 0x00, 0x00, 0x00, 0x00, 0x0E,
	0x80, 0x57, 0x00, 0x00, 0x00, 0x78, 0x00, 0x01, 0x24, 0x04, 0x00, 0x28, 0x00, 0x00, 0x00, 0x00,
	0x00, 0x00, 0x00, 0x00, 0x00, 0x00, 0x00, 0x38, 0x00, 0x00, 0x00, 0x00, 0x00, 0x00, 0x00, 0x00,
	0x00, 0x84, 0x2B, 0x16, 0x00, 0x00, 0x00, 0x01, 0x00, 0x05, 0x00, 0x00, 0x81, 0x00, 0x00, 0x26,
	0x00, 0x00, 0x00, 0x02, 0x80, 0x00, 0x00, 0x00, 0x04, 0x00, 0x00, 0x29, 0x00, 0x80, 0x84, 0x20,
	0x70, 0x02, 0x00, 0x00, 0x80, 0x00, 0x00, 0x16, 0x20, 0x01, 0x00, 0x02, 0x00, 0x05, 0x00, 0x10,
	0x82, 0x00, 0x00, 0x26, 0x00, 0x00, 0x80, 0x02, 0x80, 0x00, 0x00, 0x3C, 0x04, 0x00, 0x00, 0x29,
	0x14, 0x80, 0x84, 0x20, 0x70, 0x02, 0x12, 0x7C, 0x80, 0x00, 0x00, 0x16, 0x00, 0x00, 0x00, 0x03,
	0x00, 0x05, 0x00, 0x00, 0x83, 0x00, 0x00, 0x26, 0x00, 0x00, 0x00, 0x03, 0x80, 0x00, 0x00, 0x14,
	0x04, 0x00, 0x00, 0x29, 0x28, 0x88, 0x84, 0x20, 0x70, 0x02, 0x00, 0x14, 0x80, 0x00, 0x00, 0x40,
	0x01, 0x5E, 0x00, 0x00, 0x00, 0x00, 0x00, 0x00, 0x00, 0x00, 0x00, 0xDC, 0x80, 0xB4, 0x80, 0x01,
	0x00, 0x00, 0x00, 0x00, 0x00, 0xC0, 0x0B, 0x2E, 0x80, 0x58, 0x00, 0x00, 0x00, 0x78, 0x80, 0x01,
	0x64, 0x00, 0x00, 0x00, 0x00, 0x00, 0x00, 0x00, 0x00, 0x00, 0x00, 0x00, 0x00, 0x00, 0x00, 0x00,
	0x00, 0x14, 0x00, 0x00, 0x00, 0x00, 0x00, 0x00, 0x00, 0x00, 0x00, 0x00, 0x00, 0x00, 0x00, 0x00,
	0x00, 0x00, 0x00, 0x00, 0x00, 0x00, 0x00, 0x00, 0x00, 0x14, 0x00, 0x00, 0x00, 0x00, 0x00, 0x00,
	0x00, 0x00, 0x00, 0x0E, 0x00, 0x58, 0x00, 0x00, 0x00, 0x78, 0x00, 0x01, 0x68, 0x01, 0x00, 0x3D,
	0x7F, 0xC3, 0x03, 0x00, 0x00, 0x04, 0x00, 0x00, 0x00, 0x4A, 0x01, 0x0D, 0x00, 0xB8, 0x00, 0x00,
	0x00, 0x00, 0x00, 0x00, 0x00, 0x00, 0x01, 0x0E, 0x00, 0x58, 0x00, 0x00, 0x00, 0x78, 0x00, 0x01,
	0x00, 0x00, 0x00, 0x3D, 0x7F, 0xC3, 0x03, 0x00, 0x00, 0x04, 0x00, 0x00, 0x00, 0x4A, 0x01, 0x55,
	0x80, 0x45, 0x00, 0x00, 0x00, 0x80, 0x00, 0x00, 0x00, 0x0E, 0x01, 0x75, 0x00, 0x45, 0x00, 0x01,
	0x00, 0x86, 0x00, 0x00, 0x00, 0xC2, 0x01, 0x55, 0x80, 0x45, 0x00, 0x00, 0x00, 0x80, 0x00, 0x00,
	0x00, 0x0F, 0x01, 0x75, 0x80, 0x47, 0x00, 0x00, 0x00, 0x86, 0x00, 0x00, 0x00, 0xC2, 0x01, 0x55,
	0x80, 0x45, 0x00, 0x00, 0x00, 0x8A, 0x00, 0x00, 0x00, 0x0E, 0x01, 0x75, 0x80, 0x47, 0x00, 0x01,
	0x00, 0x86, 0x00, 0x00, 0x00, 0xC2, 0x01, 0x55, 0x80, 0x45, 0x00, 0x00, 0x00, 0x8A, 0x00, 0x00,
	0x00, 0x0F, 0x01, 0x75, 0x00, 0x46, 0x00, 0x00, 0x00, 0x86, 0x00, 0x00, 0x00, 0xC4, 0x01, 0x55,
	0x80, 0x45, 0x00, 0x00, 0x00, 0x84, 0x00, 0x00, 0x00, 0x4E, 0x01, 0x75, 0x00, 0x46, 0x00, 0x01,
	0x00, 0x86, 0x00, 0x00, 0x00, 0xC4, 0x01, 0x28, 0x00, 0x00, 0x00, 0x00, 0x00, 0x00, 0x00, 0x00,
	0x00, 0x00, 0x00, 0x38, 0x00, 0x00, 0x00, 0x00, 0x00, 0x00, 0x00, 0x00, 0x00, 0x44, 0x2B, 0x16,
	0x20, 0x01, 0x00, 0x00, 0x00, 0x05, 0x00, 0x10, 0x85, 0x00, 0x00, 0x26, 0x00, 0x00, 0x80, 0x03,
	0x80, 0x00, 0x00, 0x28, 0x04, 0x00, 0x00, 0x29, 0x9C, 0x80, 0xBC, 0x20, 0x00, 0x00, 0x12, 0x68,
	0x80, 0x00, 0x00, 0x16, 0x00, 0x00, 0x00, 0x01, 0x00, 0x05, 0x00, 0x00, 0x86, 0x00, 0x00, 0x26,
	0x00, 0x00, 0x00, 0x00, 0x80, 0x00, 0x00, 0x00, 0x05, 0x00, 0x00, 0x29, 0xB0, 0x80, 0xBC, 0x20,
	0x00, 0x00, 0x00, 0x00, 0x80, 0x00, 0x00, 0x16, 0x20, 0x01, 0x00, 0x02, 0x00, 0x05, 0x00, 0x10,
	0x87, 0x00, 0x00, 0x26, 0x00, 0x00, 0x80, 0x00, 0x80, 0x00, 0x00, 0x3C, 0x05, 0x00, 0x00, 0x29,
	0xC4, 0x80, 0xBC, 0x20, 0x00, 0x00, 0x12, 0x7C, 0x80, 0x00, 0x00, 0x16, 0x00, 0x00, 0x00, 0x03,
	0x00, 0x05, 0x00, 0x00, 0x88, 0x00, 0x00, 0x26, 0x00, 0x00, 0x00, 0x01, 0x80, 0x00, 0x00, 0x14,
	0x05, 0x00, 0x00, 0x29, 0xD8, 0x80, 0xBC, 0x20, 0x00, 0x00, 0x00, 0x14, 0x80, 0x00, 0x00, 0x16,
	0x20, 0x01, 0x00, 0x00, 0x00, 0x05, 0x00, 0x10, 0x8A, 0x00, 0x00, 0x26, 0x00, 0x00, 0x80, 0x01,
	0x80, 0x00, 0x00, 0x28, 0x05, 0x00, 0x00, 0x29, 0xEC, 0x80, 0xBC, 0x20, 0x00, 0x00, 0x12, 0x68,
	0x80, 0x00, 0x00, 0x2E, 0x80, 0x57, 0x00, 0x00, 0x00, 0x78, 0x00, 0x01, 0xD0, 0x02, 0x00, 0x00,
	0x00, 0x00, 0x00, 0x00, 0x00, 0x00, 0x00, 0x00, 0x00, 0x00, 0x00, 0x00, 0x00, 0x14, 0x00, 0x00,
	0x00, 0x00, 0x00, 0x00, 0x00, 0x00, 0x00, 0x06, 0x00, 0x02, 0x00, 0x00, 0x00, 0x08, 0x00, 0x00,
	0xD8, 0x00, 0x00, 0x08, 0x00, 0x00, 0x00, 0x00, 0x00, 0x00, 0x00, 0x00, 0x00, 0x00, 0x00, 0x18,
	0x00, 0x02, 0x00, 0x00, 0x00, 0x00, 0x00, 0x00, 0x00, 0x00, 0x00, 0x0E, 0x00, 0x58, 0x00, 0x00,
	0x00, 0x78, 0x00, 0x01, 0x7C, 0x01, 0x00, 0x3D, 0x7F, 0xC3, 0x03, 0x00, 0x00, 0x04, 0x00, 0x00,
	0x00, 0x4A, 0x01, 0x0D, 0x00, 0xB8, 0x00, 0x00, 0x00, 0x00, 0x00, 0x00, 0x00, 0x00, 0x01, 0x0E,
	0x00, 0x58, 0x00, 0x00, 0x00, 0x78, 0x00, 0x01, 0x14, 0x00, 0x00, 0x3D, 0x7F, 0xC3, 0x03, 0x00,
	0x00, 0x04, 0x00, 0x00, 0x00, 0x4A, 0x01, 0x55, 0x80, 0x45, 0x00, 0x00, 0x00, 0x80, 0x00, 0x00,
	0x00, 0x0E, 0x01, 0x75, 0x00, 0x45, 0x00, 0x01, 0x00, 0x86, 0x00, 0x00, 0x00, 0xC2, 0x01, 0x55,
	0x80, 0x45, 0x00, 0x00, 0x00, 0x80, 0x00, 0x00, 0x00, 0x0F, 0x01, 0x75, 0x80, 0x47, 0x00, 0x00,
	0x00, 0x86, 0x00, 0x00, 0x00, 0xC2, 0x01, 0x55, 0x80, 0x45, 0x00, 0x00, 0x00, 0x8A, 0x00, 0x00,
	0x00, 0x0E, 0x01, 0x75, 0x80, 0x47, 0x00, 0x01, 0x00, 0x86, 0x00, 0x00, 0x00, 0xC2, 0x01, 0x55,
	0x80, 0x45, 0x00, 0x00, 0x00, 0x8A, 0x00, 0x00, 0x00, 0x0F, 0x01, 0x75, 0x00, 0x46, 0x00, 0x00,
	0x00, 0x86, 0x00, 0x00, 0x00, 0xC4, 0x01, 0x55, 0x80, 0x45, 0x00, 0x00, 0x00, 0x84, 0x00, 0x00,
	0x00, 0x4E, 0x01, 0x75, 0x00, 0x46, 0x00, 0x01, 0x00, 0x86, 0x00, 0x00, 0x00, 0xC4, 0x01, 0x28,
	0x00, 0x00, 0x00, 0x00, 0x00, 0x00, 0x00, 0x00, 0x00, 0x00, 0x00, 0x38, 0x00, 0x00, 0x00, 0x00,
	0x00, 0x00, 0x00, 0x00, 0x00, 0x44, 0x2B, 0x16, 0x00, 0x00, 0x00, 0x00, 0x00, 0x05, 0x00, 0x00,
	0x85, 0x00, 0x00, 0x26, 0x00, 0x00, 0x80, 0x03, 0x80, 0x00, 0x00, 0x00, 0x04, 0x00, 0x00, 0x29,
	0x9C, 0x80, 0xBC, 0x20, 0x00, 0x00, 0x00, 0x00, 0x80, 0x00, 0x00, 0x16, 0x20, 0x01, 0x00, 0x01,
	0x00, 0x05, 0x00, 0x10, 0x86, 0x00, 0x00, 0x26, 0x00, 0x00, 0x00, 0x00, 0x80, 0x00, 0x00, 0x3C,
	0x05, 0x00, 0x00, 0x29, 0xB0, 0x80, 0xBC, 0x20, 0x00, 0x00, 0x12, 0x7C, 0x80, 0x00, 0x00, 0x16,
	0x00, 0x00, 0x00, 0x02, 0x00, 0x05, 0x00, 0x00, 0x87, 0x00, 0x00, 0x26, 0x00, 0x00, 0x80, 0x00,
	0x80, 0x00, 0x00, 0x14, 0x05, 0x00, 0x00, 0x29, 0xC4, 0x80, 0xBC, 0x20, 0x00, 0x00, 0x00, 0x14,
	0x80, 0x00, 0x00, 0x16, 0x20, 0x01, 0x00, 0x03, 0x00, 0x05, 0x00, 0x10, 0x88, 0x00, 0x00, 0x26,
	0x00, 0x00, 0x00, 0x01, 0x80, 0x00, 0x00, 0x28, 0x05, 0x00, 0x00, 0x29, 0xD8, 0x80, 0xBC, 0x20,
	0x00, 0x00, 0x12, 0x68, 0x80, 0x00, 0x00, 0x16, 0x00, 0x00, 0x00, 0x00, 0x00, 0x05, 0x00, 0x00,
	0x8A, 0x00, 0x00, 0x26, 0x00, 0x00, 0x80, 0x01, 0x80, 0x00, 0x00, 0x00, 0x05, 0x00, 0x00, 0x29,
	0xEC, 0x80, 0xBC, 0x20, 0x00, 0x00, 0x00, 0x00, 0x80, 0x00, 0x00, 0x2E, 0x80, 0x57, 0x00, 0x00,
	0x00, 0x78, 0x00, 0x01, 0xE4, 0x02, 0x00, 0x00, 0x00, 0x00, 0x00, 0x00, 0x00, 0x00, 0x00, 0x00,
	0x00, 0x00, 0x00, 0x00, 0x00, 0x14, 0x00, 0x00, 0x00, 0x00, 0x00, 0x00, 0x00, 0x00, 0x00, 0x0E,
	0x00, 0x58, 0x00, 0x00, 0x00, 0x78, 0x00, 0x01, 0x90, 0x01, 0x00, 0x3D, 0x7F, 0xC3, 0x03, 0x00,
	0x00, 0x04, 0x00, 0x00, 0x00, 0x4A, 0x01, 0x0D, 0x00, 0xB8, 0x00, 0x00, 0x00, 0x00, 0x00, 0x00,
	0x00, 0x00, 0x01, 0x0E, 0x00, 0x58, 0x00, 0x00, 0x00, 0x78, 0x00, 0x01, 0x28, 0x00, 0x00, 0x3D,
	0x7F, 0xC3, 0x03, 0x00, 0x00, 0x04, 0x00, 0x00, 0x00, 0x4A, 0x01, 0x55, 0x80, 0x45, 0x00, 0x00,
	0x00, 0x80, 0x00, 0x00, 0x00, 0x0E, 0x01, 0x75, 0x00, 0x45, 0x00, 0x01, 0x00, 0x86, 0x00, 0x00,
	0x00, 0xC2, 0x01, 0x55, 0x80, 0x45, 0x00, 0x00, 0x00, 0x80, 0x00, 0x00, 0x00, 0x0F, 0x01, 0x75,
	0x80, 0x47, 0x00, 0x00, 0x00, 0x86, 0x00, 0x00, 0x00, 0xC2, 0x01, 0x55, 0x80, 0x45, 0x00, 0x00,
	0x00, 0x8A, 0x00, 0x00, 0x00, 0x0E, 0x01, 0x75, 0x80, 0x47, 0x00, 0x01, 0x00, 0x86, 0x00, 0x00,
	0x00, 0xC2, 0x01, 0x55, 0x80, 0x45, 0x00, 0x00, 0x00, 0x8A, 0x00, 0x00, 0x00, 0x0F, 0x01, 0x75,
	0x00, 0x46, 0x00, 0x00, 0x00, 0x86, 0x00, 0x00, 0x00, 0xC4, 0x01, 0x55, 0x80, 0x45, 0x00, 0x00,
	0x00, 0x84, 0x00, 0x00, 0x00, 0x4E, 0x01, 0x75, 0x00, 0x46, 0x00, 0x01, 0x00, 0x86, 0x00, 0x00,
	0x00, 0xC4, 0x01, 0x28, 0x00, 0x00, 0x00, 0x00, 0x00, 0x00, 0x00, 0x00, 0x00, 0x00, 0x00, 0x38,
	0x00, 0x00, 0x00, 0x00, 0x00, 0x00, 0x00, 0x00, 0x00, 0x44, 0x2B, 0x16, 0x20, 0x01, 0x00, 0x00,
	0x00, 0x05, 0x00, 0x10, 0x85, 0x00, 0x00, 0x26, 0x00, 0x00, 0x80, 0x03, 0x80, 0x00, 0x00, 0x3C,
	0x04, 0x00, 0x00, 0x29, 0x9C, 0x80, 0xBC, 0x20, 0x00, 0x00, 0x12, 0x7C, 0x80, 0x00, 0x00, 0x16,
	0x00, 0x00, 0x00, 0x01, 0x00, 0x05, 0x00, 0x00, 0x86, 0x00, 0x00, 0x26, 0x00, 0x00, 0x00, 0x00,
	0x80, 0x00, 0x00, 0x14, 0x05, 0x00, 0x00, 0x29, 0xB0, 0x80, 0xBC, 0x20, 0x00, 0x00, 0x00, 0x14,
	0x80, 0x00, 0x00, 0x16, 0x20, 0x01, 0x00, 0x02, 0x00, 0x05, 0x00, 0x10, 0x87, 0x00, 0x00, 0x26,
	0x00, 0x00, 0x80, 0x00, 0x80, 0x00, 0x00, 0x28, 0x05, 0x00, 0x00, 0x29, 0xC4, 0x80, 0xBC, 0x20,
	0x00, 0x00, 0x12, 0x68, 0x80, 0x00, 0x00, 0x16, 0x00, 0x00, 0x00, 0x03, 0x00, 0x05, 0x00, 0x00,
	0x88, 0x00, 0x00, 0x26, 0x00, 0x00, 0x00, 0x01, 0x80, 0x00, 0x00, 0x00, 0x05, 0x00, 0x00, 0x29,
	0xD8, 0x80, 0xBC, 0x20, 0x00, 0x00, 0x00, 0x00, 0x80, 0x00, 0x00, 0x16, 0x20, 0x01, 0x00, 0x00,
	0x00, 0x05, 0x00, 0x10, 0x8A, 0x00, 0x00, 0x26, 0x00, 0x00, 0x80, 0x01, 0x80, 0x00, 0x00, 0x3C,
	0x05, 0x00, 0x00, 0x29, 0xEC, 0x80, 0xBC, 0x20, 0x00, 0x00, 0x12, 0x7C, 0x80, 0x00, 0x00, 0x2E,
	0x80, 0x57, 0x00, 0x00, 0x00, 0x78, 0x00, 0x01, 0xF8, 0x02, 0x00, 0x00, 0x00, 0x00, 0x00, 0x00,
	0x00, 0x00, 0x00, 0x00, 0x00, 0x00, 0x00, 0x00, 0x00, 0x14, 0x00, 0x00, 0x00, 0x00, 0x00, 0x00,
	0x00, 0x00, 0x00, 0x0E, 0x00, 0x58, 0x00, 0x00, 0x00, 0x78, 0x00, 0x01, 0xA4, 0x01, 0x00, 0x3D,
	0x7F, 0xC3, 0x03, 0x00, 0x00, 0x04, 0x00, 0x00, 0x00, 0x4A, 0x01, 0x0D, 0x00, 0xB8, 0x00, 0x00,
	0x00, 0x00, 0x00, 0x00, 0x00, 0x00, 0x01, 0x0E, 0x00, 0x58, 0x00, 0x00, 0x00, 0x78, 0x00, 0x01,
	0x3C, 0x00, 0x00, 0x3D, 0x7F, 0xC3, 0x03, 0x00, 0x00, 0x04, 0x00, 0x00, 0x00, 0x4A, 0x01, 0x55,
	0x80, 0x45, 0x00, 0x00, 0x00, 0x80, 0x00, 0x00, 0x00, 0x0E, 0x01, 0x75, 0x00, 0x45, 0x00, 0x01,
	0x00, 0x86, 0x00, 0x00, 0x00, 0xC2, 0x01, 0x55, 0x80, 0x45, 0x00, 0x00, 0x00, 0x80, 0x00, 0x00,
	0x00, 0x0F, 0x01, 0x75, 0x80, 0x47, 0x00, 0x00, 0x00, 0x86, 0x00, 0x00, 0x00, 0xC2, 0x01, 0x55,
	0x80, 0x45, 0x00, 0x00, 0x00, 0x8A, 0x00, 0x00, 0x00, 0x0E, 0x01, 0x75, 0x80, 0x47, 0x00, 0x01,
	0x00, 0x86, 0x00, 0x00, 0x00, 0xC2, 0x01, 0x55, 0x80, 0x45, 0x00, 0x00, 0x00, 0x8A, 0x00, 0x00,
	0x00, 0x0F, 0x01, 0x75, 0x00, 0x46, 0x00, 0x00, 0x00, 0x86, 0x00, 0x00, 0x00, 0xC4, 0x01, 0x55,
	0x80, 0x45, 0x00, 0x00, 0x00, 0x84, 0x00, 0x00, 0x00, 0x4E, 0x01, 0x75, 0x00, 0x46, 0x00, 0x01,
	0x00, 0x86, 0x00, 0x00, 0x00, 0xC4, 0x01, 0x28, 0x00, 0x00, 0x00, 0x00, 0x00, 0x00, 0x00, 0x00,
	0x00, 0x00, 0x00, 0x38, 0x00, 0x00, 0x00, 0x00, 0x00, 0x00, 0x00, 0x00, 0x00, 0x44, 0x2B, 0x16,
	0x00, 0x00, 0x00, 0x00, 0x00, 0x05, 0x00, 0x00, 0x85, 0x00, 0x00, 0x26, 0x00, 0x00, 0x80, 0x03,
	0x80, 0x00, 0x00, 0x14, 0x04, 0x00, 0x00, 0x29, 0x9C, 0x80, 0xBC, 0x20, 0x00, 0x00, 0x00, 0x14,
	0x80, 0x00, 0x00, 0x16, 0x20, 0x01, 0x00, 0x01, 0x00, 0x05, 0x00, 0x10, 0x86, 0x00, 0x00, 0x26,
	0x00, 0x00, 0x00, 0x00, 0x80, 0x00, 0x00, 0x28, 0x05, 0x00, 0x00, 0x29, 0xB0, 0x80, 0xBC, 0x20,
	0x00, 0x00, 0x12, 0x68, 0x80, 0x00, 0x00, 0x16, 0x00, 0x00, 0x00, 0x02, 0x00, 0x05, 0x00, 0x00,
	0x87, 0x00, 0x00, 0x26, 0x00, 0x00, 0x80, 0x00, 0x80, 0x00, 0x00, 0x00, 0x05, 0x00, 0x00, 0x29,
	0xC4, 0x80, 0xBC, 0x20, 0x00, 0x00, 0x00, 0x00, 0x80, 0x00, 0x00, 0x16, 0x20, 0x01, 0x00, 0x03,
	0x00, 0x05, 0x00, 0x10, 0x88, 0x00, 0x00, 0x26, 0x00, 0x00, 0x00, 0x01, 0x80, 0x00, 0x00, 0x3C,
	0x05, 0x00, 0x00, 0x29, 0xD8, 0x80, 0xBC, 0x20, 0x00, 0x00, 0x12, 0x7C, 0x80, 0x00, 0x00, 0x16,
	0x00, 0x00, 0x00, 0x00, 0x00, 0x05, 0x00, 0x00, 0x8A, 0x00, 0x00, 0x26, 0x00, 0x00, 0x80, 0x01,
	0x80, 0x00, 0x00, 0x14, 0x05, 0x00, 0x00, 0x29, 0xEC, 0x80, 0xBC, 0x20, 0x00, 0x00, 0x00, 0x14,
	0x80, 0x00, 0x00, 0x2E, 0x80, 0x57, 0x00, 0x00, 0x00, 0x78, 0x00, 0x01, 0x0C, 0x03, 0x00, 0x00,
	0x00, 0x00, 0x00, 0x00, 0x00, 0x00, 0x00, 0x00, 0x00, 0x00, 0x00, 0x00, 0x00, 0x14, 0x00, 0x00,
	0x00, 0x00, 0x00, 0x00, 0x00, 0x00, 0x00, 0x0E, 0x00, 0x58, 0x00, 0x00, 0x00, 0x78, 0x00, 0x01,
	0xB8, 0x01, 0x00, 0x3D, 0x7F, 0xC3, 0x03, 0x00, 0x00, 0x04, 0x00, 0x00, 0x00, 0x4A, 0x01, 0x0D,
	0x00, 0xB8, 0x00, 0x00, 0x00, 0x00, 0x00, 0x00, 0x00, 0x00, 0x01, 0x0E, 0x00, 0x58, 0x00, 0x00,
	0x00, 0x78, 0x00, 0x01, 0x50, 0x00, 0x00, 0x3D, 0x7F, 0xC3, 0x03, 0x00, 0x00, 0x04, 0x00, 0x00,
	0x00, 0x4A, 0x01, 0x55, 0x80, 0x45, 0x00, 0x00, 0x00, 0x80, 0x00, 0x00, 0x00, 0x0E, 0x01, 0x75,
	0x00, 0x45, 0x00, 0x01, 0x00, 0x86, 0x00, 0x00, 0x00, 0xC2, 0x01, 0x55, 0x80, 0x45, 0x00, 0x00,
	0x00, 0x80, 0x00, 0x00, 0x00, 0x0F, 0x01, 0x75, 0x80, 0x47, 0x00, 0x00, 0x00, 0x86, 0x00, 0x00,
	0x00, 0xC2, 0x01, 0x55, 0x80, 0x45, 0x00, 0x00, 0x00, 0x8A, 0x00, 0x00, 0x00, 0x0E, 0x01, 0x75,
	0x80, 0x47, 0x00, 0x01, 0x00, 0x86, 0x00, 0x00, 0x00, 0xC2, 0x01, 0x55, 0x80, 0x45, 0x00, 0x00,
	0x00, 0x8A, 0x00, 0x00, 0x00, 0x0F, 0x01, 0x75, 0x00, 0x46, 0x00, 0x00, 0x00, 0x86, 0x00, 0x00,
	0x00, 0xC4, 0x01, 0x55, 0x80, 0x45, 0x00, 0x00, 0x00, 0x84, 0x00, 0x00, 0x00, 0x4E, 0x01, 0x75,
	0x00, 0x46, 0x00, 0x01, 0x00, 0x86, 0x00, 0x00, 0x00, 0xC4, 0x01, 0x28, 0x00, 0x00, 0x00, 0x00,
	0x00, 0x00, 0x00, 0x00, 0x00, 0x00, 0x00, 0x38, 0x00, 0x00, 0x00, 0x00, 0x00, 0x00, 0x00, 0x00,
	0x00, 0x44, 0x2B, 0x16, 0x20, 0x01, 0x00, 0x00, 0x00, 0x05, 0x00, 0x10, 0x85, 0x00, 0x00, 0x26,
	0x00, 0x00, 0x80, 0x03, 0x80, 0x00, 0x00, 0x28, 0x04, 0x00, 0x00, 0x29, 0x9C, 0x80, 0xBC, 0x20,
	0x00, 0x00, 0x12, 0x68, 0x80, 0x00, 0x00, 0x16, 0x00, 0x00, 0x00, 0x01, 0x00, 0x05, 0x00, 0x00,
	0x86, 0x00, 0x00, 0x26, 0x00, 0x00, 0x00, 0x00, 0x80, 0x00, 0x00, 0x00, 0x05, 0x00, 0x00, 0x29,
	0xB0, 0x80, 0xBC, 0x20, 0x00, 0x00, 0x00, 0x00, 0x80, 0x00, 0x00, 0x16, 0x20, 0x01, 0x00, 0x02,
	0x00, 0x05, 0x00, 0x10, 0x87, 0x00, 0x00, 0x26, 0x00, 0x00, 0x80, 0x00, 0x80, 0x00, 0x00, 0x3C,
	0x05, 0x00, 0x00, 0x29, 0xC4, 0x80, 0xBC, 0x20, 0x00, 0x00, 0x12, 0x7C, 0x80, 0x00, 0x00, 0x16,
	0x00, 0x00, 0x00, 0x03, 0x00, 0x05, 0x00, 0x00, 0x88, 0x00, 0x00, 0x26, 0x00, 0x00, 0x00, 0x01,
	0x80, 0x00, 0x00, 0x14, 0x05, 0x00, 0x00, 0x29, 0xD8, 0x80, 0xBC, 0x20, 0x00, 0x00, 0x00, 0x14,
	0x80, 0x00, 0x00, 0x16, 0x20, 0x01, 0x00, 0x00, 0x00, 0x05, 0x00, 0x10, 0x8A, 0x00, 0x00, 0x26,
	0x00, 0x00, 0x80, 0x01, 0x80, 0x00, 0x00, 0x28, 0x05, 0x00, 0x00, 0x29, 0xEC, 0x80, 0xBC, 0x20,
	0x00, 0x00, 0x12, 0x68, 0x80, 0x00, 0x00, 0x2E, 0x80, 0x57, 0x00, 0x00, 0x00, 0x78, 0x00, 0x01,
	0x20, 0x03, 0x00, 0x00, 0x00, 0x00, 0x00, 0x00, 0x00, 0x00, 0x00, 0x00, 0x00, 0x00, 0x00, 0x00,
	0x00, 0x14, 0x00, 0x00, 0x00, 0x00, 0x00, 0x00, 0x00, 0x00, 0x00, 0x0E, 0x00, 0x58, 0x00, 0x00,
	0x00, 0x78, 0x00, 0x01, 0xCC, 0x01, 0x00, 0x3D, 0x7F, 0xC3, 0x03, 0x00, 0x00, 0x04, 0x00, 0x00,
	0x00, 0x4A, 0x01, 0x0D, 0x00, 0xB8, 0x00, 0x00, 0x00, 0x00, 0x00, 0x00, 0x00, 0x00, 0x01, 0x0E,
	0x00, 0x58, 0x00, 0x00, 0x00, 0x78, 0x00, 0x01, 0x64, 0x00, 0x00, 0x3D, 0x7F, 0xC3, 0x03, 0x00,
	0x00, 0x04, 0x00, 0x00, 0x00, 0x4A, 0x01, 0x55, 0x80, 0x45, 0x00, 0x00, 0x00, 0x80, 0x00, 0x00,
	0x00, 0x0E, 0x01, 0x75, 0x00, 0x45, 0x00, 0x01, 0x00, 0x86, 0x00, 0x00, 0x00, 0xC2, 0x01, 0x55,
	0x80, 0x45, 0x00, 0x00, 0x00, 0x80, 0x00, 0x00, 0x00, 0x0F, 0x01, 0x75, 0x80, 0x47, 0x00, 0x00,
	0x00, 0x86, 0x00, 0x00, 0x00, 0xC2, 0x01, 0x55, 0x80, 0x45, 0x00, 0x00, 0x00, 0x8A, 0x00, 0x00,
	0x00, 0x0E, 0x01, 0x75, 0x80, 0x47, 0x00, 0x01, 0x00, 0x86, 0x00, 0x00, 0x00, 0xC2, 0x01, 0x55,
	0x80, 0x45, 0x00, 0x00, 0x00, 0x8A, 0x00, 0x00, 0x00, 0x0F, 0x01, 0x75, 0x00, 0x46, 0x00, 0x00,
	0x00, 0x86, 0x00, 0x00, 0x00, 0xC4, 0x01, 0x55, 0x80, 0x45, 0x00, 0x00, 0x00, 0x84, 0x00, 0x00,
	0x00, 0x4E, 0x01, 0x75, 0x00, 0x46, 0x00, 0x01, 0x00, 0x86, 0x00, 0x00, 0x00, 0xC4, 0x01, 0x28,
	0x00, 0x00, 0x00, 0x00, 0x00, 0x00, 0x00, 0x00, 0x00, 0x00, 0x00, 0x38, 0x00, 0x00, 0x00, 0x00,
	0x00, 0x00, 0x00, 0x00, 0x00, 0x44, 0x2B, 0x16, 0x00, 0x00, 0x00, 0x00, 0x00, 0x05, 0x00, 0x00,
	0x85, 0x00, 0x00, 0x26, 0x00, 0x00, 0x80, 0x03, 0x80, 0x00, 0x00, 0x00, 0x04, 0x00, 0x00, 0x29,
	0x9C, 0x80, 0xBC, 0x20, 0x00, 0x00, 0x00, 0x00, 0x80, 0x00, 0x00, 0x16, 0x20, 0x01, 0x00, 0x01,
	0x00, 0x05, 0x00, 0x10, 0x86, 0x00, 0x00, 0x26, 0x00, 0x00, 0x00, 0x00, 0x80, 0x00, 0x00, 0x3C,
	0x05, 0x00, 0x00, 0x29, 0xB0, 0x80, 0xBC, 0x20, 0x00, 0x00, 0x12, 0x7C, 0x80, 0x00, 0x00, 0x16,
	0x00, 0x00, 0x00, 0x02, 0x00, 0x05, 0x00, 0x00, 0x87, 0x00, 0x00, 0x26, 0x00, 0x00, 0x80, 0x00,
	0x80, 0x00, 0x00, 0x14, 0x05, 0x00, 0x00, 0x29, 0xC4, 0x80, 0xBC, 0x20, 0x00, 0x00, 0x00, 0x14,
	0x80, 0x00, 0x00, 0x16, 0x20, 0x01, 0x00, 0x03, 0x00, 0x05, 0x00, 0x10, 0x88, 0x00, 0x00, 0x26,
	0x00, 0x00, 0x00, 0x01, 0x80, 0x00, 0x00, 0x28, 0x05, 0x00, 0x00, 0x29, 0xD8, 0x80, 0xBC, 0x20,
	0x00, 0x00, 0x12, 0x68, 0x80, 0x00, 0x00, 0x16, 0x00, 0x00, 0x00, 0x00, 0x00, 0x05, 0x00, 0x00,
	0x8A, 0x00, 0x00, 0x26, 0x00, 0x00, 0x80, 0x01, 0x80, 0x00, 0x00, 0x00, 0x05, 0x00, 0x00, 0x29,
	0xEC, 0x80, 0xBC, 0x20, 0x00, 0x00, 0x00, 0x00, 0x80, 0x00, 0x00, 0x2E, 0x80, 0x57, 0x00, 0x00,
	0x00, 0x78, 0x00, 0x01, 0x34, 0x03, 0x00, 0x00, 0x00, 0x00, 0x00, 0x00, 0x00, 0x00, 0x00, 0x00,
	0x00, 0x00, 0x00, 0x00, 0x00, 0x14, 0x00, 0x00, 0x00, 0x00, 0x00, 0x00, 0x00, 0x00, 0x00, 0x00,
	0x00, 0x00, 0x00, 0x00, 0x00, 0x00, 0x00, 0x00, 0x00, 0x00, 0x00, 0x00, 0x00, 0x14, 0x00, 0x00,
	0x00, 0x00, 0x00, 0x00, 0x00, 0x00, 0x00, 0x0E, 0x00, 0x54, 0x00, 0x00, 0x00, 0x78, 0x00, 0x00,
	0xD0, 0x02, 0x00, 0x28, 0x00, 0x00, 0x00, 0x00, 0x00, 0x00, 0x00, 0x00, 0x00, 0x00, 0x00, 0x38,
	0x00, 0x00, 0x00, 0x00, 0x00, 0x00, 0x00, 0x00, 0x00, 0x48, 0x33, 0x16, 0x20, 0x01, 0x00, 0x01,
	0x00, 0x2D, 0x00, 0x10, 0x8B, 0x00, 0x00, 0x26, 0x00, 0x00, 0x00, 0x02, 0x80, 0x00, 0x00, 0x3C,
	0x05, 0x00, 0x00, 0x29, 0xCE, 0xC0, 0xBC, 0x04, 0x00, 0x00, 0x12, 0x7C, 0x80, 0x00, 0x00, 0x16,
	0x00, 0x00, 0x00, 0x02, 0x00, 0x2D, 0x00, 0x00, 0x96, 0x00, 0x00, 0x26, 0x00, 0x00, 0x80, 0x02,
	0x80, 0x00, 0x00, 0x14, 0x05, 0x00, 0x00, 0x29, 0xD3, 0xC0, 0xBC, 0x04, 0x00, 0x00, 0x00, 0x14,
	0x80, 0x00, 0x00, 0x16, 0x20, 0x01, 0x00, 0x03, 0x00, 0x2D, 0x00, 0x10, 0xA1, 0x00, 0x00, 0x26,
	0x00, 0x00, 0x00, 0x03, 0x80, 0x00, 0x00, 0x28, 0x05, 0x00, 0x00, 0x29, 0xD8, 0xC0, 0xBC, 0x04,
	0x00, 0x00, 0x12, 0x68, 0x80, 0x00, 0x00, 0x16, 0x00, 0x00, 0x00, 0x00, 0x00, 0x2D, 0x00, 0x00,
	0xAD, 0x00, 0x00, 0x26, 0x00, 0x00, 0x80, 0x03, 0x80, 0x00, 0x00, 0x00, 0x05, 0x00, 0x00, 0x29,
	0xDD, 0xC0, 0xBC, 0x04, 0x00, 0x00, 0x00, 0x00, 0x80, 0x00, 0x00, 0x16, 0x20, 0x01, 0x00, 0x01,
	0x00, 0x2D, 0x00, 0x10, 0xB8, 0x00, 0x00, 0x26, 0x00, 0x00, 0x00, 0x00, 0x80, 0x00, 0x00, 0x3C,
	0x06, 0x00, 0x00, 0x29, 0xE2, 0xC0, 0xBC, 0x04, 0x00, 0x00, 0x12, 0x7C, 0x80, 0x00, 0x00, 0x16,
	0x00, 0x00, 0x00, 0x02, 0x00, 0x2D, 0x00, 0x00, 0xC3, 0x00, 0x00, 0x26, 0x00, 0x00, 0x80, 0x00,
	0x80, 0x00, 0x00, 0x14, 0x06, 0x00, 0x00, 0x29, 0xE7, 0xC0, 0xBC, 0x04, 0x00, 0x00, 0x00, 0x14,
	0x80, 0x00, 0x00, 0x16, 0x20, 0x01, 0x00, 0x03, 0x00, 0x2D, 0x00, 0x10, 0xCE, 0x00, 0x00, 0x26,
	0x00, 0x00, 0x00, 0x01, 0x80, 0x00, 0x00, 0x28, 0x06, 0x00, 0x00, 0x29, 0xEC, 0xC0, 0xBC, 0x04,
	0x00, 0x00, 0x12, 0x68, 0x80, 0x00, 0x00, 0x16, 0x00, 0x00, 0x00, 0x00, 0x00, 0x2D, 0x00, 0x00,
	0xDA, 0x00, 0x00, 0x26, 0x00, 0x00, 0x80, 0x01, 0x80, 0x00, 0x00, 0x00, 0x06, 0x00, 0x00, 0x29,
	0xF1, 0xC0, 0xBC, 0x04, 0x00, 0x00, 0x00, 0x00, 0x80, 0x00, 0x00, 0x16, 0x20, 0x01, 0x00, 0x01,
	0x00, 0x2D, 0x00, 0x10, 0xE5, 0x00, 0x00, 0x26, 0x00, 0x00, 0x00, 0x02, 0x80, 0x00, 0x00, 0x3C,
	0x06, 0x00, 0x00, 0x29, 0xF6, 0xC0, 0xBC, 0x04, 0x00, 0x00, 0x12, 0x7C, 0x80, 0x00, 0x00, 0x16,
	0x00, 0x00, 0x00, 0x02, 0x00, 0x2D, 0x00, 0x00, 0xF0, 0x00, 0x00, 0x26, 0x00, 0x00, 0x80, 0x02,
	0x80, 0x00, 0x00, 0x14, 0x06, 0x00, 0x00, 0x29, 0xFB, 0xC0, 0xBC, 0x04, 0x00, 0x00, 0x00, 0x14,
	0x80, 0x00, 0x00, 0x2E, 0xC0, 0x69, 0x00, 0x00, 0x00, 0x1E, 0x80, 0x01, 0x00, 0x00, 0x00, 0x00,
	0x00, 0x00, 0x00, 0x00, 0x00, 0x00, 0x00, 0x00, 0x00, 0x00, 0x00, 0x00, 0x00, 0x14, 0x00, 0x00,
	0x00, 0x00, 0x00, 0x00, 0x00, 0x00, 0x00, 0x0E, 0x00, 0x6C, 0x00, 0x02, 0x00, 0x78, 0x00, 0x00,
	0xE1, 0x02, 0x00, 0x28, 0x00, 0x00, 0x00, 0x00, 0x00, 0x00, 0x00, 0x00, 0x00, 0x00, 0x00, 0x38,
	0x00, 0x00, 0x00, 0x00, 0x00, 0x00, 0x00, 0x00, 0x00, 0x48, 0x33, 0x16, 0x20, 0x01, 0x00, 0x01,
	0x00, 0x2D, 0x00, 0x10, 0x8B, 0x00, 0x00, 0x26, 0x00, 0x00, 0x00, 0x02, 0x80, 0x00, 0x00, 0x28,
	0x05, 0x00, 0x00, 0x29, 0xCE, 0xC0, 0xC4, 0x10, 0x00, 0x00, 0x12, 0x68, 0x80, 0x00, 0x00, 0x16,
	0x00, 0x00, 0x00, 0x02, 0x00, 0x2D, 0x00, 0x00, 0x96, 0x00, 0x00, 0x26, 0x00, 0x00, 0x80, 0x02,
	0x80, 0x00, 0x00, 0x00, 0x05, 0x00, 0x00, 0x29, 0xD3, 0xC0, 0xC4, 0x10, 0x00, 0x00, 0x00, 0x00,
	0x80, 0x00, 0x00, 0x16, 0x20, 0x01, 0x00, 0x03, 0x00, 0x2D, 0x00, 0x10, 0xA1, 0x00, 0x00, 0x26,
	0x00, 0x00, 0x00, 0x03, 0x80, 0x00, 0x00, 0x3C, 0x05, 0x00, 0x00, 0x29, 0xD8, 0xC0, 0xC4, 0x10,
	0x00, 0x00, 0x12, 0x7C, 0x80, 0x00, 0x00, 0x16, 0x00, 0x00, 0x00, 0x00, 0x00, 0x2D, 0x00, 0x00,
	0xAD, 0x00, 0x00, 0x26, 0x00, 0x00, 0x80, 0x03, 0x80, 0x00, 0x00, 0x14, 0x05, 0x00, 0x00, 0x29,
	0xDD, 0xC0, 0xC4, 0x10, 0x00, 0x00, 0x00, 0x14, 0x80, 0x00, 0x00, 0x16, 0x20, 0x01, 0x00, 0x01,
	0x00, 0x2D, 0x00, 0x10, 0xB8, 0x00, 0x00, 0x26, 0x00, 0x00, 0x00, 0x00, 0x80, 0x00, 0x00, 0x28,
	0x06, 0x00, 0x00, 0x29, 0xE2, 0xC0, 0xC4, 0x10, 0x00, 0x00, 0x12, 0x68, 0x80, 0x00, 0x00, 0x16,
	0x00, 0x00, 0x00, 0x02, 0x00, 0x2D, 0x00, 0x00, 0xC3, 0x00, 0x00, 0x26, 0x00, 0x00, 0x80, 0x00,
	0x80, 0x00, 0x00, 0x00, 0x06, 0x00, 0x00, 0x29, 0xE7, 0xC0, 0xC4, 0x10, 0x00, 0x00, 0x00, 0x00,
	0x80, 0x00, 0x00, 0x16, 0x20, 0x01, 0x00, 0x03, 0x00, 0x2D, 0x00, 0x10, 0xCE, 0x00, 0x00, 0x26,
	0x00, 0x00, 0x00, 0x01, 0x80, 0x00, 0x00, 0x3C, 0x06, 0x00, 0x00, 0x29, 0xEC, 0xC0, 0xC4, 0x10,
	0x00, 0x00, 0x12, 0x7C, 0x80, 0x00, 0x00, 0x16, 0x00, 0x00, 0x00, 0x00, 0x00, 0x2D, 0x00, 0x00,
	0xDA, 0x00, 0x00, 0x26, 0x00, 0x00, 0x80, 0x01, 0x80, 0x00, 0x00, 0x14, 0x06, 0x00, 0x00, 0x29,
	0xF1, 0xC0, 0xC4, 0x10, 0x00, 0x00, 0x00, 0x14, 0x80, 0x00, 0x00, 0x16, 0x20, 0x01, 0x00, 0x01,
	0x00, 0x2D, 0x00, 0x10, 0xE5, 0x00, 0x00, 0x26, 0x00, 0x00, 0x00, 0x02, 0x80, 0x00, 0x00, 0x28,
	0x06, 0x00, 0x00, 0x29, 0xF6, 0xC0, 0xC4, 0x10, 0x00, 0x00, 0x12, 0x68, 0x80, 0x00, 0x00, 0x16,
	0x00, 0x00, 0x00, 0x02, 0x00, 0x2D, 0x00, 0x00, 0xF0, 0x00, 0x00, 0x26, 0x00, 0x00, 0x80, 0x02,
	0x80, 0x00, 0x00, 0x00, 0x06, 0x00, 0x00, 0x29, 0xFB, 0xC0, 0xC4, 0x10, 0x00, 0x00, 0x00, 0x00,
	0x80, 0x00, 0x00, 0x2E, 0xC0, 0x69, 0x00, 0x00, 0x00, 0x1E, 0x80, 0x01, 0x05, 0x00, 0x00, 0x00,
	0x00, 0x00, 0x00, 0x00, 0x00, 0x00, 0x00, 0x00, 0x00, 0x00, 0x00, 0x00, 0x00, 0x14, 0x00, 0x00,
	0x00, 0x00, 0x00, 0x00, 0x00, 0x00, 0x00, 0x0E, 0x00, 0x6C, 0x00, 0x02, 0x00, 0x78, 0x00, 0x00,
	0xF5, 0x02, 0x00, 0x28, 0x00, 0x00, 0x00, 0x00, 0x00, 0x00, 0x00, 0x00, 0x00, 0x00, 0x00, 0x38,
	0x00, 0x00, 0x00, 0x00, 0x00, 0x00, 0x00, 0x00, 0x00, 0x48, 0x33, 0x16, 0x20, 0x01, 0x00, 0x01,
	0x00, 0x2D, 0x00, 0x10, 0x8B, 0x00, 0x00, 0x26, 0x00, 0x00, 0x00, 0x02, 0x80, 0x00, 0x00, 0x3C,
	0x05, 0x00, 0x00, 0x29, 0xCE, 0xC0, 0xC4, 0x10, 0x00, 0x00, 0x12, 0x7C, 0x80, 0x00, 0x00, 0x16,
	0x00, 0x00, 0x00, 0x02, 0x00, 0x2D, 0x00, 0x00, 0x96, 0x00, 0x00, 0x26, 0x00, 0x00, 0x80, 0x02,
	0x80, 0x00, 0x00, 0x14, 0x05, 0x00, 0x00, 0x29, 0xD3, 0xC0, 0xC4, 0x10, 0x00, 0x00, 0x00, 0x14,
	0x80, 0x00, 0x00, 0x16, 0x20, 0x01, 0x00, 0x03, 0x00, 0x2D, 0x00, 0x10, 0xA1, 0x00, 0x00, 0x26,
	0x00, 0x00, 0x00, 0x03, 0x80, 0x00, 0x00, 0x28, 0x05, 0x00, 0x00, 0x29, 0xD8, 0xC0, 0xC4, 0x10,
	0x00, 0x00, 0x12, 0x68, 0x80, 0x00, 0x00, 0x16, 0x00, 0x00, 0x00, 0x00, 0x00, 0x2D, 0x00, 0x00,
	0xAD, 0x00, 0x00, 0x26, 0x00, 0x00, 0x80, 0x03, 0x80, 0x00, 0x00, 0x00, 0x05, 0x00, 0x00, 0x29,
	0xDD, 0xC0, 0xC4, 0x10, 0x00, 0x00, 0x00, 0x00, 0x80, 0x00, 0x00, 0x16, 0x20, 0x01, 0x00, 0x01,
	0x00, 0x2D, 0x00, 0x10, 0xB8, 0x00, 0x00, 0x26, 0x00, 0x00, 0x00, 0x00, 0x80, 0x00, 0x00, 0x3C,
	0x06, 0x00, 0x00, 0x29, 0xE2, 0xC0, 0xC4, 0x10, 0x00, 0x00, 0x12, 0x7C, 0x80, 0x00, 0x00, 0x16,
	0x00, 0x00, 0x00, 0x02, 0x00, 0x2D, 0x00, 0x00, 0xC3, 0x00, 0x00, 0x26, 0x00, 0x00, 0x80, 0x00,
	0x80, 0x00, 0x00, 0x14, 0x06, 0x00, 0x00, 0x29, 0xE7, 0xC0, 0xC4, 0x10, 0x00, 0x00, 0x00, 0x14,
	0x80, 0x00, 0x00, 0x16, 0x20, 0x01, 0x00, 0x03, 0x00, 0x2D, 0x00, 0x10, 0xCE, 0x00, 0x00, 0x26,
	0x00, 0x00, 0x00, 0x01, 0x80, 0x00, 0x00, 0x28, 0x06, 0x00, 0x00, 0x29, 0xEC, 0xC0, 0xC4, 0x10,
	0x00, 0x00, 0x12, 0x68, 0x80, 0x00, 0x00, 0x16, 0x00, 0x00, 0x00, 0x00, 0x00, 0x2D, 0x00, 0x00,
	0xDA, 0x00, 0x00, 0x26, 0x00, 0x00, 0x80, 0x01, 0x80, 0x00, 0x00, 0x00, 0x06, 0x00, 0x00, 0x29,
	0xF1, 0xC0, 0xC4, 0x10, 0x00, 0x00, 0x00, 0x00, 0x80, 0x00, 0x00, 0x16, 0x20, 0x01, 0x00, 0x01,
	0x00, 0x2D, 0x00, 0x10, 0xE5, 0x00, 0x00, 0x26, 0x00, 0x00, 0x00, 0x02, 0x80, 0x00, 0x00, 0x3C,
	0x06, 0x00, 0x00, 0x29, 0xF6, 0xC0, 0xC4, 0x10, 0x00, 0x00, 0x12, 0x7C, 0x80, 0x00, 0x00, 0x16,
	0x00, 0x00, 0x00, 0x02, 0x00, 0x2D, 0x00, 0x00, 0xF0, 0x00, 0x00, 0x26, 0x00, 0x00, 0x80, 0x02,
	0x80, 0x00, 0x00, 0x14, 0x06, 0x00, 0x00, 0x29, 0xFB, 0xC0, 0xC4, 0x10, 0x00, 0x00, 0x00, 0x14,
	0x80, 0x00, 0x00, 0x2E, 0xC0, 0x69, 0x00, 0x00, 0x00, 0x1E, 0x80, 0x01, 0x0A, 0x00, 0x00, 0x00,
	0x00, 0x00, 0x00, 0x00, 0x00, 0x00, 0x00, 0x00, 0x00, 0x00, 0x00, 0x00, 0x00, 0x14, 0x00, 0x00,
	0x00, 0x00, 0x00, 0x00, 0x00, 0x00, 0x00, 0x0E, 0x00, 0x6C, 0x00, 0x02, 0x00, 0x78, 0x00, 0x00,
	0x09, 0x03, 0x00, 0x28, 0x00, 0x00, 0x00, 0x00, 0x00, 0x00, 0x00, 0x00, 0x00, 0x00, 0x00, 0x38,
	0x00, 0x00, 0x00, 0x00, 0x00, 0x00, 0x00, 0x00, 0x00, 0x48, 0x33, 0x16, 0x20, 0x01, 0x00, 0x01,
	0x00, 0x2D, 0x00, 0x10, 0x8B, 0x00, 0x00, 0x26, 0x00, 0x00, 0x00, 0x02, 0x80, 0x00, 0x00, 0x28,
	0x05, 0x00, 0x00, 0x29, 0xCE, 0xC0, 0xC4, 0x10, 0x00, 0x00, 0x12, 0x68, 0x80, 0x00, 0x00, 0x16,
	0x00, 0x00, 0x00, 0x02, 0x00, 0x2D, 0x00, 0x00, 0x96, 0x00, 0x00, 0x26, 0x00, 0x00, 0x80, 0x02,
	0x80, 0x00, 0x00, 0x00, 0x05, 0x00, 0x00, 0x29, 0xD3, 0xC0, 0xC4, 0x10, 0x00, 0x00, 0x00, 0x00,
	0x80, 0x00, 0x00, 0x16, 0x20, 0x01, 0x00, 0x03, 0x00, 0x2D, 0x00, 0x10, 0xA1, 0x00, 0x00, 0x26,
	0x00, 0x00, 0x00, 0x03, 0x80, 0x00, 0x00, 0x3C, 0x05, 0x00, 0x00, 0x29, 0xD8, 0xC0, 0xC4, 0x10,
	0x00, 0x00, 0x12, 0x7C, 0x80, 0x00, 0x00, 0x16, 0x00, 0x00, 0x00, 0x00, 0x00, 0x2D, 0x00, 0x00,
	0xAD, 0x00, 0x00, 0x26, 0x00, 0x00, 0x80, 0x03, 0x80, 0x00, 0x00, 0x14, 0x05, 0x00, 0x00, 0x29,
	0xDD, 0xC0, 0xC4, 0x10, 0x00, 0x00, 0x00, 0x14, 0x80, 0x00, 0x00, 0x16, 0x20, 0x01, 0x00, 0x01,
	0x00, 0x2D, 0x00, 0x10, 0xB8, 0x00, 0x00, 0x26, 0x00, 0x00, 0x00, 0x00, 0x80, 0x00, 0x00, 0x28,
	0x06, 0x00, 0x00, 0x29, 0xE2, 0xC0, 0xC4, 0x10, 0x00, 0x00, 0x12, 0x68, 0x80, 0x00, 0x00, 0x16,
	0x00, 0x00, 0x00, 0x02, 0x00, 0x2D, 0x00, 0x00, 0xC3, 0x00, 0x00, 0x26, 0x00, 0x00, 0x80, 0x00,
	0x80, 0x00, 0x00, 0x00, 0x06, 0x00, 0x00, 0x29, 0xE7, 0xC0, 0xC4, 0x10, 0x00, 0x00, 0x00, 0x00,
	0x80, 0x00, 0x00, 0x16, 0x20, 0x01, 0x00, 0x03, 0x00, 0x2D, 0x00, 0x10, 0xCE, 0x00, 0x00, 0x26,
	0x00, 0x00, 0x00, 0x01, 0x80, 0x00, 0x00, 0x3C, 0x06, 0x00, 0x00, 0x29, 0xEC, 0xC0, 0xC4, 0x10,
	0x00, 0x00, 0x12, 0x7C, 0x80, 0x00, 0x00, 0x16, 0x00, 0x00, 0x00, 0x00, 0x00, 0x2D, 0x00, 0x00,
	0xDA, 0x00, 0x00, 0x26, 0x00, 0x00, 0x80, 0x01, 0x80, 0x00, 0x00, 0x14, 0x06, 0x00, 0x00, 0x29,
	0xF1, 0xC0, 0xC4, 0x10, 0x00, 0x00, 0x00, 0x14, 0x80, 0x00, 0x00, 0x16, 0x20, 0x01, 0x00, 0x01,
	0x00, 0x2D, 0x00, 0x10, 0xE5, 0x00, 0x00, 0x26, 0x00, 0x00, 0x00, 0x02, 0x80, 0x00, 0x00, 0x28,
	0x06, 0x00, 0x00, 0x29, 0xF6, 0xC0, 0xC4, 0x10, 0x00, 0x00, 0x12, 0x68, 0x80, 0x00, 0x00, 0x16,
	0x00, 0x00, 0x00, 0x02, 0x00, 0x2D, 0x00, 0x00, 0xF0, 0x00, 0x00, 0x26, 0x00, 0x00, 0x80, 0x02,
	0x80, 0x00, 0x00, 0x00, 0x06, 0x00, 0x00, 0x29, 0xFB, 0xC0, 0xC4, 0x10, 0x00, 0x00, 0x00, 0x00,
	0x80, 0x00, 0x00, 0x2E, 0xC0, 0x69, 0x00, 0x00, 0x00, 0x1E, 0x80, 0x01, 0x0F, 0x00, 0x00, 0x00,
	0x00, 0x00, 0x00, 0x00, 0x00, 0x00, 0x00, 0x00, 0x00, 0x00, 0x00, 0x00, 0x00, 0x14, 0x00, 0x00,
	0x00, 0x00, 0x00, 0x00, 0x00, 0x00, 0x00, 0x0E, 0x00, 0x6C, 0x00, 0x02, 0x00, 0x78, 0x00, 0x00,
	0x1D, 0x03, 0x00, 0x28, 0x00, 0x00, 0x00, 0x00, 0x00, 0x00, 0x00, 0x00, 0x00, 0x00, 0x00, 0x38,
	0x00, 0x00, 0x00, 0x00, 0x00, 0x00, 0x00, 0x00, 0x00, 0x48, 0x33, 0x16, 0x20, 0x01, 0x00, 0x01,
	0x00, 0x2D, 0x00, 0x10, 0x8B, 0x00, 0x00, 0x26, 0x00, 0x00, 0x00, 0x02, 0x80, 0x00, 0x00, 0x3C,
	0x05, 0x00, 0x00, 0x29, 0xCE, 0xC0, 0xC4, 0x10, 0x00, 0x00, 0x12, 0x7C, 0x80, 0x00, 0x00, 0x16,
	0x00, 0x00, 0x00, 0x02, 0x00, 0x2D, 0x00, 0x00, 0x96, 0x00, 0x00, 0x26, 0x00, 0x00, 0x80, 0x02,
	0x80, 0x00, 0x00, 0x14, 0x05, 0x00, 0x00, 0x29, 0xD3, 0xC0, 0xC4, 0x10, 0x00, 0x00, 0x00, 0x14,
	0x80, 0x00, 0x00, 0x16, 0x20, 0x01, 0x00, 0x03, 0x00, 0x2D, 0x00, 0x10, 0xA1, 0x00, 0x00, 0x26,
	0x00, 0x00, 0x00, 0x03, 0x80, 0x00, 0x00, 0x28, 0x05, 0x00, 0x00, 0x29, 0xD8, 0xC0, 0xC4, 0x10,
	0x00, 0x00, 0x12, 0x68, 0x80, 0x00, 0x00, 0x16, 0x00, 0x00, 0x00, 0x00, 0x00, 0x2D, 0x00, 0x00,
	0xAD, 0x00, 0x00, 0x26, 0x00, 0x00, 0x80, 0x03, 0x80, 0x00, 0x00, 0x00, 0x05, 0x00, 0x00, 0x29,
	0xDD, 0xC0, 0xC4, 0x10, 0x00, 0x00, 0x00, 0x00, 0x80, 0x00, 0x00, 0x16, 0x20, 0x01, 0x00, 0x01,
	0x00, 0x2D, 0x00, 0x10, 0xB8, 0x00, 0x00, 0x26, 0x00, 0x00, 0x00, 0x00, 0x80, 0x00, 0x00, 0x3C,
	0x06, 0x00, 0x00, 0x29, 0xE2, 0xC0, 0xC4, 0x10, 0x00, 0x00, 0x12, 0x7C, 0x80, 0x00, 0x00, 0x16,
	0x00, 0x00, 0x00, 0x02, 0x00, 0x2D, 0x00, 0x00, 0xC3, 0x00, 0x00, 0x26, 0x00, 0x00, 0x80, 0x00,
	0x80, 0x00, 0x00, 0x14, 0x06, 0x00, 0x00, 0x29, 0xE7, 0xC0, 0xC4, 0x10, 0x00, 0x00, 0x00, 0x14,
	0x80, 0x00, 0x00, 0x16, 0x20, 0x01, 0x00, 0x03, 0x00, 0x2D, 0x00, 0x10, 0xCE, 0x00, 0x00, 0x26,
	0x00, 0x00, 0x00, 0x01, 0x80, 0x00, 0x00, 0x28, 0x06, 0x00, 0x00, 0x29, 0xEC, 0xC0, 0xC4, 0x10,
	0x00, 0x00, 0x12, 0x68, 0x80, 0x00, 0x00, 0x16, 0x00, 0x00, 0x00, 0x00, 0x00, 0x2D, 0x00, 0x00,
	0xDA, 0x00, 0x00, 0x26, 0x00, 0x00, 0x80, 0x01, 0x80, 0x00, 0x00, 0x00, 0x06, 0x00, 0x00, 0x29,
	0xF1, 0xC0, 0xC4, 0x10, 0x00, 0x00, 0x00, 0x00, 0x80, 0x00, 0x00, 0x16, 0x20, 0x01, 0x00, 0x01,
	0x00, 0x2D, 0x00, 0x10, 0xE5, 0x00, 0x00, 0x26, 0x00, 0x00, 0x00, 0x02, 0x80, 0x00, 0x00, 0x3C,
	0x06, 0x00, 0x00, 0x29, 0xF6, 0xC0, 0xC4, 0x10, 0x00, 0x00, 0x12, 0x7C, 0x80, 0x00, 0x00, 0x16,
	0x00, 0x00, 0x00, 0x02, 0x00, 0x2D, 0x00, 0x00, 0xF0, 0x00, 0x00, 0x26, 0x00, 0x00, 0x80, 0x02,
	0x80, 0x00, 0x00, 0x14, 0x06, 0x00, 0x00, 0x29, 0xFB, 0xC0, 0xC4, 0x10, 0x00, 0x00, 0x00, 0x14,
	0x80, 0x00, 0x00, 0x2E, 0xC0, 0x69, 0x00, 0x00, 0x00, 0x1E, 0x80, 0x01, 0x14, 0x00, 0x00, 0x00,
	0x00, 0x00, 0x00, 0x00, 0x00, 0x00, 0x00, 0x00, 0x00, 0x00, 0x00, 0x00, 0x00, 0x14, 0x00, 0x00,
	0x00, 0x00, 0x00, 0x00, 0x00, 0x00, 0x00, 0x0E, 0x00, 0x6C, 0x00, 0x02, 0x00, 0x78, 0x00, 0x00,
	0x31, 0x03, 0x00, 0x28, 0x00, 0x00, 0x00, 0x00, 0x00, 0x00, 0x00, 0x00, 0x00, 0x00, 0x00, 0x38,
	0x00, 0x00, 0x00, 0x00, 0x00, 0x00, 0x00, 0x00, 0x00, 0x48, 0x33, 0x16, 0x20, 0x01, 0x00, 0x01,
	0x00, 0x2D, 0x00, 0x10, 0x8B, 0x00, 0x00, 0x26, 0x00, 0x00, 0x00, 0x02, 0x80, 0x00, 0x00, 0x28,
	0x05, 0x00, 0x00, 0x29, 0xCE, 0xC0, 0xC4, 0x10, 0x00, 0x00, 0x12, 0x68, 0x80, 0x00, 0x00, 0x16,
	0x00, 0x00, 0x00, 0x02, 0x00, 0x2D, 0x00, 0x00, 0x96, 0x00, 0x00, 0x26, 0x00, 0x00, 0x80, 0x02,
	0x80, 0x00, 0x00, 0x00, 0x05, 0x00, 0x00, 0x29, 0xD3, 0xC0, 0xC4, 0x10, 0x00, 0x00, 0x00, 0x00,
	0x80, 0x00, 0x00, 0x16, 0x20, 0x01, 0x00, 0x03, 0x00, 0x2D, 0x00, 0x10, 0xA1, 0x00, 0x00, 0x26,
	0x00, 0x00, 0x00, 0x03, 0x80, 0x00, 0x00, 0x3C, 0x05, 0x00, 0x00, 0x29, 0xD8, 0xC0, 0xC4, 0x10,
	0x00, 0x00, 0x12, 0x7C, 0x80, 0x00, 0x00, 0x16, 0x00, 0x00, 0x00, 0x00, 0x00, 0x2D, 0x00, 0x00,
	0xAD, 0x00, 0x00, 0x26, 0x00, 0x00, 0x80, 0x03, 0x80, 0x00, 0x00, 0x14, 0x05, 0x00, 0x00, 0x29,
	0xDD, 0xC0, 0xC4, 0x10, 0x00, 0x00, 0x00, 0x14, 0x80, 0x00, 0x00, 0x16, 0x20, 0x01, 0x00, 0x01,
	0x00, 0x2D, 0x00, 0x10, 0xB8, 0x00, 0x00, 0x26, 0x00, 0x00, 0x00, 0x00, 0x80, 0x00, 0x00, 0x28,
	0x06, 0x00, 0x00, 0x29, 0xE2, 0xC0, 0xC4, 0x10, 0x00, 0x00, 0x12, 0x68, 0x80, 0x00, 0x00, 0x16,
	0x00, 0x00, 0x00, 0x02, 0x00, 0x2D, 0x00, 0x00, 0xC3, 0x00, 0x00, 0x26, 0x00, 0x00, 0x80, 0x00,
	0x80, 0x00, 0x00, 0x00, 0x06, 0x00, 0x00, 0x29, 0xE7, 0xC0, 0xC4, 0x10, 0x00, 0x00, 0x00, 0x00,
	0x80, 0x00, 0x00, 0x16, 0x20, 0x01, 0x00, 0x03, 0x00, 0x2D, 0x00, 0x10, 0xCE, 0x00, 0x00, 0x26,
	0x00, 0x00, 0x00, 0x01, 0x80, 0x00, 0x00, 0x3C, 0x06, 0x00, 0x00, 0x29, 0xEC, 0xC0, 0xC4, 0x10,
	0x00, 0x00, 0x12, 0x7C, 0x80, 0x00, 0x00, 0x16, 0x00, 0x00, 0x00, 0x00, 0x00, 0x2D, 0x00, 0x00,
	0xDA, 0x00, 0x00, 0x26, 0x00, 0x00, 0x80, 0x01, 0x80, 0x00, 0x00, 0x14, 0x06, 0x00, 0x00, 0x29,
	0xF1, 0xC0, 0xC4, 0x10, 0x00, 0x00, 0x00, 0x14, 0x80, 0x00, 0x00, 0x16, 0x20, 0x01, 0x00, 0x01,
	0x00, 0x2D, 0x00, 0x10, 0xE5, 0x00, 0x00, 0x26, 0x00, 0x00, 0x00, 0x02, 0x80, 0x00, 0x00, 0x28,
	0x06, 0x00, 0x00, 0x29, 0xF6, 0xC0, 0xC4, 0x10, 0x00, 0x00, 0x12, 0x68, 0x80, 0x00, 0x00, 0x16,
	0x00, 0x00, 0x00, 0x02, 0x00, 0x2D, 0x00, 0x00, 0xF0, 0x00, 0x00, 0x26, 0x00, 0x00, 0x80, 0x02,
	0x80, 0x00, 0x00, 0x00, 0x06, 0x00, 0x00, 0x29, 0xFB, 0xC0, 0xC4, 0x10, 0x00, 0x00, 0x00, 0x00,
	0x80, 0x00, 0x00, 0x2E, 0xC0, 0x69, 0x00, 0x00, 0x00, 0x1E, 0x80, 0x01, 0x19, 0x00, 0x00, 0x00,
	0x00, 0x00, 0x00, 0x00, 0x00, 0x00, 0x00, 0x00, 0x00, 0x00, 0x00, 0x00, 0x00, 0x14, 0x00, 0x00,
	0x00, 0x00, 0x00, 0x00, 0x00, 0x00, 0x00, 0x00, 0x00, 0x00, 0x00, 0x00, 0x00, 0x00, 0x00, 0x00,
	0x00, 0x00, 0x00, 0x00, 0x00, 0x14, 0x00, 0x00, 0x00, 0x00, 0x00, 0x00, 0x00, 0x00, 0x00, 0x0E,
	0x00, 0x70, 0x00, 0x00, 0x00, 0x1E, 0x00, 0x00, 0x00, 0x00, 0x00, 0x28, 0x00, 0x00, 0x00, 0x00,
	0x00, 0x00, 0x00, 0x00, 0x00, 0x00, 0x00, 0x38, 0x00, 0x00, 0x00, 0x00, 0x00, 0x00, 0x00, 0x00,
	0x00, 0x46, 0x2B, 0x16, 0x20, 0x01, 0x00, 0x03, 0x00, 0x0A, 0x00, 0x10, 0xFB, 0x00, 0x00, 0x26,
	0x00, 0x00, 0x00, 0x03, 0x80, 0x00, 0x00, 0x3C, 0x06, 0x00, 0x00, 0x29, 0xCE, 0xC8, 0xCC, 0x20,
	0x00, 0x00, 0x12, 0x7C, 0x80, 0x00, 0x00, 0x16, 0x00, 0x00, 0x00, 0x01, 0x00, 0x0A, 0x00, 0x00,
	0xFE, 0x00, 0x00, 0x26, 0x00, 0x00, 0x80, 0x03, 0x80, 0x00, 0x00, 0x14, 0x06, 0x00, 0x00, 0x29,
	0xD8, 0xC8, 0xCC, 0x20, 0x00, 0x00, 0x00, 0x14, 0x80, 0x00, 0x00, 0x16, 0x20, 0x01, 0x00, 0x03,
	0x00, 0x0A, 0x00, 0x10, 0x00, 0x01, 0x00, 0x26, 0x00, 0x00, 0x00, 0x00, 0x80, 0x00, 0x00, 0x28,
	0x07, 0x00, 0x00, 0x29, 0xE2, 0xC8, 0xCC, 0x20, 0x00, 0x00, 0x12, 0x68, 0x80, 0x00, 0x00, 0x16,
	0x00, 0x00, 0x00, 0x01, 0x00, 0x0A, 0x00, 0x00, 0x03, 0x01, 0x00, 0x26, 0x00, 0x00, 0x80, 0x00,
	0x80, 0x00, 0x00, 0x00, 0x07, 0x00, 0x00, 0x29, 0xEC, 0xC8, 0xCC, 0x20, 0x00, 0x00, 0x00, 0x00,
	0x80, 0x00, 0x00, 0x16, 0x20, 0x01, 0x00, 0x03, 0x00, 0x0A, 0x00, 0x10, 0x05, 0x01, 0x00, 0x26,
	0x00, 0x00, 0x00, 0x01, 0x80, 0x00, 0x00, 0x3C, 0x07, 0x00, 0x00, 0x29, 0xF6, 0xC8, 0xCC, 0x20,
	0x00, 0x00, 0x12, 0x7C, 0x80, 0x00, 0x00, 0x2E, 0xC0, 0x75, 0x00, 0x00, 0x00, 0x1E, 0x80, 0x01,
	0x2C, 0x01, 0x00, 0x00, 0x00, 0x00, 0x00, 0x00, 0x00, 0x00, 0x00, 0x00, 0x00, 0x00, 0x00, 0x00,
	0x00, 0x14, 0x00, 0x00, 0x00, 0x00, 0x00, 0x00, 0x00, 0x00, 0x00, 0x0E, 0x00, 0x70, 0x00, 0x00,
	0x00, 0x1E, 0x00, 0x00, 0x0A, 0x00, 0x00, 0x28, 0x00, 0x00, 0x00, 0x00, 0x00, 0x00, 0x00, 0x00,
	0x00, 0x00, 0x00, 0x38, 0x00, 0x00, 0x00, 0x00, 0x00, 0x00, 0x00, 0x00, 0x00, 0x46, 0x2B, 0x16,
	0x00, 0x00, 0x00, 0x03, 0x00, 0x0A, 0x00, 0x00, 0xFB, 0x00, 0x00, 0x26, 0x00, 0x00, 0x00, 0x03,
	0x80, 0x00, 0x00, 0x14, 0x06, 0x00, 0x00, 0x29, 0xCE, 0xC8, 0xCC, 0x20, 0x00, 0x00, 0x00, 0x14,
	0x80, 0x00, 0x00, 0x16, 0x20, 0x01, 0x00, 0x01, 0x00, 0x0A, 0x00, 0x10, 0xFE, 0x00, 0x00, 0x26,
	0x00, 0x00, 0x80, 0x03, 0x80, 0x00, 0x00, 0x28, 0x06, 0x00, 0x00, 0x29, 0xD8, 0xC8, 0xCC, 0x20,
	0x00, 0x00, 0x12, 0x68, 0x80, 0x00, 0x00, 0x16, 0x00, 0x00, 0x00, 0x03, 0x00, 0x0A, 0x00, 0x00,
	0x00, 0x01, 0x00, 0x26, 0x00, 0x00, 0x00, 0x00, 0x80, 0x00, 0x00, 0x00, 0x07, 0x00, 0x00, 0x29,
	0xE2, 0xC8, 0xCC, 0x20, 0x00, 0x00, 0x00, 0x00, 0x80, 0x00, 0x00, 0x16, 0x20, 0x01, 0x00, 0x01,
	0x00, 0x0A, 0x00, 0x10, 0x03, 0x01, 0x00, 0x26, 0x00, 0x00, 0x80, 0x00, 0x80, 0x00, 0x00, 0x3C,
	0x07, 0x00, 0x00, 0x29, 0xEC, 0xC8, 0xCC, 0x20, 0x00, 0x00, 0x12, 0x7C, 0x80, 0x00, 0x00, 0x16,
	0x00, 0x00, 0x00, 0x03, 0x00, 0x0A, 0x00, 0x00, 0x05, 0x01, 0x00, 0x26, 0x00, 0x00, 0x00, 0x01,
	0x80, 0x00, 0x00, 0x14, 0x07, 0x00, 0x00, 0x29, 0xF6, 0xC8, 0xCC, 0x20, 0x00, 0x00, 0x00, 0x14,
	0x80, 0x00, 0x00, 0x2E, 0xC0, 0x75, 0x00, 0x00, 0x00, 0x1E, 0x80, 0x01, 0x36, 0x01, 0x00, 0x00,
	0x00, 0x00, 0x00, 0x00, 0x00, 0x00, 0x00, 0x00, 0x00, 0x00, 0x00, 0x00, 0x00, 0x14, 0x00, 0x00,
	0x00, 0x00, 0x00, 0x00, 0x00, 0x00, 0x00, 0x0E, 0x00, 0x70, 0x00, 0x00, 0x00, 0x1E, 0x00, 0x00,
	0x14, 0x00, 0x00, 0x28, 0x00, 0x00, 0x00, 0x00, 0x00, 0x00, 0x00, 0x00, 0x00, 0x00, 0x00, 0x38,
	0x00, 0x00, 0x00, 0x00, 0x00, 0x00, 0x00, 0x00, 0x00, 0x46, 0x2B, 0x16, 0x20, 0x01, 0x00, 0x03,
	0x00, 0x0A, 0x00, 0x10, 0xFB, 0x00, 0x00, 0x26, 0x00, 0x00, 0x00, 0x03, 0x80, 0x00, 0x00, 0x28,
	0x06, 0x00, 0x00, 0x29, 0xCE, 0xC8, 0xCC, 0x20, 0x00, 0x00, 0x12, 0x68, 0x80, 0x00, 0x00, 0x16,
	0x00, 0x00, 0x00, 0x01, 0x00, 0x0A, 0x00, 0x00, 0xFE, 0x00, 0x00, 0x26, 0x00, 0x00, 0x80, 0x03,
	0x80, 0x00, 0x00, 0x00, 0x06, 0x00, 0x00, 0x29, 0xD8, 0xC8, 0xCC, 0x20, 0x00, 0x00, 0x00, 0x00,
	0x80, 0x00, 0x00, 0x16, 0x20, 0x01, 0x00, 0x03, 0x00, 0x0A, 0x00, 0x10, 0x00, 0x01, 0x00, 0x26,
	0x00, 0x00, 0x00, 0x00, 0x80, 0x00, 0x00, 0x3C, 0x07, 0x00, 0x00, 0x29, 0xE2, 0xC8, 0xCC, 0x20,
	0x00, 0x00, 0x12, 0x7C, 0x80, 0x00, 0x00, 0x16, 0x00, 0x00, 0x00, 0x01, 0x00, 0x0A, 0x00, 0x00,
	0x03, 0x01, 0x00, 0x26, 0x00, 0x00, 0x80, 0x00, 0x80, 0x00, 0x00, 0x14, 0x07, 0x00, 0x00, 0x29,
	0xEC, 0xC8, 0xCC, 0x20, 0x00, 0x00, 0x00, 0x14, 0x80, 0x00, 0x00, 0x16, 0x20, 0x01, 0x00, 0x03,
	0x00, 0x0A, 0x00, 0x10, 0x05, 0x01, 0x00, 0x26, 0x00, 0x00, 0x00, 0x01, 0x80, 0x00, 0x00, 0x28,
	0x07, 0x00, 0x00, 0x29, 0xF6, 0xC8, 0xCC, 0x20, 0x00, 0x00, 0x12, 0x68, 0x80, 0x00, 0x00, 0x2E,
	0xC0, 0x75, 0x00, 0x00, 0x00, 0x1E, 0x80, 0x01, 0x40, 0x01, 0x00, 0x00, 0x00, 0x00, 0x00, 0x00,
	0x00, 0x00, 0x00, 0x00, 0x00, 0x00, 0x00, 0x00, 0x00, 0x14, 0x00, 0x00, 0x00, 0x00, 0x00, 0x00,
	0x00, 0x00, 0x00, 0x00, 0x00, 0x00, 0x00, 0x00, 0x00, 0x00, 0x00, 0x00, 0x00, 0x00, 0x00, 0x00,
	0x00, 0x14, 0x00, 0x00, 0x00, 0x00, 0x00, 0x00, 0x00, 0x00, 0x00, 0x0E, 0xD8, 0x79, 0x00, 0x00,
	0x00, 0x1E, 0x40, 0x01, 0x2C, 0x01, 0x00, 0x28, 0x00, 0x00, 0x00, 0x00, 0x00, 0x00, 0x00, 0x00,
	0x00, 0x00, 0x00, 0x38, 0x00, 0x00, 0x00, 0x00, 0x00, 0x00, 0x00, 0x00, 0x00, 0x84, 0x2B, 0x16,
	0x00, 0x00, 0x00, 0x01, 0x00, 0x05, 0x00, 0x00, 0x08, 0x01, 0x00, 0x26, 0x00, 0x00, 0x80, 0x01,
	0x80, 0x00, 0x00, 0x00, 0x07, 0x00, 0x00, 0x29, 0x00, 0xD0, 0xD4, 0x20, 0xB8, 0x02, 0x00, 0x00,
	0x80, 0x00, 0x06, 0x16, 0x20, 0x01, 0x00, 0x02, 0x00, 0x05, 0x00, 0x10, 0x09, 0x01, 0x00, 0x26,
	0x00, 0x00, 0x00, 0x02, 0x80, 0x00, 0x00, 0x3C, 0x07, 0x00, 0x00, 0x29, 0x10, 0xD0, 0xD4, 0x20,
	0xB8, 0x02, 0x12, 0x7C, 0x80, 0x10, 0x06, 0x16, 0x00, 0x00, 0x00, 0x03, 0x00, 0x05, 0x00, 0x00,
	0x0A, 0x01, 0x00, 0x26, 0x00, 0x00, 0x80, 0x02, 0x80, 0x00, 0x00, 0x14, 0x07, 0x00, 0x00, 0x29,
	0x20, 0xD0, 0xD4, 0x20, 0xB8, 0x02, 0x00, 0x14, 0x80, 0x20, 0x06, 0x16, 0x20, 0x01, 0x00, 0x00,
	0x00, 0x05, 0x00, 0x10, 0x0C, 0x01, 0x00, 0x26, 0x00, 0x00, 0x00, 0x03, 0x80, 0x00, 0x00, 0x28,
	0x07, 0x00, 0x00, 0x29, 0x30, 0xD0, 0xD4, 0x20, 0xB8, 0x02, 0x12, 0x68, 0x80, 0x30, 0x06, 0x16,
	0x00, 0x00, 0x00, 0x01, 0x00, 0x05, 0x00, 0x00, 0x0D, 0x01, 0x00, 0x26, 0x00, 0x00, 0x80, 0x03,
	0x80, 0x00, 0x00, 0x00, 0x07, 0x00, 0x00, 0x29, 0x41, 0xD0, 0xD4, 0x20, 0xB8, 0x02, 0x00, 0x00,
	0x80, 0x00, 0x06, 0x28, 0x00, 0x00, 0x00, 0x00, 0x00, 0x00, 0x00, 0x00, 0x00, 0x00, 0x00, 0x38,
	0x00, 0x00, 0x00, 0x00, 0x00, 0x00, 0x00, 0x00, 0x00, 0x48, 0x33, 0x16, 0x20, 0x01, 0x00, 0x02,
	0x00, 0x2D, 0x00, 0x10, 0x0E, 0x01, 0x00, 0x26, 0x00, 0x00, 0x00, 0x00, 0x80, 0x00, 0x00, 0x3C,
	0x08, 0x00, 0x00, 0x29, 0xB5, 0xD8, 0xDC, 0x2C, 0x00, 0x00, 0x12, 0x7C, 0x80, 0x00, 0x00, 0x16,
	0x00, 0x00, 0x00, 0x03, 0x00, 0x2D, 0x00, 0x00, 0x19, 0x01, 0x00, 0x26, 0x00, 0x00, 0x80, 0x00,
	0x80, 0x00, 0x00, 0x14, 0x08, 0x00, 0x00, 0x29, 0xC4, 0xD8, 0xDC, 0x2C, 0x00, 0x00, 0x00, 0x14,
	0x80, 0x00, 0x00, 0x16, 0x20, 0x01, 0x00, 0x00, 0x00, 0x2D, 0x00, 0x10, 0x25, 0x01, 0x00, 0x26,
	0x00, 0x00, 0x00, 0x01, 0x80, 0x00, 0x00, 0x28, 0x08, 0x00, 0x00, 0x29, 0xD3, 0xD8, 0xDC, 0x2C,
	0x00, 0x00, 0x12, 0x68, 0x80, 0x00, 0x00, 0x16, 0x00, 0x00, 0x00, 0x01, 0x00, 0x2D, 0x00, 0x00,
	0x30, 0x01, 0x00, 0x26, 0x00, 0x00, 0x80, 0x01, 0x80, 0x00, 0x00, 0x00, 0x08, 0x00, 0x00, 0x29,
	0xE2, 0xD8, 0xDC, 0x2C, 0x00, 0x00, 0x00, 0x00, 0x80, 0x00, 0x00, 0x16, 0x20, 0x01, 0x00, 0x02,
	0x00, 0x2D, 0x00, 0x10, 0x3B, 0x01, 0x00, 0x26, 0x00, 0x00, 0x00, 0x02, 0x80, 0x00, 0x00, 0x3C,
	0x08, 0x00, 0x00, 0x29, 0xF1, 0xD8, 0xDC, 0x2C, 0x00, 0x00, 0x12, 0x7C, 0x80, 0x00, 0x00, 0x2E,
	0xA0, 0x7E, 0x00, 0x00, 0x00, 0x1E, 0x40, 0x01, 0xC2, 0x01, 0x00, 0x00, 0x00, 0x00, 0x00, 0x00,
	0x00, 0x00, 0x00, 0x00, 0x00, 0x00, 0x00, 0x00, 0x00, 0x14, 0x00, 0x00, 0x00, 0x00, 0x00, 0x00,
	0x00, 0x00, 0x00, 0x0E, 0xD8, 0x79, 0x00, 0x03, 0x00, 0x1E, 0x40, 0x01, 0x39, 0x01, 0x00, 0x28,
	0x00, 0x00, 0x00, 0x00, 0x00, 0x00, 0x00, 0x00, 0x00, 0x00, 0x00, 0x38, 0x00, 0x00, 0x00, 0x00,
	0x00, 0x00, 0x00, 0x00, 0x00, 0x84, 0x2B, 0x16, 0x00, 0x00, 0x00, 0x01, 0x00, 0x05, 0x00, 0x00,
	0x08, 0x01, 0x00, 0x26, 0x00, 0x00, 0x80, 0x01, 0x80, 0x00, 0x00, 0x14, 0x07, 0x00, 0x00, 0x29,
	0x00, 0xD0, 0xD4, 0x20, 0xB8, 0x02, 0x00, 0x14, 0x80, 0x00, 0x06, 0x16, 0x20, 0x01, 0x00, 0x02,
	0x00, 0x05, 0x00, 0x10, 0x09, 0x01, 0x00, 0x26, 0x00, 0x00, 0x00, 0x02, 0x80, 0x00, 0x00, 0x28,
	0x07, 0x00, 0x00, 0x29, 0x10, 0xD0, 0xD4, 0x20, 0xB8, 0x02, 0x12, 0x68, 0x80, 0x10, 0x06, 0x16,
	0x00, 0x00, 0x00, 0x03, 0x00, 0x05, 0x00, 0x00, 0x0A, 0x01, 0x00, 0x26, 0x00, 0x00, 0x80, 0x02,
	0x80, 0x00, 0x00, 0x00, 0x07, 0x00, 0x00, 0x06, 0x00, 0x00, 0x00, 0x00, 0x00, 0x08, 0x00, 0x00,
	0xF0, 0x00, 0x00, 0x08, 0x00, 0x00, 0x00, 0x00, 0x00, 0x00, 0x00, 0x00, 0x00, 0x00, 0x00, 0x18,
	0x00, 0x00, 0x00, 0x00, 0x00, 0x00, 0x00, 0x00, 0x00, 0x00, 0x00, 0x29, 0x20, 0xD0, 0xD4, 0x20,
	0xB8, 0x02, 0x00, 0x00, 0x80, 0x20, 0x06, 0x16, 0x20, 0x01, 0x00, 0x00, 0x00, 0x05, 0x00, 0x10,
	0x0C, 0x01, 0x00, 0x26, 0x00, 0x00, 0x00, 0x03, 0x80, 0x00, 0x00, 0x3C, 0x07, 0x00, 0x00, 0x29,
	0x30, 0xD0, 0xD4, 0x20, 0xB8, 0x02, 0x12, 0x7C, 0x80, 0x30, 0x06, 0x16, 0x00, 0x00, 0x00, 0x01,
	0x00, 0x05, 0x00, 0x00, 0x0D, 0x01, 0x00, 0x26, 0x00, 0x00, 0x80, 0x03, 0x80, 0x00, 0x00, 0x14,
	0x07, 0x00, 0x00, 0x29, 0x41, 0xD0, 0xD4, 0x20, 0xB8, 0x02, 0x00, 0x14, 0x80, 0x00, 0x06, 0x28,
	0x00, 0x00, 0x00, 0x00, 0x00, 0x00, 0x00, 0x00, 0x00, 0x00, 0x00, 0x38, 0x00, 0x00, 0x00, 0x00,
	0x00, 0x00, 0x00, 0x00, 0x00, 0x48, 0x33, 0x16, 0x20, 0x01, 0x00, 0x02, 0x00, 0x2D, 0x00, 0x10,
	0x0E, 0x01, 0x00, 0x26, 0x00, 0x00, 0x00, 0x00, 0x80, 0x00, 0x00, 0x28, 0x08, 0x00, 0x00, 0x29,
	0xB5, 0xD8, 0xDC, 0x38, 0x00, 0x00, 0x12, 0x68, 0x80, 0x00, 0x00, 0x16, 0x00, 0x00, 0x00, 0x03,
	0x00, 0x2D, 0x00, 0x00, 0x19, 0x01, 0x00, 0x26, 0x00, 0x00, 0x80, 0x00, 0x80, 0x00, 0x00, 0x00,
	0x08, 0x00, 0x00, 0x29, 0xC4, 0xD8, 0xDC, 0x38, 0x00, 0x00, 0x00, 0x00, 0x80, 0x00, 0x00, 0x16,
	0x20, 0x01, 0x00, 0x00, 0x00, 0x2D, 0x00, 0x10, 0x25, 0x01, 0x00, 0x26, 0x00, 0x00, 0x00, 0x01,
	0x80, 0x00, 0x00, 0x3C, 0x08, 0x00, 0x00, 0x29, 0xD3, 0xD8, 0xDC, 0x38, 0x00, 0x00, 0x12, 0x7C,
	0x80, 0x00, 0x00, 0x16, 0x00, 0x00, 0x00, 0x01, 0x00, 0x2D, 0x00, 0x00, 0x30, 0x01, 0x00, 0x26,
	0x00, 0x00, 0x80, 0x01, 0x80, 0x00, 0x00, 0x14, 0x08, 0x00, 0x00, 0x29, 0xE2, 0xD8, 0xDC, 0x38,
	0x00, 0x00, 0x00, 0x14, 0x80, 0x00, 0x00, 0x16, 0x20, 0x01, 0x00, 0x02, 0x00, 0x2D, 0x00, 0x10,
	0x3B, 0x01, 0x00, 0x26, 0x00, 0x00, 0x00, 0x02, 0x80, 0x00, 0x00, 0x28, 0x08, 0x00, 0x00, 0x29,
	0xF1, 0xD8, 0xDC, 0x38, 0x00, 0x00, 0x12, 0x68, 0x80, 0x00, 0x00, 0x2E, 0xA0, 0x7E, 0x00, 0x00,
	0x00, 0x1E, 0x40, 0x01, 0xD1, 0x01, 0x00, 0x00, 0x00, 0x00, 0x00, 0x00, 0x00, 0x00, 0x00, 0x00,
	0x00, 0x00, 0x00, 0x00, 0x00, 0x14, 0x00, 0x00, 0x00, 0x00, 0x00, 0x00, 0x00, 0x00, 0x00, 0x00,
	0x00, 0x00, 0x00, 0x00, 0x00, 0x00, 0x00, 0x00, 0x00, 0x00, 0x00, 0x00, 0x00, 0x14, 0x00, 0x00,
	0x00, 0x00, 0x00, 0x00, 0x00, 0x00, 0x00, 0x0E, 0x00, 0x74, 0x00, 0x00, 0x00, 0x1E, 0x00, 0x00,
	0x2C, 0x01, 0x00, 0x0E, 0x40, 0x76, 0x00, 0x00, 0x00, 0x1E, 0x40, 0x00, 0xC2, 0x01, 0x00, 0x40,
	0xD7, 0x45, 0x10, 0xEC, 0x01, 0x00, 0x00, 0x00, 0x00, 0x00, 0x00, 0x0B, 0xC0, 0xE1, 0x80, 0x41,
	0x00, 0x00, 0x24, 0x00, 0x00, 0xDE, 0x1B, 0x2E, 0xC0, 0x75, 0x00, 0x00, 0x00, 0x1E, 0x80, 0x01,
	0x28, 0x05, 0x00, 0x00, 0x00, 0x00, 0x00, 0x00, 0x00, 0x00, 0x00, 0x00, 0x00, 0x00, 0x00, 0x00,
	0x00, 0x14, 0x00, 0x00, 0x00, 0x00, 0x00, 0x00, 0x00, 0x00, 0x00, 0x0E, 0x00, 0x74, 0x00, 0x00,
	0x00, 0x1E, 0x00, 0x00, 0x36, 0x01, 0x00, 0x0E, 0x40, 0x76, 0x00, 0x00, 0x00, 0x1E, 0x40, 0x00,
	0xCC, 0x01, 0x00, 0x40, 0xD7, 0x45, 0x10, 0xEC, 0x01, 0x00, 0x00, 0x00, 0x00, 0x00, 0x00, 0x0B,
	0xC0, 0xE1, 0x80, 0x41, 0x00, 0x00, 0x24, 0x00, 0x00, 0xDE, 0x1B, 0x2E, 0xC0, 0x75, 0x00, 0x00,
	0x00, 0x1E, 0x80, 0x01, 0x32, 0x05, 0x00, 0x00, 0x00, 0x00, 0x00, 0x00, 0x00, 0x00, 0x00, 0x00,
	0x00, 0x00, 0x00, 0x00, 0x00, 0x14, 0x00, 0x00, 0x00, 0x00, 0x00, 0x00, 0x00, 0x00, 0x00, 0x0E,
	0x00, 0x74, 0x00, 0x00, 0x00, 0x1E, 0x00, 0x00, 0x40, 0x01, 0x00, 0x0E, 0x40, 0x76, 0x00, 0x00,
	0x00, 0x1E, 0x40, 0x00, 0xD6, 0x01, 0x00, 0x40, 0xD7, 0x45, 0x10, 0xEC, 0x01, 0x00, 0x00, 0x00,
	0x00, 0x00, 0x00, 0x0B, 0xC0, 0xE1, 0x80, 0x41, 0x00, 0x00, 0x24, 0x00, 0x00, 0xDE, 0x1B, 0x2E,
	0xC0, 0x75, 0x00, 0x00, 0x00, 0x1E, 0x80, 0x01, 0x3C, 0x05, 0x00, 0x00, 0x00, 0x00, 0x00, 0x00,
	0x00, 0x00, 0x00, 0x00, 0x00, 0x00, 0x00, 0x00, 0x00, 0x14, 0x00, 0x00, 0x00, 0x00, 0x00, 0x00,
	0x00, 0x00, 0x00, 0x00, 0x00, 0x00, 0x00, 0x00, 0x00, 0x00, 0x00, 0x00, 0x00, 0x00, 0x00, 0x00,
	0x00, 0x14, 0x00, 0x00, 0x00, 0x00, 0x00, 0x00, 0x00, 0x00, 0x00, 0x0E, 0xD8, 0x79, 0x00, 0x00,
	0x00, 0x1E, 0x40, 0x01, 0x28, 0x05, 0x00, 0x28, 0x00, 0x00, 0x00, 0x00, 0x00, 0x00, 0x00, 0x00,
	0x00, 0x00, 0x00, 0x38, 0x00, 0x00, 0x00, 0x00, 0x00, 0x00, 0x00, 0x00, 0x00, 0x44, 0x33, 0x16,
	0x00, 0x00, 0x00, 0x03, 0x00, 0x05, 0x00, 0x00, 0x46, 0x01, 0x00, 0x26, 0x00, 0x00, 0x80, 0x02,
	0x80, 0x00, 0x00, 0x00, 0x08, 0x00, 0x00, 0x29, 0x00, 0xD0, 0xD4, 0x20, 0xB8, 0x02, 0x00, 0x00,
	0x80, 0x00, 0x06, 0x16, 0x20, 0x01, 0x00, 0x00, 0x00, 0x05, 0x00, 0x10, 0x48, 0x01, 0x00, 0x26,
	0x00, 0x00, 0x00, 0x03, 0x80, 0x00, 0x00, 0x3C, 0x08, 0x00, 0x00, 0x29, 0x10, 0xD0, 0xD4, 0x20,
	0xB8, 0x02, 0x12, 0x7C, 0x80, 0x10, 0x06, 0x16, 0x00, 0x00, 0x00, 0x01, 0x00, 0x05, 0x00, 0x00,
	0x49, 0x01, 0x00, 0x26, 0x00, 0x00, 0x80, 0x03, 0x80, 0x00, 0x00, 0x14, 0x08, 0x00, 0x00, 0x29,
	0x20, 0xD0, 0xD4, 0x20, 0xB8, 0x02, 0x00, 0x14, 0x80, 0x20, 0x06, 0x16, 0x20, 0x01, 0x00, 0x02,
	0x00, 0x05, 0x00, 0x10, 0x4A, 0x01, 0x00, 0x26, 0x00, 0x00, 0x00, 0x00, 0x80, 0x00, 0x00, 0x28,
	0x09, 0x00, 0x00, 0x29, 0x30, 0xD0, 0xD4, 0x20, 0xB8, 0x02, 0x12, 0x68, 0x80, 0x30, 0x06, 0x16,
	0x00, 0x00, 0x00, 0x03, 0x00, 0x05, 0x00, 0x00, 0x4B, 0x01, 0x00, 0x26, 0x00, 0x00, 0x80, 0x00,
	0x80, 0x00, 0x00, 0x00, 0x09, 0x00, 0x00, 0x29, 0x41, 0xD0, 0xD4, 0x20, 0xB8, 0x02, 0x00, 0x00,
	0x80, 0x00, 0x06, 0x28, 0x00, 0x00, 0x00, 0x00, 0x00, 0x00, 0x00, 0x00, 0x00, 0x00, 0x00, 0x38,
	0x00, 0x00, 0x00, 0x00, 0x00, 0x00, 0x00, 0x00, 0x00, 0x84, 0x33, 0x16, 0x20, 0x01, 0x00, 0x00,
	0x00, 0x2D, 0x00, 0x10, 0x4D, 0x01, 0x00, 0x26, 0x00, 0x00, 0x00, 0x01, 0x80, 0x00, 0x00, 0x3C,
	0x09, 0x00, 0x00, 0x29, 0xB5, 0xD8, 0xDC, 0x2C, 0x00, 0x00, 0x12, 0x7C, 0x80, 0x00, 0x00, 0x16,
	0x00, 0x00, 0x00, 0x01, 0x00, 0x2D, 0x00, 0x00, 0x58, 0x01, 0x00, 0x26, 0x00, 0x00, 0x80, 0x01,
	0x80, 0x00, 0x00, 0x14, 0x09, 0x00, 0x00, 0x29, 0xC4, 0xD8, 0xDC, 0x2C, 0x00, 0x00, 0x00, 0x14,
	0x80, 0x00, 0x00, 0x16, 0x20, 0x01, 0x00, 0x02, 0x00, 0x2D, 0x00, 0x10, 0x63, 0x01, 0x00, 0x26,
	0x00, 0x00, 0x00, 0x02, 0x80, 0x00, 0x00, 0x28, 0x09, 0x00, 0x00, 0x29, 0xD3, 0xD8, 0xDC, 0x2C,
	0x00, 0x00, 0x12, 0x68, 0x80, 0x00, 0x00, 0x16, 0x00, 0x00, 0x00, 0x03, 0x00, 0x2D, 0x00, 0x00,
	0x6E, 0x01, 0x00, 0x26, 0x00, 0x00, 0x80, 0x02, 0x80, 0x00, 0x00, 0x00, 0x09, 0x00, 0x00, 0x29,
	0xE2, 0xD8, 0xDC, 0x2C, 0x00, 0x00, 0x00, 0x00, 0x80, 0x00, 0x00, 0x16, 0x20, 0x01, 0x00, 0x00,
	0x00, 0x2D, 0x00, 0x10, 0x7A, 0x01, 0x00, 0x26, 0x00, 0x00, 0x00, 0x03, 0x80, 0x00, 0x00, 0x3C,
	0x09, 0x00, 0x00, 0x29, 0xF1, 0xD8, 0xDC, 0x2C, 0x00, 0x00, 0x12, 0x7C, 0x80, 0x00, 0x00, 0x2E,
	0xA0, 0x7E, 0x00, 0x00, 0x00, 0x1E, 0x40, 0x01, 0x2C, 0x01, 0x00, 0x00, 0x00, 0x00, 0x00, 0x00,
	0x00, 0x00, 0x00, 0x00, 0x00, 0x00, 0x00, 0x00, 0x00, 0x14, 0x00, 0x00, 0x00, 0x00, 0x00, 0x00,
	0x00, 0x00, 0x00, 0x0E, 0xD8, 0x79, 0x00, 0x03, 0x00, 0x1E, 0x40, 0x01, 0x35, 0x05, 0x00, 0x28,
	0x00, 0x00, 0x00, 0x00, 0x00, 0x00, 0x00, 0x00, 0x00, 0x00, 0x00, 0x38, 0x00, 0x00, 0x00, 0x00,
	0x00, 0x00, 0x00, 0x00, 0x00, 0x44, 0x33, 0x16, 0x00, 0x00, 0x00, 0x03, 0x00, 0x05, 0x00, 0x00,
	0x46, 0x01, 0x00, 0x26, 0x00, 0x00, 0x80, 0x02, 0x80, 0x00, 0x00, 0x14, 0x08, 0x00, 0x00, 0x29,
	0x00, 0xD0, 0xD4, 0x20, 0xB8, 0x02, 0x00, 0x14, 0x80, 0x00, 0x06, 0x16, 0x20, 0x01, 0x00, 0x00,
	0x00, 0x05, 0x00, 0x10, 0x48, 0x01, 0x00, 0x26, 0x00, 0x00, 0x00, 0x03, 0x80, 0x00, 0x00, 0x28,
	0x08, 0x00, 0x00, 0x29, 0x10, 0xD0, 0xD4, 0x20, 0xB8, 0x02, 0x12, 0x68, 0x80, 0x10, 0x06, 0x16,
	0x00, 0x00, 0x00, 0x01, 0x00, 0x05, 0x00, 0x00, 0x49, 0x01, 0x00, 0x26, 0x00, 0x00, 0x80, 0x03,
	0x80, 0x00, 0x00, 0x00, 0x08, 0x00, 0x00, 0x29, 0x20, 0xD0, 0xD4, 0x20, 0xB8, 0x02, 0x00, 0x00,
	0x80, 0x20, 0x06, 0x16, 0x20, 0x01, 0x00, 0x02, 0x00, 0x05, 0x00, 0x10, 0x4A, 0x01, 0x00, 0x26,
	0x00, 0x00, 0x00, 0x00, 0x80, 0x00, 0x00, 0x3C, 0x09, 0x00, 0x00, 0x29, 0x30, 0xD0, 0xD4, 0x20,
	0xB8, 0x02, 0x12, 0x7C, 0x80, 0x30, 0x06, 0x16, 0x00, 0x00, 0x00, 0x03, 0x00, 0x05, 0x00, 0x00,
	0x4B, 0x01, 0x00, 0x26, 0x00, 0x00, 0x80, 0x00, 0x80, 0x00, 0x00, 0x14, 0x09, 0x00, 0x00, 0x29,
	0x41, 0xD0, 0xD4, 0x20, 0xB8, 0x02, 0x00, 0x14, 0x80, 0x00, 0x06, 0x28, 0x00, 0x00, 0x00, 0x00,
	0x00, 0x00, 0x00, 0x00, 0x00, 0x00, 0x00, 0x38, 0x00, 0x00, 0x00, 0x00, 0x00, 0x00, 0x00, 0x00,
	0x00, 0x84, 0x33, 0x16, 0x20, 0x01, 0x00, 0x00, 0x00, 0x2D, 0x00, 0x10, 0x4D, 0x01, 0x00, 0x26,
	0x00, 0x00, 0x00, 0x01, 0x80, 0x00, 0x00, 0x28, 0x09, 0x00, 0x00, 0x29, 0xB5, 0xD8, 0xDC, 0x38,
	0x00, 0x00, 0x12, 0x68, 0x80, 0x00, 0x00, 0x16, 0x00, 0x00, 0x00, 0x01, 0x00, 0x2D, 0x00, 0x00,
	0x58, 0x01, 0x00, 0x26, 0x00, 0x00, 0x80, 0x01, 0x80, 0x00, 0x00, 0x00, 0x09, 0x00, 0x00, 0x29,
	0xC4, 0xD8, 0xDC, 0x38, 0x00, 0x00, 0x00, 0x00, 0x80, 0x00, 0x00, 0x16, 0x20, 0x01, 0x00, 0x02,
	0x00, 0x2D, 0x00, 0x10, 0x63, 0x01, 0x00, 0x26, 0x00, 0x00, 0x00, 0x02, 0x80, 0x00, 0x00, 0x3C,
	0x09, 0x00, 0x00, 0x29, 0xD3, 0xD8, 0xDC, 0x38, 0x00, 0x00, 0x12, 0x7C, 0x80, 0x00, 0x00, 0x16,
	0x00, 0x00, 0x00, 0x03, 0x00, 0x2D, 0x00, 0x00, 0x6E, 0x01, 0x00, 0x26, 0x00, 0x00, 0x80, 0x02,
	0x80, 0x00, 0x00, 0x14, 0x09, 0x00, 0x00, 0x29, 0xE2, 0xD8, 0xDC, 0x38, 0x00, 0x00, 0x00, 0x14,
	0x80, 0x00, 0x00, 0x16, 0x20, 0x01, 0x00, 0x00, 0x00, 0x2D, 0x00, 0x10, 0x7A, 0x01, 0x00, 0x26,
	0x00, 0x00, 0x00, 0x03, 0x80, 0x00, 0x00, 0x28, 0x09, 0x00, 0x00, 0x29, 0xF1, 0xD8, 0xDC, 0x38,
	0x00, 0x00, 0x12, 0x68, 0x80, 0x00, 0x00, 0x2E, 0xA0, 0x7E, 0x00, 0x00, 0x00, 0x1E, 0x40, 0x01,
	0x3B, 0x01, 0x00, 0x00, 0x00, 0x00, 0x00, 0x00, 0x00, 0x00, 0x00, 0x00, 0x00, 0x00, 0x00, 0x00,
	0x00, 0x14, 0x00, 0x00, 0x00, 0x00, 0x00, 0x00, 0x00, 0x00, 0x00, 0x00, 0x00, 0x00, 0x00, 0x00,
	0x00, 0x00, 0x00, 0x00, 0x00, 0x00, 0x00, 0x00, 0x00, 0x14, 0x00, 0x00, 0x00, 0x00, 0x00, 0x00,
	0x00, 0x00, 0x00, 0x0E, 0x00, 0x74, 0x00, 0x00, 0x00, 0x1E, 0x00, 0x00, 0x28, 0x05, 0x00, 0x0E,
	0x40, 0x76, 0x00, 0x00, 0x00, 0x1E, 0x40, 0x00, 0x2C, 0x01, 0x00, 0x40, 0xA5, 0x51, 0x20, 0xD9,
	0x01, 0x00, 0x00, 0x00, 0x00, 0x00, 0x00, 0x0B, 0xC0, 0xE1, 0x80, 0x41, 0x00, 0x00, 0x24, 0x00,
	0x00, 0xDE, 0x1B, 0x2E, 0xC0, 0x75, 0x00, 0x00, 0x00, 0x1E, 0x80, 0x01, 0xC2, 0x01, 0x00, 0x00,
	0x00, 0x00, 0x00, 0x00, 0x00, 0x00, 0x00, 0x00, 0x00, 0x00, 0x00, 0x00, 0x00, 0x14, 0x00, 0x00,
	0x00, 0x00, 0x00, 0x00, 0x00, 0x00, 0x00, 0x0E, 0x00, 0x74, 0x00, 0x00, 0x00, 0x1E, 0x00, 0x00,
	0x32, 0x05, 0x00, 0x0E, 0x40, 0x76, 0x00, 0x00, 0x00, 0x1E, 0x40, 0x00, 0x36, 0x01, 0x00, 0x40,
	0xA5, 0x51, 0x20, 0xD9, 0x01, 0x00, 0x00, 0x00, 0x00, 0x00, 0x00, 0x0B, 0xC0, 0xE1, 0x80, 0x41,
	0x00, 0x00, 0x24, 0x00, 0x00, 0xDE, 0x1B, 0x2E, 0xC0, 0x75, 0x00, 0x00, 0x00, 0x1E, 0x80, 0x01,
	0xCC, 0x01, 0x00, 0x00, 0x00, 0x00, 0x00, 0x00, 0x00, 0x00, 0x00, 0x00, 0x00, 0x00, 0x00, 0x00,
	0x00, 0x14, 0x00, 0x00, 0x00, 0x00, 0x00, 0x00, 0x00, 0x00, 0x00, 0x0E, 0x00, 0x74, 0x00, 0x00,
	0x00, 0x1E, 0x00, 0x00, 0x3C, 0x05, 0x00, 0x0E, 0x40, 0x76, 0x00, 0x00, 0x00, 0x1E, 0x40, 0x00,
	0x40, 0x01, 0x00, 0x40, 0xA5, 0x51, 0x20, 0xD9, 0x01, 0x00, 0x00, 0x00, 0x00, 0x00, 0x00, 0x0B,
	0xC0, 0xE1, 0x80, 0x41, 0x00, 0x00, 0x24, 0x00, 0x00, 0xDE, 0x1B, 0x2E, 0xC0, 0x75, 0x00, 0x00,
	0x00, 0x1E, 0x80, 0x01, 0xD6, 0x01, 0x00, 0x00, 0x00, 0x00, 0x00, 0x00, 0x00, 0x00, 0x00, 0x00,
	0x00, 0x00, 0x00, 0x00, 0x00, 0x14, 0x00, 0x00, 0x00, 0x00, 0x00, 0x00, 0x00, 0x00, 0x00, 0x00,
	0x00, 0x00, 0x00, 0x00, 0x00, 0x00, 0x00, 0x00, 0x00, 0x00, 0x00, 0x00, 0x00, 0x14, 0x00, 0x00,
	0x00, 0x00, 0x00, 0x00, 0x00, 0x00, 0x00, 0x0E, 0xD8, 0x79, 0x00, 0x00, 0x00, 0x1E, 0x40, 0x01,
	0xC2, 0x01, 0x00, 0x28, 0x00, 0x00, 0x00, 0x00, 0x00, 0x00, 0x00, 0x00, 0x00, 0x00, 0x00, 0x38,
	0x00, 0x00, 0x00, 0x00, 0x00, 0x00, 0x00, 0x00, 0x00, 0x44, 0x33, 0x16, 0x00, 0x00, 0x00, 0x01,
	0x00, 0x05, 0x00, 0x00, 0x85, 0x01, 0x00, 0x26, 0x00, 0x00, 0x80, 0x03, 0x80, 0x00, 0x00, 0x00,
	0x09, 0x00, 0x00, 0x29, 0x00, 0xD0, 0xD4, 0x20, 0xB8, 0x02, 0x00, 0x00, 0x80, 0x00, 0x06, 0x16,
	0x20, 0x01, 0x00, 0x02, 0x00, 0x05, 0x00, 0x10, 0x86, 0x01, 0x00, 0x26, 0x00, 0x00, 0x00, 0x00,
	0x80, 0x00, 0x00, 0x3C, 0x0A, 0x00, 0x00, 0x29, 0x10, 0xD0, 0xD4, 0x20, 0xB8, 0x02, 0x12, 0x7C,
	0x80, 0x10, 0x06, 0x16, 0x00, 0x00, 0x00, 0x03, 0x00, 0x05, 0x00, 0x00, 0x87, 0x01, 0x00, 0x26,
	0x00, 0x00, 0x80, 0x00, 0x80, 0x00, 0x00, 0x14, 0x0A, 0x00, 0x00, 0x29, 0x20, 0xD0, 0xD4, 0x20,
	0xB8, 0x02, 0x00, 0x14, 0x80, 0x20, 0x06, 0x16, 0x20, 0x01, 0x00, 0x00, 0x00, 0x05, 0x00, 0x10,
	0x89, 0x01, 0x00, 0x26, 0x00, 0x00, 0x00, 0x01, 0x80, 0x00, 0x00, 0x28, 0x0A, 0x00, 0x00, 0x29,
	0x30, 0xD0, 0xD4, 0x20, 0xB8, 0x02, 0x12, 0x68, 0x80, 0x30, 0x06, 0x16, 0x00, 0x00, 0x00, 0x01,
	0x00, 0x05, 0x00, 0x00, 0x8A, 0x01, 0x00, 0x26, 0x00, 0x00, 0x80, 0x01, 0x80, 0x00, 0x00, 0x00,
	0x0A, 0x00, 0x00, 0x29, 0x41, 0xD0, 0xD4, 0x20, 0xB8, 0x02, 0x00, 0x00, 0x80, 0x00, 0x06, 0x28,
	0x00, 0x00, 0x00, 0x00, 0x00, 0x00, 0x00, 0x00, 0x00, 0x00, 0x00, 0x38, 0x00, 0x00, 0x00, 0x00,
	0x00, 0x00, 0x00, 0x00, 0x00, 0x46, 0x33, 0x16, 0x20, 0x01, 0x00, 0x02, 0x00, 0x2D, 0x00, 0x10,
	0x8B, 0x01, 0x00, 0x26, 0x00, 0x00, 0x00, 0x02, 0x80, 0x00, 0x00, 0x3C, 0x0A, 0x00, 0x00, 0x29,
	0xB5, 0xD8, 0xDC, 0x2C, 0x00, 0x00, 0x12, 0x7C, 0x80, 0x00, 0x00, 0x16, 0x00, 0x00, 0x00, 0x03,
	0x00, 0x2D, 0x00, 0x00, 0x96, 0x01, 0x00, 0x26, 0x00, 0x00, 0x80, 0x02, 0x80, 0x00, 0x00, 0x14,
	0x0A, 0x00, 0x00, 0x29, 0xC4, 0xD8, 0xDC, 0x2C, 0x00, 0x00, 0x00, 0x14, 0x80, 0x00, 0x00, 0x16,
	0x20, 0x01, 0x00, 0x00, 0x00, 0x2D, 0x00, 0x10, 0xA2, 0x01, 0x00, 0x26, 0x00, 0x00, 0x00, 0x03,
	0x80, 0x00, 0x00, 0x28, 0x0A, 0x00, 0x00, 0x29, 0xD3, 0xD8, 0xDC, 0x2C, 0x00, 0x00, 0x12, 0x68,
	0x80, 0x00, 0x00, 0x16, 0x00, 0x00, 0x00, 0x01, 0x00, 0x2D, 0x00, 0x00, 0xAD, 0x01, 0x00, 0x26,
	0x00, 0x00, 0x80, 0x03, 0x80, 0x00, 0x00, 0x00, 0x0A, 0x00, 0x00, 0x29, 0xE2, 0xD8, 0xDC, 0x2C,
	0x00, 0x00, 0x00, 0x00, 0x80, 0x00, 0x00, 0x16, 0x20, 0x01, 0x00, 0x02, 0x00, 0x2D, 0x00, 0x10,
	0xB8, 0x01, 0x00, 0x26, 0x00, 0x00, 0x00, 0x00, 0x80, 0x00, 0x00, 0x3C, 0x0B, 0x00, 0x00, 0x29,
	0xF1, 0xD8, 0xDC, 0x2C, 0x00, 0x00, 0x12, 0x7C, 0x80, 0x00, 0x00, 0x2E, 0xA0, 0x7E, 0x00, 0x00,
	0x00, 0x1E, 0x40, 0x01, 0x2C, 0x01, 0x00, 0x00, 0x00, 0x00, 0x00, 0x00, 0x00, 0x00, 0x00, 0x00,
	0x00, 0x00, 0x00, 0x00, 0x00, 0x14, 0x00, 0x00, 0x00, 0x00, 0x00, 0x00, 0x00, 0x00, 0x00, 0x0E,
	0xD8, 0x79, 0x00, 0x03, 0x00, 0x1E, 0x40, 0x01, 0xCF, 0x01, 0x00, 0x28, 0x00, 0x00, 0x00, 0x00,
	0x00, 0x00, 0x00, 0x00, 0x00, 0x00, 0x00, 0x38, 0x00, 0x00, 0x00, 0x00, 0x00, 0x00, 0x00, 0x00,
	0x00, 0x44, 0x33, 0x16, 0x00, 0x00, 0x00, 0x01, 0x00, 0x05, 0x00, 0x00, 0x85, 0x01, 0x00, 0x26,
	0x00, 0x00, 0x80, 0x03, 0x80, 0x00, 0x00, 0x14, 0x09, 0x00, 0x00, 0x29, 0x00, 0xD0, 0xD4, 0x20,
	0xB8, 0x02, 0x00, 0x14, 0x80, 0x00, 0x06, 0x16, 0x20, 0x01, 0x00, 0x02, 0x00, 0x05, 0x00, 0x10,
	0x86, 0x01, 0x00, 0x26, 0x00, 0x00, 0x00, 0x00, 0x80, 0x00, 0x00, 0x28, 0x0A, 0x00, 0x00, 0x29,
	0x10, 0xD0, 0xD4, 0x20, 0xB8, 0x02, 0x12, 0x68, 0x80, 0x10, 0x06, 0x16, 0x00, 0x00, 0x00, 0x03,
	0x00, 0x05, 0x00, 0x00, 0x87, 0x01, 0x00, 0x26, 0x00, 0x00, 0x80, 0x00, 0x80, 0x00, 0x00, 0x00,
	0x0A, 0x00, 0x00, 0x29, 0x20, 0xD0, 0xD4, 0x20, 0xB8, 0x02, 0x00, 0x00, 0x80, 0x20, 0x06, 0x16,
	0x20, 0x01, 0x00, 0x00, 0x00, 0x05, 0x00, 0x10, 0x89, 0x01, 0x00, 0x26, 0x00, 0x00, 0x00, 0x01,
	0x80, 0x00, 0x00, 0x3C, 0x0A, 0x00, 0x00, 0x29, 0x30, 0xD0, 0xD4, 0x20, 0xB8, 0x02, 0x12, 0x7C,
	0x80, 0x30, 0x06, 0x16, 0x00, 0x00, 0x00, 0x01, 0x00, 0x05, 0x00, 0x00, 0x8A, 0x01, 0x00, 0x26,
	0x00, 0x00, 0x80, 0x01, 0x80, 0x00, 0x00, 0x14, 0x0A, 0x00, 0x00, 0x29, 0x41, 0xD0, 0xD4, 0x20,
	0xB8, 0x02, 0x00, 0x14, 0x80, 0x00, 0x06, 0x28, 0x00, 0x00, 0x00, 0x00, 0x00, 0x00, 0x00, 0x00,
	0x00, 0x00, 0x00, 0x38, 0x00, 0x00, 0x00, 0x00, 0x00, 0x00, 0x00, 0x00, 0x00, 0x46, 0x33, 0x16,
	0x20, 0x01, 0x00, 0x02, 0x00, 0x2D, 0x00, 0x10, 0x8B, 0x01, 0x00, 0x26, 0x00, 0x00, 0x00, 0x02,
	0x80, 0x00, 0x00, 0x28, 0x0A, 0x00, 0x00, 0x29, 0xB5, 0xD8, 0xDC, 0x38, 0x00, 0x00, 0x12, 0x68,
	0x80, 0x00, 0x00, 0x16, 0x00, 0x00, 0x00, 0x03, 0x00, 0x2D, 0x00, 0x00, 0x96, 0x01, 0x00, 0x26,
	0x00, 0x00, 0x80, 0x02, 0x80, 0x00, 0x00, 0x00, 0x0A, 0x00, 0x00, 0x29, 0xC4, 0xD8, 0xDC, 0x38,
	0x00, 0x00, 0x00, 0x00, 0x80, 0x00, 0x00, 0x16, 0x20, 0x01, 0x00, 0x00, 0x00, 0x2D, 0x00, 0x10,
	0xA2, 0x01, 0x00, 0x26, 0x00, 0x00, 0x00, 0x03, 0x80, 0x00, 0x00, 0x3C, 0x0A, 0x00, 0x00, 0x29,
	0xD3, 0xD8, 0xDC, 0x38, 0x00, 0x00, 0x12, 0x7C, 0x80, 0x00, 0x00, 0x16, 0x00, 0x00, 0x00, 0x01,
	0x00, 0x2D, 0x00, 0x00, 0xAD, 0x01, 0x00, 0x26, 0x00, 0x00, 0x80, 0x03, 0x80, 0x00, 0x00, 0x14,
	0x0A, 0x00, 0x00, 0x29, 0xE2, 0xD8, 0xDC, 0x38, 0x00, 0x00, 0x00, 0x14, 0x80, 0x00, 0x00, 0x16,
	0x20, 0x01, 0x00, 0x02, 0x00, 0x2D, 0x00, 0x10, 0xB8, 0x01, 0x00, 0x26, 0x00, 0x00, 0x00, 0x00,
	0x80, 0x00, 0x00, 0x28, 0x0B, 0x00, 0x00, 0x29, 0xF1, 0xD8, 0xDC, 0x38, 0x00, 0x00, 0x12, 0x68,
	0x80, 0x00, 0x00, 0x2E, 0xA0, 0x7E, 0x00, 0x00, 0x00, 0x1E, 0x40, 0x01, 0x3B, 0x01, 0x00, 0x00,
	0x00, 0x00, 0x00, 0x00, 0x00, 0x00, 0x00, 0x00, 0x00, 0x00, 0x00, 0x00, 0x00, 0x14, 0x00, 0x00,
	0x00, 0x00, 0x00, 0x00, 0x00, 0x00, 0x00, 0x00, 0x00, 0x00, 0x00, 0x00, 0x00, 0x00, 0x00, 0x00,
	0x00, 0x00, 0x00, 0x00, 0x00, 0x14, 0x00, 0x00, 0x00, 0x00, 0x00, 0x00, 0x00, 0x00, 0x00, 0x0E,
	0xC0, 0x75, 0x00, 0x00, 0x00, 0x1E, 0x80, 0x01, 0xC2, 0x01, 0x00, 0x0E, 0x80, 0x77, 0x00, 0x00,
	0x00, 0x1E, 0x00, 0x01, 0x2C, 0x01, 0x00, 0x40, 0x28, 0x37, 0xEC, 0x69, 0x01, 0x00, 0x00, 0x00,
	0x00, 0x00, 0x00, 0x0B, 0x00, 0xE0, 0x00, 0x18, 0x01, 0x07, 0x38, 0x00, 0x00, 0xDE, 0x1B, 0x40,
	0x01, 0x50, 0x00, 0x00, 0x00, 0x00, 0x00, 0x00, 0x00, 0x00, 0x00, 0xDC, 0xC0, 0xE1, 0x80, 0x01,
	0x00, 0x00, 0x00, 0x00, 0x00, 0x80, 0x0B, 0x2E, 0xC0, 0x75, 0x00, 0x00, 0x00, 0x1E, 0x80, 0x01,
	0x28, 0x05, 0x00, 0x00, 0x00, 0x00, 0x00, 0x00, 0x00, 0x00, 0x00, 0x00, 0x00, 0x00, 0x00, 0x00,
	0x00, 0x14, 0x00, 0x00, 0x00, 0x00, 0x00, 0x00, 0x00, 0x00, 0x00, 0x0E, 0xC0, 0x75, 0x00, 0x00,
	0x00, 0x1E, 0x80, 0x01, 0xCC, 0x01, 0x00, 0x0E, 0x80, 0x77, 0x00, 0x00, 0x00, 0x1E, 0x00, 0x01,
	0x36, 0x01, 0x00, 0x40, 0x28, 0x37, 0xEC, 0x69, 0x01, 0x00, 0x00, 0x00, 0x00, 0x00, 0x00, 0x0B,
	0x00, 0xE0, 0x00, 0x18, 0x01, 0x07, 0x38, 0x00, 0x00, 0xDE, 0x1B, 0x40, 0x01, 0x50, 0x00, 0x00,
	0x00, 0x00, 0x00, 0x00, 0x00, 0x00, 0x00, 0xDC, 0xC0, 0xE1, 0x80, 0x01, 0x00, 0x00, 0x00, 0x00,
	0x00, 0x80, 0x0B, 0x2E, 0xC0, 0x75, 0x00, 0x00, 0x00, 0x1E, 0x80, 0x01, 0x32, 0x05, 0x00, 0x00,
	0x00, 0x00, 0x00, 0x00, 0x00, 0x00, 0x00, 0x00, 0x00, 0x00, 0x00, 0x00, 0x00, 0x14, 0x00, 0x00,
	0x00, 0x00, 0x00, 0x00, 0x00, 0x00, 0x00, 0x0E, 0xC0, 0x75, 0x00, 0x00, 0x00, 0x1E, 0x80, 0x01,
	0xD6, 0x01, 0x00, 0x0E, 0x80, 0x77, 0x00, 0x00, 0x00, 0x1E, 0x00, 0x01, 0x40, 0x01, 0x00, 0x40,
	0x28, 0x37, 0xEC, 0x69, 0x01, 0x00, 0x00, 0x00, 0x00, 0x00, 0x00, 0x0B, 0x00, 0xE0, 0x00, 0x18,
	0x01, 0x07, 0x38, 0x00, 0x00, 0xDE, 0x1B, 0x40, 0x01, 0x50, 0x00, 0x00, 0x00, 0x00, 0x00, 0x00,
	0x00, 0x00, 0x00, 0xDC, 0xC0, 0xE1, 0x80, 0x01, 0x00, 0x00, 0x00, 0x00, 0x00, 0x80, 0x0B, 0x2E,
	0xC0, 0x75, 0x00, 0x00, 0x00, 0x1E, 0x80, 0x01, 0x3C, 0x05, 0x00, 0x00, 0x00, 0x00, 0x00, 0x00,
	0x00, 0x00, 0x00, 0x00, 0x00, 0x00, 0x00, 0x00, 0x00, 0x14, 0x00, 0x00, 0x00, 0x00, 0x00, 0x00,
	0x00, 0x00, 0x00, 0x00, 0x00, 0x00, 0x00, 0x00, 0x00, 0x00, 0x00, 0x00, 0x00, 0x00, 0x00, 0x00,
	0x00, 0x14, 0x00, 0x00, 0x00, 0x00, 0x00, 0x00, 0x00, 0x00, 0x00, 0x0E, 0x80, 0x73, 0x00, 0x00,
	0x00, 0x1E, 0x00, 0x01, 0x00, 0x00, 0x00, 0x28, 0x00, 0x00, 0x00, 0x00, 0x00, 0x00, 0x00, 0x00,
	0x00, 0x00, 0x00, 0x38, 0x00, 0x00, 0x00, 0x00, 0x00, 0x00, 0x00, 0x00, 0x00, 0x84, 0x33, 0x16,
	0x00, 0x00, 0x00, 0x03, 0x00, 0x0A, 0x00, 0x00, 0xC3, 0x01, 0x00, 0x26, 0x00, 0x00, 0x80, 0x00,
	0x80, 0x00, 0x00, 0x00, 0x0B, 0x00, 0x00, 0x29, 0x00, 0xC8, 0xCC, 0x20, 0x70, 0x02, 0x00, 0x00,
	0x80, 0x00, 0x00, 0x16, 0x20, 0x01, 0x00, 0x01, 0x00, 0x0A, 0x00, 0x10, 0xC6, 0x01, 0x00, 0x26,
	0x00, 0x00, 0x00, 0x01, 0x80, 0x00, 0x00, 0x3C, 0x0B, 0x00, 0x00, 0x29, 0x0A, 0xC8, 0xCC, 0x20,
	0x70, 0x02, 0x12, 0x7C, 0x80, 0x00, 0x00, 0x16, 0x00, 0x00, 0x00, 0x03, 0x00, 0x0A, 0x00, 0x00,
	0xC8, 0x01, 0x00, 0x26, 0x00, 0x00, 0x80, 0x01, 0x80, 0x00, 0x00, 0x14, 0x0B, 0x00, 0x00, 0x29,
	0x14, 0xC8, 0xCC, 0x20, 0x70, 0x02, 0x00, 0x14, 0x80, 0x00, 0x00, 0x16, 0x20, 0x01, 0x00, 0x01,
	0x00, 0x0A, 0x00, 0x10, 0xCB, 0x01, 0x00, 0x26, 0x00, 0x00, 0x00, 0x02, 0x80, 0x00, 0x00, 0x28,
	0x0B, 0x00, 0x00, 0x29, 0x1E, 0xC8, 0xCC, 0x20, 0x70, 0x02, 0x12, 0x68, 0x80, 0x00, 0x00, 0x16,
	0x00, 0x00, 0x00, 0x03, 0x00, 0x0A, 0x00, 0x00, 0xCD, 0x01, 0x00, 0x26, 0x00, 0x00, 0x80, 0x02,
	0x80, 0x00, 0x00, 0x00, 0x0B, 0x00, 0x00, 0x29, 0x28, 0xC8, 0xCC, 0x20, 0x70, 0x02, 0x00, 0x00,
	0x80, 0x00, 0x00, 0x40, 0x03, 0x46, 0x00, 0x00, 0x00, 0x00, 0x00, 0x00, 0x00, 0x00, 0x00, 0xDC,
	0xC0, 0xE1, 0x80, 0x01, 0x00, 0x00, 0x00, 0x00, 0x00, 0xC0, 0x0B, 0x2E, 0xC0, 0x75, 0x00, 0x00,
	0x00, 0x1E, 0x80, 0x01, 0x2C, 0x01, 0x00, 0x00, 0x00, 0x00, 0x00, 0x00, 0x00, 0x00, 0x00, 0x00,
	0x00, 0x00, 0x00, 0x00, 0x00, 0x14, 0x00, 0x00, 0x00, 0x00, 0x00, 0x00, 0x00, 0x00, 0x00, 0x0E,
	0x80, 0x73, 0x00, 0x00, 0x00, 0x1E, 0x00, 0x01, 0x0A, 0x00, 0x00, 0x28, 0x00, 0x00, 0x00, 0x00,
	0x00, 0x00, 0x00, 0x00, 0x00, 0x00, 0x00, 0x38, 0x00, 0x00, 0x00, 0x00, 0x00, 0x00, 0x00, 0x00,
	0x00, 0x84, 0x33, 0x16, 0x20, 0x01, 0x00, 0x03, 0x00, 0x0A, 0x00, 0x10, 0xC3, 0x01, 0x00, 0x26,
	0x00, 0x00, 0x80, 0x00, 0x80, 0x00, 0x00, 0x3C, 0x0B, 0x00, 0x00, 0x29, 0x00, 0xC8, 0xCC, 0x20,
	0x70, 0x02, 0x12, 0x7C, 0x80, 0x00, 0x00, 0x16, 0x00, 0x00, 0x00, 0x01, 0x00, 0x0A, 0x00, 0x00,
	0xC6, 0x01, 0x00, 0x26, 0x00, 0x00, 0x00, 0x01, 0x80, 0x00, 0x00, 0x14, 0x0B, 0x00, 0x00, 0x29,
	0x0A, 0xC8, 0xCC, 0x20, 0x70, 0x02, 0x00, 0x14, 0x80, 0x00, 0x00, 0x16, 0x20, 0x01, 0x00, 0x03,
	0x00, 0x0A, 0x00, 0x10, 0xC8, 0x01, 0x00, 0x26, 0x00, 0x00, 0x80, 0x01, 0x80, 0x00, 0x00, 0x28,
	0x0B, 0x00, 0x00, 0x29, 0x14, 0xC8, 0xCC, 0x20, 0x70, 0x02, 0x12, 0x68, 0x80, 0x00, 0x00, 0x16,
	0x00, 0x00, 0x00, 0x01, 0x00, 0x0A, 0x00, 0x00, 0xCB, 0x01, 0x00, 0x26, 0x00, 0x00, 0x00, 0x02,
	0x80, 0x00, 0x00, 0x00, 0x0B, 0x00, 0x00, 0x29, 0x1E, 0xC8, 0xCC, 0x20, 0x70, 0x02, 0x00, 0x00,
	0x80, 0x00, 0x00, 0x16, 0x20, 0x01, 0x00, 0x03, 0x00, 0x0A, 0x00, 0x10, 0xCD, 0x01, 0x00, 0x26,
	0x00, 0x00, 0x80, 0x02, 0x80, 0x00, 0x00, 0x3C, 0x0B, 0x00, 0x00, 0x29, 0x28, 0xC8, 0xCC, 0x20,
	0x70, 0x02, 0x12, 0x7C, 0x80, 0x00, 0x00, 0x40, 0x03, 0x46, 0x00, 0x00, 0x00, 0x00, 0x00, 0x00,
	0x00, 0x00, 0x00, 0xDC, 0xC0, 0xE1, 0x80, 0x01, 0x00, 0x00, 0x00, 0x00, 0x00, 0xC0, 0x0B, 0x2E,
	0xC0, 0x75, 0x00, 0x00, 0x00, 0x1E, 0x80, 0x01, 0x36, 0x01, 0x00, 0x00, 0x00, 0x00, 0x00, 0x00,
	0x00, 0x00, 0x00, 0x00, 0x00, 0x00, 0x00, 0x00, 0x00, 0x14, 0x00, 0x00, 0x00, 0x00, 0x00, 0x00,
	0x00, 0x00, 0x00, 0x0E, 0x80, 0x73, 0x00, 0x00, 0x00, 0x1E, 0x00, 0x01, 0x14, 0x00, 0x00, 0x28,
	0x00, 0x00, 0x00, 0x00, 0x00, 0x00, 0x00, 0x00, 0x00, 0x00, 0x00, 0x38, 0x00, 0x00, 0x00, 0x00,
	0x00, 0x00, 0x00, 0x00, 0x00, 0x84, 0x33, 0x16, 0x00, 0x00, 0x00, 0x03, 0x00, 0x0A, 0x00, 0x00,
	0xC3, 0x01, 0x00, 0x26, 0x00, 0x00, 0x80, 0x00, 0x80, 0x00, 0x00, 0x14, 0x0B, 0x00, 0x00, 0x29,
	0x00, 0xC8, 0xCC, 0x20, 0x70, 0x02, 0x00, 0x14, 0x80, 0x00, 0x00, 0x16, 0x20, 0x01, 0x00, 0x01,
	0x00, 0x0A, 0x00, 0x10, 0xC6, 0x01, 0x00, 0x26, 0x00, 0x00, 0x00, 0x01, 0x80, 0x00, 0x00, 0x28,
	0x0B, 0x00, 0x00, 0x29, 0x0A, 0xC8, 0xCC, 0x20, 0x70, 0x02, 0x12, 0x68, 0x80, 0x00, 0x00, 0x16,
	0x00, 0x00, 0x00, 0x03, 0x00, 0x0A, 0x00, 0x00, 0xC8, 0x01, 0x00, 0x26, 0x00, 0x00, 0x80, 0x01,
	0x80, 0x00, 0x00, 0x00, 0x0B, 0x00, 0x00, 0x29, 0x14, 0xC8, 0xCC, 0x20, 0x70, 0x02, 0x00, 0x00,
	0x80, 0x00, 0x00, 0x16, 0x20, 0x01, 0x00, 0x01, 0x00, 0x0A, 0x00, 0x10, 0xCB, 0x01, 0x00, 0x26,
	0x00, 0x00, 0x00, 0x02, 0x80, 0x00, 0x00, 0x3C, 0x0B, 0x00, 0x00, 0x29, 0x1E, 0xC8, 0xCC, 0x20,
	0x70, 0x02, 0x12, 0x7C, 0x80, 0x00, 0x00, 0x16, 0x00, 0x00, 0x00, 0x03, 0x00, 0x0A, 0x00, 0x00,
	0xCD, 0x01, 0x00, 0x26, 0x00, 0x00, 0x80, 0x02, 0x80, 0x00, 0x00, 0x14, 0x0B, 0x00, 0x00, 0x29,
	0x28, 0xC8, 0xCC, 0x20, 0x70, 0x02, 0x00, 0x14, 0x80, 0x00, 0x00, 0x40, 0x03, 0x46, 0x00, 0x00,
	0x00, 0x00, 0x00, 0x00, 0x00, 0x00, 0x00, 0xDC, 0xC0, 0xE1, 0x80, 0x01, 0x00, 0x00, 0x00, 0x00,
	0x00, 0xC0, 0x0B, 0x2E, 0xC0, 0x75, 0x00, 0x00, 0x00, 0x1E, 0x80, 0x01, 0x40, 0x01, 0x00, 0x00,
	0x00, 0x00, 0x00, 0x00, 0x00, 0x00, 0x00, 0x00, 0x00, 0x00, 0x00, 0x00, 0x00, 0x14, 0x00, 0x00,
	0x00, 0x00, 0x00, 0x00, 0x00, 0x00, 0x00, 0x00, 0x00, 0x00, 0x00, 0x00, 0x00, 0x00, 0x00, 0x00,
	0x00, 0x00, 0x00, 0x00, 0x00, 0x14, 0x00, 0x00, 0x00, 0x00, 0x00, 0x00, 0x00, 0x00, 0x00, 0x0E,
	0xC0, 0x75, 0x00, 0x00, 0x00, 0x1E, 0x80, 0x01, 0x28, 0x05, 0x00, 0x0D, 0x00, 0xE0, 0x00, 0x00,
	0x00, 0x07, 0x00, 0x00, 0x00, 0x80, 0x01, 0x0E, 0xC0, 0x75, 0x00, 0x00, 0x00, 0x1E, 0x80, 0x01,
	0x2C, 0x01, 0x00, 0x0D, 0x40, 0xE2, 0x00, 0x00, 0x00, 0x07, 0x00, 0x00, 0x00, 0x82, 0x01, 0x28,
	0x00, 0x00, 0x00, 0x00, 0x00, 0x00, 0x00, 0x00, 0x00, 0x00, 0x00, 0x38, 0x00, 0x00, 0x00, 0x00,
	0x00, 0x00, 0x00, 0x00, 0x00, 0x84, 0x33, 0x16, 0x20, 0x01, 0x00, 0x01, 0x00, 0x0A, 0x00, 0x10,
	0xD0, 0x01, 0x00, 0x26, 0x00, 0x00, 0x00, 0x03, 0x80, 0x00, 0x00, 0x28, 0x0B, 0x00, 0x00, 0x29,
	0x9C, 0xC8, 0xE4, 0x20, 0x00, 0x00, 0x12, 0x68, 0x80, 0x00, 0x00, 0x16, 0x00, 0x00, 0x00, 0x03,
	0x00, 0x0A, 0x00, 0x00, 0xD2, 0x01, 0x00, 0x26, 0x00, 0x00, 0x80, 0x03, 0x80, 0x00, 0x00, 0x00,
	0x0B, 0x00, 0x00, 0x29, 0xA6, 0xC8, 0xE4, 0x20, 0x00, 0x00, 0x00, 0x00, 0x80, 0x00, 0x00, 0x16,
	0x20, 0x01, 0x00, 0x01, 0x00, 0x0A, 0x00, 0x10, 0xD5, 0x01, 0x00, 0x26, 0x00, 0x00, 0x00, 0x00,
	0x80, 0x00, 0x00, 0x3C, 0x0C, 0x00, 0x00, 0x29, 0xB0, 0xC8, 0xE4, 0x20, 0x00, 0x00, 0x12, 0x7C,
	0x80, 0x00, 0x00, 0x16, 0x00, 0x00, 0x00, 0x03, 0x00, 0x0A, 0x00, 0x00, 0xD7, 0x01, 0x00, 0x26,
	0x00, 0x00, 0x80, 0x00, 0x80, 0x00, 0x00, 0x14, 0x0C, 0x00, 0x00, 0x29, 0xBA, 0xC8, 0xE4, 0x20,
	0x00, 0x00, 0x00, 0x14, 0x80, 0x00, 0x00, 0x16, 0x20, 0x01, 0x00, 0x01, 0x00, 0x0A, 0x00, 0x10,
	0xDA, 0x01, 0x00, 0x26, 0x00, 0x00, 0x00, 0x01, 0x80, 0x00, 0x00, 0x28, 0x0C, 0x00, 0x00, 0x29,
	0xC4, 0xC8, 0xE4, 0x20, 0x00, 0x00, 0x12, 0x68, 0x80, 0x00, 0x00, 0x16, 0x00, 0x00, 0x00, 0x03,
	0x00, 0x0A, 0x00, 0x00, 0xDC, 0x01, 0x00, 0x26, 0x00, 0x00, 0x80, 0x01, 0x80, 0x00, 0x00, 0x00,
	0x0C, 0x00, 0x00, 0x29, 0xCE, 0xC8, 0xE4, 0x20, 0x00, 0x00, 0x00, 0x00, 0x80, 0x00, 0x00, 0x16,
	0x20, 0x01, 0x00, 0x01, 0x00, 0x0A, 0x00, 0x10, 0xDF, 0x01, 0x00, 0x26, 0x00, 0x00, 0x00, 0x02,
	0x80, 0x00, 0x00, 0x3C, 0x0C, 0x00, 0x00, 0x29, 0xD8, 0xC8, 0xE4, 0x20, 0x00, 0x00, 0x12, 0x7C,
	0x80, 0x00, 0x00, 0x16, 0x00, 0x00, 0x00, 0x03, 0x00, 0x0A, 0x00, 0x00, 0xE1, 0x01, 0x00, 0x26,
	0x00, 0x00, 0x80, 0x02, 0x80, 0x00, 0x00, 0x14, 0x0C, 0x00, 0x00, 0x29, 0xE2, 0xC8, 0xE4, 0x20,
	0x00, 0x00, 0x00, 0x14, 0x80, 0x00, 0x00, 0x16, 0x20, 0x01, 0x00, 0x01, 0x00, 0x0A, 0x00, 0x10,
	0xE4, 0x01, 0x00, 0x26, 0x00, 0x00, 0x00, 0x03, 0x80, 0x00, 0x00, 0x28, 0x0C, 0x00, 0x00, 0x29,
	0xEC, 0xC8, 0xE4, 0x20, 0x00, 0x00, 0x12, 0x68, 0x80, 0x00, 0x00, 0x16, 0x00, 0x00, 0x00, 0x03,
	0x00, 0x0A, 0x00, 0x00, 0xE6, 0x01, 0x00, 0x26, 0x00, 0x00, 0x80, 0x03, 0x80, 0x00, 0x00, 0x00,
	0x0C, 0x00, 0x00, 0x29, 0xF6, 0xC8, 0xE4, 0x20, 0x00, 0x00, 0x00, 0x00, 0x80, 0x00, 0x00, 0x2E,
	0x80, 0x73, 0x00, 0x00, 0x00, 0x1E, 0x00, 0x01, 0x00, 0x00, 0x00, 0x00, 0x00, 0x00, 0x00, 0x00,
	0x00, 0x00, 0x00, 0x00, 0x00, 0x00, 0x00, 0x00, 0x00, 0x14, 0x00, 0x00, 0x00, 0x00, 0x00, 0x00,
	0x00, 0x00, 0x00, 0x0E, 0xC0, 0x75, 0x00, 0x00, 0x00, 0x1E, 0x80, 0x01, 0x32, 0x05, 0x00, 0x0D,
	0x00, 0xE0, 0x00, 0x00, 0x00, 0x07, 0x00, 0x00, 0x00, 0x80, 0x01, 0x0E, 0xC0, 0x75, 0x00, 0x00,
	0x00, 0x1E, 0x80, 0x01, 0x36, 0x01, 0x00, 0x0D, 0x40, 0xE2, 0x00, 0x00, 0x00, 0x07, 0x00, 0x00,
	0x00, 0x82, 0x01, 0x28, 0x00, 0x00, 0x00, 0x00, 0x00, 0x00, 0x00, 0x00, 0x00, 0x00, 0x00, 0x38,
	0x00, 0x00, 0x00, 0x00, 0x00, 0x00, 0x00, 0x00, 0x00, 0x84, 0x33, 0x16, 0x20, 0x01, 0x00, 0x01,
	0x00, 0x0A, 0x00, 0x10, 0xD0, 0x01, 0x00, 0x26, 0x00, 0x00, 0x00, 0x03, 0x80, 0x00, 0x00, 0x3C,
	0x0B, 0x00, 0x00, 0x29, 0x9C, 0xC8, 0xE4, 0x20, 0x00, 0x00, 0x12, 0x7C, 0x80, 0x00, 0x00, 0x16,
	0x00, 0x00, 0x00, 0x03, 0x00, 0x0A, 0x00, 0x00, 0xD2, 0x01, 0x00, 0x26, 0x00, 0x00, 0x80, 0x03,
	0x80, 0x00, 0x00, 0x14, 0x0B, 0x00, 0x00, 0x29, 0xA6, 0xC8, 0xE4, 0x20, 0x00, 0x00, 0x00, 0x14,
	0x80, 0x00, 0x00, 0x16, 0x20, 0x01, 0x00, 0x01, 0x00, 0x0A, 0x00, 0x10, 0xD5, 0x01, 0x00, 0x26,
	0x00, 0x00, 0x00, 0x00, 0x80, 0x00, 0x00, 0x28, 0x0C, 0x00, 0x00, 0x29, 0xB0, 0xC8, 0xE4, 0x20,
	0x00, 0x00, 0x12, 0x68, 0x80, 0x00, 0x00, 0x16, 0x00, 0x00, 0x00, 0x03, 0x00, 0x0A, 0x00, 0x00,
	0xD7, 0x01, 0x00, 0x26, 0x00, 0x00, 0x80, 0x00, 0x80, 0x00, 0x00, 0x00, 0x0C, 0x00, 0x00, 0x29,
	0xBA, 0xC8, 0xE4, 0x20, 0x00, 0x00, 0x00, 0x00, 0x80, 0x00, 0x00, 0x16, 0x20, 0x01, 0x00, 0x01,
	0x00, 0x0A, 0x00, 0x10, 0xDA, 0x01, 0x00, 0x26, 0x00, 0x00, 0x00, 0x01, 0x80, 0x00, 0x00, 0x3C,
	0x0C, 0x00, 0x00, 0x29, 0xC4, 0xC8, 0xE4, 0x20, 0x00, 0x00, 0x12, 0x7C, 0x80, 0x00, 0x00, 0x16,
	0x00, 0x00, 0x00, 0x03, 0x00, 0x0A, 0x00, 0x00, 0xDC, 0x01, 0x00, 0x26, 0x00, 0x00, 0x80, 0x01,
	0x80, 0x00, 0x00, 0x14, 0x0C, 0x00, 0x00, 0x29, 0xCE, 0xC8, 0xE4, 0x20, 0x00, 0x00, 0x00, 0x14,
	0x80, 0x00, 0x00, 0x16, 0x20, 0x01, 0x00, 0x01, 0x00, 0x0A, 0x00, 0x10, 0xDF, 0x01, 0x00, 0x26,
	0x00, 0x00, 0x00, 0x02, 0x80, 0x00, 0x00, 0x28, 0x0C, 0x00, 0x00, 0x29, 0xD8, 0xC8, 0xE4, 0x20,
	0x00, 0x00, 0x12, 0x68, 0x80, 0x00, 0x00, 0x16, 0x00, 0x00, 0x00, 0x03, 0x00, 0x0A, 0x00, 0x00,
	0xE1, 0x01, 0x00, 0x26, 0x00, 0x00, 0x80, 0x02, 0x80, 0x00, 0x00, 0x00, 0x0C, 0x00, 0x00, 0x29,
	0xE2, 0xC8, 0xE4, 0x20, 0x00, 0x00, 0x00, 0x00, 0x80, 0x00, 0x00, 0x16, 0x20, 0x01, 0x00, 0x01,
	0x00, 0x0A, 0x00, 0x10, 0xE4, 0x01, 0x00, 0x26, 0x00, 0x00, 0x00, 0x03, 0x80, 0x00, 0x00, 0x3C,
	0x0C, 0x00, 0x00, 0x29, 0xEC, 0xC8, 0xE4, 0x20, 0x00, 0x00, 0x12, 0x7C, 0x80, 0x00, 0x00, 0x16,
	0x00, 0x00, 0x00, 0x03, 0x00, 0x0A, 0x00, 0x00, 0xE6, 0x01, 0x00, 0x26, 0x00, 0x00, 0x80, 0x03,
	0x80, 0x00, 0x00, 0x14, 0x0C, 0x00, 0x00, 0x29, 0xF6, 0xC8, 0xE4, 0x20, 0x00, 0x00, 0x00, 0x14,
	0x80, 0x00, 0x00, 0x2E, 0x80, 0x73, 0x00, 0x00, 0x00, 0x1E, 0x00, 0x01, 0x0A, 0x00, 0x00, 0x00,
	0x00, 0x00, 0x00, 0x00, 0x00, 0x00, 0x00, 0x00, 0x00, 0x00, 0x00, 0x00, 0x00, 0x14, 0x00, 0x00,
	0x00, 0x00, 0x00, 0x00, 0x00, 0x00, 0x00, 0x0E, 0xC0, 0x75, 0x00, 0x00, 0x00, 0x1E, 0x80, 0x01,
	0x3C, 0x05, 0x00, 0x0D, 0x00, 0xE0, 0x00, 0x00, 0x00, 0x07, 0x00, 0x00, 0x00, 0x80, 0x01, 0x0E,
	0xC0, 0x75, 0x00, 0x00, 0x00, 0x1E, 0x80, 0x01, 0x40, 0x01, 0x00, 0x0D, 0x40, 0xE2, 0x00, 0x00,
	0x00, 0x07, 0x00, 0x00, 0x00, 0x82, 0x01, 0x28, 0x00, 0x00, 0x00, 0x00, 0x00, 0x00, 0x00, 0x00,
	0x00, 0x00, 0x00, 0x38, 0x00, 0x00, 0x00, 0x00, 0x00, 0x00, 0x00, 0x00, 0x00, 0x84, 0x33, 0x16,
	0x20, 0x01, 0x00, 0x01, 0x00, 0x0A, 0x00, 0x10, 0xD0, 0x01, 0x00, 0x26, 0x00, 0x00, 0x00, 0x03,
	0x80, 0x00, 0x00, 0x28, 0x0B, 0x00, 0x00, 0x29, 0x9C, 0xC8, 0xE4, 0x20, 0x00, 0x00, 0x12, 0x68,
	0x80, 0x00, 0x00, 0x16, 0x00, 0x00, 0x00, 0x03, 0x00, 0x0A, 0x00, 0x00, 0xD2, 0x01, 0x00, 0x26,
	0x00, 0x00, 0x80, 0x03, 0x80, 0x00, 0x00, 0x00, 0x0B, 0x00, 0x00, 0x29, 0xA6, 0xC8, 0xE4, 0x20,
	0x00, 0x00, 0x00, 0x00, 0x80, 0x00, 0x00, 0x16, 0x20, 0x01, 0x00, 0x01, 0x00, 0x0A, 0x00, 0x10,
	0xD5, 0x01, 0x00, 0x26, 0x00, 0x00, 0x00, 0x00, 0x80, 0x00, 0x00, 0x3C, 0x0C, 0x00, 0x00, 0x29,
	0xB0, 0xC8, 0xE4, 0x20, 0x00, 0x00, 0x12, 0x7C, 0x80, 0x00, 0x00, 0x16, 0x00, 0x00, 0x00, 0x03,
	0x00, 0x0A, 0x00, 0x00, 0xD7, 0x01, 0x00, 0x26, 0x00, 0x00, 0x80, 0x00, 0x80, 0x00, 0x00, 0x14,
	0x0C, 0x00, 0x00, 0x29, 0xBA, 0xC8, 0xE4, 0x20, 0x00, 0x00, 0x00, 0x14, 0x80, 0x00, 0x00, 0x16,
	0x20, 0x01, 0x00, 0x01, 0x00, 0x0A, 0x00, 0x10, 0xDA, 0x01, 0x00, 0x26, 0x00, 0x00, 0x00, 0x01,
	0x80, 0x00, 0x00, 0x28, 0x0C, 0x00, 0x00, 0x29, 0xC4, 0xC8, 0xE4, 0x20, 0x00, 0x00, 0x12, 0x68,
	0x80, 0x00, 0x00, 0x16, 0x00, 0x00, 0x00, 0x03, 0x00, 0x0A, 0x00, 0x00, 0xDC, 0x01, 0x00, 0x26,
	0x00, 0x00, 0x80, 0x01, 0x80, 0x00, 0x00, 0x00, 0x0C, 0x00, 0x00, 0x29, 0xCE, 0xC8, 0xE4, 0x20,
	0x00, 0x00, 0x00, 0x00, 0x80, 0x00, 0x00, 0x16, 0x20, 0x01, 0x00, 0x01, 0x00, 0x0A, 0x00, 0x10,
	0xDF, 0x01, 0x00, 0x26, 0x00, 0x00, 0x00, 0x02, 0x80, 0x00, 0x00, 0x3C, 0x0C, 0x00, 0x00, 0x29,
	0xD8, 0xC8, 0xE4, 0x20, 0x00, 0x00, 0x12, 0x7C, 0x80, 0x00, 0x00, 0x16, 0x00, 0x00, 0x00, 0x03,
	0x00, 0x0A, 0x00, 0x00, 0xE1, 0x01, 0x00, 0x26, 0x00, 0x00, 0x80, 0x02, 0x80, 0x00, 0x00, 0x14,
	0x0C, 0x00, 0x00, 0x29, 0xE2, 0xC8, 0xE4, 0x20, 0x00, 0x00, 0x00, 0x14, 0x80, 0x00, 0x00, 0x16,
	0x20, 0x01, 0x00, 0x01, 0x00, 0x0A, 0x00, 0x10, 0xE4, 0x01, 0x00, 0x26, 0x00, 0x00, 0x00, 0x03,
	0x80, 0x00, 0x00, 0x28, 0x0C, 0x00, 0x00, 0x29, 0xEC, 0xC8, 0xE4, 0x20, 0x00, 0x00, 0x12, 0x68,
	0x80, 0x00, 0x00, 0x16, 0x00, 0x00, 0x00, 0x03, 0x00, 0x0A, 0x00, 0x00, 0xE6, 0x01, 0x00, 0x26,
	0x00, 0x00, 0x80, 0x03, 0x80, 0x00, 0x00, 0x00, 0x0C, 0x00, 0x00, 0x29, 0xF6, 0xC8, 0xE4, 0x20,
	0x00, 0x00, 0x00, 0x00, 0x80, 0x00, 0x00, 0x2E, 0x80, 0x73, 0x00, 0x00, 0x00, 0x1E, 0x00, 0x01,
	0x14, 0x00, 0x00, 0x00, 0x00, 0x00, 0x00, 0x00, 0x00, 0x00, 0x00, 0x00, 0x00, 0x00, 0x00, 0x00,
	0x00, 0x14, 0x00, 0x00, 0x00, 0x00, 0x00, 0x00, 0x00, 0x00, 0x00, 0x00, 0x00, 0x00, 0x00, 0x00,
	0x00, 0x00, 0x00, 0x00, 0x00, 0x00, 0x00, 0x00, 0x00, 0x14, 0x00, 0x00, 0x00, 0x00, 0x00, 0x00,
	0x00, 0x00, 0x00, 0x0E, 0x00, 0x70, 0x00, 0x00, 0x00, 0x1E, 0x00, 0x00, 0x00, 0x00, 0x00, 0x28,
	0x00, 0x00, 0x00, 0x00, 0x00, 0x00, 0x00, 0x00, 0x00, 0x00, 0x00, 0x38, 0x00, 0x00, 0x00, 0x00,
	0x00, 0x00, 0x00, 0x00, 0x00, 0x46, 0x33, 0x16, 0x20, 0x01, 0x00, 0x01, 0x00, 0x5A, 0x00, 0x10,
	0xE9, 0x01, 0x00, 0x26, 0x00, 0x00, 0x00, 0x00, 0x80, 0x00, 0x00, 0x3C, 0x0D, 0x00, 0x00, 0x29,
	0xCE, 0xE8, 0xE4, 0x04, 0x00, 0x00, 0x12, 0x7C, 0x80, 0x00, 0x00, 0x16, 0x00, 0x00, 0x00, 0x03,
	0x00, 0x5A, 0x00, 0x00, 0xFF, 0x01, 0x00, 0x26, 0x00, 0x00, 0x80, 0x00, 0x80, 0x00, 0x00, 0x14,
	0x0D, 0x00, 0x00, 0x29, 0xD0, 0xE8, 0xE4, 0x04, 0x00, 0x00, 0x00, 0x14, 0x80, 0x20, 0x00, 0x16,
	0x20, 0x01, 0x00, 0x01, 0x00, 0x5A, 0x00, 0x10, 0x16, 0x02, 0x00, 0x26, 0x00, 0x00, 0x00, 0x01,
	0x80, 0x00, 0x00, 0x28, 0x0D, 0x00, 0x00, 0x29, 0xD3, 0xE8, 0xE4, 0x04, 0x00, 0x00, 0x12, 0x68,
	0x80, 0x00, 0x00, 0x16, 0x00, 0x00, 0x00, 0x03, 0x00, 0x5A, 0x00, 0x00, 0x2C, 0x02, 0x00, 0x26,
	0x00, 0x00, 0x80, 0x01, 0x80, 0x00, 0x00, 0x00, 0x0D, 0x00, 0x00, 0x29, 0xD5, 0xE8, 0xE4, 0x04,
	0x00, 0x00, 0x00, 0x00, 0x80, 0x20, 0x00, 0x16, 0x20, 0x01, 0x00, 0x01, 0x00, 0x5A, 0x00, 0x10,
	0x43, 0x02, 0x00, 0x26, 0x00, 0x00, 0x00, 0x02, 0x80, 0x00, 0x00, 0x3C, 0x0D, 0x00, 0x00, 0x29,
	0xD8, 0xE8, 0xE4, 0x04, 0x00, 0x00, 0x12, 0x7C, 0x80, 0x00, 0x00, 0x16, 0x00, 0x00, 0x00, 0x03,
	0x00, 0x5A, 0x00, 0x00, 0x59, 0x02, 0x00, 0x26, 0x00, 0x00, 0x80, 0x02, 0x80, 0x00, 0x00, 0x14,
	0x0D, 0x00, 0x00, 0x29, 0xDA, 0xE8, 0xE4, 0x04, 0x00, 0x00, 0x00, 0x14, 0x80, 0x20, 0x00, 0x16,
	0x20, 0x01, 0x00, 0x01, 0x00, 0x5A, 0x00, 0x10, 0x70, 0x02, 0x00, 0x26, 0x00, 0x00, 0x00, 0x03,
	0x80, 0x00, 0x00, 0x28, 0x0D, 0x00, 0x00, 0x29, 0xDD, 0xE8, 0xE4, 0x04, 0x00, 0x00, 0x12, 0x68,
	0x80, 0x00, 0x00, 0x16, 0x00, 0x00, 0x00, 0x03, 0x00, 0x5A, 0x00, 0x00, 0x86, 0x02, 0x00, 0x26,
	0x00, 0x00, 0x80, 0x03, 0x80, 0x00, 0x00, 0x00, 0x0D, 0x00, 0x00, 0x29, 0xDF, 0xE8, 0xE4, 0x04,
	0x00, 0x00, 0x00, 0x00, 0x80, 0x20, 0x00, 0x16, 0x20, 0x01, 0x00, 0x01, 0x00, 0x5A, 0x00, 0x10,
	0x9D, 0x02, 0x00, 0x26, 0x00, 0x00, 0x00, 0x00, 0x80, 0x00, 0x00, 0x3C, 0x0E, 0x00, 0x00, 0x29,
	0xE2, 0xE8, 0xE4, 0x04, 0x00, 0x00, 0x12, 0x7C, 0x80, 0x00, 0x00, 0x16, 0x00, 0x00, 0x00, 0x03,
	0x00, 0x5A, 0x00, 0x00, 0xB3, 0x02, 0x00, 0x26, 0x00, 0x00, 0x80, 0x00, 0x80, 0x00, 0x00, 0x14,
	0x0E, 0x00, 0x00, 0x29, 0xE4, 0xE8, 0xE4, 0x04, 0x00, 0x00, 0x00, 0x14, 0x80, 0x20, 0x00, 0x16,
	0x20, 0x01, 0x00, 0x01, 0x00, 0x5A, 0x00, 0x10, 0xCA, 0x02, 0x00, 0x26, 0x00, 0x00, 0x00, 0x01,
	0x80, 0x00, 0x00, 0x28, 0x0E, 0x00, 0x00, 0x29, 0xE7, 0xE8, 0xE4, 0x04, 0x00, 0x00, 0x12, 0x68,
	0x80, 0x00, 0x00, 0x16, 0x00, 0x00, 0x00, 0x03, 0x00, 0x5A, 0x00, 0x00, 0xE0, 0x02, 0x00, 0x26,
	0x00, 0x00, 0x80, 0x01, 0x80, 0x00, 0x00, 0x00, 0x0E, 0x00, 0x00, 0x29, 0xE9, 0xE8, 0xE4, 0x04,
	0x00, 0x00, 0x00, 0x00, 0x80, 0x20, 0x00, 0x16, 0x20, 0x01, 0x00, 0x01, 0x00, 0x5A, 0x00, 0x10,
	0xF7, 0x02, 0x00, 0x26, 0x00, 0x00, 0x00, 0x02, 0x80, 0x00, 0x00, 0x3C, 0x0E, 0x00, 0x00, 0x29,
	0xEC, 0xE8, 0xE4, 0x04, 0x00, 0x00, 0x12, 0x7C, 0x80, 0x00, 0x00, 0x16, 0x00, 0x00, 0x00, 0x03,
	0x00, 0x5A, 0x00, 0x00, 0x0D, 0x03, 0x00, 0x26, 0x00, 0x00, 0x80, 0x02, 0x80, 0x00, 0x00, 0x14,
	0x0E, 0x00, 0x00, 0x29, 0xEE, 0xE8, 0xE4, 0x04, 0x00, 0x00, 0x00, 0x14, 0x80, 0x20, 0x00, 0x16,
	0x20, 0x01, 0x00, 0x01, 0x00, 0x5A, 0x00, 0x10, 0x24, 0x03, 0x00, 0x26, 0x00, 0x00, 0x00, 0x03,
	0x80, 0x00, 0x00, 0x28, 0x0E, 0x00, 0x00, 0x29, 0xF1, 0xE8, 0xE4, 0x04, 0x00, 0x00, 0x12, 0x68,
	0x80, 0x00, 0x00, 0x16, 0x00, 0x00, 0x00, 0x03, 0x00, 0x5A, 0x00, 0x00, 0x3A, 0x03, 0x00, 0x26,
	0x00, 0x00, 0x80, 0x03, 0x80, 0x00, 0x00, 0x00, 0x0E, 0x00, 0x00, 0x29, 0xF3, 0xE8, 0xE4, 0x04,
	0x00, 0x00, 0x00, 0x00, 0x80, 0x20, 0x00, 0x16, 0x20, 0x01, 0x00, 0x01, 0x00, 0x5A, 0x00, 0x10,
	0x51, 0x03, 0x00, 0x26, 0x00, 0x00, 0x00, 0x00, 0x80, 0x00, 0x00, 0x3C, 0x0F, 0x00, 0x00, 0x29,
	0xF6, 0xE8, 0xE4, 0x04, 0x00, 0x00, 0x12, 0x7C, 0x80, 0x00, 0x00, 0x16, 0x00, 0x00, 0x00, 0x03,
	0x00, 0x5A, 0x00, 0x00, 0x67, 0x03, 0x00, 0x26, 0x00, 0x00, 0x80, 0x00, 0x80, 0x00, 0x00, 0x14,
	0x0F, 0x00, 0x00, 0x29, 0xF8, 0xE8, 0xE4, 0x04, 0x00, 0x00, 0x00, 0x14, 0x80, 0x20, 0x00, 0x16,
	0x20, 0x01, 0x00, 0x01, 0x00, 0x5A, 0x00, 0x10, 0x7E, 0x03, 0x00, 0x26, 0x00, 0x00, 0x00, 0x01,
	0x80, 0x00, 0x00, 0x28, 0x0F, 0x00, 0x00, 0x06, 0x00, 0x02, 0x00, 0x00, 0x00, 0x08, 0x00, 0x00,
	0x08, 0x01, 0x00, 0x08, 0x00, 0x00, 0x00, 0x00, 0x00, 0x00, 0x00, 0x00, 0x00, 0x00, 0x00, 0x18,
	0x00, 0x02, 0x00, 0x00, 0x00, 0x00, 0x00, 0x00, 0x00, 0x00, 0x00, 0x29, 0xFB, 0xE8, 0xE4, 0x04,
	0x00, 0x00, 0x12, 0x68, 0x80, 0x00, 0x00, 0x16, 0x00, 0x00, 0x00, 0x03, 0x00, 0x5A, 0x00, 0x00,
	0x94, 0x03, 0x00, 0x26, 0x00, 0x00, 0x80, 0x01, 0x80, 0x00, 0x00, 0x00, 0x0F, 0x00, 0x00, 0x29,
	0xFD, 0xE8, 0xE4, 0x04, 0x00, 0x00, 0x00, 0x00, 0x80, 0x20, 0x00, 0x2E, 0xC0, 0x81, 0x00, 0x00,
	0x80, 0x07, 0x80, 0x01, 0x2C, 0x01, 0x00, 0x00, 0x00, 0x00, 0x00, 0x00, 0x00, 0x00, 0x00, 0x00,
	0x00, 0x00, 0x00, 0x00, 0x00, 0x14, 0x00, 0x00, 0x00, 0x00, 0x00, 0x00, 0x00, 0x00, 0x00, 0x0E,
	0x00, 0x84, 0x00, 0x03, 0x00, 0x1E, 0x00, 0x00, 0x08, 0x00, 0x00, 0x28, 0x00, 0x00, 0x00, 0x00,
	0x00, 0x00, 0x00, 0x00, 0x00, 0x00, 0x00, 0x38, 0x00, 0x00, 0x00, 0x00, 0x00, 0x00, 0x00, 0x00,
	0x00, 0x46, 0x33, 0x16, 0x20, 0x01, 0x00, 0x01, 0x00, 0x5A, 0x00, 0x10, 0xE9, 0x01, 0x00, 0x26,
	0x00, 0x00, 0x00, 0x00, 0x80, 0x00, 0x00, 0x3C, 0x0D, 0x00, 0x00, 0x29, 0xCE, 0xE8, 0xEC, 0x10,
	0x00, 0x00, 0x12, 0x7C, 0x80, 0x00, 0x00, 0x16, 0x00, 0x00, 0x00, 0x03, 0x00, 0x5A, 0x00, 0x00,
	0xFF, 0x01, 0x00, 0x26, 0x00, 0x00, 0x80, 0x00, 0x80, 0x00, 0x00, 0x14, 0x0D, 0x00, 0x00, 0x29,
	0xD0, 0xE8, 0xEC, 0x10, 0x00, 0x00, 0x00, 0x14, 0x80, 0x20, 0x00, 0x16, 0x20, 0x01, 0x00, 0x01,
	0x00, 0x5A, 0x00, 0x10, 0x16, 0x02, 0x00, 0x26, 0x00, 0x00, 0x00, 0x01, 0x80, 0x00, 0x00, 0x28,
	0x0D, 0x00, 0x00, 0x29, 0xD3, 0xE8, 0xEC, 0x10, 0x00, 0x00, 0x12, 0x68, 0x80, 0x00, 0x00, 0x16,
	0x00, 0x00, 0x00, 0x03, 0x00, 0x5A, 0x00, 0x00, 0x2C, 0x02, 0x00, 0x26, 0x00, 0x00, 0x80, 0x01,
	0x80, 0x00, 0x00, 0x00, 0x0D, 0x00, 0x00, 0x29, 0xD5, 0xE8, 0xEC, 0x10, 0x00, 0x00, 0x00, 0x00,
	0x80, 0x20, 0x00, 0x16, 0x20, 0x01, 0x00, 0x01, 0x00, 0x5A, 0x00, 0x10, 0x43, 0x02, 0x00, 0x26,
	0x00, 0x00, 0x00, 0x02, 0x80, 0x00, 0x00, 0x3C, 0x0D, 0x00, 0x00, 0x29, 0xD8, 0xE8, 0xEC, 0x10,
	0x00, 0x00, 0x12, 0x7C, 0x80, 0x00, 0x00, 0x16, 0x00, 0x00, 0x00, 0x03, 0x00, 0x5A, 0x00, 0x00,
	0x59, 0x02, 0x00, 0x26, 0x00, 0x00, 0x80, 0x02, 0x80, 0x00, 0x00, 0x14, 0x0D, 0x00, 0x00, 0x29,
	0xDA, 0xE8, 0xEC, 0x10, 0x00, 0x00, 0x00, 0x14, 0x80, 0x20, 0x00, 0x16, 0x20, 0x01, 0x00, 0x01,
	0x00, 0x5A, 0x00, 0x10, 0x70, 0x02, 0x00, 0x26, 0x00, 0x00, 0x00, 0x03, 0x80, 0x00, 0x00, 0x28,
	0x0D, 0x00, 0x00, 0x29, 0xDD, 0xE8, 0xEC, 0x10, 0x00, 0x00, 0x12, 0x68, 0x80, 0x00, 0x00, 0x16,
	0x00, 0x00, 0x00, 0x03, 0x00, 0x5A, 0x00, 0x00, 0x86, 0x02, 0x00, 0x26, 0x00, 0x00, 0x80, 0x03,
	0x80, 0x00, 0x00, 0x00, 0x0D, 0x00, 0x00, 0x29, 0xDF, 0xE8, 0xEC, 0x10, 0x00, 0x00, 0x00, 0x00,
	0x80, 0x20, 0x00, 0x16, 0x20, 0x01, 0x00, 0x01, 0x00, 0x5A, 0x00, 0x10, 0x9D, 0x02, 0x00, 0x26,
	0x00, 0x00, 0x00, 0x00, 0x80, 0x00, 0x00, 0x3C, 0x0E, 0x00, 0x00, 0x29, 0xE2, 0xE8, 0xEC, 0x10,
	0x00, 0x00, 0x12, 0x7C, 0x80, 0x00, 0x00, 0x16, 0x00, 0x00, 0x00, 0x03, 0x00, 0x5A, 0x00, 0x00,
	0xB3, 0x02, 0x00, 0x26, 0x00, 0x00, 0x80, 0x00, 0x80, 0x00, 0x00, 0x14, 0x0E, 0x00, 0x00, 0x29,
	0xE4, 0xE8, 0xEC, 0x10, 0x00, 0x00, 0x00, 0x14, 0x80, 0x20, 0x00, 0x16, 0x20, 0x01, 0x00, 0x01,
	0x00, 0x5A, 0x00, 0x10, 0xCA, 0x02, 0x00, 0x26, 0x00, 0x00, 0x00, 0x01, 0x80, 0x00, 0x00, 0x28,
	0x0E, 0x00, 0x00, 0x29, 0xE7, 0xE8, 0xEC, 0x10, 0x00, 0x00, 0x12, 0x68, 0x80, 0x00, 0x00, 0x16,
	0x00, 0x00, 0x00, 0x03, 0x00, 0x5A, 0x00, 0x00, 0xE0, 0x02, 0x00, 0x26, 0x00, 0x00, 0x80, 0x01,
	0x80, 0x00, 0x00, 0x00, 0x0E, 0x00, 0x00, 0x29, 0xE9, 0xE8, 0xEC, 0x10, 0x00, 0x00, 0x00, 0x00,
	0x80, 0x20, 0x00, 0x16, 0x20, 0x01, 0x00, 0x01, 0x00, 0x5A, 0x00, 0x10, 0xF7, 0x02, 0x00, 0x26,
	0x00, 0x00, 0x00, 0x02, 0x80, 0x00, 0x00, 0x3C, 0x0E, 0x00, 0x00, 0x29, 0xEC, 0xE8, 0xEC, 0x10,
	0x00, 0x00, 0x12, 0x7C, 0x80, 0x00, 0x00, 0x16, 0x00, 0x00, 0x00, 0x03, 0x00, 0x5A, 0x00, 0x00,
	0x0D, 0x03, 0x00, 0x26, 0x00, 0x00, 0x80, 0x02, 0x80, 0x00, 0x00, 0x14, 0x0E, 0x00, 0x00, 0x29,
	0xEE, 0xE8, 0xEC, 0x10, 0x00, 0x00, 0x00, 0x14, 0x80, 0x20, 0x00, 0x16, 0x20, 0x01, 0x00, 0x01,
	0x00, 0x5A, 0x00, 0x10, 0x24, 0x03, 0x00, 0x26, 0x00, 0x00, 0x00, 0x03, 0x80, 0x00, 0x00, 0x28,
	0x0E, 0x00, 0x00, 0x29, 0xF1, 0xE8, 0xEC, 0x10, 0x00, 0x00, 0x12, 0x68, 0x80, 0x00, 0x00, 0x16,
	0x00, 0x00, 0x00, 0x03, 0x00, 0x5A, 0x00, 0x00, 0x3A, 0x03, 0x00, 0x26, 0x00, 0x00, 0x80, 0x03,
	0x80, 0x00, 0x00, 0x00, 0x0E, 0x00, 0x00, 0x29, 0xF3, 0xE8, 0xEC, 0x10, 0x00, 0x00, 0x00, 0x00,
	0x80, 0x20, 0x00, 0x16, 0x20, 0x01, 0x00, 0x01, 0x00, 0x5A, 0x00, 0x10, 0x51, 0x03, 0x00, 0x26,
	0x00, 0x00, 0x00, 0x00, 0x80, 0x00, 0x00, 0x3C, 0x0F, 0x00, 0x00, 0x29, 0xF6, 0xE8, 0xEC, 0x10,
	0x00, 0x00, 0x12, 0x7C, 0x80, 0x00, 0x00, 0x16, 0x00, 0x00, 0x00, 0x03, 0x00, 0x5A, 0x00, 0x00,
	0x67, 0x03, 0x00, 0x26, 0x00, 0x00, 0x80, 0x00, 0x80, 0x00, 0x00, 0x14, 0x0F, 0x00, 0x00, 0x29,
	0xF8, 0xE8, 0xEC, 0x10, 0x00, 0x00, 0x00, 0x14, 0x80, 0x20, 0x00, 0x16, 0x20, 0x01, 0x00, 0x01,
	0x00, 0x5A, 0x00, 0x10, 0x7E, 0x03, 0x00, 0x26, 0x00, 0x00, 0x00, 0x01, 0x80, 0x00, 0x00, 0x28,
	0x0F, 0x00, 0x00, 0x29, 0xFB, 0xE8, 0xEC, 0x10, 0x00, 0x00, 0x12, 0x68, 0x80, 0x00, 0x00, 0x16,
	0x00, 0x00, 0x00, 0x03, 0x00, 0x5A, 0x00, 0x00, 0x94, 0x03, 0x00, 0x26, 0x00, 0x00, 0x80, 0x01,
	0x80, 0x00, 0x00, 0x00, 0x0F, 0x00, 0x00, 0x29, 0xFD, 0xE8, 0xEC, 0x10, 0x00, 0x00, 0x00, 0x00,
	0x80, 0x20, 0x00, 0x2E, 0xC0, 0x81, 0x00, 0x02, 0x80, 0x07, 0x80, 0x01, 0x2E, 0x01, 0x00, 0x00,
	0x00, 0x00, 0x00, 0x00, 0x00, 0x00, 0x00, 0x00, 0x00, 0x00, 0x00, 0x00, 0x00, 0x14, 0x00, 0x00,
	0x00, 0x00, 0x00, 0x00, 0x00, 0x00, 0x00, 0x0E, 0x00, 0x84, 0x00, 0x03, 0x00, 0x1E, 0x00, 0x00,
	0x12, 0x00, 0x00, 0x28, 0x00, 0x00, 0x00, 0x00, 0x00, 0x00, 0x00, 0x00, 0x00, 0x00, 0x00, 0x38,
	0x00, 0x00, 0x00, 0x00, 0x00, 0x00, 0x00, 0x00, 0x00, 0x46, 0x33, 0x16, 0x20, 0x01, 0x00, 0x01,
	0x00, 0x5A, 0x00, 0x10, 0xE9, 0x01, 0x00, 0x26, 0x00, 0x00, 0x00, 0x00, 0x80, 0x00, 0x00, 0x3C,
	0x0D, 0x00, 0x00, 0x29, 0xCE, 0xE8, 0xEC, 0x10, 0x00, 0x00, 0x12, 0x7C, 0x80, 0x00, 0x00, 0x16,
	0x00, 0x00, 0x00, 0x03, 0x00, 0x5A, 0x00, 0x00, 0xFF, 0x01, 0x00, 0x26, 0x00, 0x00, 0x80, 0x00,
	0x80, 0x00, 0x00, 0x14, 0x0D, 0x00, 0x00, 0x29, 0xD0, 0xE8, 0xEC, 0x10, 0x00, 0x00, 0x00, 0x14,
	0x80, 0x20, 0x00, 0x16, 0x20, 0x01, 0x00, 0x01, 0x00, 0x5A, 0x00, 0x10, 0x16, 0x02, 0x00, 0x26,
	0x00, 0x00, 0x00, 0x01, 0x80, 0x00, 0x00, 0x28, 0x0D, 0x00, 0x00, 0x29, 0xD3, 0xE8, 0xEC, 0x10,
	0x00, 0x00, 0x12, 0x68, 0x80, 0x00, 0x00, 0x16, 0x00, 0x00, 0x00, 0x03, 0x00, 0x5A, 0x00, 0x00,
	0x2C, 0x02, 0x00, 0x26, 0x00, 0x00, 0x80, 0x01, 0x80, 0x00, 0x00, 0x00, 0x0D, 0x00, 0x00, 0x29,
	0xD5, 0xE8, 0xEC, 0x10, 0x00, 0x00, 0x00, 0x00, 0x80, 0x20, 0x00, 0x16, 0x20, 0x01, 0x00, 0x01,
	0x00, 0x5A, 0x00, 0x10, 0x43, 0x02, 0x00, 0x26, 0x00, 0x00, 0x00, 0x02, 0x80, 0x00, 0x00, 0x3C,
	0x0D, 0x00, 0x00, 0x29, 0xD8, 0xE8, 0xEC, 0x10, 0x00, 0x00, 0x12, 0x7C, 0x80, 0x00, 0x00, 0x16,
	0x00, 0x00, 0x00, 0x03, 0x00, 0x5A, 0x00, 0x00, 0x59, 0x02, 0x00, 0x26, 0x00, 0x00, 0x80, 0x02,
	0x80, 0x00, 0x00, 0x14, 0x0D, 0x00, 0x00, 0x29, 0xDA, 0xE8, 0xEC, 0x10, 0x00, 0x00, 0x00, 0x14,
	0x80, 0x20, 0x00, 0x16, 0x20, 0x01, 0x00, 0x01, 0x00, 0x5A, 0x00, 0x10, 0x70, 0x02, 0x00, 0x26,
	0x00, 0x00, 0x00, 0x03, 0x80, 0x00, 0x00, 0x28, 0x0D, 0x00, 0x00, 0x29, 0xDD, 0xE8, 0xEC, 0x10,
	0x00, 0x00, 0x12, 0x68, 0x80, 0x00, 0x00, 0x16, 0x00, 0x00, 0x00, 0x03, 0x00, 0x5A, 0x00, 0x00,
	0x86, 0x02, 0x00, 0x26, 0x00, 0x00, 0x80, 0x03, 0x80, 0x00, 0x00, 0x00, 0x0D, 0x00, 0x00, 0x29,
	0xDF, 0xE8, 0xEC, 0x10, 0x00, 0x00, 0x00, 0x00, 0x80, 0x20, 0x00, 0x16, 0x20, 0x01, 0x00, 0x01,
	0x00, 0x5A, 0x00, 0x10, 0x9D, 0x02, 0x00, 0x26, 0x00, 0x00, 0x00, 0x00, 0x80, 0x00, 0x00, 0x3C,
	0x0E, 0x00, 0x00, 0x29, 0xE2, 0xE8, 0xEC, 0x10, 0x00, 0x00, 0x12, 0x7C, 0x80, 0x00, 0x00, 0x16,
	0x00, 0x00, 0x00, 0x03, 0x00, 0x5A, 0x00, 0x00, 0xB3, 0x02, 0x00, 0x26, 0x00, 0x00, 0x80, 0x00,
	0x80, 0x00, 0x00, 0x14, 0x0E, 0x00, 0x00, 0x29, 0xE4, 0xE8, 0xEC, 0x10, 0x00, 0x00, 0x00, 0x14,
	0x80, 0x20, 0x00, 0x16, 0x20, 0x01, 0x00, 0x01, 0x00, 0x5A, 0x00, 0x10, 0xCA, 0x02, 0x00, 0x26,
	0x00, 0x00, 0x00, 0x01, 0x80, 0x00, 0x00, 0x28, 0x0E, 0x00, 0x00, 0x29, 0xE7, 0xE8, 0xEC, 0x10,
	0x00, 0x00, 0x12, 0x68, 0x80, 0x00, 0x00, 0x16, 0x00, 0x00, 0x00, 0x03, 0x00, 0x5A, 0x00, 0x00,
	0xE0, 0x02, 0x00, 0x26, 0x00, 0x00, 0x80, 0x01, 0x80, 0x00, 0x00, 0x00, 0x0E, 0x00, 0x00, 0x29,
	0xE9, 0xE8, 0xEC, 0x10, 0x00, 0x00, 0x00, 0x00, 0x80, 0x20, 0x00, 0x16, 0x20, 0x01, 0x00, 0x01,
	0x00, 0x5A, 0x00, 0x10, 0xF7, 0x02, 0x00, 0x26, 0x00, 0x00, 0x00, 0x02, 0x80, 0x00, 0x00, 0x3C,
	0x0E, 0x00, 0x00, 0x29, 0xEC, 0xE8, 0xEC, 0x10, 0x00, 0x00, 0x12, 0x7C, 0x80, 0x00, 0x00, 0x16,
	0x00, 0x00, 0x00, 0x03, 0x00, 0x5A, 0x00, 0x00, 0x0D, 0x03, 0x00, 0x26, 0x00, 0x00, 0x80, 0x02,
	0x80, 0x00, 0x00, 0x14, 0x0E, 0x00, 0x00, 0x29, 0xEE, 0xE8, 0xEC, 0x10, 0x00, 0x00, 0x00, 0x14,
	0x80, 0x20, 0x00, 0x16, 0x20, 0x01, 0x00, 0x01, 0x00, 0x5A, 0x00, 0x10, 0x24, 0x03, 0x00, 0x26,
	0x00, 0x00, 0x00, 0x03, 0x80, 0x00, 0x00, 0x28, 0x0E, 0x00, 0x00, 0x29, 0xF1, 0xE8, 0xEC, 0x10,
	0x00, 0x00, 0x12, 0x68, 0x80, 0x00, 0x00, 0x16, 0x00, 0x00, 0x00, 0x03, 0x00, 0x5A, 0x00, 0x00,
	0x3A, 0x03, 0x00, 0x26, 0x00, 0x00, 0x80, 0x03, 0x80, 0x00, 0x00, 0x00, 0x0E, 0x00, 0x00, 0x29,
	0xF3, 0xE8, 0xEC, 0x10, 0x00, 0x00, 0x00, 0x00, 0x80, 0x20, 0x00, 0x16, 0x20, 0x01, 0x00, 0x01,
	0x00, 0x5A, 0x00, 0x10, 0x51, 0x03, 0x00, 0x26, 0x00, 0x00, 0x00, 0x00, 0x80, 0x00, 0x00, 0x3C,
	0x0F, 0x00, 0x00, 0x29, 0xF6, 0xE8, 0xEC, 0x10, 0x00, 0x00, 0x12, 0x7C, 0x80, 0x00, 0x00, 0x16,
	0x00, 0x00, 0x00, 0x03, 0x00, 0x5A, 0x00, 0x00, 0x67, 0x03, 0x00, 0x26, 0x00, 0x00, 0x80, 0x00,
	0x80, 0x00, 0x00, 0x14, 0x0F, 0x00, 0x00, 0x29, 0xF8, 0xE8, 0xEC, 0x10, 0x00, 0x00, 0x00, 0x14,
	0x80, 0x20, 0x00, 0x16, 0x20, 0x01, 0x00, 0x01, 0x00, 0x5A, 0x00, 0x10, 0x7E, 0x03, 0x00, 0x26,
	0x00, 0x00, 0x00, 0x01, 0x80, 0x00, 0x00, 0x28, 0x0F, 0x00, 0x00, 0x29, 0xFB, 0xE8, 0xEC, 0x10,
	0x00, 0x00, 0x12, 0x68, 0x80, 0x00, 0x00, 0x16, 0x00, 0x00, 0x00, 0x03, 0x00, 0x5A, 0x00, 0x00,
	0x94, 0x03, 0x00, 0x26, 0x00, 0x00, 0x80, 0x01, 0x80, 0x00, 0x00, 0x00, 0x0F, 0x00, 0x00, 0x29,
	0xFD, 0xE8, 0xEC, 0x10, 0x00, 0x00, 0x00, 0x00, 0x80, 0x20, 0x00, 0x2E, 0xC0, 0x81, 0x00, 0x00,
	0x80, 0x07, 0x80, 0x01, 0x31, 0x01, 0x00, 0x00, 0x00, 0x00, 0x00, 0x00, 0x00, 0x00, 0x00, 0x00,
	0x00, 0x00, 0x00, 0x00, 0x00, 0x14, 0x00, 0x00, 0x00, 0x00, 0x00, 0x00, 0x00, 0x00, 0x00, 0x00,
	0x00, 0x00, 0x00, 0x00, 0x00, 0x00, 0x00, 0x00, 0x00, 0x00, 0x00, 0x00, 0x00, 0x14, 0x00, 0x00,
	0x00, 0x00, 0x00, 0x00, 0x00, 0x00, 0x00, 0x0E, 0x00, 0x88, 0x00, 0x00, 0x80, 0x07, 0x00, 0x00,
	0x2C, 0x01, 0x00, 0x28, 0x00, 0x00, 0x00, 0x00, 0x00, 0x00, 0x00, 0x00, 0x00, 0x00, 0x00, 0x38,
	0x00, 0x00, 0x00, 0x00, 0x00, 0x00, 0x00, 0x00, 0x00, 0x46, 0x2B, 0x16, 0x20, 0x01, 0x00, 0x01,
	0x00, 0x14, 0x00, 0x10, 0xAB, 0x03, 0x00, 0x26, 0x00, 0x00, 0x00, 0x02, 0x80, 0x00, 0x00, 0x3C,
	0x0F, 0x00, 0x00, 0x29, 0xDA, 0xF0, 0xF4, 0x20, 0x00, 0x00, 0x12, 0x7C, 0x80, 0x20, 0x00, 0x16,
	0x00, 0x00, 0x00, 0x01, 0x00, 0x14, 0x00, 0x00, 0xB0, 0x03, 0x00, 0x26, 0x00, 0x00, 0x80, 0x02,
	0x80, 0x00, 0x00, 0x14, 0x0F, 0x00, 0x00, 0x29, 0xDE, 0xF0, 0xF4, 0x20, 0x00, 0x00, 0x00, 0x14,
	0x80, 0x10, 0x00, 0x16, 0x20, 0x01, 0x00, 0x01, 0x00, 0x14, 0x00, 0x10, 0xB5, 0x03, 0x00, 0x26,
	0x00, 0x00, 0x00, 0x03, 0x80, 0x00, 0x00, 0x28, 0x0F, 0x00, 0x00, 0x29, 0xE2, 0xF0, 0xF4, 0x20,
	0x00, 0x00, 0x12, 0x68, 0x80, 0x00, 0x00, 0x16, 0x00, 0x00, 0x00, 0x01, 0x00, 0x14, 0x00, 0x00,
	0xBA, 0x03, 0x00, 0x26, 0x00, 0x00, 0x80, 0x03, 0x80, 0x00, 0x00, 0x00, 0x0F, 0x00, 0x00, 0x29,
	0xE5, 0xF0, 0xF4, 0x20, 0x00, 0x00, 0x00, 0x00, 0x80, 0x30, 0x00, 0x16, 0x20, 0x01, 0x00, 0x01,
	0x00, 0x14, 0x00, 0x10, 0xBF, 0x03, 0x00, 0x26, 0x00, 0x00, 0x00, 0x00, 0x80, 0x00, 0x00, 0x3C,
	0x10, 0x00, 0x00, 0x29, 0xE9, 0xF0, 0xF4, 0x20, 0x00, 0x00, 0x12, 0x7C, 0x80, 0x20, 0x00, 0x16,
	0x00, 0x00, 0x00, 0x01, 0x00, 0x14, 0x00, 0x00, 0xC4, 0x03, 0x00, 0x26, 0x00, 0x00, 0x80, 0x00,
	0x80, 0x00, 0x00, 0x14, 0x10, 0x00, 0x00, 0x29, 0xED, 0xF0, 0xF4, 0x20, 0x00, 0x00, 0x00, 0x14,
	0x80, 0x10, 0x00, 0x16, 0x20, 0x01, 0x00, 0x01, 0x00, 0x14, 0x00, 0x10, 0xC9, 0x03, 0x00, 0x26,
	0x00, 0x00, 0x00, 0x01, 0x80, 0x00, 0x00, 0x28, 0x10, 0x00, 0x00, 0x29, 0xF1, 0xF0, 0xF4, 0x20,
	0x00, 0x00, 0x12, 0x68, 0x80, 0x00, 0x00, 0x16, 0x00, 0x00, 0x00, 0x01, 0x00, 0x14, 0x00, 0x00,
	0xCE, 0x03, 0x00, 0x26, 0x00, 0x00, 0x80, 0x01, 0x80, 0x00, 0x00, 0x00, 0x10, 0x00, 0x00, 0x29,
	0xF4, 0xF0, 0xF4, 0x20, 0x00, 0x00, 0x00, 0x00, 0x80, 0x30, 0x00, 0x16, 0x20, 0x01, 0x00, 0x01,
	0x00, 0x14, 0x00, 0x10, 0xD3, 0x03, 0x00, 0x26, 0x00, 0x00, 0x00, 0x02, 0x80, 0x00, 0x00, 0x3C,
	0x10, 0x00, 0x00, 0x29, 0xF8, 0xF0, 0xF4, 0x20, 0x00, 0x00, 0x12, 0x7C, 0x80, 0x20, 0x00, 0x16,
	0x00, 0x00, 0x00, 0x01, 0x00, 0x14, 0x00, 0x00, 0xD8, 0x03, 0x00, 0x26, 0x00, 0x00, 0x80, 0x02,
	0x80, 0x00, 0x00, 0x14, 0x10, 0x00, 0x00, 0x29, 0xFC, 0xF0, 0xF4, 0x20, 0x00, 0x00, 0x00, 0x14,
	0x80, 0x10, 0x00, 0x2E, 0x50, 0x8F, 0x00, 0x00, 0x80, 0x07, 0x80, 0x01, 0xC2, 0x01, 0x00, 0x00,
	0x00, 0x00, 0x00, 0x00, 0x00, 0x00, 0x00, 0x00, 0x00, 0x00, 0x00, 0x00, 0x00, 0x14, 0x00, 0x00,
	0x00, 0x00, 0x00, 0x00, 0x00, 0x00, 0x00, 0x0E, 0x00, 0x88, 0x00, 0x03, 0x80, 0x07, 0x00, 0x00,
	0x2F, 0x01, 0x00, 0x28, 0x00, 0x00, 0x00, 0x00, 0x00, 0x00, 0x00, 0x00, 0x00, 0x00, 0x00, 0x38,
	0x00, 0x00, 0x00, 0x00, 0x00, 0x00, 0x00, 0x00, 0x00, 0x46, 0x2B, 0x16, 0x20, 0x01, 0x00, 0x01,
	0x00, 0x14, 0x00, 0x10, 0xAB, 0x03, 0x00, 0x26, 0x00, 0x00, 0x00, 0x02, 0x80, 0x00, 0x00, 0x28,
	0x0F, 0x00, 0x00, 0x29, 0xDA, 0xF0, 0xF4, 0x20, 0x00, 0x00, 0x12, 0x68, 0x80, 0x20, 0x00, 0x16,
	0x00, 0x00, 0x00, 0x01, 0x00, 0x14, 0x00, 0x00, 0xB0, 0x03, 0x00, 0x26, 0x00, 0x00, 0x80, 0x02,
	0x80, 0x00, 0x00, 0x00, 0x0F, 0x00, 0x00, 0x29, 0xDE, 0xF0, 0xF4, 0x20, 0x00, 0x00, 0x00, 0x00,
	0x80, 0x10, 0x00, 0x16, 0x20, 0x01, 0x00, 0x01, 0x00, 0x14, 0x00, 0x10, 0xB5, 0x03, 0x00, 0x26,
	0x00, 0x00, 0x00, 0x03, 0x80, 0x00, 0x00, 0x3C, 0x0F, 0x00, 0x00, 0x29, 0xE2, 0xF0, 0xF4, 0x20,
	0x00, 0x00, 0x12, 0x7C, 0x80, 0x00, 0x00, 0x16, 0x00, 0x00, 0x00, 0x01, 0x00, 0x14, 0x00, 0x00,
	0xBA, 0x03, 0x00, 0x26, 0x00, 0x00, 0x80, 0x03, 0x80, 0x00, 0x00, 0x14, 0x0F, 0x00, 0x00, 0x29,
	0xE5, 0xF0, 0xF4, 0x20, 0x00, 0x00, 0x00, 0x14, 0x80, 0x30, 0x00, 0x16, 0x20, 0x01, 0x00, 0x01,
	0x00, 0x14, 0x00, 0x10, 0xBF, 0x03, 0x00, 0x26, 0x00, 0x00, 0x00, 0x00, 0x80, 0x00, 0x00, 0x28,
	0x10, 0x00, 0x00, 0x29, 0xE9, 0xF0, 0xF4, 0x20, 0x00, 0x00, 0x12, 0x68, 0x80, 0x20, 0x00, 0x16,
	0x00, 0x00, 0x00, 0x01, 0x00, 0x14, 0x00, 0x00, 0xC4, 0x03, 0x00, 0x26, 0x00, 0x00, 0x80, 0x00,
	0x80, 0x00, 0x00, 0x00, 0x10, 0x00, 0x00, 0x29, 0xED, 0xF0, 0xF4, 0x20, 0x00, 0x00, 0x00, 0x00,
	0x80, 0x10, 0x00, 0x16, 0x20, 0x01, 0x00, 0x01, 0x00, 0x14, 0x00, 0x10, 0xC9, 0x03, 0x00, 0x26,
	0x00, 0x00, 0x00, 0x01, 0x80, 0x00, 0x00, 0x3C, 0x10, 0x00, 0x00, 0x29, 0xF1, 0xF0, 0xF4, 0x20,
	0x00, 0x00, 0x12, 0x7C, 0x80, 0x00, 0x00, 0x16, 0x00, 0x00, 0x00, 0x01, 0x00, 0x14, 0x00, 0x00,
	0xCE, 0x03, 0x00, 0x26, 0x00, 0x00, 0x80, 0x01, 0x80, 0x00, 0x00, 0x14, 0x10, 0x00, 0x00, 0x29,
	0xF4, 0xF0, 0xF4, 0x20, 0x00, 0x00, 0x00, 0x14, 0x80, 0x30, 0x00, 0x16, 0x20, 0x01, 0x00, 0x01,
	0x00, 0x14, 0x00, 0x10, 0xD3, 0x03, 0x00, 0x26, 0x00, 0x00, 0x00, 0x02, 0x80, 0x00, 0x00, 0x28,
	0x10, 0x00, 0x00, 0x29, 0xF8, 0xF0, 0xF4, 0x20, 0x00, 0x00, 0x12, 0x68, 0x80, 0x20, 0x00, 0x16,
	0x00, 0x00, 0x00, 0x01, 0x00, 0x14, 0x00, 0x00, 0xD8, 0x03, 0x00, 0x26, 0x00, 0x00, 0x80, 0x02,
	0x80, 0x00, 0x00, 0x00, 0x10, 0x00, 0x00, 0x29, 0xFC, 0xF0, 0xF4, 0x20, 0x00, 0x00, 0x00, 0x00,
	0x80, 0x10, 0x00, 0x2E, 0x50, 0x8F, 0x00, 0x03, 0x80, 0x07, 0x80, 0x01, 0xC5, 0x01, 0x00, 0x00,
	0x00, 0x00, 0x00, 0x00, 0x00, 0x00, 0x00, 0x00, 0x00, 0x00, 0x00, 0x00, 0x00, 0x14, 0x00, 0x00,
	0x00, 0x00, 0x00, 0x00, 0x00, 0x00, 0x00, 0x66, 0xA0, 0x02, 0x00, 0x00, 0x00, 0x2C, 0x41, 0x01,
	0xC2, 0x01, 0x00, 0x28, 0x00, 0x00, 0x00, 0x00, 0x00, 0x00, 0x00, 0x00, 0x00, 0x00, 0x00, 0x38,
	0x00, 0x00, 0x00, 0x00, 0x00, 0x00, 0x00, 0x00, 0x00, 0x84, 0x33, 0x16, 0x20, 0x01, 0x00, 0x01,
	0x00, 0x0A, 0x00, 0x10, 0xDD, 0x03, 0x00, 0x26, 0x00, 0x00, 0x00, 0x03, 0x80, 0x00, 0x00, 0x3C,
	0x10, 0x00, 0x00, 0x29, 0x00, 0xF8, 0xFC, 0x20, 0xD4, 0x02, 0x12, 0x7C, 0x80, 0x00, 0x00, 0x16,
	0x00, 0x00, 0x00, 0x03, 0x00, 0x0A, 0x00, 0x00, 0xDF, 0x03, 0x00, 0x26, 0x00, 0x00, 0x80, 0x03,
	0x80, 0x00, 0x00, 0x14, 0x10, 0x00, 0x00, 0x29, 0x07, 0xF8, 0xFC, 0x20, 0xD4, 0x02, 0x00, 0x14,
	0x80, 0x20, 0x00, 0x16, 0x20, 0x01, 0x00, 0x01, 0x00, 0x0A, 0x00, 0x10, 0xE2, 0x03, 0x00, 0x26,
	0x00, 0x00, 0x00, 0x00, 0x80, 0x00, 0x00, 0x28, 0x11, 0x00, 0x00, 0x29, 0x0F, 0xF8, 0xFC, 0x20,
	0xD4, 0x02, 0x12, 0x68, 0x80, 0x00, 0x00, 0x16, 0x00, 0x00, 0x00, 0x03, 0x00, 0x0A, 0x00, 0x00,
	0xE4, 0x03, 0x00, 0x26, 0x00, 0x00, 0x80, 0x00, 0x80, 0x00, 0x00, 0x00, 0x11, 0x00, 0x00, 0x29,
	0x16, 0xF8, 0xFC, 0x20, 0xD4, 0x02, 0x00, 0x00, 0x80, 0x20, 0x00, 0x16, 0x20, 0x01, 0x00, 0x01,
	0x00, 0x0A, 0x00, 0x10, 0xE7, 0x03, 0x00, 0x26, 0x00, 0x00, 0x00, 0x01, 0x80, 0x00, 0x00, 0x3C,
	0x11, 0x00, 0x00, 0x29, 0x1E, 0xF8, 0xFC, 0x20, 0xD4, 0x02, 0x12, 0x7C, 0x80, 0x00, 0x00, 0x16,
	0x00, 0x00, 0x00, 0x03, 0x00, 0x0A, 0x00, 0x00, 0xE9, 0x03, 0x00, 0x26, 0x00, 0x00, 0x80, 0x01,
	0x80, 0x00, 0x00, 0x14, 0x11, 0x00, 0x00, 0x29, 0x25, 0xF8, 0xFC, 0x20, 0xD4, 0x02, 0x00, 0x14,
	0x80, 0x20, 0x00, 0x16, 0x20, 0x01, 0x00, 0x01, 0x00, 0x0A, 0x00, 0x10, 0xEC, 0x03, 0x00, 0x26,
	0x00, 0x00, 0x00, 0x02, 0x80, 0x00, 0x00, 0x28, 0x11, 0x00, 0x00, 0x29, 0x2D, 0xF8, 0xFC, 0x20,
	0xD4, 0x02, 0x12, 0x68, 0x80, 0x00, 0x00, 0x16, 0x00, 0x00, 0x00, 0x03, 0x00, 0x0A, 0x00, 0x00,
	0xEE, 0x03, 0x00, 0x26, 0x00, 0x00, 0x80, 0x02, 0x80, 0x00, 0x00, 0x00, 0x11, 0x00, 0x00, 0x29,
	0x34, 0xF8, 0xFC, 0x20, 0xD4, 0x02, 0x00, 0x00, 0x80, 0x20, 0x00, 0x16, 0x20, 0x01, 0x00, 0x01,
	0x00, 0x0A, 0x00, 0x10, 0xF1, 0x03, 0x00, 0x26, 0x00, 0x00, 0x00, 0x03, 0x80, 0x00, 0x00, 0x3C,
	0x11, 0x00, 0x00, 0x29, 0x3C, 0xF8, 0xFC, 0x20, 0xD4, 0x02, 0x12, 0x7C, 0x80, 0x00, 0x00, 0x16,
	0x00, 0x00, 0x00, 0x03, 0x00, 0x0A, 0x00, 0x00, 0xF3, 0x03, 0x00, 0x26, 0x00, 0x00, 0x80, 0x03,
	0x80, 0x00, 0x00, 0x14, 0x11, 0x00, 0x00, 0x29, 0x43, 0xF8, 0xFC, 0x20, 0xD4, 0x02, 0x00, 0x14,
	0x80, 0x20, 0x00, 0x28, 0x00, 0x00, 0x00, 0x00, 0x00, 0x00, 0x00, 0x00, 0x00, 0x00, 0x00, 0x38,
	0x00, 0x00, 0x00, 0x00, 0x00, 0x00, 0x00, 0x00, 0x00, 0x86, 0x33, 0x16, 0x20, 0x01, 0x00, 0x01,
	0x00, 0x5A, 0x00, 0x10, 0xF6, 0x03, 0x00, 0x26, 0x00, 0x00, 0x00, 0x00, 0x80, 0x00, 0x00, 0x28,
	0x12, 0x00, 0x00, 0x29, 0xB5, 0xF8, 0x00, 0x91, 0x00, 0x00, 0x12, 0x68, 0x80, 0x00, 0x00, 0x16,
	0x00, 0x00, 0x00, 0x03, 0x00, 0x5A, 0x00, 0x00, 0x0C, 0x04, 0x00, 0x26, 0x00, 0x00, 0x80, 0x00,
	0x80, 0x00, 0x00, 0x00, 0x12, 0x00, 0x00, 0x29, 0xBC, 0xF8, 0x00, 0x91, 0x00, 0x00, 0x00, 0x00,
	0x80, 0x20, 0x00, 0x16, 0x20, 0x01, 0x00, 0x01, 0x00, 0x5A, 0x00, 0x10, 0x23, 0x04, 0x00, 0x26,
	0x00, 0x00, 0x00, 0x01, 0x80, 0x00, 0x00, 0x3C, 0x12, 0x00, 0x00, 0x29, 0xC4, 0xF8, 0x00, 0x91,
	0x00, 0x00, 0x12, 0x7C, 0x80, 0x00, 0x00, 0x16, 0x00, 0x00, 0x00, 0x03, 0x00, 0x5A, 0x00, 0x00,
	0x39, 0x04, 0x00, 0x26, 0x00, 0x00, 0x80, 0x01, 0x80, 0x00, 0x00, 0x14, 0x12, 0x00, 0x00, 0x29,
	0xCB, 0xF8, 0x00, 0x91, 0x00, 0x00, 0x00, 0x14, 0x80, 0x20, 0x00, 0x16, 0x20, 0x01, 0x00, 0x01,
	0x00, 0x5A, 0x00, 0x10, 0x50, 0x04, 0x00, 0x26, 0x00, 0x00, 0x00, 0x02, 0x80, 0x00, 0x00, 0x28,
	0x12, 0x00, 0x00, 0x29, 0xD3, 0xF8, 0x00, 0x91, 0x00, 0x00, 0x12, 0x68, 0x80, 0x00, 0x00, 0x16,
	0x00, 0x00, 0x00, 0x03, 0x00, 0x5A, 0x00, 0x00, 0x66, 0x04, 0x00, 0x26, 0x00, 0x00, 0x80, 0x02,
	0x80, 0x00, 0x00, 0x00, 0x12, 0x00, 0x00, 0x29, 0xDA, 0xF8, 0x00, 0x91, 0x00, 0x00, 0x00, 0x00,
	0x80, 0x20, 0x00, 0x16, 0x20, 0x01, 0x00, 0x01, 0x00, 0x5A, 0x00, 0x10, 0x7D, 0x04, 0x00, 0x26,
	0x00, 0x00, 0x00, 0x03, 0x80, 0x00, 0x00, 0x3C, 0x12, 0x00, 0x00, 0x29, 0xE2, 0xF8, 0x00, 0x91,
	0x00, 0x00, 0x12, 0x7C, 0x80, 0x00, 0x00, 0x16, 0x00, 0x00, 0x00, 0x03, 0x00, 0x5A, 0x00, 0x00,
	0x93, 0x04, 0x00, 0x26, 0x00, 0x00, 0x80, 0x03, 0x80, 0x00, 0x00, 0x14, 0x12, 0x00, 0x00, 0x29,
	0xE9, 0xF8, 0x00, 0x91, 0x00, 0x00, 0x00, 0x14, 0x80, 0x20, 0x00, 0x16, 0x20, 0x01, 0x00, 0x01,
	0x00, 0x5A, 0x00, 0x10, 0xAA, 0x04, 0x00, 0x26, 0x00, 0x00, 0x00, 0x00, 0x80, 0x00, 0x00, 0x28,
	0x13, 0x00, 0x00, 0x29, 0xF1, 0xF8, 0x00, 0x91, 0x00, 0x00, 0x12, 0x68, 0x80, 0x00, 0x00, 0x16,
	0x00, 0x00, 0x00, 0x03, 0x00, 0x5A, 0x00, 0x00, 0xC0, 0x04, 0x00, 0x26, 0x00, 0x00, 0x80, 0x00,
	0x80, 0x00, 0x00, 0x00, 0x13, 0x00, 0x00, 0x29, 0xF8, 0xF8, 0x00, 0x91, 0x00, 0x00, 0x00, 0x00,
	0x80, 0x20, 0x00, 0x76, 0xA0, 0x02, 0x00, 0x00, 0x00, 0x2C, 0x41, 0x01, 0x0D, 0x02, 0x00, 0x00,
	0x00, 0x00, 0x00, 0x00, 0x00, 0x00, 0x00, 0x00, 0x00, 0x00, 0x00, 0x00, 0x00, 0x14, 0x00, 0x00,
	0x00, 0x00, 0x00, 0x00, 0x00, 0x00, 0x00, 0x0E, 0x00, 0x8C, 0x00, 0x00, 0x80, 0x07, 0x00, 0x00,
	0xC2, 0x01, 0x00, 0x0E, 0xB0, 0x8C, 0x00, 0x00, 0x80, 0x07, 0x40, 0x00, 0x0D, 0x02, 0x00, 0x40,
	0x54, 0x0F, 0x70, 0x66, 0x01, 0x00, 0x00, 0x00, 0x00, 0x00, 0x00, 0x0B, 0x50, 0x07, 0x81, 0x41,
	0x00, 0x00, 0x0B, 0x00, 0x00, 0x9C, 0x1B, 0x2E, 0x50, 0x8F, 0x00, 0x00, 0x80, 0x07, 0x80, 0x01,
	0x58, 0x02, 0x00, 0x00, 0x00, 0x00, 0x00, 0x00, 0x00, 0x00, 0x00, 0x00, 0x00, 0x00, 0x00, 0x00,
	0x00, 0x14, 0x00, 0x00, 0x00, 0x00, 0x00, 0x00, 0x00, 0x00, 0x00, 0x0E, 0x00, 0x8C, 0x00, 0x03,
	0x80, 0x07, 0x00, 0x00, 0xC5, 0x01, 0x00, 0x0E, 0xB0, 0x8C, 0x00, 0x03, 0x80, 0x07, 0x40, 0x00,
	0x10, 0x02, 0x00, 0x40, 0x54, 0x0F, 0x70, 0x66, 0x01, 0x00, 0x00, 0x00, 0x00, 0x00, 0x00, 0x0B,
	0x50, 0x07, 0x81, 0x41, 0x00, 0x00, 0x0B, 0x00, 0x00, 0x9C, 0x1B, 0x2E, 0x50, 0x8F, 0x00, 0x03,
	0x80, 0x07, 0x80, 0x01, 0x5B, 0x02, 0x00, 0x00, 0x00, 0x00, 0x00, 0x00, 0x00, 0x00, 0x00, 0x00,
	0x00, 0x00, 0x00, 0x00, 0x00, 0x14, 0x00, 0x00, 0x00, 0x00, 0x00, 0x00, 0x00, 0x00, 0x00, 0x00,
	0x00, 0x00, 0x00, 0x00, 0x00, 0x00, 0x00, 0x00, 0x00, 0x00, 0x00, 0x00, 0x00, 0x14, 0x00, 0x00,
	0x00, 0x00, 0x00, 0x00, 0x00, 0x00, 0x00, 0x0E, 0xA0, 0x8A, 0x00, 0x00, 0x80, 0x07, 0x40, 0x01,
	0x2C, 0x01, 0x00, 0x28, 0x00, 0x00, 0x00, 0x00, 0x00, 0x00, 0x00, 0x00, 0x00, 0x00, 0x00, 0x38,
	0x00, 0x00, 0x00, 0x00, 0x00, 0x00, 0x00, 0x00, 0x00, 0x04, 0x3B, 0x16, 0x20, 0x01, 0x00, 0x01,
	0x00, 0x14, 0x00, 0x10, 0xD7, 0x04, 0x00, 0x26, 0x00, 0x00, 0x00, 0x01, 0x80, 0x00, 0x00, 0x3C,
	0x13, 0x00, 0x00, 0x29, 0x00, 0xF0, 0xF4, 0x20, 0xD4, 0x02, 0x12, 0x7C, 0x80, 0x00, 0x00, 0x16,
	0x00, 0x00, 0x00, 0x01, 0x00, 0x14, 0x00, 0x00, 0xDC, 0x04, 0x00, 0x26, 0x00, 0x00, 0x80, 0x01,
	0x80, 0x00, 0x00, 0x14, 0x13, 0x00, 0x00, 0x29, 0x03, 0xF0, 0xF4, 0x20, 0xD4, 0x02, 0x00, 0x14,
	0x80, 0x30, 0x00, 0x16, 0x20, 0x01, 0x00, 0x01, 0x00, 0x14, 0x00, 0x10, 0xE1, 0x04, 0x00, 0x26,
	0x00, 0x00, 0x00, 0x02, 0x80, 0x00, 0x00, 0x28, 0x13, 0x00, 0x00, 0x29, 0x07, 0xF0, 0xF4, 0x20,
	0xD4, 0x02, 0x12, 0x68, 0x80, 0x20, 0x00, 0x16, 0x00, 0x00, 0x00, 0x01, 0x00, 0x14, 0x00, 0x00,
	0xE6, 0x04, 0x00, 0x26, 0x00, 0x00, 0x80, 0x02, 0x80, 0x00, 0x00, 0x00, 0x13, 0x00, 0x00, 0x29,
	0x0B, 0xF0, 0xF4, 0x20, 0xD4, 0x02, 0x00, 0x00, 0x80, 0x10, 0x00, 0x16, 0x20, 0x01, 0x00, 0x01,
	0x00, 0x14, 0x00, 0x10, 0xEB, 0x04, 0x00, 0x26, 0x00, 0x00, 0x00, 0x03, 0x80, 0x00, 0x00, 0x3C,
	0x13, 0x00, 0x00, 0x29, 0x0F, 0xF0, 0xF4, 0x20, 0xD4, 0x02, 0x12, 0x7C, 0x80, 0x00, 0x00, 0x16,
	0x00, 0x00, 0x00, 0x01, 0x00, 0x14, 0x00, 0x00, 0xF0, 0x04, 0x00, 0x26, 0x00, 0x00, 0x80, 0x03,
	0x80, 0x00, 0x00, 0x14, 0x13, 0x00, 0x00, 0x29, 0x12, 0xF0, 0xF4, 0x20, 0xD4, 0x02, 0x00, 0x14,
	0x80, 0x30, 0x00, 0x16, 0x20, 0x01, 0x00, 0x01, 0x00, 0x14, 0x00, 0x10, 0xF5, 0x04, 0x00, 0x26,
	0x00, 0x00, 0x00, 0x00, 0x80, 0x00, 0x00, 0x28, 0x14, 0x00, 0x00, 0x29, 0x16, 0xF0, 0xF4, 0x20,
	0xD4, 0x02, 0x12, 0x68, 0x80, 0x20, 0x00, 0x16, 0x00, 0x00, 0x00, 0x01, 0x00, 0x14, 0x00, 0x00,
	0xFA, 0x04, 0x00, 0x26, 0x00, 0x00, 0x80, 0x00, 0x80, 0x00, 0x00, 0x00, 0x14, 0x00, 0x00, 0x29,
	0x1A, 0xF0, 0xF4, 0x20, 0xD4, 0x02, 0x00, 0x00, 0x80, 0x10, 0x00, 0x16, 0x20, 0x01, 0x00, 0x01,
	0x00, 0x14, 0x00, 0x10, 0xFF, 0x04, 0x00, 0x26, 0x00, 0x00, 0x00, 0x01, 0x80, 0x00, 0x00, 0x3C,
	0x14, 0x00, 0x00, 0x29, 0x1E, 0xF0, 0xF4, 0x20, 0xD4, 0x02, 0x12, 0x7C, 0x80, 0x00, 0x00, 0x16,
	0x00, 0x00, 0x00, 0x01, 0x00, 0x14, 0x00, 0x00, 0x04, 0x05, 0x00, 0x26, 0x00, 0x00, 0x80, 0x01,
	0x80, 0x00, 0x00, 0x14, 0x14, 0x00, 0x00, 0x29, 0x21, 0xF0, 0xF4, 0x20, 0xD4, 0x02, 0x00, 0x14,
	0x80, 0x30, 0x00, 0x40, 0xF2, 0x77, 0x00, 0x00, 0x00, 0x00, 0x00, 0x00, 0x00, 0x00, 0x00, 0xDC,
	0x50, 0x07, 0x81, 0x01, 0x00, 0x00, 0x00, 0x00, 0x00, 0xC0, 0x0B, 0x2E, 0x50, 0x8F, 0x00, 0x00,
	0x80, 0x07, 0x80, 0x01, 0xC2, 0x01, 0x00, 0x00, 0x00, 0x00, 0x00, 0x00, 0x00, 0x00, 0x00, 0x00,
	0x00, 0x00, 0x00, 0x00, 0x00, 0x14, 0x00, 0x00, 0x00, 0x00, 0x00, 0x00, 0x00, 0x00, 0x00, 0x0E,
	0xA0, 0x8A, 0x00, 0x03, 0x80, 0x07, 0x40, 0x01, 0x2F, 0x01, 0x00, 0x28, 0x00, 0x00, 0x00, 0x00,
	0x00, 0x00, 0x00, 0x00, 0x00, 0x00, 0x00, 0x38, 0x00, 0x00, 0x00, 0x00, 0x00, 0x00, 0x00, 0x00,
	0x00, 0x04, 0x3B, 0x16, 0x20, 0x01, 0x00, 0x01, 0x00, 0x14, 0x00, 0x10, 0xD7, 0x04, 0x00, 0x26,
	0x00, 0x00, 0x00, 0x01, 0x80, 0x00, 0x00, 0x28, 0x13, 0x00, 0x00, 0x29, 0x00, 0xF0, 0xF4, 0x20,
	0xD4, 0x02, 0x12, 0x68, 0x80, 0x00, 0x00, 0x16, 0x00, 0x00, 0x00, 0x01, 0x00, 0x14, 0x00, 0x00,
	0xDC, 0x04, 0x00, 0x26, 0x00, 0x00, 0x80, 0x01, 0x80, 0x00, 0x00, 0x00, 0x13, 0x00, 0x00, 0x29,
	0x03, 0xF0, 0xF4, 0x20, 0xD4, 0x02, 0x00, 0x00, 0x80, 0x30, 0x00, 0x16, 0x20, 0x01, 0x00, 0x01,
	0x00, 0x14, 0x00, 0x10, 0xE1, 0x04, 0x00, 0x26, 0x00, 0x00, 0x00, 0x02, 0x80, 0x00, 0x00, 0x3C,
	0x13, 0x00, 0x00, 0x29, 0x07, 0xF0, 0xF4, 0x20, 0xD4, 0x02, 0x12, 0x7C, 0x80, 0x20, 0x00, 0x16,
	0x00, 0x00, 0x00, 0x01, 0x00, 0x14, 0x00, 0x00, 0xE6, 0x04, 0x00, 0x26, 0x00, 0x00, 0x80, 0x02,
	0x80, 0x00, 0x00, 0x14, 0x13, 0x00, 0x00, 0x29, 0x0B, 0xF0, 0xF4, 0x20, 0xD4, 0x02, 0x00, 0x14,
	0x80, 0x10, 0x00, 0x16, 0x20, 0x01, 0x00, 0x01, 0x00, 0x14, 0x00, 0x10, 0xEB, 0x04, 0x00, 0x26,
	0x00, 0x00, 0x00, 0x03, 0x80, 0x00, 0x00, 0x28, 0x13, 0x00, 0x00, 0x29, 0x0F, 0xF0, 0xF4, 0x20,
	0xD4, 0x02, 0x12, 0x68, 0x80, 0x00, 0x00, 0x16, 0x00, 0x00, 0x00, 0x01, 0x00, 0x14, 0x00, 0x00,
	0xF0, 0x04, 0x00, 0x26, 0x00, 0x00, 0x80, 0x03, 0x80, 0x00, 0x00, 0x00, 0x13, 0x00, 0x00, 0x29,
	0x12, 0xF0, 0xF4, 0x20, 0xD4, 0x02, 0x00, 0x00, 0x80, 0x30, 0x00, 0x16, 0x20, 0x01, 0x00, 0x01,
	0x00, 0x14, 0x00, 0x10, 0xF5, 0x04, 0x00, 0x26, 0x00, 0x00, 0x00, 0x00, 0x80, 0x00, 0x00, 0x3C,
	0x14, 0x00, 0x00, 0x29, 0x16, 0xF0, 0xF4, 0x20, 0xD4, 0x02, 0x12, 0x7C, 0x80, 0x20, 0x00, 0x16,
	0x00, 0x00, 0x00, 0x01, 0x00, 0x14, 0x00, 0x00, 0xFA, 0x04, 0x00, 0x26, 0x00, 0x00, 0x80, 0x00,
	0x80, 0x00, 0x00, 0x14, 0x14, 0x00, 0x00, 0x29, 0x1A, 0xF0, 0xF4, 0x20, 0xD4, 0x02, 0x00, 0x14,
	0x80, 0x10, 0x00, 0x16, 0x20, 0x01, 0x00, 0x01, 0x00, 0x14, 0x00, 0x10, 0xFF, 0x04, 0x00, 0x26,
	0x00, 0x00, 0x00, 0x01, 0x80, 0x00, 0x00, 0x28, 0x14, 0x00, 0x00, 0x29, 0x1E, 0xF0, 0xF4, 0x20,
	0xD4, 0x02, 0x12, 0x68, 0x80, 0x00, 0x00, 0x16, 0x00, 0x00, 0x00, 0x01, 0x00, 0x14, 0x00, 0x00,
	0x04, 0x05, 0x00, 0x26, 0x00, 0x00, 0x80, 0x01, 0x80, 0x00, 0x00, 0x00, 0x14, 0x00, 0x00, 0x29,
	0x21, 0xF0, 0xF4, 0x20, 0xD4, 0x02, 0x00, 0x00, 0x80, 0x30, 0x00, 0x40, 0xF2, 0x77, 0x00, 0x00,
	0x00, 0x00, 0x00, 0x00, 0x00, 0x00, 0x00, 0xDC, 0x50, 0x07, 0x81, 0x01, 0x00, 0x00, 0x00, 0x00,
	0x00, 0xC0, 0x0B, 0x2E, 0x50, 0x8F, 0x00, 0x03, 0x80, 0x07, 0x80, 0x01, 0xC5, 0x01, 0x00, 0x00,
	0x00, 0x00, 0x00, 0x00, 0x00, 0x00, 0x00, 0x00, 0x00, 0x00, 0x00, 0x00, 0x00, 0x14, 0x00, 0x00,
	0x00, 0x00, 0x00, 0x00, 0x00, 0x00, 0x00, 0x00, 0x00, 0x00, 0x00, 0x00, 0x00, 0x00, 0x00, 0x00,
	0x00, 0x00, 0x00, 0x00, 0x00, 0x14, 0x00, 0x00, 0x00, 0x00, 0x00, 0x00, 0x00, 0x00, 0x00, 0x0E,
	0x00, 0x8C, 0x00, 0x00, 0x80, 0x07, 0x00, 0x00, 0x58, 0x02, 0x00, 0x0D, 0xA0, 0x06, 0x01, 0x00,
	0x00, 0x00, 0x00, 0x00, 0x00, 0x0A, 0x00, 0x0E, 0x00, 0x8C, 0x00, 0x00, 0x80, 0x07, 0x00, 0x00,
	0xC2, 0x01, 0x00, 0x0D, 0x50, 0x07, 0x01, 0x00, 0x00, 0x00, 0x00, 0x00, 0x00, 0x0C, 0x00, 0x28,
	0x00, 0x00, 0x00, 0x00, 0x00, 0x00, 0x00, 0x00, 0x00, 0x00, 0x00, 0x38, 0x00, 0x00, 0x00, 0x00,
	0x00, 0x00, 0x00, 0x00, 0x00, 0x46, 0x33, 0x16, 0x20, 0x01, 0x00, 0x01, 0x00, 0x14, 0x00, 0x10,
	0x09, 0x05, 0x00, 0x26, 0x00, 0x00, 0x00, 0x02, 0x80, 0x00, 0x00, 0x3C, 0x14, 0x00, 0x00, 0x29,
	0x00, 0xF0, 0x08, 0x21, 0xD4, 0x02, 0x12, 0x7C, 0x80, 0x00, 0x00, 0x16, 0x00, 0x00, 0x00, 0x01,
	0x00, 0x14, 0x00, 0x00, 0x0E, 0x05, 0x00, 0x26, 0x00, 0x00, 0x80, 0x02, 0x80, 0x00, 0x00, 0x14,
	0x14, 0x00, 0x00, 0x29, 0x03, 0xF0, 0x08, 0x21, 0xD4, 0x02, 0x00, 0x14, 0x80, 0x30, 0x00, 0x16,
	0x20, 0x01, 0x00, 0x01, 0x00, 0x14, 0x00, 0x10, 0x13, 0x05, 0x00, 0x26, 0x00, 0x00, 0x00, 0x03,
	0x80, 0x00, 0x00, 0x28, 0x14, 0x00, 0x00, 0x29, 0x07, 0xF0, 0x08, 0x21, 0xD4, 0x02, 0x12, 0x68,
	0x80, 0x20, 0x00, 0x16, 0x00, 0x00, 0x00, 0x01, 0x00, 0x14, 0x00, 0x00, 0x18, 0x05, 0x00, 0x26,
	0x00, 0x00, 0x80, 0x03, 0x80, 0x00, 0x00, 0x00, 0x14, 0x00, 0x00, 0x29, 0x0B, 0xF0, 0x08, 0x21,
	0xD4, 0x02, 0x00, 0x00, 0x80, 0x10, 0x00, 0x16, 0x20, 0x01, 0x00, 0x01, 0x00, 0x14, 0x00, 0x10,
	0x1D, 0x05, 0x00, 0x26, 0x00, 0x00, 0x00, 0x00, 0x80, 0x00, 0x00, 0x3C, 0x15, 0x00, 0x00, 0x29,
	0x0F, 0xF0, 0x08, 0x21, 0xD4, 0x02, 0x12, 0x7C, 0x80, 0x00, 0x00, 0x16, 0x00, 0x00, 0x00, 0x01,
	0x00, 0x14, 0x00, 0x00, 0x22, 0x05, 0x00, 0x26, 0x00, 0x00, 0x80, 0x00, 0x80, 0x00, 0x00, 0x14,
	0x15, 0x00, 0x00, 0x29, 0x12, 0xF0, 0x08, 0x21, 0xD4, 0x02, 0x00, 0x14, 0x80, 0x30, 0x00, 0x16,
	0x20, 0x01, 0x00, 0x01, 0x00, 0x14, 0x00, 0x10, 0x27, 0x05, 0x00, 0x26, 0x00, 0x00, 0x00, 0x01,
	0x80, 0x00, 0x00, 0x28, 0x15, 0x00, 0x00, 0x29, 0x16, 0xF0, 0x08, 0x21, 0xD4, 0x02, 0x12, 0x68,
	0x80, 0x20, 0x00, 0x16, 0x00, 0x00, 0x00, 0x01, 0x00, 0x14, 0x00, 0x00, 0x2C, 0x05, 0x00, 0x26,
	0x00, 0x00, 0x80, 0x01, 0x80, 0x00, 0x00, 0x00, 0x15, 0x00, 0x00, 0x29, 0x1A, 0xF0, 0x08, 0x21,
	0xD4, 0x02, 0x00, 0x00, 0x80, 0x10, 0x00, 0x16, 0x20, 0x01, 0x00, 0x01, 0x00, 0x14, 0x00, 0x10,
	0x31, 0x05, 0x00, 0x26, 0x00, 0x00, 0x00, 0x02, 0x80, 0x00, 0x00, 0x3C, 0x15, 0x00, 0x00, 0x29,
	0x1E, 0xF0, 0x08, 0x21, 0xD4, 0x02, 0x12, 0x7C, 0x80, 0x00, 0x00, 0x16, 0x00, 0x00, 0x00, 0x01,
	0x00, 0x14, 0x00, 0x00, 0x36, 0x05, 0x00, 0x26, 0x00, 0x00, 0x80, 0x02, 0x80, 0x00, 0x00, 0x14,
	0x15, 0x00, 0x00, 0x29, 0x21, 0xF0, 0x08, 0x21, 0xD4, 0x02, 0x00, 0x14, 0x80, 0x30, 0x00, 0x16,
	0x20, 0x01, 0x00, 0x01, 0x00, 0x14, 0x00, 0x10, 0x3B, 0x05, 0x00, 0x26, 0x00, 0x00, 0x00, 0x03,
	0x80, 0x00, 0x00, 0x28, 0x15, 0x00, 0x00, 0x29, 0x25, 0xF0, 0x08, 0x21, 0xD4, 0x02, 0x12, 0x68,
	0x80, 0x20, 0x00, 0x16, 0x00, 0x00, 0x00, 0x01, 0x00, 0x14, 0x00, 0x00, 0x40, 0x05, 0x00, 0x26,
	0x00, 0x00, 0x80, 0x03, 0x80, 0x00, 0x00, 0x00, 0x15, 0x00, 0x00, 0x29, 0x29, 0xF0, 0x08, 0x21,
	0xD4, 0x02, 0x00, 0x00, 0x80, 0x10, 0x00, 0x16, 0x20, 0x01, 0x00, 0x01, 0x00, 0x14, 0x00, 0x10,
	0x45, 0x05, 0x00, 0x26, 0x00, 0x00, 0x00, 0x00, 0x80, 0x00, 0x00, 0x3C, 0x16, 0x00, 0x00, 0x29,
	0x2D, 0xF0, 0x08, 0x21, 0xD4, 0x02, 0x12, 0x7C, 0x80, 0x00, 0x00, 0x16, 0x00, 0x00, 0x00, 0x01,
	0x00, 0x14, 0x00, 0x00, 0x4A, 0x05, 0x00, 0x26, 0x00, 0x00, 0x80, 0x00, 0x80, 0x00, 0x00, 0x14,
	0x16, 0x00, 0x00, 0x29, 0x30, 0xF0, 0x08, 0x21, 0xD4, 0x02, 0x00, 0x14, 0x80, 0x30, 0x00, 0x16,
	0x20, 0x01, 0x00, 0x01, 0x00, 0x14, 0x00, 0x10, 0x4F, 0x05, 0x00, 0x26, 0x00, 0x00, 0x00, 0x01,
	0x80, 0x00, 0x00, 0x28, 0x16, 0x00, 0x00, 0x29, 0x34, 0xF0, 0x08, 0x21, 0xD4, 0x02, 0x12, 0x68,
	0x80, 0x20, 0x00, 0x16, 0x00, 0x00, 0x00, 0x01, 0x00, 0x14, 0x00, 0x00, 0x54, 0x05, 0x00, 0x26,
	0x00, 0x00, 0x80, 0x01, 0x80, 0x00, 0x00, 0x00, 0x16, 0x00, 0x00, 0x29, 0x38, 0xF0, 0x08, 0x21,
	0xD4, 0x02, 0x00, 0x00, 0x80, 0x10, 0x00, 0x16, 0x20, 0x01, 0x00, 0x01, 0x00, 0x14, 0x00, 0x10,
	0x59, 0x05, 0x00, 0x26, 0x00, 0x00, 0x00, 0x02, 0x80, 0x00, 0x00, 0x3C, 0x16, 0x00, 0x00, 0x29,
	0x3C, 0xF0, 0x08, 0x21, 0xD4, 0x02, 0x12, 0x7C, 0x80, 0x00, 0x00, 0x16, 0x00, 0x00, 0x00, 0x01,
	0x00, 0x14, 0x00, 0x00, 0x5E, 0x05, 0x00, 0x26, 0x00, 0x00, 0x80, 0x02, 0x80, 0x00, 0x00, 0x14,
	0x16, 0x00, 0x00, 0x29, 0x3F, 0xF0, 0x08, 0x21, 0xD4, 0x02, 0x00, 0x14, 0x80, 0x30, 0x00, 0x16,
	0x20, 0x01, 0x00, 0x01, 0x00, 0x14, 0x00, 0x10, 0x63, 0x05, 0x00, 0x26, 0x00, 0x00, 0x00, 0x03,
	0x80, 0x00, 0x00, 0x28, 0x16, 0x00, 0x00, 0x29, 0x43, 0xF0, 0x08, 0x21, 0xD4, 0x02, 0x12, 0x68,
	0x80, 0x20, 0x00, 0x16, 0x00, 0x00, 0x00, 0x01, 0x00, 0x14, 0x00, 0x00, 0x68, 0x05, 0x00, 0x26,
	0x00, 0x00, 0x80, 0x03, 0x80, 0x00, 0x00, 0x00, 0x16, 0x00, 0x00, 0x29, 0x47, 0xF0, 0x08, 0x21,
	0xD4, 0x02, 0x00, 0x00, 0x80, 0x10, 0x00, 0x28, 0x00, 0x00, 0x00, 0x00, 0x00, 0x00, 0x00, 0x00,
	0x00, 0x00, 0x00, 0x38, 0x00, 0x00, 0x00, 0x00, 0x00, 0x00, 0x00, 0x00, 0x00, 0x84, 0x33, 0x16,
	0x20, 0x01, 0x00, 0x01, 0x00, 0x14, 0x00, 0x10, 0x6D, 0x05, 0x00, 0x26, 0x00, 0x00, 0x00, 0x00,
	0x80, 0x00, 0x00, 0x3C, 0x17, 0x00, 0x00, 0x29, 0xDA, 0xF0, 0xF4, 0x20, 0x00, 0x00, 0x12, 0x7C,
	0x80, 0x20, 0x00, 0x16, 0x00, 0x00, 0x00, 0x01, 0x00, 0x14, 0x00, 0x00, 0x72, 0x05, 0x00, 0x26,
	0x00, 0x00, 0x80, 0x00, 0x80, 0x00, 0x00, 0x14, 0x17, 0x00, 0x00, 0x29, 0xDE, 0xF0, 0xF4, 0x20,
	0x00, 0x00, 0x00, 0x14, 0x80, 0x10, 0x00, 0x16, 0x20, 0x01, 0x00, 0x01, 0x00, 0x14, 0x00, 0x10,
	0x77, 0x05, 0x00, 0x26, 0x00, 0x00, 0x00, 0x01, 0x80, 0x00, 0x00, 0x28, 0x17, 0x00, 0x00, 0x29,
	0xE2, 0xF0, 0xF4, 0x20, 0x00, 0x00, 0x12, 0x68, 0x80, 0x00, 0x00, 0x16, 0x00, 0x00, 0x00, 0x01,
	0x00, 0x14, 0x00, 0x00, 0x7C, 0x05, 0x00, 0x26, 0x00, 0x00, 0x80, 0x01, 0x80, 0x00, 0x00, 0x00,
	0x17, 0x00, 0x00, 0x29, 0xE5, 0xF0, 0xF4, 0x20, 0x00, 0x00, 0x00, 0x00, 0x80, 0x30, 0x00, 0x16,
	0x20, 0x01, 0x00, 0x01, 0x00, 0x14, 0x00, 0x10, 0x81, 0x05, 0x00, 0x26, 0x00, 0x00, 0x00, 0x02,
	0x80, 0x00, 0x00, 0x3C, 0x17, 0x00, 0x00, 0x29, 0xE9, 0xF0, 0xF4, 0x20, 0x00, 0x00, 0x12, 0x7C,
	0x80, 0x20, 0x00, 0x16, 0x00, 0x00, 0x00, 0x01, 0x00, 0x14, 0x00, 0x00, 0x86, 0x05, 0x00, 0x26,
	0x00, 0x00, 0x80, 0x02, 0x80, 0x00, 0x00, 0x14, 0x17, 0x00, 0x00, 0x29, 0xED, 0xF0, 0xF4, 0x20,
	0x00, 0x00, 0x00, 0x14, 0x80, 0x10, 0x00, 0x16, 0x20, 0x01, 0x00, 0x01, 0x00, 0x14, 0x00, 0x10,
	0x8B, 0x05, 0x00, 0x26, 0x00, 0x00, 0x00, 0x03, 0x80, 0x00, 0x00, 0x28, 0x17, 0x00, 0x00, 0x29,
	0xF1, 0xF0, 0xF4, 0x20, 0x00, 0x00, 0x12, 0x68, 0x80, 0x00, 0x00, 0x16, 0x00, 0x00, 0x00, 0x01,
	0x00, 0x14, 0x00, 0x00, 0x90, 0x05, 0x00, 0x26, 0x00, 0x00, 0x80, 0x03, 0x80, 0x00, 0x00, 0x00,
	0x17, 0x00, 0x00, 0x29, 0xF4, 0xF0, 0xF4, 0x20, 0x00, 0x00, 0x00, 0x00, 0x80, 0x30, 0x00, 0x16,
	0x20, 0x01, 0x00, 0x01, 0x00, 0x14, 0x00, 0x10, 0x95, 0x05, 0x00, 0x26, 0x00, 0x00, 0x00, 0x00,
	0x80, 0x00, 0x00, 0x3C, 0x18, 0x00, 0x00, 0x29, 0xF8, 0xF0, 0xF4, 0x20, 0x00, 0x00, 0x12, 0x7C,
	0x80, 0x20, 0x00, 0x16, 0x00, 0x00, 0x00, 0x01, 0x00, 0x14, 0x00, 0x00, 0x9A, 0x05, 0x00, 0x26,
	0x00, 0x00, 0x80, 0x00, 0x80, 0x00, 0x00, 0x14, 0x18, 0x00, 0x00, 0x29, 0xFC, 0xF0, 0xF4, 0x20,
	0x00, 0x00, 0x00, 0x14, 0x80, 0x10, 0x00, 0x2E, 0x50, 0x8F, 0x00, 0x00, 0x80, 0x07, 0x80, 0x01,
	0x2C, 0x01, 0x00, 0x00, 0x00, 0x00, 0x00, 0x00, 0x00, 0x00, 0x00, 0x00, 0x00, 0x00, 0x00, 0x00,
	0x00, 0x14, 0x00, 0x00, 0x00, 0x00, 0x00, 0x00, 0x00, 0x00, 0x00, 0x0E, 0x00, 0x8C, 0x00, 0x03,
	0x80, 0x07, 0x00, 0x00, 0x5B, 0x02, 0x00, 0x0D, 0xA0, 0x06, 0x01, 0x00, 0x00, 0x00, 0x00, 0x00,
	0x00, 0x0A, 0x00, 0x0E, 0x00, 0x8C, 0x00, 0x03, 0x80, 0x07, 0x00, 0x00, 0xC5, 0x01, 0x00, 0x0D,
	0x50, 0x07, 0x01, 0x00, 0x00, 0x00, 0x00, 0x00, 0x00, 0x0C, 0x00, 0x28, 0x00, 0x00, 0x00, 0x00,
	0x00, 0x00, 0x00, 0x00, 0x00, 0x00, 0x00, 0x38, 0x00, 0x00, 0x00, 0x00, 0x00, 0x00, 0x00, 0x00,
	0x00, 0x46, 0x33, 0x16, 0x20, 0x01, 0x00, 0x01, 0x00, 0x14, 0x00, 0x10, 0x09, 0x05, 0x00, 0x26,
	0x00, 0x00, 0x00, 0x02, 0x80, 0x00, 0x00, 0x28, 0x14, 0x00, 0x00, 0x29, 0x00, 0xF0, 0x08, 0x21,
	0xD4, 0x02, 0x12, 0x68, 0x80, 0x00, 0x00, 0x16, 0x00, 0x00, 0x00, 0x01, 0x00, 0x14, 0x00, 0x00,
	0x0E, 0x05, 0x00, 0x26, 0x00, 0x00, 0x80, 0x02, 0x80, 0x00, 0x00, 0x00, 0x14, 0x00, 0x00, 0x29,
	0x03, 0xF0, 0x08, 0x21, 0xD4, 0x02, 0x00, 0x00, 0x80, 0x30, 0x00, 0x16, 0x20, 0x01, 0x00, 0x01,
	0x00, 0x14, 0x00, 0x10, 0x13, 0x05, 0x00, 0x26, 0x00, 0x00, 0x00, 0x03, 0x80, 0x00, 0x00, 0x3C,
	0x14, 0x00, 0x00, 0x29, 0x07, 0xF0, 0x08, 0x21, 0xD4, 0x02, 0x12, 0x7C, 0x80, 0x20, 0x00, 0x16,
	0x00, 0x00, 0x00, 0x01, 0x00, 0x14, 0x00, 0x00, 0x18, 0x05, 0x00, 0x26, 0x00, 0x00, 0x80, 0x03,
	0x80, 0x00, 0x00, 0x14, 0x14, 0x00, 0x00, 0x29, 0x0B, 0xF0, 0x08, 0x21, 0xD4, 0x02, 0x00, 0x14,
	0x80, 0x10, 0x00, 0x16, 0x20, 0x01, 0x00, 0x01, 0x00, 0x14, 0x00, 0x10, 0x1D, 0x05, 0x00, 0x26,
	0x00, 0x00, 0x00, 0x00, 0x80, 0x00, 0x00, 0x28, 0x15, 0x00, 0x00, 0x29, 0x0F, 0xF0, 0x08, 0x21,
	0xD4, 0x02, 0x12, 0x68, 0x80, 0x00, 0x00, 0x16, 0x00, 0x00, 0x00, 0x01, 0x00, 0x14, 0x00, 0x00,
	0x22, 0x05, 0x00, 0x26, 0x00, 0x00, 0x80, 0x00, 0x80, 0x00, 0x00, 0x00, 0x15, 0x00, 0x00, 0x29,
	0x12, 0xF0, 0x08, 0x21, 0xD4, 0x02, 0x00, 0x00, 0x80, 0x30, 0x00, 0x16, 0x20, 0x01, 0x00, 0x01,
	0x00, 0x14, 0x00, 0x10, 0x27, 0x05, 0x00, 0x26, 0x00, 0x00, 0x00, 0x01, 0x80, 0x00, 0x00, 0x3C,
	0x15, 0x00, 0x00, 0x29, 0x16, 0xF0, 0x08, 0x21, 0xD4, 0x02, 0x12, 0x7C, 0x80, 0x20, 0x00, 0x16,
	0x00, 0x00, 0x00, 0x01, 0x00, 0x14, 0x00, 0x00, 0x2C, 0x05, 0x00, 0x26, 0x00, 0x00, 0x80, 0x01,
	0x80, 0x00, 0x00, 0x14, 0x15, 0x00, 0x00, 0x29, 0x1A, 0xF0, 0x08, 0x21, 0xD4, 0x02, 0x00, 0x14,
	0x80, 0x10, 0x00, 0x16, 0x20, 0x01, 0x00, 0x01, 0x00, 0x14, 0x00, 0x10, 0x31, 0x05, 0x00, 0x26,
	0x00, 0x00, 0x00, 0x02, 0x80, 0x00, 0x00, 0x28, 0x15, 0x00, 0x00, 0x29, 0x1E, 0xF0, 0x08, 0x21,
	0xD4, 0x02, 0x12, 0x68, 0x80, 0x00, 0x00, 0x06, 0x00, 0x00, 0x00, 0x00, 0x00, 0x08, 0x00, 0x00,
	0x20, 0x01, 0x00, 0x08, 0x00, 0x00, 0x00, 0x00, 0x00, 0x00, 0x00, 0x00, 0x00, 0x00, 0x00, 0x18,
	0x00, 0x00, 0x00, 0x00, 0x00, 0x00, 0x00, 0x00, 0x00, 0x00, 0x00, 0x16, 0x00, 0x00, 0x00, 0x01,
	0x00, 0x14, 0x00, 0x00, 0x36, 0x05, 0x00, 0x26, 0x00, 0x00, 0x80, 0x02, 0x80, 0x00, 0x00, 0x00,
	0x15, 0x00, 0x00, 0x29, 0x21, 0xF0, 0x08, 0x21, 0xD4, 0x02, 0x00, 0x00, 0x80, 0x30, 0x00, 0x16,
	0x20, 0x01, 0x00, 0x01, 0x00, 0x14, 0x00, 0x10, 0x3B, 0x05, 0x00, 0x26, 0x00, 0x00, 0x00, 0x03,
	0x80, 0x00, 0x00, 0x3C, 0x15, 0x00, 0x00, 0x29, 0x25, 0xF0, 0x08, 0x21, 0xD4, 0x02, 0x12, 0x7C,
	0x80, 0x20, 0x00, 0x16, 0x00, 0x00, 0x00, 0x01, 0x00, 0x14, 0x00, 0x00, 0x40, 0x05, 0x00, 0x26,
	0x00, 0x00, 0x80, 0x03, 0x80, 0x00, 0x00, 0x14, 0x15, 0x00, 0x00, 0x29, 0x29, 0xF0, 0x08, 0x21,
	0xD4, 0x02, 0x00, 0x14, 0x80, 0x10, 0x00, 0x16, 0x20, 0x01, 0x00, 0x01, 0x00, 0x14, 0x00, 0x10,
	0x45, 0x05, 0x00, 0x26, 0x00, 0x00, 0x00, 0x00, 0x80, 0x00, 0x00, 0x28, 0x16, 0x00, 0x00, 0x29,
	0x2D, 0xF0, 0x08, 0x21, 0xD4, 0x02, 0x12, 0x68, 0x80, 0x00, 0x00, 0x16, 0x00, 0x00, 0x00, 0x01,
	0x00, 0x14, 0x00, 0x00, 0x4A, 0x05, 0x00, 0x26, 0x00, 0x00, 0x80, 0x00, 0x80, 0x00, 0x00, 0x00,
	0x16, 0x00, 0x00, 0x29, 0x30, 0xF0, 0x08, 0x21, 0xD4, 0x02, 0x00, 0x00, 0x80, 0x30, 0x00, 0x16,
	0x20, 0x01, 0x00, 0x01, 0x00, 0x14, 0x00, 0x10, 0x4F, 0x05, 0x00, 0x26, 0x00, 0x00, 0x00, 0x01,
	0x80, 0x00, 0x00, 0x3C, 0x16, 0x00, 0x00, 0x29, 0x34, 0xF0, 0x08, 0x21, 0xD4, 0x02, 0x12, 0x7C,
	0x80, 0x20, 0x00, 0x16, 0x00, 0x00, 0x00, 0x01, 0x00, 0x14, 0x00, 0x00, 0x54, 0x05, 0x00, 0x26,
	0x00, 0x00, 0x80, 0x01, 0x80, 0x00, 0x00, 0x14, 0x16, 0x00, 0x00, 0x29, 0x38, 0xF0, 0x08, 0x21,
	0xD4, 0x02, 0x00, 0x14, 0x80, 0x10, 0x00, 0x16, 0x20, 0x01, 0x00, 0x01, 0x00, 0x14, 0x00, 0x10,
	0x59, 0x05, 0x00, 0x26, 0x00, 0x00, 0x00, 0x02, 0x80, 0x00, 0x00, 0x28, 0x16, 0x00, 0x00, 0x29,
	0x3C, 0xF0, 0x08, 0x21, 0xD4, 0x02, 0x12, 0x68, 0x80, 0x00, 0x00, 0x16, 0x00, 0x00, 0x00, 0x01,
	0x00, 0x14, 0x00, 0x00, 0x5E, 0x05, 0x00, 0x26, 0x00, 0x00, 0x80, 0x02, 0x80, 0x00, 0x00, 0x00,
	0x16, 0x00, 0x00, 0x29, 0x3F, 0xF0, 0x08, 0x21, 0xD4, 0x02, 0x00, 0x00, 0x80, 0x30, 0x00, 0x16,
	0x20, 0x01, 0x00, 0x01, 0x00, 0x14, 0x00, 0x10, 0x63, 0x05, 0x00, 0x26, 0x00, 0x00, 0x00, 0x03,
	0x80, 0x00, 0x00, 0x3C, 0x16, 0x00, 0x00, 0x29, 0x43, 0xF0, 0x08, 0x21, 0xD4, 0x02, 0x12, 0x7C,
	0x80, 0x20, 0x00, 0x16, 0x00, 0x00, 0x00, 0x01, 0x00, 0x14, 0x00, 0x00, 0x68, 0x05, 0x00, 0x26,
	0x00, 0x00, 0x80, 0x03, 0x80, 0x00, 0x00, 0x14, 0x16, 0x00, 0x00, 0x29, 0x47, 0xF0, 0x08, 0x21,
	0xD4, 0x02, 0x00, 0x14, 0x80, 0x10, 0x00, 0x28, 0x00, 0x00, 0x00, 0x00, 0x00, 0x00, 0x00, 0x00,
	0x00, 0x00, 0x00, 0x38, 0x00, 0x00, 0x00, 0x00, 0x00, 0x00, 0x00, 0x00, 0x00, 0x84, 0x33, 0x16,
	0x20, 0x01, 0x00, 0x01, 0x00, 0x14, 0x00, 0x10, 0x6D, 0x05, 0x00, 0x26, 0x00, 0x00, 0x00, 0x00,
	0x80, 0x00, 0x00, 0x28, 0x17, 0x00, 0x00, 0x29, 0xDA, 0xF0, 0xF4, 0x20, 0x00, 0x00, 0x12, 0x68,
	0x80, 0x20, 0x00, 0x16, 0x00, 0x00, 0x00, 0x01, 0x00, 0x14, 0x00, 0x00, 0x72, 0x05, 0x00, 0x26,
	0x00, 0x00, 0x80, 0x00, 0x80, 0x00, 0x00, 0x00, 0x17, 0x00, 0x00, 0x29, 0xDE, 0xF0, 0xF4, 0x20,
	0x00, 0x00, 0x00, 0x00, 0x80, 0x10, 0x00, 0x16, 0x20, 0x01, 0x00, 0x01, 0x00, 0x14, 0x00, 0x10,
	0x77, 0x05, 0x00, 0x26, 0x00, 0x00, 0x00, 0x01, 0x80, 0x00, 0x00, 0x3C, 0x17, 0x00, 0x00, 0x29,
	0xE2, 0xF0, 0xF4, 0x20, 0x00, 0x00, 0x12, 0x7C, 0x80, 0x00, 0x00, 0x16, 0x00, 0x00, 0x00, 0x01,
	0x00, 0x14, 0x00, 0x00, 0x7C, 0x05, 0x00, 0x26, 0x00, 0x00, 0x80, 0x01, 0x80, 0x00, 0x00, 0x14,
	0x17, 0x00, 0x00, 0x29, 0xE5, 0xF0, 0xF4, 0x20, 0x00, 0x00, 0x00, 0x14, 0x80, 0x30, 0x00, 0x16,
	0x20, 0x01, 0x00, 0x01, 0x00, 0x14, 0x00, 0x10, 0x81, 0x05, 0x00, 0x26, 0x00, 0x00, 0x00, 0x02,
	0x80, 0x00, 0x00, 0x28, 0x17, 0x00, 0x00, 0x29, 0xE9, 0xF0, 0xF4, 0x20, 0x00, 0x00, 0x12, 0x68,
	0x80, 0x20, 0x00, 0x16, 0x00, 0x00, 0x00, 0x01, 0x00, 0x14, 0x00, 0x00, 0x86, 0x05, 0x00, 0x26,
	0x00, 0x00, 0x80, 0x02, 0x80, 0x00, 0x00, 0x00, 0x17, 0x00, 0x00, 0x29, 0xED, 0xF0, 0xF4, 0x20,
	0x00, 0x00, 0x00, 0x00, 0x80, 0x10, 0x00, 0x16, 0x20, 0x01, 0x00, 0x01, 0x00, 0x14, 0x00, 0x10,
	0x8B, 0x05, 0x00, 0x26, 0x00, 0x00, 0x00, 0x03, 0x80, 0x00, 0x00, 0x3C, 0x17, 0x00, 0x00, 0x29,
	0xF1, 0xF0, 0xF4, 0x20, 0x00, 0x00, 0x12, 0x7C, 0x80, 0x00, 0x00, 0x16, 0x00, 0x00, 0x00, 0x01,
	0x00, 0x14, 0x00, 0x00, 0x90, 0x05, 0x00, 0x26, 0x00, 0x00, 0x80, 0x03, 0x80, 0x00, 0x00, 0x14,
	0x17, 0x00, 0x00, 0x29, 0xF4, 0xF0, 0xF4, 0x20, 0x00, 0x00, 0x00, 0x14, 0x80, 0x30, 0x00, 0x16,
	0x20, 0x01, 0x00, 0x01, 0x00, 0x14, 0x00, 0x10, 0x95, 0x05, 0x00, 0x26, 0x00, 0x00, 0x00, 0x00,
	0x80, 0x00, 0x00, 0x28, 0x18, 0x00, 0x00, 0x29, 0xF8, 0xF0, 0xF4, 0x20, 0x00, 0x00, 0x12, 0x68,
	0x80, 0x20, 0x00, 0x16, 0x00, 0x00, 0x00, 0x01, 0x00, 0x14, 0x00, 0x00, 0x9A, 0x05, 0x00, 0x26,
	0x00, 0x00, 0x80, 0x00, 0x80, 0x00, 0x00, 0x00, 0x18, 0x00, 0x00, 0x29, 0xFC, 0xF0, 0xF4, 0x20,
	0x00, 0x00, 0x00, 0x00, 0x80, 0x10, 0x00, 0x2E, 0x50, 0x8F, 0x00, 0x03, 0x80, 0x07, 0x80, 0x01,
	0x2F, 0x01, 0x00, 0x00, 0x00, 0x00, 0x00, 0x00, 0x00, 0x00, 0x00, 0x00, 0x00, 0x00, 0x00, 0x00,
	0x00, 0x14, 0x00, 0x00, 0x00, 0x00, 0x00, 0x00, 0x00, 0x00, 0x00, 0x66, 0xA0, 0x02, 0x00, 0x00,
	0x00, 0x2C, 0x41, 0x01, 0x2C, 0x01, 0x00, 0x30, 0x00, 0x00, 0x00, 0x00, 0x00, 0x00, 0x00, 0x00,
	0x00, 0x00, 0x00, 0x5A, 0x00, 0xFC, 0x00, 0x94, 0x80, 0x0A, 0x0A, 0x00, 0x00, 0xC0, 0x0F, 0x40,
	0xED, 0x6E, 0x00, 0x00, 0x00, 0x00, 0x00, 0x00, 0x00, 0x00, 0x00, 0xDC, 0xA0, 0xFE, 0x40, 0x01,
	0x00, 0x00, 0x00, 0x00, 0x00, 0xC0, 0x0B, 0x76, 0xA0, 0x02, 0x00, 0x00, 0x00, 0x2C, 0x41, 0x01,
	0x77, 0x01, 0x00, 0x30, 0x00, 0x00, 0x00, 0x00, 0x00, 0x00, 0x00, 0x00, 0x00, 0x00, 0x00, 0x5A,
	0x00, 0xFC, 0x00, 0x94, 0x80, 0x0A, 0x0A, 0x00, 0x00, 0xDC, 0x0F, 0x76, 0x00, 0x00, 0x00, 0x00,
	0x00, 0x2C, 0x01, 0x00, 0xC2, 0x01, 0x00, 0x30, 0x00, 0x00, 0x00, 0x00, 0x00, 0x00, 0x00, 0x00,
	0x00, 0x00, 0x00, 0x5A, 0xA0, 0xFE, 0x00, 0x94, 0x00, 0x50, 0x00, 0x00, 0x00, 0xDC, 0x0F, 0x76,
	0xA0, 0x02, 0x00, 0x00, 0x00, 0x2C, 0x41, 0x01, 0x0D, 0x02, 0x00, 0x66, 0x00, 0x00, 0x00, 0x00,
	0x00, 0x2C, 0x01, 0x00, 0x2C, 0x01, 0x00, 0x40, 0xED, 0x6E, 0x00, 0x00, 0x00, 0x00, 0x00, 0x00,
	0x00, 0x00, 0x00, 0xDC, 0xA0, 0xFE, 0x40, 0x01, 0x00, 0x00, 0x00, 0x00, 0x00, 0xC0, 0x0B, 0x76,
	0xA0, 0x02, 0x00, 0x00, 0x00, 0x2C, 0x41, 0x01, 0x2C, 0x01, 0x00, 0x00, 0x00, 0x00, 0x00, 0x00,
	0x00, 0x00, 0x00, 0x00, 0x00, 0x00, 0x00, 0x00, 0x00, 0x14, 0x00, 0x00, 0x00, 0x00, 0x00, 0x00,
	0x00, 0x00, 0x00, 0x0E, 0x00, 0x98, 0x00, 0x00, 0x80, 0x07, 0x00, 0x00, 0x2C, 0x01, 0x00, 0x0D,
	0x80, 0x0F, 0x01, 0x00, 0x00, 0x00, 0x00, 0x00, 0x00, 0x08, 0x00, 0x0E, 0x00, 0x98, 0x00, 0x00,
	0x80, 0x07, 0x00, 0x00, 0x77, 0x01, 0x00, 0x0D, 0xA0, 0x0E, 0x01, 0x00, 0x00, 0x00, 0x00, 0x00,
	0x00, 0x0A, 0x00, 0x0E, 0x00, 0x98, 0x00, 0x00, 0x80, 0x07, 0x00, 0x00, 0xC2, 0x01, 0x00, 0x0D,
	0xC0, 0x0D, 0x01, 0x00, 0x00, 0x00, 0x00, 0x00, 0x00, 0x0C, 0x00, 0x0E, 0x00, 0x98, 0x00, 0x00,
	0x80, 0x07, 0x00, 0x00, 0x0D, 0x02, 0x00, 0x0D, 0xE0, 0x0C, 0x01, 0x00, 0x00, 0x00, 0x00, 0x00,
	0x00, 0x0E, 0x00, 0x28, 0x00, 0x00, 0x00, 0x00, 0x00, 0x00, 0x00, 0x00, 0x00, 0x00, 0x00, 0x38,
	0x00, 0x00, 0x00, 0x00, 0x00, 0x00, 0x00, 0x00, 0x00, 0x46, 0x2B, 0x16, 0x20, 0x01, 0x00, 0x01,
	0x00, 0x28, 0x00, 0x10, 0x9F, 0x05, 0x00, 0x26, 0x00, 0x00, 0x00, 0x01, 0x80, 0x00, 0x00, 0x3C,
	0x18, 0x00, 0x00, 0x29, 0x00, 0xE8, 0x10, 0x21, 0x70, 0x02, 0x12, 0x7C, 0x80, 0x00, 0x00, 0x16,
	0x00, 0x00, 0x00, 0x01, 0x00, 0x28, 0x00, 0x00, 0xA9, 0x05, 0x00, 0x26, 0x00, 0x00, 0x80, 0x01,
	0x80, 0x00, 0x00, 0x14, 0x18, 0x00, 0x00, 0x29, 0x02, 0xE8, 0x10, 0x21, 0x70, 0x02, 0x00, 0x14,
	0x80, 0x20, 0x00, 0x16, 0x20, 0x01, 0x00, 0x01, 0x00, 0x28, 0x00, 0x10, 0xB3, 0x05, 0x00, 0x26,
	0x00, 0x00, 0x00, 0x02, 0x80, 0x00, 0x00, 0x28, 0x18, 0x00, 0x00, 0x29, 0x05, 0xE8, 0x10, 0x21,
	0x70, 0x02, 0x12, 0x68, 0x80, 0x00, 0x00, 0x16, 0x00, 0x00, 0x00, 0x01, 0x00, 0x28, 0x00, 0x00,
	0xBD, 0x05, 0x00, 0x26, 0x00, 0x00, 0x80, 0x02, 0x80, 0x00, 0x00, 0x00, 0x18, 0x00, 0x00, 0x29,
	0x07, 0xE8, 0x10, 0x21, 0x70, 0x02, 0x00, 0x00, 0x80, 0x20, 0x00, 0x16, 0x20, 0x01, 0x00, 0x01,
	0x00, 0x28, 0x00, 0x10, 0xC7, 0x05, 0x00, 0x26, 0x00, 0x00, 0x00, 0x03, 0x80, 0x00, 0x00, 0x3C,
	0x18, 0x00, 0x00, 0x29, 0x0A, 0xE8, 0x10, 0x21, 0x70, 0x02, 0x12, 0x7C, 0x80, 0x00, 0x00, 0x16,
	0x00, 0x00, 0x00, 0x01, 0x00, 0x28, 0x00, 0x00, 0xD1, 0x05, 0x00, 0x26, 0x00, 0x00, 0x80, 0x03,
	0x80, 0x00, 0x00, 0x14, 0x18, 0x00, 0x00, 0x29, 0x0C, 0xE8, 0x10, 0x21, 0x70, 0x02, 0x00, 0x14,
	0x80, 0x20, 0x00, 0x16, 0x20, 0x01, 0x00, 0x01, 0x00, 0x28, 0x00, 0x10, 0xDB, 0x05, 0x00, 0x26,
	0x00, 0x00, 0x00, 0x00, 0x80, 0x00, 0x00, 0x28, 0x19, 0x00, 0x00, 0x29, 0x0F, 0xE8, 0x10, 0x21,
	0x70, 0x02, 0x12, 0x68, 0x80, 0x00, 0x00, 0x16, 0x00, 0x00, 0x00, 0x01, 0x00, 0x28, 0x00, 0x00,
	0xE5, 0x05, 0x00, 0x26, 0x00, 0x00, 0x80, 0x00, 0x80, 0x00, 0x00, 0x00, 0x19, 0x00, 0x00, 0x29,
	0x11, 0xE8, 0x10, 0x21, 0x70, 0x02, 0x00, 0x00, 0x80, 0x20, 0x00, 0x16, 0x20, 0x01, 0x00, 0x01,
	0x00, 0x28, 0x00, 0x10, 0xEF, 0x05, 0x00, 0x26, 0x00, 0x00, 0x00, 0x01, 0x80, 0x00, 0x00, 0x3C,
	0x19, 0x00, 0x00, 0x29, 0x14, 0xE8, 0x10, 0x21, 0x70, 0x02, 0x12, 0x7C, 0x80, 0x00, 0x00, 0x16,
	0x00, 0x00, 0x00, 0x01, 0x00, 0x28, 0x00, 0x00, 0xF9, 0x05, 0x00, 0x26, 0x00, 0x00, 0x80, 0x01,
	0x80, 0x00, 0x00, 0x14, 0x19, 0x00, 0x00, 0x29, 0x16, 0xE8, 0x10, 0x21, 0x70, 0x02, 0x00, 0x14,
	0x80, 0x20, 0x00, 0x16, 0x20, 0x01, 0x00, 0x01, 0x00, 0x28, 0x00, 0x10, 0x03, 0x06, 0x00, 0x26,
	0x00, 0x00, 0x00, 0x02, 0x80, 0x00, 0x00, 0x28, 0x19, 0x00, 0x00, 0x29, 0x19, 0xE8, 0x10, 0x21,
	0x70, 0x02, 0x12, 0x68, 0x80, 0x00, 0x00, 0x16, 0x00, 0x00, 0x00, 0x01, 0x00, 0x28, 0x00, 0x00,
	0x0D, 0x06, 0x00, 0x26, 0x00, 0x00, 0x80, 0x02, 0x80, 0x00, 0x00, 0x00, 0x19, 0x00, 0x00, 0x29,
	0x1B, 0xE8, 0x10, 0x21, 0x70, 0x02, 0x00, 0x00, 0x80, 0x20, 0x00, 0x16, 0x20, 0x01, 0x00, 0x01,
	0x00, 0x28, 0x00, 0x10, 0x17, 0x06, 0x00, 0x26, 0x00, 0x00, 0x00, 0x03, 0x80, 0x00, 0x00, 0x3C,
	0x19, 0x00, 0x00, 0x29, 0x1E, 0xE8, 0x10, 0x21, 0x70, 0x02, 0x12, 0x7C, 0x80, 0x00, 0x00, 0x16,
	0x00, 0x00, 0x00, 0x01, 0x00, 0x28, 0x00, 0x00, 0x21, 0x06, 0x00, 0x26, 0x00, 0x00, 0x80, 0x03,
	0x80, 0x00, 0x00, 0x14, 0x19, 0x00, 0x00, 0x29, 0x20, 0xE8, 0x10, 0x21, 0x70, 0x02, 0x00, 0x14,
	0x80, 0x20, 0x00, 0x16, 0x20, 0x01, 0x00, 0x01, 0x00, 0x28, 0x00, 0x10, 0x2B, 0x06, 0x00, 0x26,
	0x00, 0x00, 0x00, 0x00, 0x80, 0x00, 0x00, 0x28, 0x1A, 0x00, 0x00, 0x29, 0x23, 0xE8, 0x10, 0x21,
	0x70, 0x02, 0x12, 0x68, 0x80, 0x00, 0x00, 0x16, 0x00, 0x00, 0x00, 0x01, 0x00, 0x28, 0x00, 0x00,
	0x35, 0x06, 0x00, 0x26, 0x00, 0x00, 0x80, 0x00, 0x80, 0x00, 0x00, 0x00, 0x1A, 0x00, 0x00, 0x29,
	0x25, 0xE8, 0x10, 0x21, 0x70, 0x02, 0x00, 0x00, 0x80, 0x20, 0x00, 0x16, 0x20, 0x01, 0x00, 0x01,
	0x00, 0x28, 0x00, 0x10, 0x3F, 0x06, 0x00, 0x26, 0x00, 0x00, 0x00, 0x01, 0x80, 0x00, 0x00, 0x3C,
	0x1A, 0x00, 0x00, 0x29, 0x28, 0xE8, 0x10, 0x21, 0x70, 0x02, 0x12, 0x7C, 0x80, 0x00, 0x00, 0x16,
	0x00, 0x00, 0x00, 0x01, 0x00, 0x28, 0x00, 0x00, 0x49, 0x06, 0x00, 0x26, 0x00, 0x00, 0x80, 0x01,
	0x80, 0x00, 0x00, 0x14, 0x1A, 0x00, 0x00, 0x29, 0x2A, 0xE8, 0x10, 0x21, 0x70, 0x02, 0x00, 0x14,
	0x80, 0x20, 0x00, 0x16, 0x20, 0x01, 0x00, 0x01, 0x00, 0x28, 0x00, 0x10, 0x53, 0x06, 0x00, 0x26,
	0x00, 0x00, 0x00, 0x02, 0x80, 0x00, 0x00, 0x28, 0x1A, 0x00, 0x00, 0x29, 0x2D, 0xE8, 0x10, 0x21,
	0x70, 0x02, 0x12, 0x68, 0x80, 0x00, 0x00, 0x16, 0x00, 0x00, 0x00, 0x01, 0x00, 0x28, 0x00, 0x00,
	0x5D, 0x06, 0x00, 0x26, 0x00, 0x00, 0x80, 0x02, 0x80, 0x00, 0x00, 0x00, 0x1A, 0x00, 0x00, 0x29,
	0x2F, 0xE8, 0x10, 0x21, 0x70, 0x02, 0x00, 0x00, 0x80, 0x20, 0x00, 0x28, 0x00, 0x00, 0x00, 0x00,
	0x00, 0x00, 0x00, 0x00, 0x00, 0x00, 0x00, 0x38, 0x00, 0x00, 0x00, 0x00, 0x00, 0x00, 0x00, 0x00,
	0x00, 0x44, 0x33, 0x16, 0x20, 0x01, 0x00, 0x01, 0x00, 0x14, 0x00, 0x10, 0x67, 0x06, 0x00, 0x26,
	0x00, 0x00, 0x00, 0x03, 0x80, 0x00, 0x00, 0x3C, 0x1A, 0x00, 0x00, 0x29, 0xE7, 0xE8, 0x14, 0x21,
	0x00, 0x00, 0x12, 0x7C, 0x80, 0x00, 0x00, 0x16, 0x00, 0x00, 0x00, 0x01, 0x00, 0x14, 0x00, 0x00,
	0x6C, 0x06, 0x00, 0x26, 0x00, 0x00, 0x80, 0x03, 0x80, 0x00, 0x00, 0x14, 0x1A, 0x00, 0x00, 0x29,
	0xE9, 0xE8, 0x14, 0x21, 0x00, 0x00, 0x00, 0x14, 0x80, 0x20, 0x00, 0x16, 0x20, 0x01, 0x00, 0x01,
	0x00, 0x14, 0x00, 0x10, 0x71, 0x06, 0x00, 0x26, 0x00, 0x00, 0x00, 0x00, 0x80, 0x00, 0x00, 0x28,
	0x1B, 0x00, 0x00, 0x29, 0xEC, 0xE8, 0x14, 0x21, 0x00, 0x00, 0x12, 0x68, 0x80, 0x00, 0x00, 0x16,
	0x00, 0x00, 0x00, 0x01, 0x00, 0x14, 0x00, 0x00, 0x76, 0x06, 0x00, 0x26, 0x00, 0x00, 0x80, 0x00,
	0x80, 0x00, 0x00, 0x00, 0x1B, 0x00, 0x00, 0x29, 0xEE, 0xE8, 0x14, 0x21, 0x00, 0x00, 0x00, 0x00,
	0x80, 0x20, 0x00, 0x16, 0x20, 0x01, 0x00, 0x01, 0x00, 0x14, 0x00, 0x10, 0x7B, 0x06, 0x00, 0x26,
	0x00, 0x00, 0x00, 0x01, 0x80, 0x00, 0x00, 0x3C, 0x1B, 0x00, 0x00, 0x29, 0xF1, 0xE8, 0x14, 0x21,
	0x00, 0x00, 0x12, 0x7C, 0x80, 0x00, 0x00, 0x16, 0x00, 0x00, 0x00, 0x01, 0x00, 0x14, 0x00, 0x00,
	0x80, 0x06, 0x00, 0x26, 0x00, 0x00, 0x80, 0x01, 0x80, 0x00, 0x00, 0x14, 0x1B, 0x00, 0x00, 0x29,
	0xF3, 0xE8, 0x14, 0x21, 0x00, 0x00, 0x00, 0x14, 0x80, 0x20, 0x00, 0x16, 0x20, 0x01, 0x00, 0x01,
	0x00, 0x14, 0x00, 0x10, 0x85, 0x06, 0x00, 0x26, 0x00, 0x00, 0x00, 0x02, 0x80, 0x00, 0x00, 0x28,
	0x1B, 0x00, 0x00, 0x29, 0xF6, 0xE8, 0x14, 0x21, 0x00, 0x00, 0x12, 0x68, 0x80, 0x00, 0x00, 0x16,
	0x00, 0x00, 0x00, 0x01, 0x00, 0x14, 0x00, 0x00, 0x8A, 0x06, 0x00, 0x26, 0x00, 0x00, 0x80, 0x02,
	0x80, 0x00, 0x00, 0x00, 0x1B, 0x00, 0x00, 0x29, 0xF8, 0xE8, 0x14, 0x21, 0x00, 0x00, 0x00, 0x00,
	0x80, 0x20, 0x00, 0x16, 0x20, 0x01, 0x00, 0x01, 0x00, 0x14, 0x00, 0x10, 0x8F, 0x06, 0x00, 0x26,
	0x00, 0x00, 0x00, 0x03, 0x80, 0x00, 0x00, 0x3C, 0x1B, 0x00, 0x00, 0x29, 0xFB, 0xE8, 0x14, 0x21,
	0x00, 0x00, 0x12, 0x7C, 0x80, 0x00, 0x00, 0x16, 0x00, 0x00, 0x00, 0x01, 0x00, 0x14, 0x00, 0x00,
	0x94, 0x06, 0x00, 0x26, 0x00, 0x00, 0x80, 0x03, 0x80, 0x00, 0x00, 0x14, 0x1B, 0x00, 0x00, 0x29,
	0xFD, 0xE8, 0x14, 0x21, 0x00, 0x00, 0x00, 0x14, 0x80, 0x20, 0x00, 0x2E, 0xE0, 0x98, 0x00, 0x00,
	0x80, 0x07, 0xC0, 0x01, 0x58, 0x02, 0x00, 0x00, 0x00, 0x00, 0x00, 0x00, 0x00, 0x00, 0x00, 0x00,
	0x00, 0x00, 0x00, 0x00, 0x00, 0x14, 0x00, 0x00, 0x00, 0x00, 0x00, 0x00, 0x00, 0x00, 0x00, 0x0E,
	0x00, 0x98, 0x00, 0x02, 0x80, 0x07, 0x00, 0x00, 0x2E, 0x01, 0x00, 0x0D, 0x80, 0x0F, 0x01, 0x00,
	0x00, 0x00, 0x00, 0x00, 0x00, 0x08, 0x00, 0x0E, 0x00, 0x98, 0x00, 0x02, 0x80, 0x07, 0x00, 0x00,
	0x79, 0x01, 0x00, 0x0D, 0xA0, 0x0E, 0x01, 0x00, 0x00, 0x00, 0x00, 0x00, 0x00, 0x0A, 0x00, 0x0E,
	0x00, 0x98, 0x00, 0x02, 0x80, 0x07, 0x00, 0x00, 0xC4, 0x01, 0x00, 0x0D, 0xC0, 0x0D, 0x01, 0x00,
	0x00, 0x00, 0x00, 0x00, 0x00, 0x0C, 0x00, 0x0E, 0x00, 0x98, 0x00, 0x02, 0x80, 0x07, 0x00, 0x00,
	0x0F, 0x02, 0x00, 0x0D, 0xE0, 0x0C, 0x01, 0x00, 0x00, 0x00, 0x00, 0x00, 0x00, 0x0E, 0x00, 0x28,
	0x00, 0x00, 0x00, 0x00, 0x00, 0x00, 0x00, 0x00, 0x00, 0x00, 0x00, 0x38, 0x00, 0x00, 0x00, 0x00,
	0x00, 0x00, 0x00, 0x00, 0x00, 0x46, 0x2B, 0x16, 0x20, 0x01, 0x00, 0x01, 0x00, 0x28, 0x00, 0x10,
	0x9F, 0x05, 0x00, 0x26, 0x00, 0x00, 0x00, 0x01, 0x80, 0x00, 0x00, 0x28, 0x18, 0x00, 0x00, 0x29,
	0x00, 0xE8, 0x10, 0x21, 0x70, 0x02, 0x12, 0x68, 0x80, 0x00, 0x00, 0x16, 0x00, 0x00, 0x00, 0x01,
	0x00, 0x28, 0x00, 0x00, 0xA9, 0x05, 0x00, 0x26, 0x00, 0x00, 0x80, 0x01, 0x80, 0x00, 0x00, 0x00,
	0x18, 0x00, 0x00, 0x29, 0x02, 0xE8, 0x10, 0x21, 0x70, 0x02, 0x00, 0x00, 0x80, 0x20, 0x00, 0x16,
	0x20, 0x01, 0x00, 0x01, 0x00, 0x28, 0x00, 0x10, 0xB3, 0x05, 0x00, 0x26, 0x00, 0x00, 0x00, 0x02,
	0x80, 0x00, 0x00, 0x3C, 0x18, 0x00, 0x00, 0x29, 0x05, 0xE8, 0x10, 0x21, 0x70, 0x02, 0x12, 0x7C,
	0x80, 0x00, 0x00, 0x16, 0x00, 0x00, 0x00, 0x01, 0x00, 0x28, 0x00, 0x00, 0xBD, 0x05, 0x00, 0x26,
	0x00, 0x00, 0x80, 0x02, 0x80, 0x00, 0x00, 0x14, 0x18, 0x00, 0x00, 0x29, 0x07, 0xE8, 0x10, 0x21,
	0x70, 0x02, 0x00, 0x14, 0x80, 0x20, 0x00, 0x16, 0x20, 0x01, 0x00, 0x01, 0x00, 0x28, 0x00, 0x10,
	0xC7, 0x05, 0x00, 0x26, 0x00, 0x00, 0x00, 0x03, 0x80, 0x00, 0x00, 0x28, 0x18, 0x00, 0x00, 0x29,
	0x0A, 0xE8, 0x10, 0x21, 0x70, 0x02, 0x12, 0x68, 0x80, 0x00, 0x00, 0x16, 0x00, 0x00, 0x00, 0x01,
	0x00, 0x28, 0x00, 0x00, 0xD1, 0x05, 0x00, 0x26, 0x00, 0x00, 0x80, 0x03, 0x80, 0x00, 0x00, 0x00,
	0x18, 0x00, 0x00, 0x29, 0x0C, 0xE8, 0x10, 0x21, 0x70, 0x02, 0x00, 0x00, 0x80, 0x20, 0x00, 0x16,
	0x20, 0x01, 0x00, 0x01, 0x00, 0x28, 0x00, 0x10, 0xDB, 0x05, 0x00, 0x26, 0x00, 0x00, 0x00, 0x00,
	0x80, 0x00, 0x00, 0x3C, 0x19, 0x00, 0x00, 0x29, 0x0F, 0xE8, 0x10, 0x21, 0x70, 0x02, 0x12, 0x7C,
	0x80, 0x00, 0x00, 0x16, 0x00, 0x00, 0x00, 0x01, 0x00, 0x28, 0x00, 0x00, 0xE5, 0x05, 0x00, 0x26,
	0x00, 0x00, 0x80, 0x00, 0x80, 0x00, 0x00, 0x14, 0x19, 0x00, 0x00, 0x29, 0x11, 0xE8, 0x10, 0x21,
	0x70, 0x02, 0x00, 0x14, 0x80, 0x20, 0x00, 0x16, 0x20, 0x01, 0x00, 0x01, 0x00, 0x28, 0x00, 0x10,
	0xEF, 0x05, 0x00, 0x26, 0x00, 0x00, 0x00, 0x01, 0x80, 0x00, 0x00, 0x28, 0x19, 0x00, 0x00, 0x29,
	0x14, 0xE8, 0x10, 0x21, 0x70, 0x02, 0x12, 0x68, 0x80, 0x00, 0x00, 0x16, 0x00, 0x00, 0x00, 0x01,
	0x00, 0x28, 0x00, 0x00, 0xF9, 0x05, 0x00, 0x26, 0x00, 0x00, 0x80, 0x01, 0x80, 0x00, 0x00, 0x00,
	0x19, 0x00, 0x00, 0x29, 0x16, 0xE8, 0x10, 0x21, 0x70, 0x02, 0x00, 0x00, 0x80, 0x20, 0x00, 0x16,
	0x20, 0x01, 0x00, 0x01, 0x00, 0x28, 0x00, 0x10, 0x03, 0x06, 0x00, 0x26, 0x00, 0x00, 0x00, 0x02,
	0x80, 0x00, 0x00, 0x3C, 0x19, 0x00, 0x00, 0x29, 0x19, 0xE8, 0x10, 0x21, 0x70, 0x02, 0x12, 0x7C,
	0x80, 0x00, 0x00, 0x16, 0x00, 0x00, 0x00, 0x01, 0x00, 0x28, 0x00, 0x00, 0x0D, 0x06, 0x00, 0x26,
	0x00, 0x00, 0x80, 0x02, 0x80, 0x00, 0x00, 0x14, 0x19, 0x00, 0x00, 0x29, 0x1B, 0xE8, 0x10, 0x21,
	0x70, 0x02, 0x00, 0x14, 0x80, 0x20, 0x00, 0x16, 0x20, 0x01, 0x00, 0x01, 0x00, 0x28, 0x00, 0x10,
	0x17, 0x06, 0x00, 0x26, 0x00, 0x00, 0x00, 0x03, 0x80, 0x00, 0x00, 0x28, 0x19, 0x00, 0x00, 0x29,
	0x1E, 0xE8, 0x10, 0x21, 0x70, 0x02, 0x12, 0x68, 0x80, 0x00, 0x00, 0x16, 0x00, 0x00, 0x00, 0x01,
	0x00, 0x28, 0x00, 0x00, 0x21, 0x06, 0x00, 0x26, 0x00, 0x00, 0x80, 0x03, 0x80, 0x00, 0x00, 0x00,
	0x19, 0x00, 0x00, 0x29, 0x20, 0xE8, 0x10, 0x21, 0x70, 0x02, 0x00, 0x00, 0x80, 0x20, 0x00, 0x16,
	0x20, 0x01, 0x00, 0x01, 0x00, 0x28, 0x00, 0x10, 0x2B, 0x06, 0x00, 0x26, 0x00, 0x00, 0x00, 0x00,
	0x80, 0x00, 0x00, 0x3C, 0x1A, 0x00, 0x00, 0x29, 0x23, 0xE8, 0x10, 0x21, 0x70, 0x02, 0x12, 0x7C,
	0x80, 0x00, 0x00, 0x16, 0x00, 0x00, 0x00, 0x01, 0x00, 0x28, 0x00, 0x00, 0x35, 0x06, 0x00, 0x26,
	0x00, 0x00, 0x80, 0x00, 0x80, 0x00, 0x00, 0x14, 0x1A, 0x00, 0x00, 0x29, 0x25, 0xE8, 0x10, 0x21,
	0x70, 0x02, 0x00, 0x14, 0x80, 0x20, 0x00, 0x16, 0x20, 0x01, 0x00, 0x01, 0x00, 0x28, 0x00, 0x10,
	0x3F, 0x06, 0x00, 0x26, 0x00, 0x00, 0x00, 0x01, 0x80, 0x00, 0x00, 0x28, 0x1A, 0x00, 0x00, 0x29,
	0x28, 0xE8, 0x10, 0x21, 0x70, 0x02, 0x12, 0x68, 0x80, 0x00, 0x00, 0x16, 0x00, 0x00, 0x00, 0x01,
	0x00, 0x28, 0x00, 0x00, 0x49, 0x06, 0x00, 0x26, 0x00, 0x00, 0x80, 0x01, 0x80, 0x00, 0x00, 0x00,
	0x1A, 0x00, 0x00, 0x29, 0x2A, 0xE8, 0x10, 0x21, 0x70, 0x02, 0x00, 0x00, 0x80, 0x20, 0x00, 0x16,
	0x20, 0x01, 0x00, 0x01, 0x00, 0x28, 0x00, 0x10, 0x53, 0x06, 0x00, 0x26, 0x00, 0x00, 0x00, 0x02,
	0x80, 0x00, 0x00, 0x3C, 0x1A, 0x00, 0x00, 0x29, 0x2D, 0xE8, 0x10, 0x21, 0x70, 0x02, 0x12, 0x7C,
	0x80, 0x00, 0x00, 0x16, 0x00, 0x00, 0x00, 0x01, 0x00, 0x28, 0x00, 0x00, 0x5D, 0x06, 0x00, 0x26,
	0x00, 0x00, 0x80, 0x02, 0x80, 0x00, 0x00, 0x14, 0x1A, 0x00, 0x00, 0x29, 0x2F, 0xE8, 0x10, 0x21,
	0x70, 0x02, 0x00, 0x14, 0x80, 0x20, 0x00, 0x28, 0x00, 0x00, 0x00, 0x00, 0x00, 0x00, 0x00, 0x00,
	0x00, 0x00, 0x00, 0x38, 0x00, 0x00, 0x00, 0x00, 0x00, 0x00, 0x00, 0x00, 0x00, 0x44, 0x33, 0x16,
	0x20, 0x01, 0x00, 0x01, 0x00, 0x14, 0x00, 0x10, 0x67, 0x06, 0x00, 0x26, 0x00, 0x00, 0x00, 0x03,
	0x80, 0x00, 0x00, 0x28, 0x1A, 0x00, 0x00, 0x29, 0xE7, 0xE8, 0x14, 0x21, 0x00, 0x00, 0x12, 0x68,
	0x80, 0x00, 0x00, 0x16, 0x00, 0x00, 0x00, 0x01, 0x00, 0x14, 0x00, 0x00, 0x6C, 0x06, 0x00, 0x26,
	0x00, 0x00, 0x80, 0x03, 0x80, 0x00, 0x00, 0x00, 0x1A, 0x00, 0x00, 0x29, 0xE9, 0xE8, 0x14, 0x21,
	0x00, 0x00, 0x00, 0x00, 0x80, 0x20, 0x00, 0x16, 0x20, 0x01, 0x00, 0x01, 0x00, 0x14, 0x00, 0x10,
	0x71, 0x06, 0x00, 0x26, 0x00, 0x00, 0x00, 0x00, 0x80, 0x00, 0x00, 0x3C, 0x1B, 0x00, 0x00, 0x29,
	0xEC, 0xE8, 0x14, 0x21, 0x00, 0x00, 0x12, 0x7C, 0x80, 0x00, 0x00, 0x16, 0x00, 0x00, 0x00, 0x01,
	0x00, 0x14, 0x00, 0x00, 0x76, 0x06, 0x00, 0x26, 0x00, 0x00, 0x80, 0x00, 0x80, 0x00, 0x00, 0x14,
	0x1B, 0x00, 0x00, 0x29, 0xEE, 0xE8, 0x14, 0x21, 0x00, 0x00, 0x00, 0x14, 0x80, 0x20, 0x00, 0x16,
	0x20, 0x01, 0x00, 0x01, 0x00, 0x14, 0x00, 0x10, 0x7B, 0x06, 0x00, 0x26, 0x00, 0x00, 0x00, 0x01,
	0x80, 0x00, 0x00, 0x28, 0x1B, 0x00, 0x00, 0x29, 0xF1, 0xE8, 0x14, 0x21, 0x00, 0x00, 0x12, 0x68,
	0x80, 0x00, 0x00, 0x16, 0x00, 0x00, 0x00, 0x01, 0x00, 0x14, 0x00, 0x00, 0x80, 0x06, 0x00, 0x26,
	0x00, 0x00, 0x80, 0x01, 0x80, 0x00, 0x00, 0x00, 0x1B, 0x00, 0x00, 0x29, 0xF3, 0xE8, 0x14, 0x21,
	0x00, 0x00, 0x00, 0x00, 0x80, 0x20, 0x00, 0x16, 0x20, 0x01, 0x00, 0x01, 0x00, 0x14, 0x00, 0x10,
	0x85, 0x06, 0x00, 0x26, 0x00, 0x00, 0x00, 0x02, 0x80, 0x00, 0x00, 0x3C, 0x1B, 0x00, 0x00, 0x29,
	0xF6, 0xE8, 0x14, 0x21, 0x00, 0x00, 0x12, 0x7C, 0x80, 0x00, 0x00, 0x16, 0x00, 0x00, 0x00, 0x01,
	0x00, 0x14, 0x00, 0x00, 0x8A, 0x06, 0x00, 0x26, 0x00, 0x00, 0x80, 0x02, 0x80, 0x00, 0x00, 0x14,
	0x1B, 0x00, 0x00, 0x29, 0xF8, 0xE8, 0x14, 0x21, 0x00, 0x00, 0x00, 0x14, 0x80, 0x20, 0x00, 0x16,
	0x20, 0x01, 0x00, 0x01, 0x00, 0x14, 0x00, 0x10, 0x8F, 0x06, 0x00, 0x26, 0x00, 0x00, 0x00, 0x03,
	0x80, 0x00, 0x00, 0x28, 0x1B, 0x00, 0x00, 0x29, 0xFB, 0xE8, 0x14, 0x21, 0x00, 0x00, 0x12, 0x68,
	0x80, 0x00, 0x00, 0x16, 0x00, 0x00, 0x00, 0x01, 0x00, 0x14, 0x00, 0x00, 0x94, 0x06, 0x00, 0x26,
	0x00, 0x00, 0x80, 0x03, 0x80, 0x00, 0x00, 0x00, 0x1B, 0x00, 0x00, 0x29, 0xFD, 0xE8, 0x14, 0x21,
	0x00, 0x00, 0x00, 0x00, 0x80, 0x20, 0x00, 0x2E, 0xE0, 0x98, 0x00, 0x02, 0x80, 0x07, 0xC0, 0x01,
	0x5A, 0x02, 0x00, 0x00, 0x00, 0x00, 0x00, 0x00, 0x00, 0x00, 0x00, 0x00, 0x00, 0x00, 0x00, 0x00,
	0x00, 0x14, 0x00, 0x00, 0x00, 0x00, 0x00, 0x00, 0x00, 0x00, 0x00, 0x0E, 0x00, 0x98, 0x00, 0x00,
	0x80, 0x07, 0x00, 0x00, 0x31, 0x01, 0x00, 0x0D, 0x80, 0x0F, 0x01, 0x00, 0x00, 0x00, 0x00, 0x00,
	0x00, 0x08, 0x00, 0x0E, 0x00, 0x98, 0x00, 0x00, 0x80, 0x07, 0x00, 0x00, 0x7C, 0x01, 0x00, 0x0D,
	0xA0, 0x0E, 0x01, 0x00, 0x00, 0x00, 0x00, 0x00, 0x00, 0x0A, 0x00, 0x0E, 0x00, 0x98, 0x00, 0x00,
	0x80, 0x07, 0x00, 0x00, 0xC7, 0x01, 0x00, 0x0D, 0xC0, 0x0D, 0x01, 0x00, 0x00, 0x00, 0x00, 0x00,
	0x00, 0x0C, 0x00, 0x0E, 0x00, 0x98, 0x00, 0x00, 0x80, 0x07, 0x00, 0x00, 0x12, 0x02, 0x00, 0x0D,
	0xE0, 0x0C, 0x01, 0x00, 0x00, 0x00, 0x00, 0x00, 0x00, 0x0E, 0x00, 0x28, 0x00, 0x00, 0x00, 0x00,
	0x00, 0x00, 0x00, 0x00, 0x00, 0x00, 0x00, 0x38, 0x00, 0x00, 0x00, 0x00, 0x00, 0x00, 0x00, 0x00,
	0x00, 0x46, 0x2B, 0x16, 0x20, 0x01, 0x00, 0x01, 0x00, 0x28, 0x00, 0x10, 0x9F, 0x05, 0x00, 0x26,
	0x00, 0x00, 0x00, 0x01, 0x80, 0x00, 0x00, 0x3C, 0x18, 0x00, 0x00, 0x29, 0x00, 0xE8, 0x10, 0x21,
	0x70, 0x02, 0x12, 0x7C, 0x80, 0x00, 0x00, 0x16, 0x00, 0x00, 0x00, 0x01, 0x00, 0x28, 0x00, 0x00,
	0xA9, 0x05, 0x00, 0x26, 0x00, 0x00, 0x80, 0x01, 0x80, 0x00, 0x00, 0x14, 0x18, 0x00, 0x00, 0x29,
	0x02, 0xE8, 0x10, 0x21, 0x70, 0x02, 0x00, 0x14, 0x80, 0x20, 0x00, 0x16, 0x20, 0x01, 0x00, 0x01,
	0x00, 0x28, 0x00, 0x10, 0xB3, 0x05, 0x00, 0x26, 0x00, 0x00, 0x00, 0x02, 0x80, 0x00, 0x00, 0x28,
	0x18, 0x00, 0x00, 0x29, 0x05, 0xE8, 0x10, 0x21, 0x70, 0x02, 0x12, 0x68, 0x80, 0x00, 0x00, 0x16,
	0x00, 0x00, 0x00, 0x01, 0x00, 0x28, 0x00, 0x00, 0xBD, 0x05, 0x00, 0x26, 0x00, 0x00, 0x80, 0x02,
	0x80, 0x00, 0x00, 0x00, 0x18, 0x00, 0x00, 0x29, 0x07, 0xE8, 0x10, 0x21, 0x70, 0x02, 0x00, 0x00,
	0x80, 0x20, 0x00, 0x16, 0x20, 0x01, 0x00, 0x01, 0x00, 0x28, 0x00, 0x10, 0xC7, 0x05, 0x00, 0x26,
	0x00, 0x00, 0x00, 0x03, 0x80, 0x00, 0x00, 0x3C, 0x18, 0x00, 0x00, 0x29, 0x0A, 0xE8, 0x10, 0x21,
	0x70, 0x02, 0x12, 0x7C, 0x80, 0x00, 0x00, 0x16, 0x00, 0x00, 0x00, 0x01, 0x00, 0x28, 0x00, 0x00,
	0xD1, 0x05, 0x00, 0x26, 0x00, 0x00, 0x80, 0x03, 0x80, 0x00, 0x00, 0x14, 0x18, 0x00, 0x00, 0x29,
	0x0C, 0xE8, 0x10, 0x21, 0x70, 0x02, 0x00, 0x14, 0x80, 0x20, 0x00, 0x16, 0x20, 0x01, 0x00, 0x01,
	0x00, 0x28, 0x00, 0x10, 0xDB, 0x05, 0x00, 0x26, 0x00, 0x00, 0x00, 0x00, 0x80, 0x00, 0x00, 0x28,
	0x19, 0x00, 0x00, 0x29, 0x0F, 0xE8, 0x10, 0x21, 0x70, 0x02, 0x12, 0x68, 0x80, 0x00, 0x00, 0x16,
	0x00, 0x00, 0x00, 0x01, 0x00, 0x28, 0x00, 0x00, 0xE5, 0x05, 0x00, 0x26, 0x00, 0x00, 0x80, 0x00,
	0x80, 0x00, 0x00, 0x00, 0x19, 0x00, 0x00, 0x29, 0x11, 0xE8, 0x10, 0x21, 0x70, 0x02, 0x00, 0x00,
	0x80, 0x20, 0x00, 0x16, 0x20, 0x01, 0x00, 0x01, 0x00, 0x28, 0x00, 0x10, 0xEF, 0x05, 0x00, 0x26,
	0x00, 0x00, 0x00, 0x01, 0x80, 0x00, 0x00, 0x3C, 0x19, 0x00, 0x00, 0x29, 0x14, 0xE8, 0x10, 0x21,
	0x70, 0x02, 0x12, 0x7C, 0x80, 0x00, 0x00, 0x16, 0x00, 0x00, 0x00, 0x01, 0x00, 0x28, 0x00, 0x00,
	0xF9, 0x05, 0x00, 0x26, 0x00, 0x00, 0x80, 0x01, 0x80, 0x00, 0x00, 0x14, 0x19, 0x00, 0x00, 0x29,
	0x16, 0xE8, 0x10, 0x21, 0x70, 0x02, 0x00, 0x14, 0x80, 0x20, 0x00, 0x16, 0x20, 0x01, 0x00, 0x01,
	0x00, 0x28, 0x00, 0x10, 0x03, 0x06, 0x00, 0x26, 0x00, 0x00, 0x00, 0x02, 0x80, 0x00, 0x00, 0x28,
	0x19, 0x00, 0x00, 0x29, 0x19, 0xE8, 0x10, 0x21, 0x70, 0x02, 0x12, 0x68, 0x80, 0x00, 0x00, 0x16,
	0x00, 0x00, 0x00, 0x01, 0x00, 0x28, 0x00, 0x00, 0x0D, 0x06, 0x00, 0x26, 0x00, 0x00, 0x80, 0x02,
	0x80, 0x00, 0x00, 0x00, 0x19, 0x00, 0x00, 0x29, 0x1B, 0xE8, 0x10, 0x21, 0x70, 0x02, 0x00, 0x00,
	0x80, 0x20, 0x00, 0x16, 0x20, 0x01, 0x00, 0x01, 0x00, 0x28, 0x00, 0x10, 0x17, 0x06, 0x00, 0x26,
	0x00, 0x00, 0x00, 0x03, 0x80, 0x00, 0x00, 0x3C, 0x19, 0x00, 0x00, 0x29, 0x1E, 0xE8, 0x10, 0x21,
	0x70, 0x02, 0x12, 0x7C, 0x80, 0x00, 0x00, 0x16, 0x00, 0x00, 0x00, 0x01, 0x00, 0x28, 0x00, 0x00,
	0x21, 0x06, 0x00, 0x26, 0x00, 0x00, 0x80, 0x03, 0x80, 0x00, 0x00, 0x14, 0x19, 0x00, 0x00, 0x29,
	0x20, 0xE8, 0x10, 0x21, 0x70, 0x02, 0x00, 0x14, 0x80, 0x20, 0x00, 0x16, 0x20, 0x01, 0x00, 0x01,
	0x00, 0x28, 0x00, 0x10, 0x2B, 0x06, 0x00, 0x26, 0x00, 0x00, 0x00, 0x00, 0x80, 0x00, 0x00, 0x28,
	0x1A, 0x00, 0x00, 0x29, 0x23, 0xE8, 0x10, 0x21, 0x70, 0x02, 0x12, 0x68, 0x80, 0x00, 0x00, 0x16,
	0x00, 0x00, 0x00, 0x01, 0x00, 0x28, 0x00, 0x00, 0x35, 0x06, 0x00, 0x26, 0x00, 0x00, 0x80, 0x00,
	0x80, 0x00, 0x00, 0x00, 0x1A, 0x00, 0x00, 0x29, 0x25, 0xE8, 0x10, 0x21, 0x70, 0x02, 0x00, 0x00,
	0x80, 0x20, 0x00, 0x16, 0x20, 0x01, 0x00, 0x01, 0x00, 0x28, 0x00, 0x10, 0x3F, 0x06, 0x00, 0x26,
	0x00, 0x00, 0x00, 0x01, 0x80, 0x00, 0x00, 0x3C, 0x1A, 0x00, 0x00, 0x29, 0x28, 0xE8, 0x10, 0x21,
	0x70, 0x02, 0x12, 0x7C, 0x80, 0x00, 0x00, 0x16, 0x00, 0x00, 0x00, 0x01, 0x00, 0x28, 0x00, 0x00,
	0x49, 0x06, 0x00, 0x26, 0x00, 0x00, 0x80, 0x01, 0x80, 0x00, 0x00, 0x14, 0x1A, 0x00, 0x00, 0x29,
	0x2A, 0xE8, 0x10, 0x21, 0x70, 0x02, 0x00, 0x14, 0x80, 0x20, 0x00, 0x16, 0x20, 0x01, 0x00, 0x01,
	0x00, 0x28, 0x00, 0x10, 0x53, 0x06, 0x00, 0x26, 0x00, 0x00, 0x00, 0x02, 0x80, 0x00, 0x00, 0x28,
	0x1A, 0x00, 0x00, 0x29, 0x2D, 0xE8, 0x10, 0x21, 0x70, 0x02, 0x12, 0x68, 0x80, 0x00, 0x00, 0x16,
	0x00, 0x00, 0x00, 0x01, 0x00, 0x28, 0x00, 0x00, 0x5D, 0x06, 0x00, 0x26, 0x00, 0x00, 0x80, 0x02,
	0x80, 0x00, 0x00, 0x00, 0x1A, 0x00, 0x00, 0x29, 0x2F, 0xE8, 0x10, 0x21, 0x70, 0x02, 0x00, 0x00,
	0x80, 0x20, 0x00, 0x28, 0x00, 0x00, 0x00, 0x00, 0x00, 0x00, 0x00, 0x00, 0x00, 0x00, 0x00, 0x38,
	0x00, 0x00, 0x00, 0x00, 0x00, 0x00, 0x00, 0x00, 0x00, 0x44, 0x33, 0x16, 0x20, 0x01, 0x00, 0x01,
	0x00, 0x14, 0x00, 0x10, 0x67, 0x06, 0x00, 0x26, 0x00, 0x00, 0x00, 0x03, 0x80, 0x00, 0x00, 0x3C,
	0x1A, 0x00, 0x00, 0x29, 0xE7, 0xE8, 0x14, 0x21, 0x00, 0x00, 0x12, 0x7C, 0x80, 0x00, 0x00, 0x16,
	0x00, 0x00, 0x00, 0x01, 0x00, 0x14, 0x00, 0x00, 0x6C, 0x06, 0x00, 0x26, 0x00, 0x00, 0x80, 0x03,
	0x80, 0x00, 0x00, 0x14, 0x1A, 0x00, 0x00, 0x29, 0xE9, 0xE8, 0x14, 0x21, 0x00, 0x00, 0x00, 0x14,
	0x80, 0x20, 0x00, 0x16, 0x20, 0x01, 0x00, 0x01, 0x00, 0x14, 0x00, 0x10, 0x71, 0x06, 0x00, 0x26,
	0x00, 0x00, 0x00, 0x00, 0x80, 0x00, 0x00, 0x28, 0x1B, 0x00, 0x00, 0x29, 0xEC, 0xE8, 0x14, 0x21,
	0x00, 0x00, 0x12, 0x68, 0x80, 0x00, 0x00, 0x16, 0x00, 0x00, 0x00, 0x01, 0x00, 0x14, 0x00, 0x00,
	0x76, 0x06, 0x00, 0x26, 0x00, 0x00, 0x80, 0x00, 0x80, 0x00, 0x00, 0x00, 0x1B, 0x00, 0x00, 0x29,
	0xEE, 0xE8, 0x14, 0x21, 0x00, 0x00, 0x00, 0x00, 0x80, 0x20, 0x00, 0x16, 0x20, 0x01, 0x00, 0x01,
	0x00, 0x14, 0x00, 0x10, 0x7B, 0x06, 0x00, 0x26, 0x00, 0x00, 0x00, 0x01, 0x80, 0x00, 0x00, 0x3C,
	0x1B, 0x00, 0x00, 0x29, 0xF1, 0xE8, 0x14, 0x21, 0x00, 0x00, 0x12, 0x7C, 0x80, 0x00, 0x00, 0x16,
	0x00, 0x00, 0x00, 0x01, 0x00, 0x14, 0x00, 0x00, 0x80, 0x06, 0x00, 0x26, 0x00, 0x00, 0x80, 0x01,
	0x80, 0x00, 0x00, 0x14, 0x1B, 0x00, 0x00, 0x29, 0xF3, 0xE8, 0x14, 0x21, 0x00, 0x00, 0x00, 0x14,
	0x80, 0x20, 0x00, 0x16, 0x20, 0x01, 0x00, 0x01, 0x00, 0x14, 0x00, 0x10, 0x85, 0x06, 0x00, 0x26,
	0x00, 0x00, 0x00, 0x02, 0x80, 0x00, 0x00, 0x28, 0x1B, 0x00, 0x00, 0x29, 0xF6, 0xE8, 0x14, 0x21,
	0x00, 0x00, 0x12, 0x68, 0x80, 0x00, 0x00, 0x16, 0x00, 0x00, 0x00, 0x01, 0x00, 0x14, 0x00, 0x00,
	0x8A, 0x06, 0x00, 0x26, 0x00, 0x00, 0x80, 0x02, 0x80, 0x00, 0x00, 0x00, 0x1B, 0x00, 0x00, 0x29,
	0xF8, 0xE8, 0x14, 0x21, 0x00, 0x00, 0x00, 0x00, 0x80, 0x20, 0x00, 0x16, 0x20, 0x01, 0x00, 0x01,
	0x00, 0x14, 0x00, 0x10, 0x8F, 0x06, 0x00, 0x26, 0x00, 0x00, 0x00, 0x03, 0x80, 0x00, 0x00, 0x3C,
	0x1B, 0x00, 0x00, 0x29, 0xFB, 0xE8, 0x14, 0x21, 0x00, 0x00, 0x12, 0x7C, 0x80, 0x00, 0x00, 0x16,
	0x00, 0x00, 0x00, 0x01, 0x00, 0x14, 0x00, 0x00, 0x94, 0x06, 0x00, 0x26, 0x00, 0x00, 0x80, 0x03,
	0x80, 0x00, 0x00, 0x14, 0x1B, 0x00, 0x00, 0x29, 0xFD, 0xE8, 0x14, 0x21, 0x00, 0x00, 0x00, 0x14,
	0x80, 0x20, 0x00, 0x2E, 0xE0, 0x98, 0x00, 0x00, 0x80, 0x07, 0xC0, 0x01, 0x5D, 0x02, 0x00, 0x00,
	0x00, 0x00, 0x00, 0x00, 0x00, 0x00, 0x00, 0x00, 0x00, 0x00, 0x00, 0x00, 0x00, 0x14, 0x00, 0x00,
	0x00, 0x00, 0x00, 0x00, 0x00, 0x00, 0x00, 0x00, 0x00, 0x00, 0x00, 0x00, 0x00, 0x00, 0x00, 0x00,
	0x00, 0x00, 0x00, 0x00, 0x00, 0x14, 0x00, 0x00, 0x00, 0x00, 0x00, 0x00, 0x00, 0x00, 0x00, 0x0E,
	0xE0, 0x98, 0x00, 0x00, 0x80, 0x07, 0xC0, 0x01, 0x58, 0x02, 0x00, 0x35, 0x00, 0x9C, 0x00, 0x00,
	0x80, 0x23, 0x00, 0x00, 0x00, 0xC0, 0x01, 0x35, 0x01, 0x9C, 0x00, 0x00, 0x80, 0x23, 0x00, 0x00,
	0x00, 0xC0, 0x01, 0x35, 0x28, 0x9C, 0x00, 0x00, 0x80, 0x23, 0x00, 0x00, 0x00, 0xC0, 0x01, 0x35,
	0x29, 0x9C, 0x00, 0x00, 0x80, 0x23, 0x00, 0x00, 0x00, 0xC0, 0x01, 0x35, 0x50, 0x9C, 0x00, 0x00,
	0xD0, 0x23, 0x00, 0x00, 0x00, 0xC0, 0x01, 0x35, 0x51, 0x9C, 0x00, 0x00, 0xD0, 0x23, 0x00, 0x00,
	0x00, 0xC0, 0x01, 0x35, 0x78, 0x9C, 0x00, 0x00, 0xD0, 0x23, 0x00, 0x00, 0x00, 0xC0, 0x01, 0x35,
	0x79, 0x9C, 0x00, 0x00, 0xD0, 0x23, 0x00, 0x00, 0x00, 0xC0, 0x01, 0x35, 0xA0, 0x9C, 0x00, 0x00,
	0x20, 0x24, 0x00, 0x00, 0x00, 0xC0, 0x01, 0x35, 0xA1, 0x9C, 0x00, 0x00, 0x20, 0x24, 0x00, 0x00,
	0x00, 0xC0, 0x01, 0x35, 0xC8, 0x9C, 0x00, 0x00, 0x20, 0x24, 0x00, 0x00, 0x00, 0xC0, 0x01, 0x35,
	0xC9, 0x9C, 0x00, 0x00, 0x20, 0x24, 0x00, 0x00, 0x00, 0xC0, 0x01, 0x35, 0xF0, 0x9C, 0x00, 0x00,
	0x70, 0x24, 0x00, 0x00, 0x00, 0xC0, 0x01, 0x35, 0xF1, 0x9C, 0x00, 0x00, 0x70, 0x24, 0x00, 0x00,
	0x00, 0xC0, 0x01, 0x35, 0x18, 0x9D, 0x00, 0x00, 0x70, 0x24, 0x00, 0x00, 0x00, 0xC0, 0x01, 0x35,
	0x19, 0x9D, 0x00, 0x00, 0x70, 0x24, 0x00, 0x00, 0x00, 0xC0, 0x01, 0x35, 0x40, 0x9D, 0x00, 0x00,
	0xC0, 0x24, 0x00, 0x00, 0x00, 0xC0, 0x01, 0x35, 0x41, 0x9D, 0x00, 0x00, 0xC0, 0x24, 0x00, 0x00,
	0x00, 0xC0, 0x01, 0x35, 0x68, 0x9D, 0x00, 0x00, 0xC0, 0x24, 0x00, 0x00, 0x00, 0xC0, 0x01, 0x35,
	0x69, 0x9D, 0x00, 0x00, 0xC0, 0x24, 0x00, 0x00, 0x00, 0xC0, 0x01, 0x35, 0x90, 0x9D, 0x00, 0x00,
	0x10, 0x25, 0x00, 0x00, 0x00, 0xC0, 0x01, 0x35, 0x91, 0x9D, 0x00, 0x00, 0x10, 0x25, 0x00, 0x00,
	0x00, 0xC0, 0x01, 0x35, 0xB8, 0x9D, 0x00, 0x00, 0x10, 0x25, 0x00, 0x00, 0x00, 0xC0, 0x01, 0x35,
	0xB9, 0x9D, 0x00, 0x00, 0x10, 0x25, 0x00, 0x00, 0x00, 0xC0, 0x01, 0x35, 0xE0, 0x9D, 0x00, 0x00,
	0x60, 0x25, 0x00, 0x00, 0x00, 0xC0, 0x01, 0x35, 0xE1, 0x9D, 0x00, 0x00, 0x60, 0x25, 0x00, 0x00,
	0x00, 0xC0, 0x01, 0x35, 0x08, 0x9E, 0x00, 0x00, 0x60, 0x25, 0x00, 0x00, 0x00, 0xC0, 0x01, 0x35,
	0x09, 0x9E, 0x00, 0x00, 0x60, 0x25, 0x00, 0x00, 0x00, 0xC0, 0x01, 0x35, 0x30, 0x9E, 0x00, 0x00,
	0xB0, 0x25, 0x00, 0x00, 0x00, 0xC0, 0x01, 0x35, 0x31, 0x9E, 0x00, 0x00, 0xB0, 0x25, 0x00, 0x00,
	0x00, 0xC0, 0x01, 0x35, 0x58, 0x9E, 0x00, 0x00, 0xB0, 0x25, 0x00, 0x00, 0x00, 0xC0, 0x01, 0x35,
	0x59, 0x9E, 0x00, 0x00, 0xB0, 0x25, 0x00, 0x00, 0x00, 0xC0, 0x01, 0x35, 0x80, 0x9E, 0x00, 0x00,
	0x00, 0x26, 0x00, 0x00, 0x00, 0xC0, 0x01, 0x35, 0x81, 0x9E, 0x00, 0x00, 0x00, 0x26, 0x00, 0x00,
	0x00, 0xC0, 0x01, 0x35, 0xA8, 0x9E, 0x00, 0x00, 0x00, 0x26, 0x00, 0x00, 0x00, 0xC0, 0x01, 0x35,
	0xA9, 0x9E, 0x00, 0x00, 0x00, 0x26, 0x00, 0x00, 0x00, 0xC0, 0x01, 0x35, 0xD0, 0x9E, 0x00, 0x00,
	0x50, 0x26, 0x00, 0x00, 0x00, 0xC0, 0x01, 0x35, 0xD1, 0x9E, 0x00, 0x00, 0x50, 0x26, 0x00, 0x00,
	0x00, 0xC0, 0x01, 0x35, 0xF8, 0x9E, 0x00, 0x00, 0x50, 0x26, 0x00, 0x00, 0x00, 0xC0, 0x01, 0x35,
	0xF9, 0x9E, 0x00, 0x00, 0x50, 0x26, 0x00, 0x00, 0x00, 0xC0, 0x01, 0x35, 0x20, 0x9F, 0x00, 0x00,
	0xA0, 0x26, 0x00, 0x00, 0x00, 0xC0, 0x01, 0x35, 0x21, 0x9F, 0x00, 0x00, 0xA0, 0x26, 0x00, 0x00,
	0x00, 0xC0, 0x01, 0x35, 0x48, 0x9F, 0x00, 0x00, 0xA0, 0x26, 0x00, 0x00, 0x00, 0xC0, 0x01, 0x35,
	0x49, 0x9F, 0x00, 0x00, 0xA0, 0x26, 0x00, 0x00, 0x00, 0xC0, 0x01, 0x35, 0x70, 0x9F, 0x00, 0x00,
	0xF0, 0x26, 0x00, 0x00, 0x00, 0xC0, 0x01, 0x35, 0x71, 0x9F, 0x00, 0x00, 0xF0, 0x26, 0x00, 0x00,
	0x00, 0xC0, 0x01, 0x35, 0x98, 0x9F, 0x00, 0x00, 0xF0, 0x26, 0x00, 0x00, 0x00, 0xC0, 0x01, 0x35,
	0x99, 0x9F, 0x00, 0x00, 0xF0, 0x26, 0x00, 0x00, 0x00, 0xC0, 0x01, 0x35, 0xC0, 0x9F, 0x00, 0x00,
	0x40, 0x27, 0x00, 0x00, 0x00, 0xC0, 0x01, 0x35, 0xC1, 0x9F, 0x00, 0x00, 0x40, 0x27, 0x00, 0x00,
	0x00, 0xC0, 0x01, 0x35, 0xE8, 0x9F, 0x00, 0x00, 0x40, 0x27, 0x00, 0x00, 0x00, 0xC0, 0x01, 0x35,
	0xE9, 0x9F, 0x00, 0x00, 0x40, 0x27, 0x00, 0x00, 0x00, 0xC0, 0x01, 0x35, 0x10, 0x9C, 0x00, 0x00,
	0x90, 0x27, 0x00, 0x00, 0x00, 0xC2, 0x01, 0x35, 0x11, 0x9C, 0x00, 0x00, 0x90, 0x27, 0x00, 0x00,
	0x00, 0xC2, 0x01, 0x35, 0x38, 0x9C, 0x00, 0x00, 0x90, 0x27, 0x00, 0x00, 0x00, 0xC2, 0x01, 0x35,
	0x39, 0x9C, 0x00, 0x00, 0x90, 0x27, 0x00, 0x00, 0x00, 0xC2, 0x01, 0x35, 0x60, 0x9C, 0x00, 0x00,
	0xE0, 0x27, 0x00, 0x00, 0x00, 0xC2, 0x01, 0x35, 0x61, 0x9C, 0x00, 0x00, 0xE0, 0x27, 0x00, 0x00,
	0x00, 0xC2, 0x01, 0x35, 0x88, 0x9C, 0x00, 0x00, 0xE0, 0x27, 0x00, 0x00, 0x00, 0xC2, 0x01, 0x35,
	0x89, 0x9C, 0x00, 0x00, 0xE0, 0x27, 0x00, 0x00, 0x00, 0xC2, 0x01, 0x35, 0xB0, 0x9C, 0x00, 0x00,
	0x30, 0x28, 0x00, 0x00, 0x00, 0xC2, 0x01, 0x35, 0xB1, 0x9C, 0x00, 0x00, 0x30, 0x28, 0x00, 0x00,
	0x00, 0xC2, 0x01, 0x35, 0xD8, 0x9C, 0x00, 0x00, 0x30, 0x28, 0x00, 0x00, 0x00, 0xC2, 0x01, 0x35,
	0xD9, 0x9C, 0x00, 0x00, 0x30, 0x28, 0x00, 0x00, 0x00, 0xC2, 0x01, 0x35, 0x00, 0x9D, 0x00, 0x00,
	0x80, 0x28, 0x00, 0x00, 0x00, 0xC2, 0x01, 0x35, 0x01, 0x9D, 0x00, 0x00, 0x80, 0x28, 0x00, 0x00,
	0x00, 0xC2, 0x01, 0x35, 0x28, 0x9D, 0x00, 0x00, 0x80, 0x28, 0x00, 0x00, 0x00, 0xC2, 0x01, 0x35,
	0x29, 0x9D, 0x00, 0x00, 0x80, 0x28, 0x00, 0x00, 0x00, 0xC2, 0x01, 0x35, 0x50, 0x9D, 0x00, 0x00,
	0xD0, 0x28, 0x00, 0x00, 0x00, 0xC2, 0x01, 0x35, 0x51, 0x9D, 0x00, 0x00, 0xD0, 0x28, 0x00, 0x00,
	0x00, 0xC2, 0x01, 0x35, 0x78, 0x9D, 0x00, 0x00, 0xD0, 0x28, 0x00, 0x00, 0x00, 0xC2, 0x01, 0x35,
	0x79, 0x9D, 0x00, 0x00, 0xD0, 0x28, 0x00, 0x00, 0x00, 0xC2, 0x01, 0x35, 0xA0, 0x9D, 0x00, 0x00,
	0x20, 0x29, 0x00, 0x00, 0x00, 0xC2, 0x01, 0x35, 0xA1, 0x9D, 0x00, 0x00, 0x20, 0x29, 0x00, 0x00,
	0x00, 0xC2, 0x01, 0x35, 0xC8, 0x9D, 0x00, 0x00, 0x20, 0x29, 0x00, 0x00, 0x00, 0xC2, 0x01, 0x35,
	0xC9, 0x9D, 0x00, 0x00, 0x20, 0x29, 0x00, 0x00, 0x00, 0xC2, 0x01, 0x35, 0xF0, 0x9D, 0x00, 0x00,
	0x70, 0x29, 0x00, 0x00, 0x00, 0xC2, 0x01, 0x35, 0xF1, 0x9D, 0x00, 0x00, 0x70, 0x29, 0x00, 0x00,
	0x00, 0xC2, 0x01, 0x35, 0x18, 0x9E, 0x00, 0x00, 0x70, 0x29, 0x00, 0x00, 0x00, 0xC2, 0x01, 0x35,
	0x19, 0x9E, 0x00, 0x00, 0x70, 0x29, 0x00, 0x00, 0x00, 0xC2, 0x01, 0x35, 0x40, 0x9E, 0x00, 0x00,
	0xC0, 0x29, 0x00, 0x00, 0x00, 0xC2, 0x01, 0x35, 0x41, 0x9E, 0x00, 0x00, 0xC0, 0x29, 0x00, 0x00,
	0x00, 0xC2, 0x01, 0x35, 0x68, 0x9E, 0x00, 0x00, 0xC0, 0x29, 0x00, 0x00, 0x00, 0xC2, 0x01, 0x35,
	0x69, 0x9E, 0x00, 0x00, 0xC0, 0x29, 0x00, 0x00, 0x00, 0xC2, 0x01, 0x35, 0x90, 0x9E, 0x00, 0x00,
	0x10, 0x2A, 0x00, 0x00, 0x00, 0xC2, 0x01, 0x35, 0x91, 0x9E, 0x00, 0x00, 0x10, 0x2A, 0x00, 0x00,
	0x00, 0xC2, 0x01, 0x35, 0xB8, 0x9E, 0x00, 0x00, 0x10, 0x2A, 0x00, 0x00, 0x00, 0xC2, 0x01, 0x35,
	0xB9, 0x9E, 0x00, 0x00, 0x10, 0x2A, 0x00, 0x00, 0x00, 0xC2, 0x01, 0x35, 0xE0, 0x9E, 0x00, 0x00,
	0x60, 0x2A, 0x00, 0x00, 0x00, 0xC2, 0x01, 0x35, 0xE1, 0x9E, 0x00, 0x00, 0x60, 0x2A, 0x00, 0x00,
	0x00, 0xC2, 0x01, 0x35, 0x08, 0x9F, 0x00, 0x00, 0x60, 0x2A, 0x00, 0x00, 0x00, 0xC2, 0x01, 0x35,
	0x09, 0x9F, 0x00, 0x00, 0x60, 0x2A, 0x00, 0x00, 0x00, 0xC2, 0x01, 0x35, 0x30, 0x9F, 0x00, 0x00,
	0xB0, 0x2A, 0x00, 0x00, 0x00, 0xC2, 0x01, 0x35, 0x31, 0x9F, 0x00, 0x00, 0xB0, 0x2A, 0x00, 0x00,
	0x00, 0xC2, 0x01, 0x35, 0x58, 0x9F, 0x00, 0x00, 0xB0, 0x2A, 0x00, 0x00, 0x00, 0xC2, 0x01, 0x35,
	0x59, 0x9F, 0x00, 0x00, 0xB0, 0x2A, 0x00, 0x00, 0x00, 0xC2, 0x01, 0x35, 0x80, 0x9F, 0x00, 0x00,
	0x00, 0x2B, 0x00, 0x00, 0x00, 0xC2, 0x01, 0x35, 0x81, 0x9F, 0x00, 0x00, 0x00, 0x2B, 0x00, 0x00,
	0x00, 0xC2, 0x01, 0x35, 0xA8, 0x9F, 0x00, 0x00, 0x00, 0x2B, 0x00, 0x00, 0x00, 0xC2, 0x01, 0x35,
	0xA9, 0x9F, 0x00, 0x00, 0x00, 0x2B, 0x00, 0x00, 0x00, 0xC2, 0x01, 0x35, 0xD0, 0x9F, 0x00, 0x00,
	0x50, 0x2B, 0x00, 0x00, 0x00, 0xC2, 0x01, 0x35, 0xD1, 0x9F, 0x00, 0x00, 0x50, 0x2B, 0x00, 0x00,
	0x00, 0xC2, 0x01, 0x35, 0xF8, 0x9F, 0x00, 0x00, 0x50, 0x2B, 0x00, 0x00, 0x00, 0xC2, 0x01, 0x35,
	0xF9, 0x9F, 0x00, 0x00, 0x50, 0x2B, 0x00, 0x00, 0x00, 0xC2, 0x01, 0x35, 0x20, 0x9C, 0x00, 0x00,
	0xA0, 0x2B, 0x00, 0x00, 0x00, 0xC4, 0x01, 0x06, 0x00, 0x02, 0x00, 0x00, 0x00, 0x08, 0x00, 0x00,
	0x38, 0x01, 0x00, 0x08, 0x00, 0x00, 0x00, 0x00, 0x00, 0x00, 0x00, 0x00, 0x00, 0x00, 0x00, 0x18,
	0x00, 0x02, 0x00, 0x00, 0x00, 0x00, 0x00, 0x00, 0x00, 0x00, 0x00, 0x35, 0x21, 0x9C, 0x00, 0x00,
	0xA0, 0x2B, 0x00, 0x00, 0x00, 0xC4, 0x01, 0x35, 0x48, 0x9C, 0x00, 0x00, 0xA0, 0x2B, 0x00, 0x00,
	0x00, 0xC4, 0x01, 0x35, 0x49, 0x9C, 0x00, 0x00, 0xA0, 0x2B, 0x00, 0x00, 0x00, 0xC4, 0x01, 0x35,
	0x70, 0x9C, 0x00, 0x00, 0xF0, 0x2B, 0x00, 0x00, 0x00, 0xC4, 0x01, 0x35, 0x71, 0x9C, 0x00, 0x00,
	0xF0, 0x2B, 0x00, 0x00, 0x00, 0xC4, 0x01, 0x35, 0x98, 0x9C, 0x00, 0x00, 0xF0, 0x2B, 0x00, 0x00,
	0x00, 0xC4, 0x01, 0x35, 0x99, 0x9C, 0x00, 0x00, 0xF0, 0x2B, 0x00, 0x00, 0x00, 0xC4, 0x01, 0x35,
	0xC0, 0x9C, 0x00, 0x00, 0x40, 0x2C, 0x00, 0x00, 0x00, 0xC4, 0x01, 0x35, 0xC1, 0x9C, 0x00, 0x00,
	0x40, 0x2C, 0x00, 0x00, 0x00, 0xC4, 0x01, 0x35, 0xE8, 0x9C, 0x00, 0x00, 0x40, 0x2C, 0x00, 0x00,
	0x00, 0xC4, 0x01, 0x35, 0xE9, 0x9C, 0x00, 0x00, 0x40, 0x2C, 0x00, 0x00, 0x00, 0xC4, 0x01, 0x35,
	0x10, 0x9D, 0x00, 0x00, 0x90, 0x2C, 0x00, 0x00, 0x00, 0xC4, 0x01, 0x35, 0x11, 0x9D, 0x00, 0x00,
	0x90, 0x2C, 0x00, 0x00, 0x00, 0xC4, 0x01, 0x35, 0x38, 0x9D, 0x00, 0x00, 0x90, 0x2C, 0x00, 0x00,
	0x00, 0xC4, 0x01, 0x35, 0x39, 0x9D, 0x00, 0x00, 0x90, 0x2C, 0x00, 0x00, 0x00, 0xC4, 0x01, 0x35,
	0x60, 0x9D, 0x00, 0x00, 0xE0, 0x2C, 0x00, 0x00, 0x00, 0xC4, 0x01, 0x35, 0x61, 0x9D, 0x00, 0x00,
	0xE0, 0x2C, 0x00, 0x00, 0x00, 0xC4, 0x01, 0x35, 0x88, 0x9D, 0x00, 0x00, 0xE0, 0x2C, 0x00, 0x00,
	0x00, 0xC4, 0x01, 0x35, 0x89, 0x9D, 0x00, 0x00, 0xE0, 0x2C, 0x00, 0x00, 0x00, 0xC4, 0x01, 0x35,
	0xB0, 0x9D, 0x00, 0x00, 0x30, 0x2D, 0x00, 0x00, 0x00, 0xC4, 0x01, 0x35, 0xB1, 0x9D, 0x00, 0x00,
	0x30, 0x2D, 0x00, 0x00, 0x00, 0xC4, 0x01, 0x35, 0xD8, 0x9D, 0x00, 0x00, 0x30, 0x2D, 0x00, 0x00,
	0x00, 0xC4, 0x01, 0x35, 0xD9, 0x9D, 0x00, 0x00, 0x30, 0x2D, 0x00, 0x00, 0x00, 0xC4, 0x01, 0x35,
	0x00, 0x9E, 0x00, 0x00, 0x80, 0x2D, 0x00, 0x00, 0x00, 0xC4, 0x01, 0x35, 0x01, 0x9E, 0x00, 0x00,
	0x80, 0x2D, 0x00, 0x00, 0x00, 0xC4, 0x01, 0x35, 0x28, 0x9E, 0x00, 0x00, 0x80, 0x2D, 0x00, 0x00,
	0x00, 0xC4, 0x01, 0x35, 0x29, 0x9E, 0x00, 0x00, 0x80, 0x2D, 0x00, 0x00, 0x00, 0xC4, 0x01, 0x35,
	0x50, 0x9E, 0x00, 0x00, 0xD0, 0x2D, 0x00, 0x00, 0x00, 0xC4, 0x01, 0x35, 0x51, 0x9E, 0x00, 0x00,
	0xD0, 0x2D, 0x00, 0x00, 0x00, 0xC4, 0x01, 0x35, 0x78, 0x9E, 0x00, 0x00, 0xD0, 0x2D, 0x00, 0x00,
	0x00, 0xC4, 0x01, 0x35, 0x79, 0x9E, 0x00, 0x00, 0xD0, 0x2D, 0x00, 0x00, 0x00, 0xC4, 0x01, 0x35,
	0xA0, 0x9E, 0x00, 0x00, 0x20, 0x2E, 0x00, 0x00, 0x00, 0xC4, 0x01, 0x35, 0xA1, 0x9E, 0x00, 0x00,
	0x20, 0x2E, 0x00, 0x00, 0x00, 0xC4, 0x01, 0x35, 0xC8, 0x9E, 0x00, 0x00, 0x20, 0x2E, 0x00, 0x00,
	0x00, 0xC4, 0x01, 0x35, 0xC9, 0x9E, 0x00, 0x00, 0x20, 0x2E, 0x00, 0x00, 0x00, 0xC4, 0x01, 0x35,
	0xF0, 0x9E, 0x00, 0x00, 0x70, 0x2E, 0x00, 0x00, 0x00, 0xC4, 0x01, 0x35, 0xF1, 0x9E, 0x00, 0x00,
	0x70, 0x2E, 0x00, 0x00, 0x00, 0xC4, 0x01, 0x35, 0x18, 0x9F, 0x00, 0x00, 0x70, 0x2E, 0x00, 0x00,
	0x00, 0xC4, 0x01, 0x35, 0x19, 0x9F, 0x00, 0x00, 0x70, 0x2E, 0x00, 0x00, 0x00, 0xC4, 0x01, 0x35,
	0x40, 0x9F, 0x00, 0x00, 0xC0, 0x2E, 0x00, 0x00, 0x00, 0xC4, 0x01, 0x35, 0x41, 0x9F, 0x00, 0x00,
	0xC0, 0x2E, 0x00, 0x00, 0x00, 0xC4, 0x01, 0x35, 0x68, 0x9F, 0x00, 0x00, 0xC0, 0x2E, 0x00, 0x00,
	0x00, 0xC4, 0x01, 0x35, 0x69, 0x9F, 0x00, 0x00, 0xC0, 0x2E, 0x00, 0x00, 0x00, 0xC4, 0x01, 0x35,
	0x90, 0x9F, 0x00, 0x00, 0x10, 0x2F, 0x00, 0x00, 0x00, 0xC4, 0x01, 0x35, 0x91, 0x9F, 0x00, 0x00,
	0x10, 0x2F, 0x00, 0x00, 0x00, 0xC4, 0x01, 0x35, 0xB8, 0x9F, 0x00, 0x00, 0x10, 0x2F, 0x00, 0x00,
	0x00, 0xC4, 0x01, 0x35, 0xB9, 0x9F, 0x00, 0x00, 0x10, 0x2F, 0x00, 0x00, 0x00, 0xC4, 0x01, 0x35,
	0xE0, 0x9F, 0x00, 0x00, 0x60, 0x2F, 0x00, 0x00, 0x00, 0xC4, 0x01, 0x35, 0xE1, 0x9F, 0x00, 0x00,
	0x60, 0x2F, 0x00, 0x00, 0x00, 0xC4, 0x01, 0x35, 0x08, 0x9C, 0x00, 0x00, 0x60, 0x2F, 0x00, 0x00,
	0x00, 0xC6, 0x01, 0x35, 0x09, 0x9C, 0x00, 0x00, 0x60, 0x2F, 0x00, 0x00, 0x00, 0xC6, 0x01, 0x35,
	0x30, 0x9C, 0x00, 0x00, 0xB0, 0x2F, 0x00, 0x00, 0x00, 0xC6, 0x01, 0x35, 0x31, 0x9C, 0x00, 0x00,
	0xB0, 0x2F, 0x00, 0x00, 0x00, 0xC6, 0x01, 0x35, 0x58, 0x9C, 0x00, 0x00, 0xB0, 0x2F, 0x00, 0x00,
	0x00, 0xC6, 0x01, 0x35, 0x59, 0x9C, 0x00, 0x00, 0xB0, 0x2F, 0x00, 0x00, 0x00, 0xC6, 0x01, 0x40,
	0xD8, 0x5A, 0x00, 0x00, 0x00, 0x00, 0x00, 0x00, 0x00, 0x00, 0x00, 0xDC, 0x80, 0xE7, 0x00, 0x01,
	0x00, 0x00, 0x00, 0x00, 0x00, 0xC0, 0x0B, 0x2E, 0x80, 0x73, 0x00, 0x00, 0x00, 0x1E, 0x00, 0x01,
	0x2C, 0x01, 0x00, 0x00, 0x00, 0x00, 0x00, 0x00, 0x00, 0x00, 0x00, 0x00, 0x00, 0x00, 0x00, 0x00,
	0x00, 0x14, 0x00, 0x00, 0x00, 0x00, 0x00, 0x00, 0x00, 0x00, 0x00, 0x0E, 0xE0, 0x98, 0x00, 0x02,
	0x80, 0x07, 0xC0, 0x01, 0x5A, 0x02, 0x00, 0x35, 0x00, 0x9C, 0x00, 0x00, 0x80, 0x23, 0x00, 0x00,
	0x00, 0xC0, 0x01, 0x35, 0x01, 0x9C, 0x00, 0x00, 0x80, 0x23, 0x00, 0x00, 0x00, 0xC0, 0x01, 0x35,
	0x28, 0x9C, 0x00, 0x00, 0x80, 0x23, 0x00, 0x00, 0x00, 0xC0, 0x01, 0x35, 0x29, 0x9C, 0x00, 0x00,
	0x80, 0x23, 0x00, 0x00, 0x00, 0xC0, 0x01, 0x35, 0x50, 0x9C, 0x00, 0x00, 0xD0, 0x23, 0x00, 0x00,
	0x00, 0xC0, 0x01, 0x35, 0x51, 0x9C, 0x00, 0x00, 0xD0, 0x23, 0x00, 0x00, 0x00, 0xC0, 0x01, 0x35,
	0x78, 0x9C, 0x00, 0x00, 0xD0, 0x23, 0x00, 0x00, 0x00, 0xC0, 0x01, 0x35, 0x79, 0x9C, 0x00, 0x00,
	0xD0, 0x23, 0x00, 0x00, 0x00, 0xC0, 0x01, 0x35, 0xA0, 0x9C, 0x00, 0x00, 0x20, 0x24, 0x00, 0x00,
	0x00, 0xC0, 0x01, 0x35, 0xA1, 0x9C, 0x00, 0x00, 0x20, 0x24, 0x00, 0x00, 0x00, 0xC0, 0x01, 0x35,
	0xC8, 0x9C, 0x00, 0x00, 0x20, 0x24, 0x00, 0x00, 0x00, 0xC0, 0x01, 0x35, 0xC9, 0x9C, 0x00, 0x00,
	0x20, 0x24, 0x00, 0x00, 0x00, 0xC0, 0x01, 0x35, 0xF0, 0x9C, 0x00, 0x00, 0x70, 0x24, 0x00, 0x00,
	0x00, 0xC0, 0x01, 0x35, 0xF1, 0x9C, 0x00, 0x00, 0x70, 0x24, 0x00, 0x00, 0x00, 0xC0, 0x01, 0x35,
	0x18, 0x9D, 0x00, 0x00, 0x70, 0x24, 0x00, 0x00, 0x00, 0xC0, 0x01, 0x35, 0x19, 0x9D, 0x00, 0x00,
	0x70, 0x24, 0x00, 0x00, 0x00, 0xC0, 0x01, 0x35, 0x40, 0x9D, 0x00, 0x00, 0xC0, 0x24, 0x00, 0x00,
	0x00, 0xC0, 0x01, 0x35, 0x41, 0x9D, 0x00, 0x00, 0xC0, 0x24, 0x00, 0x00, 0x00, 0xC0, 0x01, 0x35,
	0x68, 0x9D, 0x00, 0x00, 0xC0, 0x24, 0x00, 0x00, 0x00, 0xC0, 0x01, 0x35, 0x69, 0x9D, 0x00, 0x00,
	0xC0, 0x24, 0x00, 0x00, 0x00, 0xC0, 0x01, 0x35, 0x90, 0x9D, 0x00, 0x00, 0x10, 0x25, 0x00, 0x00,
	0x00, 0xC0, 0x01, 0x35, 0x91, 0x9D, 0x00, 0x00, 0x10, 0x25, 0x00, 0x00, 0x00, 0xC0, 0x01, 0x35,
	0xB8, 0x9D, 0x00, 0x00, 0x10, 0x25, 0x00, 0x00, 0x00, 0xC0, 0x01, 0x35, 0xB9, 0x9D, 0x00, 0x00,
	0x10, 0x25, 0x00, 0x00, 0x00, 0xC0, 0x01, 0x35, 0xE0, 0x9D, 0x00, 0x00, 0x60, 0x25, 0x00, 0x00,
	0x00, 0xC0, 0x01, 0x35, 0xE1, 0x9D, 0x00, 0x00, 0x60, 0x25, 0x00, 0x00, 0x00, 0xC0, 0x01, 0x35,
	0x08, 0x9E, 0x00, 0x00, 0x60, 0x25, 0x00, 0x00, 0x00, 0xC0, 0x01, 0x35, 0x09, 0x9E, 0x00, 0x00,
	0x60, 0x25, 0x00, 0x00, 0x00, 0xC0, 0x01, 0x35, 0x30, 0x9E, 0x00, 0x00, 0xB0, 0x25, 0x00, 0x00,
	0x00, 0xC0, 0x01, 0x35, 0x31, 0x9E, 0x00, 0x00, 0xB0, 0x25, 0x00, 0x00, 0x00, 0xC0, 0x01, 0x35,
	0x58, 0x9E, 0x00, 0x00, 0xB0, 0x25, 0x00, 0x00, 0x00, 0xC0, 0x01, 0x35, 0x59, 0x9E, 0x00, 0x00,
	0xB0, 0x25, 0x00, 0x00, 0x00, 0xC0, 0x01, 0x35, 0x80, 0x9E, 0x00, 0x00, 0x00, 0x26, 0x00, 0x00,
	0x00, 0xC0, 0x01, 0x35, 0x81, 0x9E, 0x00, 0x00, 0x00, 0x26, 0x00, 0x00, 0x00, 0xC0, 0x01, 0x35,
	0xA8, 0x9E, 0x00, 0x00, 0x00, 0x26, 0x00, 0x00, 0x00, 0xC0, 0x01, 0x35, 0xA9, 0x9E, 0x00, 0x00,
	0x00, 0x26, 0x00, 0x00, 0x00, 0xC0, 0x01, 0x35, 0xD0, 0x9E, 0x00, 0x00, 0x50, 0x26, 0x00, 0x00,
	0x00, 0xC0, 0x01, 0x35, 0xD1, 0x9E, 0x00, 0x00, 0x50, 0x26, 0x00, 0x00, 0x00, 0xC0, 0x01, 0x35,
	0xF8, 0x9E, 0x00, 0x00, 0x50, 0x26, 0x00, 0x00, 0x00, 0xC0, 0x01, 0x35, 0xF9, 0x9E, 0x00, 0x00,
	0x50, 0x26, 0x00, 0x00, 0x00, 0xC0, 0x01, 0x35, 0x20, 0x9F, 0x00, 0x00, 0xA0, 0x26, 0x00, 0x00,
	0x00, 0xC0, 0x01, 0x35, 0x21, 0x9F, 0x00, 0x00, 0xA0, 0x26, 0x00, 0x00, 0x00, 0xC0, 0x01, 0x35,
	0x48, 0x9F, 0x00, 0x00, 0xA0, 0x26, 0x00, 0x00, 0x00, 0xC0, 0x01, 0x35, 0x49, 0x9F, 0x00, 0x00,
	0xA0, 0x26, 0x00, 0x00, 0x00, 0xC0, 0x01, 0x35, 0x70, 0x9F, 0x00, 0x00, 0xF0, 0x26, 0x00, 0x00,
	0x00, 0xC0, 0x01, 0x35, 0x71, 0x9F, 0x00, 0x00, 0xF0, 0x26, 0x00, 0x00, 0x00, 0xC0, 0x01, 0x35,
	0x98, 0x9F, 0x00, 0x00, 0xF0, 0x26, 0x00, 0x00, 0x00, 0xC0, 0x01, 0x35, 0x99, 0x9F, 0x00, 0x00,
	0xF0, 0x26, 0x00, 0x00, 0x00, 0xC0, 0x01, 0x35, 0xC0, 0x9F, 0x00, 0x00, 0x40, 0x27, 0x00, 0x00,
	0x00, 0xC0, 0x01, 0x35, 0xC1, 0x9F, 0x00, 0x00, 0x40, 0x27, 0x00, 0x00, 0x00, 0xC0, 0x01, 0x35,
	0xE8, 0x9F, 0x00, 0x00, 0x40, 0x27, 0x00, 0x00, 0x00, 0xC0, 0x01, 0x35, 0xE9, 0x9F, 0x00, 0x00,
	0x40, 0x27, 0x00, 0x00, 0x00, 0xC0, 0x01, 0x35, 0x10, 0x9C, 0x00, 0x00, 0x90, 0x27, 0x00, 0x00,
	0x00, 0xC2, 0x01, 0x35, 0x11, 0x9C, 0x00, 0x00, 0x90, 0x27, 0x00, 0x00, 0x00, 0xC2, 0x01, 0x35,
	0x38, 0x9C, 0x00, 0x00, 0x90, 0x27, 0x00, 0x00, 0x00, 0xC2, 0x01, 0x35, 0x39, 0x9C, 0x00, 0x00,
	0x90, 0x27, 0x00, 0x00, 0x00, 0xC2, 0x01, 0x35, 0x60, 0x9C, 0x00, 0x00, 0xE0, 0x27, 0x00, 0x00,
	0x00, 0xC2, 0x01, 0x35, 0x61, 0x9C, 0x00, 0x00, 0xE0, 0x27, 0x00, 0x00, 0x00, 0xC2, 0x01, 0x35,
	0x88, 0x9C, 0x00, 0x00, 0xE0, 0x27, 0x00, 0x00, 0x00, 0xC2, 0x01, 0x35, 0x89, 0x9C, 0x00, 0x00,
	0xE0, 0x27, 0x00, 0x00, 0x00, 0xC2, 0x01, 0x35, 0xB0, 0x9C, 0x00, 0x00, 0x30, 0x28, 0x00, 0x00,
	0x00, 0xC2, 0x01, 0x35, 0xB1, 0x9C, 0x00, 0x00, 0x30, 0x28, 0x00, 0x00, 0x00, 0xC2, 0x01, 0x35,
	0xD8, 0x9C, 0x00, 0x00, 0x30, 0x28, 0x00, 0x00, 0x00, 0xC2, 0x01, 0x35, 0xD9, 0x9C, 0x00, 0x00,
	0x30, 0x28, 0x00, 0x00, 0x00, 0xC2, 0x01, 0x35, 0x00, 0x9D, 0x00, 0x00, 0x80, 0x28, 0x00, 0x00,
	0x00, 0xC2, 0x01, 0x35, 0x01, 0x9D, 0x00, 0x00, 0x80, 0x28, 0x00, 0x00, 0x00, 0xC2, 0x01, 0x35,
	0x28, 0x9D, 0x00, 0x00, 0x80, 0x28, 0x00, 0x00, 0x00, 0xC2, 0x01, 0x35, 0x29, 0x9D, 0x00, 0x00,
	0x80, 0x28, 0x00, 0x00, 0x00, 0xC2, 0x01, 0x35, 0x50, 0x9D, 0x00, 0x00, 0xD0, 0x28, 0x00, 0x00,
	0x00, 0xC2, 0x01, 0x35, 0x51, 0x9D, 0x00, 0x00, 0xD0, 0x28, 0x00, 0x00, 0x00, 0xC2, 0x01, 0x35,
	0x78, 0x9D, 0x00, 0x00, 0xD0, 0x28, 0x00, 0x00, 0x00, 0xC2, 0x01, 0x35, 0x79, 0x9D, 0x00, 0x00,
	0xD0, 0x28, 0x00, 0x00, 0x00, 0xC2, 0x01, 0x35, 0xA0, 0x9D, 0x00, 0x00, 0x20, 0x29, 0x00, 0x00,
	0x00, 0xC2, 0x01, 0x35, 0xA1, 0x9D, 0x00, 0x00, 0x20, 0x29, 0x00, 0x00, 0x00, 0xC2, 0x01, 0x35,
	0xC8, 0x9D, 0x00, 0x00, 0x20, 0x29, 0x00, 0x00, 0x00, 0xC2, 0x01, 0x35, 0xC9, 0x9D, 0x00, 0x00,
	0x20, 0x29, 0x00, 0x00, 0x00, 0xC2, 0x01, 0x35, 0xF0, 0x9D, 0x00, 0x00, 0x70, 0x29, 0x00, 0x00,
	0x00, 0xC2, 0x01, 0x35, 0xF1, 0x9D, 0x00, 0x00, 0x70, 0x29, 0x00, 0x00, 0x00, 0xC2, 0x01, 0x35,
	0x18, 0x9E, 0x00, 0x00, 0x70, 0x29, 0x00, 0x00, 0x00, 0xC2, 0x01, 0x35, 0x19, 0x9E, 0x00, 0x00,
	0x70, 0x29, 0x00, 0x00, 0x00, 0xC2, 0x01, 0x35, 0x40, 0x9E, 0x00, 0x00, 0xC0, 0x29, 0x00, 0x00,
	0x00, 0xC2, 0x01, 0x35, 0x41, 0x9E, 0x00, 0x00, 0xC0, 0x29, 0x00, 0x00, 0x00, 0xC2, 0x01, 0x35,
	0x68, 0x9E, 0x00, 0x00, 0xC0, 0x29, 0x00, 0x00, 0x00, 0xC2, 0x01, 0x35, 0x69, 0x9E, 0x00, 0x00,
	0xC0, 0x29, 0x00, 0x00, 0x00, 0xC2, 0x01, 0x35, 0x90, 0x9E, 0x00, 0x00, 0x10, 0x2A, 0x00, 0x00,
	0x00, 0xC2, 0x01, 0x35, 0x91, 0x9E, 0x00, 0x00, 0x10, 0x2A, 0x00, 0x00, 0x00, 0xC2, 0x01, 0x35,
	0xB8, 0x9E, 0x00, 0x00, 0x10, 0x2A, 0x00, 0x00, 0x00, 0xC2, 0x01, 0x35, 0xB9, 0x9E, 0x00, 0x00,
	0x10, 0x2A, 0x00, 0x00, 0x00, 0xC2, 0x01, 0x35, 0xE0, 0x9E, 0x00, 0x00, 0x60, 0x2A, 0x00, 0x00,
	0x00, 0xC2, 0x01, 0x35, 0xE1, 0x9E, 0x00, 0x00, 0x60, 0x2A, 0x00, 0x00, 0x00, 0xC2, 0x01, 0x35,
	0x08, 0x9F, 0x00, 0x00, 0x60, 0x2A, 0x00, 0x00, 0x00, 0xC2, 0x01, 0x35, 0x09, 0x9F, 0x00, 0x00,
	0x60, 0x2A, 0x00, 0x00, 0x00, 0xC2, 0x01, 0x35, 0x30, 0x9F, 0x00, 0x00, 0xB0, 0x2A, 0x00, 0x00,
	0x00, 0xC2, 0x01, 0x35, 0x31, 0x9F, 0x00, 0x00, 0xB0, 0x2A, 0x00, 0x00, 0x00, 0xC2, 0x01, 0x35,
	0x58, 0x9F, 0x00, 0x00, 0xB0, 0x2A, 0x00, 0x00, 0x00, 0xC2, 0x01, 0x35, 0x59, 0x9F, 0x00, 0x00,
	0xB0, 0x2A, 0x00, 0x00, 0x00, 0xC2, 0x01, 0x35, 0x80, 0x9F, 0x00, 0x00, 0x00, 0x2B, 0x00, 0x00,
	0x00, 0xC2, 0x01, 0x35, 0x81, 0x9F, 0x00, 0x00, 0x00, 0x2B, 0x00, 0x00, 0x00, 0xC2, 0x01, 0x35,
	0xA8, 0x9F, 0x00, 0x00, 0x00, 0x2B, 0x00, 0x00, 0x00, 0xC2, 0x01, 0x35, 0xA9, 0x9F, 0x00, 0x00,
	0x00, 0x2B, 0x00, 0x00, 0x00, 0xC2, 0x01, 0x35, 0xD0, 0x9F, 0x00, 0x00, 0x50, 0x2B, 0x00, 0x00,
	0x00, 0xC2, 0x01, 0x35, 0xD1, 0x9F, 0x00, 0x00, 0x50, 0x2B, 0x00, 0x00, 0x00, 0xC2, 0x01, 0x35,
	0xF8, 0x9F, 0x00, 0x00, 0x50, 0x2B, 0x00, 0x00, 0x00, 0xC2, 0x01, 0x35, 0xF9, 0x9F, 0x00, 0x00,
	0x50, 0x2B, 0x00, 0x00, 0x00, 0xC2, 0x01, 0x35, 0x20, 0x9C, 0x00, 0x00, 0xA0, 0x2B, 0x00, 0x00,
	0x00, 0xC4, 0x01, 0x35, 0x21, 0x9C, 0x00, 0x00, 0xA0, 0x2B, 0x00, 0x00, 0x00, 0xC4, 0x01, 0x35,
	0x48, 0x9C, 0x00, 0x00, 0xA0, 0x2B, 0x00, 0x00, 0x00, 0xC4, 0x01, 0x35, 0x49, 0x9C, 0x00, 0x00,
	0xA0, 0x2B, 0x00, 0x00, 0x00, 0xC4, 0x01, 0x35, 0x70, 0x9C, 0x00, 0x00, 0xF0, 0x2B, 0x00, 0x00,
	0x00, 0xC4, 0x01, 0x35, 0x71, 0x9C, 0x00, 0x00, 0xF0, 0x2B, 0x00, 0x00, 0x00, 0xC4, 0x01, 0x35,
	0x98, 0x9C, 0x00, 0x00, 0xF0, 0x2B, 0x00, 0x00, 0x00, 0xC4, 0x01, 0x35, 0x99, 0x9C, 0x00, 0x00,
	0xF0, 0x2B, 0x00, 0x00, 0x00, 0xC4, 0x01, 0x35, 0xC0, 0x9C, 0x00, 0x00, 0x40, 0x2C, 0x00, 0x00,
	0x00, 0xC4, 0x01, 0x35, 0xC1, 0x9C, 0x00, 0x00, 0x40, 0x2C, 0x00, 0x00, 0x00, 0xC4, 0x01, 0x35,
	0xE8, 0x9C, 0x00, 0x00, 0x40, 0x2C, 0x00, 0x00, 0x00, 0xC4, 0x01, 0x35, 0xE9, 0x9C, 0x00, 0x00,
	0x40, 0x2C, 0x00, 0x00, 0x00, 0xC4, 0x01, 0x35, 0x10, 0x9D, 0x00, 0x00, 0x90, 0x2C, 0x00, 0x00,
	0x00, 0xC4, 0x01, 0x35, 0x11, 0x9D, 0x00, 0x00, 0x90, 0x2C, 0x00, 0x00, 0x00, 0xC4, 0x01, 0x35,
	0x38, 0x9D, 0x00, 0x00, 0x90, 0x2C, 0x00, 0x00, 0x00, 0xC4, 0x01, 0x35, 0x39, 0x9D, 0x00, 0x00,
	0x90, 0x2C, 0x00, 0x00, 0x00, 0xC4, 0x01, 0x35, 0x60, 0x9D, 0x00, 0x00, 0xE0, 0x2C, 0x00, 0x00,
	0x00, 0xC4, 0x01, 0x35, 0x61, 0x9D, 0x00, 0x00, 0xE0, 0x2C, 0x00, 0x00, 0x00, 0xC4, 0x01, 0x35,
	0x88, 0x9D, 0x00, 0x00, 0xE0, 0x2C, 0x00, 0x00, 0x00, 0xC4, 0x01, 0x35, 0x89, 0x9D, 0x00, 0x00,
	0xE0, 0x2C, 0x00, 0x00, 0x00, 0xC4, 0x01, 0x35, 0xB0, 0x9D, 0x00, 0x00, 0x30, 0x2D, 0x00, 0x00,
	0x00, 0xC4, 0x01, 0x35, 0xB1, 0x9D, 0x00, 0x00, 0x30, 0x2D, 0x00, 0x00, 0x00, 0xC4, 0x01, 0x35,
	0xD8, 0x9D, 0x00, 0x00, 0x30, 0x2D, 0x00, 0x00, 0x00, 0xC4, 0x01, 0x35, 0xD9, 0x9D, 0x00, 0x00,
	0x30, 0x2D, 0x00, 0x00, 0x00, 0xC4, 0x01, 0x35, 0x00, 0x9E, 0x00, 0x00, 0x80, 0x2D, 0x00, 0x00,
	0x00, 0xC4, 0x01, 0x35, 0x01, 0x9E, 0x00, 0x00, 0x80, 0x2D, 0x00, 0x00, 0x00, 0xC4, 0x01, 0x35,
	0x28, 0x9E, 0x00, 0x00, 0x80, 0x2D, 0x00, 0x00, 0x00, 0xC4, 0x01, 0x35, 0x29, 0x9E, 0x00, 0x00,
	0x80, 0x2D, 0x00, 0x00, 0x00, 0xC4, 0x01, 0x35, 0x50, 0x9E, 0x00, 0x00, 0xD0, 0x2D, 0x00, 0x00,
	0x00, 0xC4, 0x01, 0x35, 0x51, 0x9E, 0x00, 0x00, 0xD0, 0x2D, 0x00, 0x00, 0x00, 0xC4, 0x01, 0x35,
	0x78, 0x9E, 0x00, 0x00, 0xD0, 0x2D, 0x00, 0x00, 0x00, 0xC4, 0x01, 0x35, 0x79, 0x9E, 0x00, 0x00,
	0xD0, 0x2D, 0x00, 0x00, 0x00, 0xC4, 0x01, 0x35, 0xA0, 0x9E, 0x00, 0x00, 0x20, 0x2E, 0x00, 0x00,
	0x00, 0xC4, 0x01, 0x35, 0xA1, 0x9E, 0x00, 0x00, 0x20, 0x2E, 0x00, 0x00, 0x00, 0xC4, 0x01, 0x35,
	0xC8, 0x9E, 0x00, 0x00, 0x20, 0x2E, 0x00, 0x00, 0x00, 0xC4, 0x01, 0x35, 0xC9, 0x9E, 0x00, 0x00,
	0x20, 0x2E, 0x00, 0x00, 0x00, 0xC4, 0x01, 0x35, 0xF0, 0x9E, 0x00, 0x00, 0x70, 0x2E, 0x00, 0x00,
	0x00, 0xC4, 0x01, 0x35, 0xF1, 0x9E, 0x00, 0x00, 0x70, 0x2E, 0x00, 0x00, 0x00, 0xC4, 0x01, 0x35,
	0x18, 0x9F, 0x00, 0x00, 0x70, 0x2E, 0x00, 0x00, 0x00, 0xC4, 0x01, 0x35, 0x19, 0x9F, 0x00, 0x00,
	0x70, 0x2E, 0x00, 0x00, 0x00, 0xC4, 0x01, 0x35, 0x40, 0x9F, 0x00, 0x00, 0xC0, 0x2E, 0x00, 0x00,
	0x00, 0xC4, 0x01, 0x35, 0x41, 0x9F, 0x00, 0x00, 0xC0, 0x2E, 0x00, 0x00, 0x00, 0xC4, 0x01, 0x35,
	0x68, 0x9F, 0x00, 0x00, 0xC0, 0x2E, 0x00, 0x00, 0x00, 0xC4, 0x01, 0x35, 0x69, 0x9F, 0x00, 0x00,
	0xC0, 0x2E, 0x00, 0x00, 0x00, 0xC4, 0x01, 0x35, 0x90, 0x9F, 0x00, 0x00, 0x10, 0x2F, 0x00, 0x00,
	0x00, 0xC4, 0x01, 0x35, 0x91, 0x9F, 0x00, 0x00, 0x10, 0x2F, 0x00, 0x00, 0x00, 0xC4, 0x01, 0x35,
	0xB8, 0x9F, 0x00, 0x00, 0x10, 0x2F, 0x00, 0x00, 0x00, 0xC4, 0x01, 0x35, 0xB9, 0x9F, 0x00, 0x00,
	0x10, 0x2F, 0x00, 0x00, 0x00, 0xC4, 0x01, 0x35, 0xE0, 0x9F, 0x00, 0x00, 0x60, 0x2F, 0x00, 0x00,
	0x00, 0xC4, 0x01, 0x35, 0xE1, 0x9F, 0x00, 0x00, 0x60, 0x2F, 0x00, 0x00, 0x00, 0xC4, 0x01, 0x35,
	0x08, 0x9C, 0x00, 0x00, 0x60, 0x2F, 0x00, 0x00, 0x00, 0xC6, 0x01, 0x35, 0x09, 0x9C, 0x00, 0x00,
	0x60, 0x2F, 0x00, 0x00, 0x00, 0xC6, 0x01, 0x35, 0x30, 0x9C, 0x00, 0x00, 0xB0, 0x2F, 0x00, 0x00,
	0x00, 0xC6, 0x01, 0x35, 0x31, 0x9C, 0x00, 0x00, 0xB0, 0x2F, 0x00, 0x00, 0x00, 0xC6, 0x01, 0x35,
	0x58, 0x9C, 0x00, 0x00, 0xB0, 0x2F, 0x00, 0x00, 0x00, 0xC6, 0x01, 0x35, 0x59, 0x9C, 0x00, 0x00,
	0xB0, 0x2F, 0x00, 0x00, 0x00, 0xC6, 0x01, 0x40, 0xD8, 0x5A, 0x00, 0x00, 0x00, 0x00, 0x00, 0x00,
	0x00, 0x00, 0x00, 0xDC, 0x80, 0xE7, 0x00, 0x01, 0x00, 0x00, 0x00, 0x00, 0x00, 0xC0, 0x0B, 0x2E,
	0x80, 0x73, 0x00, 0x00, 0x00, 0x1E, 0x00, 0x01, 0x36, 0x01, 0x00, 0x00, 0x00, 0x00, 0x00, 0x00,
	0x00, 0x00, 0x00, 0x00, 0x00, 0x00, 0x00, 0x00, 0x00, 0x14, 0x00, 0x00, 0x00, 0x00, 0x00, 0x00,
	0x00, 0x00, 0x00, 0x0E, 0xE0, 0x98, 0x00, 0x00, 0x80, 0x07, 0xC0, 0x01, 0x5D, 0x02, 0x00, 0x35,
	0x00, 0x9C, 0x00, 0x00, 0x80, 0x23, 0x00, 0x00, 0x00, 0xC0, 0x01, 0x35, 0x01, 0x9C, 0x00, 0x00,
	0x80, 0x23, 0x00, 0x00, 0x00, 0xC0, 0x01, 0x35, 0x28, 0x9C, 0x00, 0x00, 0x80, 0x23, 0x00, 0x00,
	0x00, 0xC0, 0x01, 0x35, 0x29, 0x9C, 0x00, 0x00, 0x80, 0x23, 0x00, 0x00, 0x00, 0xC0, 0x01, 0x35,
	0x50, 0x9C, 0x00, 0x00, 0xD0, 0x23, 0x00, 0x00, 0x00, 0xC0, 0x01, 0x35, 0x51, 0x9C, 0x00, 0x00,
	0xD0, 0x23, 0x00, 0x00, 0x00, 0xC0, 0x01, 0x35, 0x78, 0x9C, 0x00, 0x00, 0xD0, 0x23, 0x00, 0x00,
	0x00, 0xC0, 0x01, 0x35, 0x79, 0x9C, 0x00, 0x00, 0xD0, 0x23, 0x00, 0x00, 0x00, 0xC0, 0x01, 0x35,
	0xA0, 0x9C, 0x00, 0x00, 0x20, 0x24, 0x00, 0x00, 0x00, 0xC0, 0x01, 0x35, 0xA1, 0x9C, 0x00, 0x00,
	0x20, 0x24, 0x00, 0x00, 0x00, 0xC0, 0x01, 0x35, 0xC8, 0x9C, 0x00, 0x00, 0x20, 0x24, 0x00, 0x00,
	0x00, 0xC0, 0x01, 0x35, 0xC9, 0x9C, 0x00, 0x00, 0x20, 0x24, 0x00, 0x00, 0x00, 0xC0, 0x01, 0x35,
	0xF0, 0x9C, 0x00, 0x00, 0x70, 0x24, 0x00, 0x00, 0x00, 0xC0, 0x01, 0x35, 0xF1, 0x9C, 0x00, 0x00,
	0x70, 0x24, 0x00, 0x00, 0x00, 0xC0, 0x01, 0x35, 0x18, 0x9D, 0x00, 0x00, 0x70, 0x24, 0x00, 0x00,
	0x00, 0xC0, 0x01, 0x35, 0x19, 0x9D, 0x00, 0x00, 0x70, 0x24, 0x00, 0x00, 0x00, 0xC0, 0x01, 0x35,
	0x40, 0x9D, 0x00, 0x00, 0xC0, 0x24, 0x00, 0x00, 0x00, 0xC0, 0x01, 0x35, 0x41, 0x9D, 0x00, 0x00,
	0xC0, 0x24, 0x00, 0x00, 0x00, 0xC0, 0x01, 0x35, 0x68, 0x9D, 0x00, 0x00, 0xC0, 0x24, 0x00, 0x00,
	0x00, 0xC0, 0x01, 0x35, 0x69, 0x9D, 0x00, 0x00, 0xC0, 0x24, 0x00, 0x00, 0x00, 0xC0, 0x01, 0x35,
	0x90, 0x9D, 0x00, 0x00, 0x10, 0x25, 0x00, 0x00, 0x00, 0xC0, 0x01, 0x35, 0x91, 0x9D, 0x00, 0x00,
	0x10, 0x25, 0x00, 0x00, 0x00, 0xC0, 0x01, 0x35, 0xB8, 0x9D, 0x00, 0x00, 0x10, 0x25, 0x00, 0x00,
	0x00, 0xC0, 0x01, 0x35, 0xB9, 0x9D, 0x00, 0x00, 0x10, 0x25, 0x00, 0x00, 0x00, 0xC0, 0x01, 0x35,
	0xE0, 0x9D, 0x00, 0x00, 0x60, 0x25, 0x00, 0x00, 0x00, 0xC0, 0x01, 0x35, 0xE1, 0x9D, 0x00, 0x00,
	0x60, 0x25, 0x00, 0x00, 0x00, 0xC0, 0x01, 0x35, 0x08, 0x9E, 0x00, 0x00, 0x60, 0x25, 0x00, 0x00,
	0x00, 0xC0, 0x01, 0x35, 0x09, 0x9E, 0x00, 0x00, 0x60, 0x25, 0x00, 0x00, 0x00, 0xC0, 0x01, 0x35,
	0x30, 0x9E, 0x00, 0x00, 0xB0, 0x25, 0x00, 0x00, 0x00, 0xC0, 0x01, 0x35, 0x31, 0x9E, 0x00, 0x00,
	0xB0, 0x25, 0x00, 0x00, 0x00, 0xC0, 0x01, 0x35, 0x58, 0x9E, 0x00, 0x00, 0xB0, 0x25, 0x00, 0x00,
	0x00, 0xC0, 0x01, 0x35, 0x59, 0x9E, 0x00, 0x00, 0xB0, 0x25, 0x00, 0x00, 0x00, 0xC0, 0x01, 0x35,
	0x80, 0x9E, 0x00, 0x00, 0x00, 0x26, 0x00, 0x00, 0x00, 0xC0, 0x01, 0x35, 0x81, 0x9E, 0x00, 0x00,
	0x00, 0x26, 0x00, 0x00, 0x00, 0xC0, 0x01, 0x35, 0xA8, 0x9E, 0x00, 0x00, 0x00, 0x26, 0x00, 0x00,
	0x00, 0xC0, 0x01, 0x35, 0xA9, 0x9E, 0x00, 0x00, 0x00, 0x26, 0x00, 0x00, 0x00, 0xC0, 0x01, 0x35,
	0xD0, 0x9E, 0x00, 0x00, 0x50, 0x26, 0x00, 0x00, 0x00, 0xC0, 0x01, 0x35, 0xD1, 0x9E, 0x00, 0x00,
	0x50, 0x26, 0x00, 0x00, 0x00, 0xC0, 0x01, 0x35, 0xF8, 0x9E, 0x00, 0x00, 0x50, 0x26, 0x00, 0x00,
	0x00, 0xC0, 0x01, 0x35, 0xF9, 0x9E, 0x00, 0x00, 0x50, 0x26, 0x00, 0x00, 0x00, 0xC0, 0x01, 0x35,
	0x20, 0x9F, 0x00, 0x00, 0xA0, 0x26, 0x00, 0x00, 0x00, 0xC0, 0x01, 0x35, 0x21, 0x9F, 0x00, 0x00,
	0xA0, 0x26, 0x00, 0x00, 0x00, 0xC0, 0x01, 0x35, 0x48, 0x9F, 0x00, 0x00, 0xA0, 0x26, 0x00, 0x00,
	0x00, 0xC0, 0x01, 0x35, 0x49, 0x9F, 0x00, 0x00, 0xA0, 0x26, 0x00, 0x00, 0x00, 0xC0, 0x01, 0x35,
	0x70, 0x9F, 0x00, 0x00, 0xF0, 0x26, 0x00, 0x00, 0x00, 0xC0, 0x01, 0x35, 0x71, 0x9F, 0x00, 0x00,
	0xF0, 0x26, 0x00, 0x00, 0x00, 0xC0, 0x01, 0x35, 0x98, 0x9F, 0x00, 0x00, 0xF0, 0x26, 0x00, 0x00,
	0x00, 0xC0, 0x01, 0x35, 0x99, 0x9F, 0x00, 0x00, 0xF0, 0x26, 0x00, 0x00, 0x00, 0xC0, 0x01, 0x35,
	0xC0, 0x9F, 0x00, 0x00, 0x40, 0x27, 0x00, 0x00, 0x00, 0xC0, 0x01, 0x35, 0xC1, 0x9F, 0x00, 0x00,
	0x40, 0x27, 0x00, 0x00, 0x00, 0xC0, 0x01, 0x35, 0xE8, 0x9F, 0x00, 0x00, 0x40, 0x27, 0x00, 0x00,
	0x00, 0xC0, 0x01, 0x35, 0xE9, 0x9F, 0x00, 0x00, 0x40, 0x27, 0x00, 0x00, 0x00, 0xC0, 0x01, 0x35,
	0x10, 0x9C, 0x00, 0x00, 0x90, 0x27, 0x00, 0x00, 0x00, 0xC2, 0x01, 0x35, 0x11, 0x9C, 0x00, 0x00,
	0x90, 0x27, 0x00, 0x00, 0x00, 0xC2, 0x01, 0x35, 0x38, 0x9C, 0x00, 0x00, 0x90, 0x27, 0x00, 0x00,
	0x00, 0xC2, 0x01, 0x35, 0x39, 0x9C, 0x00, 0x00, 0x90, 0x27, 0x00, 0x00, 0x00, 0xC2, 0x01, 0x35,
	0x60, 0x9C, 0x00, 0x00, 0xE0, 0x27, 0x00, 0x00, 0x00, 0xC2, 0x01, 0x35, 0x61, 0x9C, 0x00, 0x00,
	0xE0, 0x27, 0x00, 0x00, 0x00, 0xC2, 0x01, 0x35, 0x88, 0x9C, 0x00, 0x00, 0xE0, 0x27, 0x00, 0x00,
	0x00, 0xC2, 0x01, 0x35, 0x89, 0x9C, 0x00, 0x00, 0xE0, 0x27, 0x00, 0x00, 0x00, 0xC2, 0x01, 0x35,
	0xB0, 0x9C, 0x00, 0x00, 0x30, 0x28, 0x00, 0x00, 0x00, 0xC2, 0x01, 0x35, 0xB1, 0x9C, 0x00, 0x00,
	0x30, 0x28, 0x00, 0x00, 0x00, 0xC2, 0x01, 0x35, 0xD8, 0x9C, 0x00, 0x00, 0x30, 0x28, 0x00, 0x00,
	0x00, 0xC2, 0x01, 0x35, 0xD9, 0x9C, 0x00, 0x00, 0x30, 0x28, 0x00, 0x00, 0x00, 0xC2, 0x01, 0x35,
	0x00, 0x9D, 0x00, 0x00, 0x80, 0x28, 0x00, 0x00, 0x00, 0xC2, 0x01, 0x35, 0x01, 0x9D, 0x00, 0x00,
	0x80, 0x28, 0x00, 0x00, 0x00, 0xC2, 0x01, 0x35, 0x28, 0x9D, 0x00, 0x00, 0x80, 0x28, 0x00, 0x00,
	0x00, 0xC2, 0x01, 0x35, 0x29, 0x9D, 0x00, 0x00, 0x80, 0x28, 0x00, 0x00, 0x00, 0xC2, 0x01, 0x35,
	0x50, 0x9D, 0x00, 0x00, 0xD0, 0x28, 0x00, 0x00, 0x00, 0xC2, 0x01, 0x35, 0x51, 0x9D, 0x00, 0x00,
	0xD0, 0x28, 0x00, 0x00, 0x00, 0xC2, 0x01, 0x35, 0x78, 0x9D, 0x00, 0x00, 0xD0, 0x28, 0x00, 0x00,
	0x00, 0xC2, 0x01, 0x35, 0x79, 0x9D, 0x00, 0x00, 0xD0, 0x28, 0x00, 0x00, 0x00, 0xC2, 0x01, 0x35,
	0xA0, 0x9D, 0x00, 0x00, 0x20, 0x29, 0x00, 0x00, 0x00, 0xC2, 0x01, 0x35, 0xA1, 0x9D, 0x00, 0x00,
	0x20, 0x29, 0x00, 0x00, 0x00, 0xC2, 0x01, 0x35, 0xC8, 0x9D, 0x00, 0x00, 0x20, 0x29, 0x00, 0x00,
	0x00, 0xC2, 0x01, 0x35, 0xC9, 0x9D, 0x00, 0x00, 0x20, 0x29, 0x00, 0x00, 0x00, 0xC2, 0x01, 0x35,
	0xF0, 0x9D, 0x00, 0x00, 0x70, 0x29, 0x00, 0x00, 0x00, 0xC2, 0x01, 0x35, 0xF1, 0x9D, 0x00, 0x00,
	0x70, 0x29, 0x00, 0x00, 0x00, 0xC2, 0x01, 0x35, 0x18, 0x9E, 0x00, 0x00, 0x70, 0x29, 0x00, 0x00,
	0x00, 0xC2, 0x01, 0x35, 0x19, 0x9E, 0x00, 0x00, 0x70, 0x29, 0x00, 0x00, 0x00, 0xC2, 0x01, 0x35,
	0x40, 0x9E, 0x00, 0x00, 0xC0, 0x29, 0x00, 0x00, 0x00, 0xC2, 0x01, 0x35, 0x41, 0x9E, 0x00, 0x00,
	0xC0, 0x29, 0x00, 0x00, 0x00, 0xC2, 0x01, 0x35, 0x68, 0x9E, 0x00, 0x00, 0xC0, 0x29, 0x00, 0x00,
	0x00, 0xC2, 0x01, 0x35, 0x69, 0x9E, 0x00, 0x00, 0xC0, 0x29, 0x00, 0x00, 0x00, 0xC2, 0x01, 0x35,
	0x90, 0x9E, 0x00, 0x00, 0x10, 0x2A, 0x00, 0x00, 0x00, 0xC2, 0x01, 0x35, 0x91, 0x9E, 0x00, 0x00,
	0x10, 0x2A, 0x00, 0x00, 0x00, 0xC2, 0x01, 0x35, 0xB8, 0x9E, 0x00, 0x00, 0x10, 0x2A, 0x00, 0x00,
	0x00, 0xC2, 0x01, 0x35, 0xB9, 0x9E, 0x00, 0x00, 0x10, 0x2A, 0x00, 0x00, 0x00, 0xC2, 0x01, 0x35,
	0xE0, 0x9E, 0x00, 0x00, 0x60, 0x2A, 0x00, 0x00, 0x00, 0xC2, 0x01, 0x35, 0xE1, 0x9E, 0x00, 0x00,
	0x60, 0x2A, 0x00, 0x00, 0x00, 0xC2, 0x01, 0x35, 0x08, 0x9F, 0x00, 0x00, 0x60, 0x2A, 0x00, 0x00,
	0x00, 0xC2, 0x01, 0x35, 0x09, 0x9F, 0x00, 0x00, 0x60, 0x2A, 0x00, 0x00, 0x00, 0xC2, 0x01, 0x35,
	0x30, 0x9F, 0x00, 0x00, 0xB0, 0x2A, 0x00, 0x00, 0x00, 0xC2, 0x01, 0x35, 0x31, 0x9F, 0x00, 0x00,
	0xB0, 0x2A, 0x00, 0x00, 0x00, 0xC2, 0x01, 0x35, 0x58, 0x9F, 0x00, 0x00, 0xB0, 0x2A, 0x00, 0x00,
	0x00, 0xC2, 0x01, 0x35, 0x59, 0x9F, 0x00, 0x00, 0xB0, 0x2A, 0x00, 0x00, 0x00, 0xC2, 0x01, 0x35,
	0x80, 0x9F, 0x00, 0x00, 0x00, 0x2B, 0x00, 0x00, 0x00, 0xC2, 0x01, 0x35, 0x81, 0x9F, 0x00, 0x00,
	0x00, 0x2B, 0x00, 0x00, 0x00, 0xC2, 0x01, 0x35, 0xA8, 0x9F, 0x00, 0x00, 0x00, 0x2B, 0x00, 0x00,
	0x00, 0xC2, 0x01, 0x35, 0xA9, 0x9F, 0x00, 0x00, 0x00, 0x2B, 0x00, 0x00, 0x00, 0xC2, 0x01, 0x35,
	0xD0, 0x9F, 0x00, 0x00, 0x50, 0x2B, 0x00, 0x00, 0x00, 0xC2, 0x01, 0x35, 0xD1, 0x9F, 0x00, 0x00,
	0x50, 0x2B, 0x00, 0x00, 0x00, 0xC2, 0x01, 0x35, 0xF8, 0x9F, 0x00, 0x00, 0x50, 0x2B, 0x00, 0x00,
	0x00, 0xC2, 0x01, 0x35, 0xF9, 0x9F, 0x00, 0x00, 0x50, 0x2B, 0x00, 0x00, 0x00, 0xC2, 0x01, 0x35,
	0x20, 0x9C, 0x00, 0x00, 0xA0, 0x2B, 0x00, 0x00, 0x00, 0xC4, 0x01, 0x35, 0x21, 0x9C, 0x00, 0x00,
	0xA0, 0x2B, 0x00, 0x00, 0x00, 0xC4, 0x01, 0x35, 0x48, 0x9C, 0x00, 0x00, 0xA0, 0x2B, 0x00, 0x00,
	0x00, 0xC4, 0x01, 0x35, 0x49, 0x9C, 0x00, 0x00, 0xA0, 0x2B, 0x00, 0x00, 0x00, 0xC4, 0x01, 0x35,
	0x70, 0x9C, 0x00, 0x00, 0xF0, 0x2B, 0x00, 0x00, 0x00, 0xC4, 0x01, 0x35, 0x71, 0x9C, 0x00, 0x00,
	0xF0, 0x2B, 0x00, 0x00, 0x00, 0xC4, 0x01, 0x35, 0x98, 0x9C, 0x00, 0x00, 0xF0, 0x2B, 0x00, 0x00,
	0x00, 0xC4, 0x01, 0x35, 0x99, 0x9C, 0x00, 0x00, 0xF0, 0x2B, 0x00, 0x00, 0x00, 0xC4, 0x01, 0x35,
	0xC0, 0x9C, 0x00, 0x00, 0x40, 0x2C, 0x00, 0x00, 0x00, 0xC4, 0x01, 0x35, 0xC1, 0x9C, 0x00, 0x00,
	0x40, 0x2C, 0x00, 0x00, 0x00, 0xC4, 0x01, 0x35, 0xE8, 0x9C, 0x00, 0x00, 0x40, 0x2C, 0x00, 0x00,
	0x00, 0xC4, 0x01, 0x35, 0xE9, 0x9C, 0x00, 0x00, 0x40, 0x2C, 0x00, 0x00, 0x00, 0xC4, 0x01, 0x35,
	0x10, 0x9D, 0x00, 0x00, 0x90, 0x2C, 0x00, 0x00, 0x00, 0xC4, 0x01, 0x35, 0x11, 0x9D, 0x00, 0x00,
	0x90, 0x2C, 0x00, 0x00, 0x00, 0xC4, 0x01, 0x35, 0x38, 0x9D, 0x00, 0x00, 0x90, 0x2C, 0x00, 0x00,
	0x00, 0xC4, 0x01, 0x35, 0x39, 0x9D, 0x00, 0x00, 0x90, 0x2C, 0x00, 0x00, 0x00, 0xC4, 0x01, 0x35,
	0x60, 0x9D, 0x00, 0x00, 0xE0, 0x2C, 0x00, 0x00, 0x00, 0xC4, 0x01, 0x35, 0x61, 0x9D, 0x00, 0x00,
	0xE0, 0x2C, 0x00, 0x00, 0x00, 0xC4, 0x01, 0x35, 0x88, 0x9D, 0x00, 0x00, 0xE0, 0x2C, 0x00, 0x00,
	0x00, 0xC4, 0x01, 0x35, 0x89, 0x9D, 0x00, 0x00, 0xE0, 0x2C, 0x00, 0x00, 0x00, 0xC4, 0x01, 0x35,
	0xB0, 0x9D, 0x00, 0x00, 0x30, 0x2D, 0x00, 0x00, 0x00, 0xC4, 0x01, 0x35, 0xB1, 0x9D, 0x00, 0x00,
	0x30, 0x2D, 0x00, 0x00, 0x00, 0xC4, 0x01, 0x35, 0xD8, 0x9D, 0x00, 0x00, 0x30, 0x2D, 0x00, 0x00,
	0x00, 0xC4, 0x01, 0x35, 0xD9, 0x9D, 0x00, 0x00, 0x30, 0x2D, 0x00, 0x00, 0x00, 0xC4, 0x01, 0x35,
	0x00, 0x9E, 0x00, 0x00, 0x80, 0x2D, 0x00, 0x00, 0x00, 0xC4, 0x01, 0x35, 0x01, 0x9E, 0x00, 0x00,
	0x80, 0x2D, 0x00, 0x00, 0x00, 0xC4, 0x01, 0x35, 0x28, 0x9E, 0x00, 0x00, 0x80, 0x2D, 0x00, 0x00,
	0x00, 0xC4, 0x01, 0x35, 0x29, 0x9E, 0x00, 0x00, 0x80, 0x2D, 0x00, 0x00, 0x00, 0xC4, 0x01, 0x35,
	0x50, 0x9E, 0x00, 0x00, 0xD0, 0x2D, 0x00, 0x00, 0x00, 0xC4, 0x01, 0x35, 0x51, 0x9E, 0x00, 0x00,
	0xD0, 0x2D, 0x00, 0x00, 0x00, 0xC4, 0x01, 0x35, 0x78, 0x9E, 0x00, 0x00, 0xD0, 0x2D, 0x00, 0x00,
	0x00, 0xC4, 0x01, 0x35, 0x79, 0x9E, 0x00, 0x00, 0xD0, 0x2D, 0x00, 0x00, 0x00, 0xC4, 0x01, 0x35,
	0xA0, 0x9E, 0x00, 0x00, 0x20, 0x2E, 0x00, 0x00, 0x00, 0xC4, 0x01, 0x35, 0xA1, 0x9E, 0x00, 0x00,
	0x20, 0x2E, 0x00, 0x00, 0x00, 0xC4, 0x01, 0x35, 0xC8, 0x9E, 0x00, 0x00, 0x20, 0x2E, 0x00, 0x00,
	0x00, 0xC4, 0x01, 0x35, 0xC9, 0x9E, 0x00, 0x00, 0x20, 0x2E, 0x00, 0x00, 0x00, 0xC4, 0x01, 0x35,
	0xF0, 0x9E, 0x00, 0x00, 0x70, 0x2E, 0x00, 0x00, 0x00, 0xC4, 0x01, 0x35, 0xF1, 0x9E, 0x00, 0x00,
	0x70, 0x2E, 0x00, 0x00, 0x00, 0xC4, 0x01, 0x35, 0x18, 0x9F, 0x00, 0x00, 0x70, 0x2E, 0x00, 0x00,
	0x00, 0xC4, 0x01, 0x35, 0x19, 0x9F, 0x00, 0x00, 0x70, 0x2E, 0x00, 0x00, 0x00, 0xC4, 0x01, 0x35,
	0x40, 0x9F, 0x00, 0x00, 0xC0, 0x2E, 0x00, 0x00, 0x00, 0xC4, 0x01, 0x35, 0x41, 0x9F, 0x00, 0x00,
	0xC0, 0x2E, 0x00, 0x00, 0x00, 0xC4, 0x01, 0x35, 0x68, 0x9F, 0x00, 0x00, 0xC0, 0x2E, 0x00, 0x00,
	0x00, 0xC4, 0x01, 0x35, 0x69, 0x9F, 0x00, 0x00, 0xC0, 0x2E, 0x00, 0x00, 0x00, 0xC4, 0x01, 0x35,
	0x90, 0x9F, 0x00, 0x00, 0x10, 0x2F, 0x00, 0x00, 0x00, 0xC4, 0x01, 0x35, 0x91, 0x9F, 0x00, 0x00,
	0x10, 0x2F, 0x00, 0x00, 0x00, 0xC4, 0x01, 0x35, 0xB8, 0x9F, 0x00, 0x00, 0x10, 0x2F, 0x00, 0x00,
	0x00, 0xC4, 0x01, 0x35, 0xB9, 0x9F, 0x00, 0x00, 0x10, 0x2F, 0x00, 0x00, 0x00, 0xC4, 0x01, 0x35,
	0xE0, 0x9F, 0x00, 0x00, 0x60, 0x2F, 0x00, 0x00, 0x00, 0xC4, 0x01, 0x35, 0xE1, 0x9F, 0x00, 0x00,
	0x60, 0x2F, 0x00, 0x00, 0x00, 0xC4, 0x01, 0x35, 0x08, 0x9C, 0x00, 0x00, 0x60, 0x2F, 0x00, 0x00,
	0x00, 0xC6, 0x01, 0x35, 0x09, 0x9C, 0x00, 0x00, 0x60, 0x2F, 0x00, 0x00, 0x00, 0xC6, 0x01, 0x35,
	0x30, 0x9C, 0x00, 0x00, 0xB0, 0x2F, 0x00, 0x00, 0x00, 0xC6, 0x01, 0x35, 0x31, 0x9C, 0x00, 0x00,
	0xB0, 0x2F, 0x00, 0x00, 0x00, 0xC6, 0x01, 0x35, 0x58, 0x9C, 0x00, 0x00, 0xB0, 0x2F, 0x00, 0x00,
	0x00, 0xC6, 0x01, 0x35, 0x59, 0x9C, 0x00, 0x00, 0xB0, 0x2F, 0x00, 0x00, 0x00, 0xC6, 0x01, 0x40,
	0xD8, 0x5A, 0x00, 0x00, 0x00, 0x00, 0x00, 0x00, 0x00, 0x00, 0x00, 0xDC, 0x80, 0xE7, 0x00, 0x01,
	0x00, 0x00, 0x00, 0x00, 0x00, 0xC0, 0x0B, 0x2E, 0x80, 0x73, 0x00, 0x00, 0x00, 0x1E, 0x00, 0x01,
	0x40, 0x01, 0x00, 0x00, 0x00, 0x00, 0x00, 0x00, 0x00, 0x00, 0x00, 0x00, 0x00, 0x00, 0x00, 0x00,
	0x00, 0x14, 0x00, 0x00, 0x00, 0x00, 0x00, 0x00, 0x00, 0x00, 0x00, 0x00, 0x00, 0x00, 0x00, 0x00,
	0x00, 0x00, 0x00, 0x00, 0x00, 0x00, 0x00, 0x00, 0x00, 0x14, 0x00, 0x00, 0x00, 0x00, 0x00, 0x00,
	0x00, 0x00, 0x00, 0x0E, 0x00, 0x68, 0x00, 0x00, 0x00, 0x1E, 0x00, 0x00, 0x2C, 0x01, 0x00, 0x0D,
	0x80, 0x1B, 0x01, 0x00, 0x00, 0x00, 0x00, 0x00, 0x00, 0x08, 0x00, 0x0E, 0x00, 0x68, 0x00, 0x00,
	0x00, 0x1E, 0x00, 0x00, 0x00, 0x00, 0x00, 0x0D, 0xC0, 0x19, 0x01, 0x00, 0x00, 0x00, 0x00, 0x00,
	0x00, 0x0C, 0x00, 0x2E, 0x80, 0xA3, 0x00, 0x00, 0x00, 0x1E, 0x00, 0x01, 0x28, 0x05, 0x00, 0x00,
	0x00, 0x00, 0x00, 0x00, 0x00, 0x00, 0x00, 0x00, 0x00, 0x00, 0x00, 0x00, 0x00, 0x14, 0x00, 0x00,
	0x00, 0x00, 0x00, 0x00, 0x00, 0x00, 0x00, 0x0E, 0x00, 0x68, 0x00, 0x00, 0x00, 0x1E, 0x00, 0x00,
	0x31, 0x01, 0x00, 0x0D, 0x80, 0x1B, 0x01, 0x00, 0x00, 0x00, 0x00, 0x00, 0x00, 0x08, 0x00, 0x0E,
	0x00, 0x68, 0x00, 0x00, 0x00, 0x1E, 0x00, 0x00, 0x05, 0x00, 0x00, 0x0D, 0xC0, 0x19, 0x01, 0x00,
	0x00, 0x00, 0x00, 0x00, 0x00, 0x0C, 0x00, 0x2E, 0x80, 0xA3, 0x00, 0x00, 0x00, 0x1E, 0x00, 0x01,
	0x2D, 0x05, 0x00, 0x00, 0x00, 0x00, 0x00, 0x00, 0x00, 0x00, 0x00, 0x00, 0x00, 0x00, 0x00, 0x00,
	0x00, 0x14, 0x00, 0x00, 0x00, 0x00, 0x00, 0x00, 0x00, 0x00, 0x00, 0x0E, 0x00, 0x68, 0x00, 0x00,
	0x00, 0x1E, 0x00, 0x00, 0x36, 0x01, 0x00, 0x0D, 0x80, 0x1B, 0x01, 0x00, 0x00, 0x00, 0x00, 0x00,
	0x00, 0x08, 0x00, 0x0E, 0x00, 0x68, 0x00, 0x00, 0x00, 0x1E, 0x00, 0x00, 0x0A, 0x00, 0x00, 0x0D,
	0xC0, 0x19, 0x01, 0x00, 0x00, 0x00, 0x00, 0x00, 0x00, 0x0C, 0x00, 0x2E, 0x80, 0xA3, 0x00, 0x00,
	0x00, 0x1E, 0x00, 0x01, 0x32, 0x05, 0x00, 0x00, 0x00, 0x00, 0x00, 0x00, 0x00, 0x00, 0x00, 0x00,
	0x00, 0x00, 0x00, 0x00, 0x00, 0x14, 0x00, 0x00, 0x00, 0x00, 0x00, 0x00, 0x00, 0x00, 0x00, 0x0E,
	0x00, 0x68, 0x00, 0x00, 0x00, 0x1E, 0x00, 0x00, 0x3B, 0x01, 0x00, 0x0D, 0x80, 0x1B, 0x01, 0x00,
	0x00, 0x00, 0x00, 0x00, 0x00, 0x08, 0x00, 0x0E, 0x00, 0x68, 0x00, 0x00, 0x00, 0x1E, 0x00, 0x00,
	0x0F, 0x00, 0x00, 0x0D, 0xC0, 0x19, 0x01, 0x00, 0x00, 0x00, 0x00, 0x00, 0x00, 0x0C, 0x00, 0x2E,
	0x80, 0xA3, 0x00, 0x00, 0x00, 0x1E, 0x00, 0x01, 0x37, 0x05, 0x00, 0x00, 0x00, 0x00, 0x00, 0x00,
	0x00, 0x00, 0x00, 0x00, 0x00, 0x00, 0x00, 0x00, 0x00, 0x14, 0x00, 0x00, 0x00, 0x00, 0x00, 0x00,
	0x00, 0x00, 0x00, 0x0E, 0x00, 0x68, 0x00, 0x00, 0x00, 0x1E, 0x00, 0x00, 0x40, 0x01, 0x00, 0x0D,
	0x80, 0x1B, 0x01, 0x00, 0x00, 0x00, 0x00, 0x00, 0x00, 0x08, 0x00, 0x0E, 0x00, 0x68, 0x00, 0x00,
	0x00, 0x1E, 0x00, 0x00, 0x14, 0x00, 0x00, 0x0D, 0xC0, 0x19, 0x01, 0x00, 0x00, 0x00, 0x00, 0x00,
	0x00, 0x0C, 0x00, 0x2E, 0x80, 0xA3, 0x00, 0x00, 0x00, 0x1E, 0x00, 0x01, 0x3C, 0x05, 0x00, 0x00,
	0x00, 0x00, 0x00, 0x00, 0x00, 0x00, 0x00, 0x00, 0x00, 0x00, 0x00, 0x00, 0x00, 0x14, 0x00, 0x00,
	0x00, 0x00, 0x00, 0x00, 0x00, 0x00, 0x00, 0x0E, 0x00, 0x68, 0x00, 0x00, 0x00, 0x1E, 0x00, 0x00,
	0x45, 0x01, 0x00, 0x0D, 0x80, 0x1B, 0x01, 0x00, 0x00, 0x00, 0x00, 0x00, 0x00, 0x08, 0x00, 0x0E,
	0x00, 0x68, 0x00, 0x00, 0x00, 0x1E, 0x00, 0x00, 0x19, 0x00, 0x00, 0x0D, 0xC0, 0x19, 0x01, 0x00,
	0x00, 0x00, 0x00, 0x00, 0x00, 0x0C, 0x00, 0x2E, 0x80, 0xA3, 0x00, 0x00, 0x00, 0x1E, 0x00, 0x01,
	0x41, 0x05, 0x00, 0x00, 0x00, 0x00, 0x00, 0x00, 0x00, 0x00, 0x00, 0x00, 0x00, 0x00, 0x00, 0x00,
	0x00, 0x14, 0x00, 0x00, 0x00, 0x00, 0x00, 0x00, 0x00, 0x00, 0x00, 0x00, 0x00, 0x00, 0x00, 0x00,
	0x00, 0x00, 0x00, 0x00, 0x00, 0x00, 0x00, 0x00, 0x00, 0x14, 0x00, 0x00, 0x00, 0x00, 0x00, 0x00,
	0x00, 0x00, 0x00, 0x0E, 0x60, 0xA4, 0x00, 0x00, 0x00, 0x1E, 0x00, 0x01, 0x28, 0x05, 0x00, 0x28,
	0x00, 0x00, 0x00, 0x00, 0x00, 0x00, 0x00, 0x00, 0x00, 0x00, 0x00, 0x38, 0x00, 0x00, 0x00, 0x00,
	0x00, 0x00, 0x00, 0x00, 0x00, 0x44, 0x33, 0x16, 0x20, 0x01, 0x00, 0x01, 0x00, 0x14, 0x00, 0x10,
	0x99, 0x06, 0x00, 0x26, 0x00, 0x00, 0x00, 0x00, 0x80, 0x00, 0x00, 0x28, 0x1C, 0x00, 0x00, 0x29,
	0x00, 0x1C, 0x21, 0x21, 0x0C, 0x02, 0x12, 0x68, 0x80, 0x00, 0x00, 0x16, 0x00, 0x00, 0x00, 0x01,
	0x00, 0x14, 0x00, 0x00, 0x9E, 0x06, 0x00, 0x26, 0x00, 0x00, 0x80, 0x00, 0x80, 0x00, 0x00, 0x00,
	0x1C, 0x00, 0x00, 0x29, 0x06, 0x1C, 0x21, 0x21, 0x0C, 0x02, 0x00, 0x00, 0x80, 0x10, 0x00, 0x16,
	0x20, 0x01, 0x00, 0x01, 0x00, 0x14, 0x00, 0x10, 0xA3, 0x06, 0x00, 0x26, 0x00, 0x00, 0x00, 0x01,
	0x80, 0x00, 0x00, 0x3C, 0x1C, 0x00, 0x00, 0x29, 0x0C, 0x1C, 0x21, 0x21, 0x0C, 0x02, 0x12, 0x7C,
	0x80, 0x20, 0x00, 0x16, 0x00, 0x00, 0x00, 0x01, 0x00, 0x14, 0x00, 0x00, 0xA8, 0x06, 0x00, 0x26,
	0x00, 0x00, 0x80, 0x01, 0x80, 0x00, 0x00, 0x14, 0x1C, 0x00, 0x00, 0x29, 0x12, 0x1C, 0x21, 0x21,
	0x0C, 0x02, 0x00, 0x14, 0x80, 0x30, 0x00, 0x16, 0x20, 0x01, 0x00, 0x01, 0x00, 0x14, 0x00, 0x10,
	0xAD, 0x06, 0x00, 0x26, 0x00, 0x00, 0x00, 0x02, 0x80, 0x00, 0x00, 0x28, 0x1C, 0x00, 0x00, 0x29,
	0x19, 0x1C, 0x21, 0x21, 0x0C, 0x02, 0x12, 0x68, 0x80, 0x00, 0x00, 0x28, 0x00, 0x00, 0x00, 0x00,
	0x00, 0x00, 0x00, 0x00, 0x00, 0x00, 0x00, 0x38, 0x00, 0x00, 0x00, 0x00, 0x00, 0x00, 0x00, 0x00,
	0x00, 0x04, 0x3B, 0x16, 0x00, 0x00, 0x00, 0x01, 0x00, 0x05, 0x00, 0x00, 0xB2, 0x06, 0x00, 0x26,
	0x00, 0x00, 0x80, 0x02, 0x80, 0x00, 0x00, 0x00, 0x1C, 0x00, 0x00, 0x29, 0xE0, 0x1C, 0x25, 0x21,
	0x00, 0x00, 0x00, 0x00, 0x80, 0x30, 0x00, 0x16, 0x20, 0x01, 0x00, 0x02, 0x00, 0x05, 0x00, 0x10,
	0xB3, 0x06, 0x00, 0x26, 0x00, 0x00, 0x00, 0x03, 0x80, 0x00, 0x00, 0x3C, 0x1C, 0x00, 0x00, 0x29,
	0xE7, 0x1C, 0x25, 0x21, 0x00, 0x00, 0x12, 0x7C, 0x80, 0x00, 0x00, 0x16, 0x00, 0x00, 0x00, 0x03,
	0x00, 0x05, 0x00, 0x00, 0xB4, 0x06, 0x00, 0x26, 0x00, 0x00, 0x80, 0x03, 0x80, 0x00, 0x00, 0x14,
	0x1C, 0x00, 0x00, 0x29, 0xED, 0x1C, 0x25, 0x21, 0x00, 0x00, 0x00, 0x14, 0x80, 0x10, 0x00, 0x16,
	0x20, 0x01, 0x00, 0x00, 0x00, 0x05, 0x00, 0x10, 0xB6, 0x06, 0x00, 0x26, 0x00, 0x00, 0x00, 0x00,
	0x80, 0x00, 0x00, 0x28, 0x1D, 0x00, 0x00, 0x29, 0xF3, 0x1C, 0x25, 0x21, 0x00, 0x00, 0x12, 0x68,
	0x80, 0x20, 0x00, 0x16, 0x00, 0x00, 0x00, 0x01, 0x00, 0x05, 0x00, 0x00, 0xB7, 0x06, 0x00, 0x26,
	0x00, 0x00, 0x80, 0x00, 0x80, 0x00, 0x00, 0x00, 0x1D, 0x00, 0x00, 0x29, 0xF9, 0x1C, 0x25, 0x21,
	0x00, 0x00, 0x00, 0x00, 0x80, 0x30, 0x00, 0x28, 0x00, 0x00, 0x00, 0x00, 0x00, 0x00, 0x00, 0x00,
	0x00, 0x00, 0x00, 0x38, 0x00, 0x00, 0x00, 0x00, 0x00, 0x00, 0x00, 0x00, 0x00, 0x06, 0x3B, 0x16,
	0x20, 0x01, 0x00, 0x02, 0x00, 0x2D, 0x00, 0x10, 0xB8, 0x06, 0x00, 0x26, 0x00, 0x00, 0x00, 0x01,
	0x80, 0x00, 0x00, 0x3C, 0x1D, 0x00, 0x00, 0x29, 0x00, 0xC0, 0x24, 0x2D, 0x80, 0x03, 0x12, 0x7C,
	0x80, 0x00, 0x06, 0x16, 0x00, 0x00, 0x00, 0x03, 0x00, 0x2D, 0x00, 0x00, 0xC3, 0x06, 0x00, 0x26,
	0x00, 0x00, 0x80, 0x01, 0x80, 0x00, 0x00, 0x14, 0x1D, 0x00, 0x00, 0x29, 0x05, 0xC0, 0x24, 0x2D,
	0x80, 0x03, 0x00, 0x14, 0x80, 0x00, 0x06, 0x16, 0x20, 0x01, 0x00, 0x00, 0x00, 0x2D, 0x00, 0x10,
	0xCF, 0x06, 0x00, 0x26, 0x00, 0x00, 0x00, 0x02, 0x80, 0x00, 0x00, 0x28, 0x1D, 0x00, 0x00, 0x29,
	0x0A, 0xC0, 0x24, 0x2D, 0x80, 0x03, 0x12, 0x68, 0x80, 0x00, 0x06, 0x16, 0x00, 0x00, 0x00, 0x01,
	0x00, 0x2D, 0x00, 0x00, 0xDA, 0x06, 0x00, 0x26, 0x00, 0x00, 0x80, 0x02, 0x80, 0x00, 0x00, 0x00,
	0x1D, 0x00, 0x00, 0x29, 0x0F, 0xC0, 0x24, 0x2D, 0x80, 0x03, 0x00, 0x00, 0x80, 0x00, 0x06, 0x16,
	0x20, 0x01, 0x00, 0x02, 0x00, 0x2D, 0x00, 0x10, 0xE5, 0x06, 0x00, 0x26, 0x00, 0x00, 0x00, 0x03,
	0x80, 0x00, 0x00, 0x3C, 0x1D, 0x00, 0x00, 0x29, 0x14, 0xC0, 0x24, 0x2D, 0x80, 0x03, 0x12, 0x7C,
	0x80, 0x00, 0x06, 0x40, 0x3A, 0x43, 0x00, 0x00, 0x00, 0x00, 0x00, 0x00, 0x00, 0x00, 0x00, 0xDC,
	0xE0, 0x28, 0xC1, 0x01, 0x00, 0x00, 0x00, 0x00, 0x00, 0x80, 0x0B, 0x2E, 0xE0, 0x48, 0x00, 0x00,
	0x00, 0x1E, 0xC0, 0x01, 0x00, 0x00, 0x00, 0x00, 0x00, 0x00, 0x00, 0x00, 0x00, 0x00, 0x00, 0x00,
	0x00, 0x00, 0x00, 0x00, 0x00, 0x14, 0x00, 0x00, 0x00, 0x00, 0x00, 0x00, 0x00, 0x00, 0x00, 0x0E,
	0x40, 0xA9, 0x00, 0x03, 0x00, 0x1E, 0xC0, 0x00, 0x2B, 0x05, 0x00, 0x28, 0x00, 0x00, 0x00, 0x00,
	0x00, 0x00, 0x00, 0x00, 0x00, 0x00, 0x00, 0x38, 0x00, 0x00, 0x00, 0x00, 0x00, 0x00, 0x00, 0x00,
	0x00, 0x44, 0x33, 0x16, 0x00, 0x00, 0x00, 0x01, 0x00, 0x14, 0x00, 0x00, 0x99, 0x06, 0x00, 0x26,
	0x00, 0x00, 0x00, 0x00, 0x80, 0x00, 0x00, 0x14, 0x1C, 0x00, 0x00, 0x29, 0x00, 0x2C, 0x31, 0x21,
	0xA8, 0x01, 0x00, 0x14, 0x80, 0x00, 0x00, 0x16, 0x20, 0x01, 0x00, 0x01, 0x00, 0x14, 0x00, 0x10,
	0x9E, 0x06, 0x00, 0x26, 0x00, 0x00, 0x80, 0x00, 0x80, 0x00, 0x00, 0x28, 0x1C, 0x00, 0x00, 0x29,
	0x07, 0x2C, 0x31, 0x21, 0xA8, 0x01, 0x12, 0x68, 0x80, 0x20, 0x00, 0x16, 0x00, 0x00, 0x00, 0x01,
	0x00, 0x14, 0x00, 0x00, 0xA3, 0x06, 0x00, 0x26, 0x00, 0x00, 0x00, 0x01, 0x80, 0x00, 0x00, 0x00,
	0x1C, 0x00, 0x00, 0x29, 0x0F, 0x2C, 0x31, 0x21, 0xA8, 0x01, 0x00, 0x00, 0x80, 0x00, 0x00, 0x16,
	0x20, 0x01, 0x00, 0x01, 0x00, 0x14, 0x00, 0x10, 0xA8, 0x06, 0x00, 0x26, 0x00, 0x00, 0x80, 0x01,
	0x80, 0x00, 0x00, 0x3C, 0x1C, 0x00, 0x00, 0x06, 0x00, 0x00, 0x00, 0x00, 0x00, 0x08, 0x00, 0x00,
	0x50, 0x01, 0x00, 0x08, 0x00, 0x00, 0x00, 0x00, 0x00, 0x00, 0x00, 0x00, 0x00, 0x00, 0x00, 0x18,
	0x00, 0x00, 0x00, 0x00, 0x00, 0x00, 0x00, 0x00, 0x00, 0x00, 0x00, 0x29, 0x16, 0x2C, 0x31, 0x21,
	0xA8, 0x01, 0x12, 0x7C, 0x80, 0x20, 0x00, 0x16, 0x00, 0x00, 0x00, 0x01, 0x00, 0x14, 0x00, 0x00,
	0xAD, 0x06, 0x00, 0x26, 0x00, 0x00, 0x00, 0x02, 0x80, 0x00, 0x00, 0x14, 0x1C, 0x00, 0x00, 0x29,
	0x1E, 0x2C, 0x31, 0x21, 0xA8, 0x01, 0x00, 0x14, 0x80, 0x00, 0x00, 0x28, 0x00, 0x00, 0x00, 0x00,
	0x00, 0x00, 0x00, 0x00, 0x00, 0x00, 0x00, 0x38, 0x00, 0x00, 0x00, 0x00, 0x00, 0x00, 0x00, 0x00,
	0x00, 0x04, 0x3B, 0x16, 0x20, 0x01, 0x00, 0x01, 0x00, 0x05, 0x00, 0x10, 0xB2, 0x06, 0x00, 0x26,
	0x00, 0x00, 0x80, 0x02, 0x80, 0x00, 0x00, 0x28, 0x1C, 0x00, 0x00, 0x29, 0xDA, 0x2C, 0x35, 0x21,
	0x00, 0x00, 0x12, 0x68, 0x80, 0x20, 0x00, 0x16, 0x00, 0x00, 0x00, 0x02, 0x00, 0x05, 0x00, 0x00,
	0xB3, 0x06, 0x00, 0x26, 0x00, 0x00, 0x00, 0x03, 0x80, 0x00, 0x00, 0x00, 0x1C, 0x00, 0x00, 0x29,
	0xE2, 0x2C, 0x35, 0x21, 0x00, 0x00, 0x00, 0x00, 0x80, 0x00, 0x00, 0x16, 0x20, 0x01, 0x00, 0x03,
	0x00, 0x05, 0x00, 0x10, 0xB4, 0x06, 0x00, 0x26, 0x00, 0x00, 0x80, 0x03, 0x80, 0x00, 0x00, 0x3C,
	0x1C, 0x00, 0x00, 0x29, 0xE9, 0x2C, 0x35, 0x21, 0x00, 0x00, 0x12, 0x7C, 0x80, 0x20, 0x00, 0x16,
	0x00, 0x00, 0x00, 0x00, 0x00, 0x05, 0x00, 0x00, 0xB6, 0x06, 0x00, 0x26, 0x00, 0x00, 0x00, 0x00,
	0x80, 0x00, 0x00, 0x14, 0x1D, 0x00, 0x00, 0x29, 0xF1, 0x2C, 0x35, 0x21, 0x00, 0x00, 0x00, 0x14,
	0x80, 0x00, 0x00, 0x16, 0x20, 0x01, 0x00, 0x01, 0x00, 0x05, 0x00, 0x10, 0xB7, 0x06, 0x00, 0x26,
	0x00, 0x00, 0x80, 0x00, 0x80, 0x00, 0x00, 0x28, 0x1D, 0x00, 0x00, 0x29, 0xF8, 0x2C, 0x35, 0x21,
	0x00, 0x00, 0x12, 0x68, 0x80, 0x20, 0x00, 0x28, 0x00, 0x00, 0x00, 0x00, 0x00, 0x00, 0x00, 0x00,
	0x00, 0x00, 0x00, 0x38, 0x00, 0x00, 0x00, 0x00, 0x00, 0x00, 0x00, 0x00, 0x00, 0x06, 0x3B, 0x16,
	0x00, 0x00, 0x00, 0x02, 0x00, 0x2D, 0x00, 0x00, 0xB8, 0x06, 0x00, 0x26, 0x00, 0x00, 0x00, 0x01,
	0x80, 0x00, 0x00, 0x00, 0x1D, 0x00, 0x00, 0x29, 0x00, 0xC0, 0x34, 0x35, 0x68, 0x03, 0x00, 0x00,
	0x80, 0x00, 0x04, 0x16, 0x20, 0x01, 0x00, 0x03, 0x00, 0x2D, 0x00, 0x10, 0xC3, 0x06, 0x00, 0x26,
	0x00, 0x00, 0x80, 0x01, 0x80, 0x00, 0x00, 0x3C, 0x1D, 0x00, 0x00, 0x29, 0x05, 0xC0, 0x34, 0x35,
	0x68, 0x03, 0x12, 0x7C, 0x80, 0x00, 0x04, 0x16, 0x00, 0x00, 0x00, 0x00, 0x00, 0x2D, 0x00, 0x00,
	0xCF, 0x06, 0x00, 0x26, 0x00, 0x00, 0x00, 0x02, 0x80, 0x00, 0x00, 0x14, 0x1D, 0x00, 0x00, 0x29,
	0x0A, 0xC0, 0x34, 0x35, 0x68, 0x03, 0x00, 0x14, 0x80, 0x00, 0x04, 0x16, 0x20, 0x01, 0x00, 0x01,
	0x00, 0x2D, 0x00, 0x10, 0xDA, 0x06, 0x00, 0x26, 0x00, 0x00, 0x80, 0x02, 0x80, 0x00, 0x00, 0x28,
	0x1D, 0x00, 0x00, 0x29, 0x0F, 0xC0, 0x34, 0x35, 0x68, 0x03, 0x12, 0x68, 0x80, 0x00, 0x04, 0x16,
	0x00, 0x00, 0x00, 0x02, 0x00, 0x2D, 0x00, 0x00, 0xE5, 0x06, 0x00, 0x26, 0x00, 0x00, 0x00, 0x03,
	0x80, 0x00, 0x00, 0x00, 0x1D, 0x00, 0x00, 0x29, 0x14, 0xC0, 0x34, 0x35, 0x68, 0x03, 0x00, 0x00,
	0x80, 0x00, 0x04, 0x40, 0x3A, 0x43, 0x00, 0x00, 0x00, 0x00, 0x00, 0x00, 0x00, 0x00, 0x00, 0xDC,
	0xE0, 0x28, 0xC1, 0x01, 0x00, 0x00, 0x00, 0x00, 0x00, 0x80, 0x0B, 0x2E, 0xE0, 0x48, 0x00, 0x00,
	0x00, 0x1E, 0xC0, 0x01, 0x05, 0x00, 0x00, 0x00, 0x00, 0x00, 0x00, 0x00, 0x00, 0x00, 0x00, 0x00,
	0x00, 0x00, 0x00, 0x00, 0x00, 0x14, 0x00, 0x00, 0x00, 0x00, 0x00, 0x00, 0x00, 0x00, 0x00, 0x0E,
	0x40, 0xA9, 0x00, 0x03, 0x00, 0x1E, 0xC0, 0x00, 0x30, 0x05, 0x00, 0x28, 0x00, 0x00, 0x00, 0x00,
	0x00, 0x00, 0x00, 0x00, 0x00, 0x00, 0x00, 0x38, 0x00, 0x00, 0x00, 0x00, 0x00, 0x00, 0x00, 0x00,
	0x00, 0x44, 0x33, 0x16, 0x20, 0x01, 0x00, 0x01, 0x00, 0x14, 0x00, 0x10, 0x99, 0x06, 0x00, 0x26,
	0x00, 0x00, 0x00, 0x00, 0x80, 0x00, 0x00, 0x3C, 0x1C, 0x00, 0x00, 0x29, 0x00, 0x2C, 0x31, 0x21,
	0xA8, 0x01, 0x12, 0x7C, 0x80, 0x00, 0x00, 0x16, 0x00, 0x00, 0x00, 0x01, 0x00, 0x14, 0x00, 0x00,
	0x9E, 0x06, 0x00, 0x26, 0x00, 0x00, 0x80, 0x00, 0x80, 0x00, 0x00, 0x14, 0x1C, 0x00, 0x00, 0x29,
	0x07, 0x2C, 0x31, 0x21, 0xA8, 0x01, 0x00, 0x14, 0x80, 0x20, 0x00, 0x16, 0x20, 0x01, 0x00, 0x01,
	0x00, 0x14, 0x00, 0x10, 0xA3, 0x06, 0x00, 0x26, 0x00, 0x00, 0x00, 0x01, 0x80, 0x00, 0x00, 0x28,
	0x1C, 0x00, 0x00, 0x29, 0x0F, 0x2C, 0x31, 0x21, 0xA8, 0x01, 0x12, 0x68, 0x80, 0x00, 0x00, 0x16,
	0x00, 0x00, 0x00, 0x01, 0x00, 0x14, 0x00, 0x00, 0xA8, 0x06, 0x00, 0x26, 0x00, 0x00, 0x80, 0x01,
	0x80, 0x00, 0x00, 0x00, 0x1C, 0x00, 0x00, 0x29, 0x16, 0x2C, 0x31, 0x21, 0xA8, 0x01, 0x00, 0x00,
	0x80, 0x20, 0x00, 0x16, 0x20, 0x01, 0x00, 0x01, 0x00, 0x14, 0x00, 0x10, 0xAD, 0x06, 0x00, 0x26,
	0x00, 0x00, 0x00, 0x02, 0x80, 0x00, 0x00, 0x3C, 0x1C, 0x00, 0x00, 0x29, 0x1E, 0x2C, 0x31, 0x21,
	0xA8, 0x01, 0x12, 0x7C, 0x80, 0x00, 0x00, 0x28, 0x00, 0x00, 0x00, 0x00, 0x00, 0x00, 0x00, 0x00,
	0x00, 0x00, 0x00, 0x38, 0x00, 0x00, 0x00, 0x00, 0x00, 0x00, 0x00, 0x00, 0x00, 0x04, 0x3B, 0x16,
	0x00, 0x00, 0x00, 0x01, 0x00, 0x05, 0x00, 0x00, 0xB2, 0x06, 0x00, 0x26, 0x00, 0x00, 0x80, 0x02,
	0x80, 0x00, 0x00, 0x14, 0x1C, 0x00, 0x00, 0x29, 0xDA, 0x2C, 0x35, 0x21, 0x00, 0x00, 0x00, 0x14,
	0x80, 0x20, 0x00, 0x16, 0x20, 0x01, 0x00, 0x02, 0x00, 0x05, 0x00, 0x10, 0xB3, 0x06, 0x00, 0x26,
	0x00, 0x00, 0x00, 0x03, 0x80, 0x00, 0x00, 0x28, 0x1C, 0x00, 0x00, 0x29, 0xE2, 0x2C, 0x35, 0x21,
	0x00, 0x00, 0x12, 0x68, 0x80, 0x00, 0x00, 0x16, 0x00, 0x00, 0x00, 0x03, 0x00, 0x05, 0x00, 0x00,
	0xB4, 0x06, 0x00, 0x26, 0x00, 0x00, 0x80, 0x03, 0x80, 0x00, 0x00, 0x00, 0x1C, 0x00, 0x00, 0x29,
	0xE9, 0x2C, 0x35, 0x21, 0x00, 0x00, 0x00, 0x00, 0x80, 0x20, 0x00, 0x16, 0x20, 0x01, 0x00, 0x00,
	0x00, 0x05, 0x00, 0x10, 0xB6, 0x06, 0x00, 0x26, 0x00, 0x00, 0x00, 0x00, 0x80, 0x00, 0x00, 0x3C,
	0x1D, 0x00, 0x00, 0x29, 0xF1, 0x2C, 0x35, 0x21, 0x00, 0x00, 0x12, 0x7C, 0x80, 0x00, 0x00, 0x16,
	0x00, 0x00, 0x00, 0x01, 0x00, 0x05, 0x00, 0x00, 0xB7, 0x06, 0x00, 0x26, 0x00, 0x00, 0x80, 0x00,
	0x80, 0x00, 0x00, 0x14, 0x1D, 0x00, 0x00, 0x29, 0xF8, 0x2C, 0x35, 0x21, 0x00, 0x00, 0x00, 0x14,
	0x80, 0x20, 0x00, 0x28, 0x00, 0x00, 0x00, 0x00, 0x00, 0x00, 0x00, 0x00, 0x00, 0x00, 0x00, 0x38,
	0x00, 0x00, 0x00, 0x00, 0x00, 0x00, 0x00, 0x00, 0x00, 0x06, 0x3B, 0x16, 0x20, 0x01, 0x00, 0x02,
	0x00, 0x2D, 0x00, 0x10, 0xB8, 0x06, 0x00, 0x26, 0x00, 0x00, 0x00, 0x01, 0x80, 0x00, 0x00, 0x28,
	0x1D, 0x00, 0x00, 0x29, 0x00, 0xC0, 0x34, 0x35, 0x68, 0x03, 0x12, 0x68, 0x80, 0x00, 0x04, 0x16,
	0x00, 0x00, 0x00, 0x03, 0x00, 0x2D, 0x00, 0x00, 0xC3, 0x06, 0x00, 0x26, 0x00, 0x00, 0x80, 0x01,
	0x80, 0x00, 0x00, 0x00, 0x1D, 0x00, 0x00, 0x29, 0x05, 0xC0, 0x34, 0x35, 0x68, 0x03, 0x00, 0x00,
	0x80, 0x00, 0x04, 0x16, 0x20, 0x01, 0x00, 0x00, 0x00, 0x2D, 0x00, 0x10, 0xCF, 0x06, 0x00, 0x26,
	0x00, 0x00, 0x00, 0x02, 0x80, 0x00, 0x00, 0x3C, 0x1D, 0x00, 0x00, 0x29, 0x0A, 0xC0, 0x34, 0x35,
	0x68, 0x03, 0x12, 0x7C, 0x80, 0x00, 0x04, 0x16, 0x00, 0x00, 0x00, 0x01, 0x00, 0x2D, 0x00, 0x00,
	0xDA, 0x06, 0x00, 0x26, 0x00, 0x00, 0x80, 0x02, 0x80, 0x00, 0x00, 0x14, 0x1D, 0x00, 0x00, 0x29,
	0x0F, 0xC0, 0x34, 0x35, 0x68, 0x03, 0x00, 0x14, 0x80, 0x00, 0x04, 0x16, 0x20, 0x01, 0x00, 0x02,
	0x00, 0x2D, 0x00, 0x10, 0xE5, 0x06, 0x00, 0x26, 0x00, 0x00, 0x00, 0x03, 0x80, 0x00, 0x00, 0x28,
	0x1D, 0x00, 0x00, 0x29, 0x14, 0xC0, 0x34, 0x35, 0x68, 0x03, 0x12, 0x68, 0x80, 0x00, 0x04, 0x40,
	0x3A, 0x43, 0x00, 0x00, 0x00, 0x00, 0x00, 0x00, 0x00, 0x00, 0x00, 0xDC, 0xE0, 0x28, 0xC1, 0x01,
	0x00, 0x00, 0x00, 0x00, 0x00, 0x80, 0x0B, 0x2E, 0xE0, 0x48, 0x00, 0x00, 0x00, 0x1E, 0xC0, 0x01,
	0x0A, 0x00, 0x00, 0x00, 0x00, 0x00, 0x00, 0x00, 0x00, 0x00, 0x00, 0x00, 0x00, 0x00, 0x00, 0x00,
	0x00, 0x14, 0x00, 0x00, 0x00, 0x00, 0x00, 0x00, 0x00, 0x00, 0x00, 0x0E, 0x40, 0xA9, 0x00, 0x03,
	0x00, 0x1E, 0xC0, 0x00, 0x35, 0x05, 0x00, 0x28, 0x00, 0x00, 0x00, 0x00, 0x00, 0x00, 0x00, 0x00,
	0x00, 0x00, 0x00, 0x38, 0x00, 0x00, 0x00, 0x00, 0x00, 0x00, 0x00, 0x00, 0x00, 0x44, 0x33, 0x16,
	0x00, 0x00, 0x00, 0x01, 0x00, 0x14, 0x00, 0x00, 0x99, 0x06, 0x00, 0x26, 0x00, 0x00, 0x00, 0x00,
	0x80, 0x00, 0x00, 0x00, 0x1C, 0x00, 0x00, 0x29, 0x00, 0x2C, 0x31, 0x21, 0xA8, 0x01, 0x00, 0x00,
	0x80, 0x00, 0x00, 0x16, 0x20, 0x01, 0x00, 0x01, 0x00, 0x14, 0x00, 0x10, 0x9E, 0x06, 0x00, 0x26,
	0x00, 0x00, 0x80, 0x00, 0x80, 0x00, 0x00, 0x3C, 0x1C, 0x00, 0x00, 0x29, 0x07, 0x2C, 0x31, 0x21,
	0xA8, 0x01, 0x12, 0x7C, 0x80, 0x20, 0x00, 0x16, 0x00, 0x00, 0x00, 0x01, 0x00, 0x14, 0x00, 0x00,
	0xA3, 0x06, 0x00, 0x26, 0x00, 0x00, 0x00, 0x01, 0x80, 0x00, 0x00, 0x14, 0x1C, 0x00, 0x00, 0x29,
	0x0F, 0x2C, 0x31, 0x21, 0xA8, 0x01, 0x00, 0x14, 0x80, 0x00, 0x00, 0x16, 0x20, 0x01, 0x00, 0x01,
	0x00, 0x14, 0x00, 0x10, 0xA8, 0x06, 0x00, 0x26, 0x00, 0x00, 0x80, 0x01, 0x80, 0x00, 0x00, 0x28,
	0x1C, 0x00, 0x00, 0x29, 0x16, 0x2C, 0x31, 0x21, 0xA8, 0x01, 0x12, 0x68, 0x80, 0x20, 0x00, 0x16,
	0x00, 0x00, 0x00, 0x01, 0x00, 0x14, 0x00, 0x00, 0xAD, 0x06, 0x00, 0x26, 0x00, 0x00, 0x00, 0x02,
	0x80, 0x00, 0x00, 0x00, 0x1C, 0x00, 0x00, 0x29, 0x1E, 0x2C, 0x31, 0x21, 0xA8, 0x01, 0x00, 0x00,
	0x80, 0x00, 0x00, 0x28, 0x00, 0x00, 0x00, 0x00, 0x00, 0x00, 0x00, 0x00, 0x00, 0x00, 0x00, 0x38,
	0x00, 0x00, 0x00, 0x00, 0x00, 0x00, 0x00, 0x00, 0x00, 0x04, 0x3B, 0x16, 0x20, 0x01, 0x00, 0x01,
	0x00, 0x05, 0x00, 0x10, 0xB2, 0x06, 0x00, 0x26, 0x00, 0x00, 0x80, 0x02, 0x80, 0x00, 0x00, 0x3C,
	0x1C, 0x00, 0x00, 0x29, 0xDA, 0x2C, 0x35, 0x21, 0x00, 0x00, 0x12, 0x7C, 0x80, 0x20, 0x00, 0x16,
	0x00, 0x00, 0x00, 0x02, 0x00, 0x05, 0x00, 0x00, 0xB3, 0x06, 0x00, 0x26, 0x00, 0x00, 0x00, 0x03,
	0x80, 0x00, 0x00, 0x14, 0x1C, 0x00, 0x00, 0x29, 0xE2, 0x2C, 0x35, 0x21, 0x00, 0x00, 0x00, 0x14,
	0x80, 0x00, 0x00, 0x16, 0x20, 0x01, 0x00, 0x03, 0x00, 0x05, 0x00, 0x10, 0xB4, 0x06, 0x00, 0x26,
	0x00, 0x00, 0x80, 0x03, 0x80, 0x00, 0x00, 0x28, 0x1C, 0x00, 0x00, 0x29, 0xE9, 0x2C, 0x35, 0x21,
	0x00, 0x00, 0x12, 0x68, 0x80, 0x20, 0x00, 0x16, 0x00, 0x00, 0x00, 0x00, 0x00, 0x05, 0x00, 0x00,
	0xB6, 0x06, 0x00, 0x26, 0x00, 0x00, 0x00, 0x00, 0x80, 0x00, 0x00, 0x00, 0x1D, 0x00, 0x00, 0x29,
	0xF1, 0x2C, 0x35, 0x21, 0x00, 0x00, 0x00, 0x00, 0x80, 0x00, 0x00, 0x16, 0x20, 0x01, 0x00, 0x01,
	0x00, 0x05, 0x00, 0x10, 0xB7, 0x06, 0x00, 0x26, 0x00, 0x00, 0x80, 0x00, 0x80, 0x00, 0x00, 0x3C,
	0x1D, 0x00, 0x00, 0x29, 0xF8, 0x2C, 0x35, 0x21, 0x00, 0x00, 0x12, 0x7C, 0x80, 0x20, 0x00, 0x28,
	0x00, 0x00, 0x00, 0x00, 0x00, 0x00, 0x00, 0x00, 0x00, 0x00, 0x00, 0x38, 0x00, 0x00, 0x00, 0x00,
	0x00, 0x00, 0x00, 0x00, 0x00, 0x06, 0x3B, 0x16, 0x00, 0x00, 0x00, 0x02, 0x00, 0x2D, 0x00, 0x00,
	0xB8, 0x06, 0x00, 0x26, 0x00, 0x00, 0x00, 0x01, 0x80, 0x00, 0x00, 0x14, 0x1D, 0x00, 0x00, 0x29,
	0x00, 0xC0, 0x34, 0x35, 0x68, 0x03, 0x00, 0x14, 0x80, 0x00, 0x04, 0x16, 0x20, 0x01, 0x00, 0x03,
	0x00, 0x2D, 0x00, 0x10, 0xC3, 0x06, 0x00, 0x26, 0x00, 0x00, 0x80, 0x01, 0x80, 0x00, 0x00, 0x28,
	0x1D, 0x00, 0x00, 0x29, 0x05, 0xC0, 0x34, 0x35, 0x68, 0x03, 0x12, 0x68, 0x80, 0x00, 0x04, 0x16,
	0x00, 0x00, 0x00, 0x00, 0x00, 0x2D, 0x00, 0x00, 0xCF, 0x06, 0x00, 0x26, 0x00, 0x00, 0x00, 0x02,
	0x80, 0x00, 0x00, 0x00, 0x1D, 0x00, 0x00, 0x29, 0x0A, 0xC0, 0x34, 0x35, 0x68, 0x03, 0x00, 0x00,
	0x80, 0x00, 0x04, 0x16, 0x20, 0x01, 0x00, 0x01, 0x00, 0x2D, 0x00, 0x10, 0xDA, 0x06, 0x00, 0x26,
	0x00, 0x00, 0x80, 0x02, 0x80, 0x00, 0x00, 0x3C, 0x1D, 0x00, 0x00, 0x29, 0x0F, 0xC0, 0x34, 0x35,
	0x68, 0x03, 0x12, 0x7C, 0x80, 0x00, 0x04, 0x16, 0x00, 0x00, 0x00, 0x02, 0x00, 0x2D, 0x00, 0x00,
	0xE5, 0x06, 0x00, 0x26, 0x00, 0x00, 0x00, 0x03, 0x80, 0x00, 0x00, 0x14, 0x1D, 0x00, 0x00, 0x29,
	0x14, 0xC0, 0x34, 0x35, 0x68, 0x03, 0x00, 0x14, 0x80, 0x00, 0x04, 0x40, 0x3A, 0x43, 0x00, 0x00,
	0x00, 0x00, 0x00, 0x00, 0x00, 0x00, 0x00, 0xDC, 0xE0, 0x28, 0xC1, 0x01, 0x00, 0x00, 0x00, 0x00,
	0x00, 0x80, 0x0B, 0x2E, 0xE0, 0x48, 0x00, 0x00, 0x00, 0x1E, 0xC0, 0x01, 0x0F, 0x00, 0x00, 0x00,
	0x00, 0x00, 0x00, 0x00, 0x00, 0x00, 0x00, 0x00, 0x00, 0x00, 0x00, 0x00, 0x00, 0x14, 0x00, 0x00,
	0x00, 0x00, 0x00, 0x00, 0x00, 0x00, 0x00, 0x0E, 0x40, 0xA9, 0x00, 0x03, 0x00, 0x1E, 0xC0, 0x00,
	0x3A, 0x05, 0x00, 0x28, 0x00, 0x00, 0x00, 0x00, 0x00, 0x00, 0x00, 0x00, 0x00, 0x00, 0x00, 0x38,
	0x00, 0x00, 0x00, 0x00, 0x00, 0x00, 0x00, 0x00, 0x00, 0x44, 0x33, 0x16, 0x20, 0x01, 0x00, 0x01,
	0x00, 0x14, 0x00, 0x10, 0x99, 0x06, 0x00, 0x26, 0x00, 0x00, 0x00, 0x00, 0x80, 0x00, 0x00, 0x28,
	0x1C, 0x00, 0x00, 0x29, 0x00, 0x2C, 0x31, 0x21, 0xA8, 0x01, 0x12, 0x68, 0x80, 0x00, 0x00, 0x16,
	0x00, 0x00, 0x00, 0x01, 0x00, 0x14, 0x00, 0x00, 0x9E, 0x06, 0x00, 0x26, 0x00, 0x00, 0x80, 0x00,
	0x80, 0x00, 0x00, 0x00, 0x1C, 0x00, 0x00, 0x29, 0x07, 0x2C, 0x31, 0x21, 0xA8, 0x01, 0x00, 0x00,
	0x80, 0x20, 0x00, 0x16, 0x20, 0x01, 0x00, 0x01, 0x00, 0x14, 0x00, 0x10, 0xA3, 0x06, 0x00, 0x26,
	0x00, 0x00, 0x00, 0x01, 0x80, 0x00, 0x00, 0x3C, 0x1C, 0x00, 0x00, 0x29, 0x0F, 0x2C, 0x31, 0x21,
	0xA8, 0x01, 0x12, 0x7C, 0x80, 0x00, 0x00, 0x16, 0x00, 0x00, 0x00, 0x01, 0x00, 0x14, 0x00, 0x00,
	0xA8, 0x06, 0x00, 0x26, 0x00, 0x00, 0x80, 0x01, 0x80, 0x00, 0x00, 0x14, 0x1C, 0x00, 0x00, 0x29,
	0x16, 0x2C, 0x31, 0x21, 0xA8, 0x01, 0x00, 0x14, 0x80, 0x20, 0x00, 0x16, 0x20, 0x01, 0x00, 0x01,
	0x00, 0x14, 0x00, 0x10, 0xAD, 0x06, 0x00, 0x26, 0x00, 0x00, 0x00, 0x02, 0x80, 0x00, 0x00, 0x28,
	0x1C, 0x00, 0x00, 0x29, 0x1E, 0x2C, 0x31, 0x21, 0xA8, 0x01, 0x12, 0x68, 0x80, 0x00, 0x00, 0x28,
	0x00, 0x00, 0x00, 0x00, 0x00, 0x00, 0x00, 0x00, 0x00, 0x00, 0x00, 0x38, 0x00, 0x00, 0x00, 0x00,
	0x00, 0x00, 0x00, 0x00, 0x00, 0x04, 0x3B, 0x16, 0x00, 0x00, 0x00, 0x01, 0x00, 0x05, 0x00, 0x00,
	0xB2, 0x06, 0x00, 0x26, 0x00, 0x00, 0x80, 0x02, 0x80, 0x00, 0x00, 0x00, 0x1C, 0x00, 0x00, 0x29,
	0xDA, 0x2C, 0x35, 0x21, 0x00, 0x00, 0x00, 0x00, 0x80, 0x20, 0x00, 0x16, 0x20, 0x01, 0x00, 0x02,
	0x00, 0x05, 0x00, 0x10, 0xB3, 0x06, 0x00, 0x26, 0x00, 0x00, 0x00, 0x03, 0x80, 0x00, 0x00, 0x3C,
	0x1C, 0x00, 0x00, 0x29, 0xE2, 0x2C, 0x35, 0x21, 0x00, 0x00, 0x12, 0x7C, 0x80, 0x00, 0x00, 0x16,
	0x00, 0x00, 0x00, 0x03, 0x00, 0x05, 0x00, 0x00, 0xB4, 0x06, 0x00, 0x26, 0x00, 0x00, 0x80, 0x03,
	0x80, 0x00, 0x00, 0x14, 0x1C, 0x00, 0x00, 0x29, 0xE9, 0x2C, 0x35, 0x21, 0x00, 0x00, 0x00, 0x14,
	0x80, 0x20, 0x00, 0x16, 0x20, 0x01, 0x00, 0x00, 0x00, 0x05, 0x00, 0x10, 0xB6, 0x06, 0x00, 0x26,
	0x00, 0x00, 0x00, 0x00, 0x80, 0x00, 0x00, 0x28, 0x1D, 0x00, 0x00, 0x29, 0xF1, 0x2C, 0x35, 0x21,
	0x00, 0x00, 0x12, 0x68, 0x80, 0x00, 0x00, 0x16, 0x00, 0x00, 0x00, 0x01, 0x00, 0x05, 0x00, 0x00,
	0xB7, 0x06, 0x00, 0x26, 0x00, 0x00, 0x80, 0x00, 0x80, 0x00, 0x00, 0x00, 0x1D, 0x00, 0x00, 0x29,
	0xF8, 0x2C, 0x35, 0x21, 0x00, 0x00, 0x00, 0x00, 0x80, 0x20, 0x00, 0x28, 0x00, 0x00, 0x00, 0x00,
	0x00, 0x00, 0x00, 0x00, 0x00, 0x00, 0x00, 0x38, 0x00, 0x00, 0x00, 0x00, 0x00, 0x00, 0x00, 0x00,
	0x00, 0x06, 0x3B, 0x16, 0x20, 0x01, 0x00, 0x02, 0x00, 0x2D, 0x00, 0x10, 0xB8, 0x06, 0x00, 0x26,
	0x00, 0x00, 0x00, 0x01, 0x80, 0x00, 0x00, 0x3C, 0x1D, 0x00, 0x00, 0x29, 0x00, 0xC0, 0x34, 0x35,
	0x68, 0x03, 0x12, 0x7C, 0x80, 0x00, 0x04, 0x16, 0x00, 0x00, 0x00, 0x03, 0x00, 0x2D, 0x00, 0x00,
	0xC3, 0x06, 0x00, 0x26, 0x00, 0x00, 0x80, 0x01, 0x80, 0x00, 0x00, 0x14, 0x1D, 0x00, 0x00, 0x29,
	0x05, 0xC0, 0x34, 0x35, 0x68, 0x03, 0x00, 0x14, 0x80, 0x00, 0x04, 0x16, 0x20, 0x01, 0x00, 0x00,
	0x00, 0x2D, 0x00, 0x10, 0xCF, 0x06, 0x00, 0x26, 0x00, 0x00, 0x00, 0x02, 0x80, 0x00, 0x00, 0x28,
	0x1D, 0x00, 0x00, 0x29, 0x0A, 0xC0, 0x34, 0x35, 0x68, 0x03, 0x12, 0x68, 0x80, 0x00, 0x04, 0x16,
	0x00, 0x00, 0x00, 0x01, 0x00, 0x2D, 0x00, 0x00, 0xDA, 0x06, 0x00, 0x26, 0x00, 0x00, 0x80, 0x02,
	0x80, 0x00, 0x00, 0x00, 0x1D, 0x00, 0x00, 0x29, 0x0F, 0xC0, 0x34, 0x35, 0x68, 0x03, 0x00, 0x00,
	0x80, 0x00, 0x04, 0x16, 0x20, 0x01, 0x00, 0x02, 0x00, 0x2D, 0x00, 0x10, 0xE5, 0x06, 0x00, 0x26,
	0x00, 0x00, 0x00, 0x03, 0x80, 0x00, 0x00, 0x3C, 0x1D, 0x00, 0x00, 0x29, 0x14, 0xC0, 0x34, 0x35,
	0x68, 0x03, 0x12, 0x7C, 0x80, 0x00, 0x04, 0x40, 0x3A, 0x43, 0x00, 0x00, 0x00, 0x00, 0x00, 0x00,
	0x00, 0x00, 0x00, 0xDC, 0xE0, 0x28, 0xC1, 0x01, 0x00, 0x00, 0x00, 0x00, 0x00, 0x80, 0x0B, 0x2E,
	0xE0, 0x48, 0x00, 0x00, 0x00, 0x1E, 0xC0, 0x01, 0x14, 0x00, 0x00, 0x00, 0x00, 0x00, 0x00, 0x00,
	0x00, 0x00, 0x00, 0x00, 0x00, 0x00, 0x00, 0x00, 0x00, 0x14, 0x00, 0x00, 0x00, 0x00, 0x00, 0x00,
	0x00, 0x00, 0x00, 0x0E, 0x60, 0xA4, 0x00, 0x03, 0x00, 0x1E, 0x00, 0x01, 0x3F, 0x05, 0x00, 0x28,
	0x00, 0x00, 0x00, 0x00, 0x00, 0x00, 0x00, 0x00, 0x00, 0x00, 0x00, 0x38, 0x00, 0x00, 0x00, 0x00,
	0x00, 0x00, 0x00, 0x00, 0x00, 0x44, 0x33, 0x16, 0x00, 0x00, 0x00, 0x01, 0x00, 0x14, 0x00, 0x00,
	0x99, 0x06, 0x00, 0x26, 0x00, 0x00, 0x00, 0x00, 0x80, 0x00, 0x00, 0x14, 0x1C, 0x00, 0x00, 0x29,
	0x00, 0x1C, 0x21, 0x21, 0x0C, 0x02, 0x00, 0x14, 0x80, 0x00, 0x00, 0x16, 0x20, 0x01, 0x00, 0x01,
	0x00, 0x14, 0x00, 0x10, 0x9E, 0x06, 0x00, 0x26, 0x00, 0x00, 0x80, 0x00, 0x80, 0x00, 0x00, 0x28,
	0x1C, 0x00, 0x00, 0x29, 0x06, 0x1C, 0x21, 0x21, 0x0C, 0x02, 0x12, 0x68, 0x80, 0x10, 0x00, 0x16,
	0x00, 0x00, 0x00, 0x01, 0x00, 0x14, 0x00, 0x00, 0xA3, 0x06, 0x00, 0x26, 0x00, 0x00, 0x00, 0x01,
	0x80, 0x00, 0x00, 0x00, 0x1C, 0x00, 0x00, 0x29, 0x0C, 0x1C, 0x21, 0x21, 0x0C, 0x02, 0x00, 0x00,
	0x80, 0x20, 0x00, 0x16, 0x20, 0x01, 0x00, 0x01, 0x00, 0x14, 0x00, 0x10, 0xA8, 0x06, 0x00, 0x26,
	0x00, 0x00, 0x80, 0x01, 0x80, 0x00, 0x00, 0x3C, 0x1C, 0x00, 0x00, 0x29, 0x12, 0x1C, 0x21, 0x21,
	0x0C, 0x02, 0x12, 0x7C, 0x80, 0x30, 0x00, 0x16, 0x00, 0x00, 0x00, 0x01, 0x00, 0x14, 0x00, 0x00,
	0xAD, 0x06, 0x00, 0x26, 0x00, 0x00, 0x00, 0x02, 0x80, 0x00, 0x00, 0x14, 0x1C, 0x00, 0x00, 0x29,
	0x19, 0x1C, 0x21, 0x21, 0x0C, 0x02, 0x00, 0x14, 0x80, 0x00, 0x00, 0x28, 0x00, 0x00, 0x00, 0x00,
	0x00, 0x00, 0x00, 0x00, 0x00, 0x00, 0x00, 0x38, 0x00, 0x00, 0x00, 0x00, 0x00, 0x00, 0x00, 0x00,
	0x00, 0x04, 0x3B, 0x16, 0x20, 0x01, 0x00, 0x01, 0x00, 0x05, 0x00, 0x10, 0xB2, 0x06, 0x00, 0x26,
	0x00, 0x00, 0x80, 0x02, 0x80, 0x00, 0x00, 0x28, 0x1C, 0x00, 0x00, 0x29, 0xE0, 0x1C, 0x25, 0x21,
	0x00, 0x00, 0x12, 0x68, 0x80, 0x30, 0x00, 0x16, 0x00, 0x00, 0x00, 0x02, 0x00, 0x05, 0x00, 0x00,
	0xB3, 0x06, 0x00, 0x26, 0x00, 0x00, 0x00, 0x03, 0x80, 0x00, 0x00, 0x00, 0x1C, 0x00, 0x00, 0x29,
	0xE7, 0x1C, 0x25, 0x21, 0x00, 0x00, 0x00, 0x00, 0x80, 0x00, 0x00, 0x16, 0x20, 0x01, 0x00, 0x03,
	0x00, 0x05, 0x00, 0x10, 0xB4, 0x06, 0x00, 0x26, 0x00, 0x00, 0x80, 0x03, 0x80, 0x00, 0x00, 0x3C,
	0x1C, 0x00, 0x00, 0x29, 0xED, 0x1C, 0x25, 0x21, 0x00, 0x00, 0x12, 0x7C, 0x80, 0x10, 0x00, 0x16,
	0x00, 0x00, 0x00, 0x00, 0x00, 0x05, 0x00, 0x00, 0xB6, 0x06, 0x00, 0x26, 0x00, 0x00, 0x00, 0x00,
	0x80, 0x00, 0x00, 0x14, 0x1D, 0x00, 0x00, 0x29, 0xF3, 0x1C, 0x25, 0x21, 0x00, 0x00, 0x00, 0x14,
	0x80, 0x20, 0x00, 0x16, 0x20, 0x01, 0x00, 0x01, 0x00, 0x05, 0x00, 0x10, 0xB7, 0x06, 0x00, 0x26,
	0x00, 0x00, 0x80, 0x00, 0x80, 0x00, 0x00, 0x28, 0x1D, 0x00, 0x00, 0x29, 0xF9, 0x1C, 0x25, 0x21,
	0x00, 0x00, 0x12, 0x68, 0x80, 0x30, 0x00, 0x28, 0x00, 0x00, 0x00, 0x00, 0x00, 0x00, 0x00, 0x00,
	0x00, 0x00, 0x00, 0x38, 0x00, 0x00, 0x00, 0x00, 0x00, 0x00, 0x00, 0x00, 0x00, 0x06, 0x3B, 0x16,
	0x00, 0x00, 0x00, 0x02, 0x00, 0x2D, 0x00, 0x00, 0xB8, 0x06, 0x00, 0x26, 0x00, 0x00, 0x00, 0x01,
	0x80, 0x00, 0x00, 0x00, 0x1D, 0x00, 0x00, 0x29, 0x00, 0xC0, 0x24, 0x39, 0x80, 0x03, 0x00, 0x00,
	0x80, 0x00, 0x06, 0x16, 0x20, 0x01, 0x00, 0x03, 0x00, 0x2D, 0x00, 0x10, 0xC3, 0x06, 0x00, 0x26,
	0x00, 0x00, 0x80, 0x01, 0x80, 0x00, 0x00, 0x3C, 0x1D, 0x00, 0x00, 0x29, 0x05, 0xC0, 0x24, 0x39,
	0x80, 0x03, 0x12, 0x7C, 0x80, 0x00, 0x06, 0x16, 0x00, 0x00, 0x00, 0x00, 0x00, 0x2D, 0x00, 0x00,
	0xCF, 0x06, 0x00, 0x26, 0x00, 0x00, 0x00, 0x02, 0x80, 0x00, 0x00, 0x14, 0x1D, 0x00, 0x00, 0x29,
	0x0A, 0xC0, 0x24, 0x39, 0x80, 0x03, 0x00, 0x14, 0x80, 0x00, 0x06, 0x16, 0x20, 0x01, 0x00, 0x01,
	0x00, 0x2D, 0x00, 0x10, 0xDA, 0x06, 0x00, 0x26, 0x00, 0x00, 0x80, 0x02, 0x80, 0x00, 0x00, 0x28,
	0x1D, 0x00, 0x00, 0x29, 0x0F, 0xC0, 0x24, 0x39, 0x80, 0x03, 0x12, 0x68, 0x80, 0x00, 0x06, 0x16,
	0x00, 0x00, 0x00, 0x02, 0x00, 0x2D, 0x00, 0x00, 0xE5, 0x06, 0x00, 0x26, 0x00, 0x00, 0x00, 0x03,
	0x80, 0x00, 0x00, 0x00, 0x1D, 0x00, 0x00, 0x29, 0x14, 0xC0, 0x24, 0x39, 0x80, 0x03, 0x00, 0x00,
	0x80, 0x00, 0x06, 0x40, 0x3A, 0x43, 0x00, 0x00, 0x00, 0x00, 0x00, 0x00, 0x00, 0x00, 0x00, 0xDC,
	0xE0, 0x28, 0xC1, 0x01, 0x00, 0x00, 0x00, 0x00, 0x00, 0x80, 0x0B, 0x2E, 0xE0, 0x48, 0x00, 0x00,
	0x00, 0x1E, 0xC0, 0x01, 0x19, 0x00, 0x00, 0x00, 0x00, 0x00, 0x00, 0x00, 0x00, 0x00, 0x00, 0x00,
	0x00, 0x00, 0x00, 0x00, 0x00, 0x14, 0x00, 0x00, 0x00, 0x00, 0x00, 0x00, 0x00, 0x00, 0x00, 0x00,
	0x00, 0x00, 0x00, 0x00, 0x00, 0x00, 0x00, 0x00, 0x00, 0x00, 0x00, 0x00, 0x00, 0x14, 0x00, 0x00,
	0x00, 0x00, 0x00, 0x00, 0x00, 0x00, 0x00, 0x0E, 0x40, 0xA9, 0x00, 0x00, 0x00, 0x1E, 0xC0, 0x00,
	0x28, 0x05, 0x00, 0x28, 0x00, 0x00, 0x00, 0x00, 0x00, 0x00, 0x00, 0x00, 0x00, 0x00, 0x00, 0x38,
	0x00, 0x00, 0x00, 0x00, 0x00, 0x00, 0x00, 0x00, 0x00, 0x44, 0x33, 0x16, 0x20, 0x01, 0x00, 0x03,
	0x00, 0x14, 0x00, 0x10, 0xF0, 0x06, 0x00, 0x26, 0x00, 0x00, 0x80, 0x03, 0x80, 0x00, 0x00, 0x3C,
	0x1D, 0x00, 0x00, 0x29, 0x00, 0x2C, 0x31, 0x21, 0xA8, 0x01, 0x12, 0x7C, 0x80, 0x00, 0x00, 0x16,
	0x00, 0x00, 0x00, 0x03, 0x00, 0x14, 0x00, 0x00, 0xF5, 0x06, 0x00, 0x26, 0x00, 0x00, 0x00, 0x00,
	0x80, 0x00, 0x00, 0x14, 0x1E, 0x00, 0x00, 0x29, 0x07, 0x2C, 0x31, 0x21, 0xA8, 0x01, 0x00, 0x14,
	0x80, 0x20, 0x00, 0x16, 0x20, 0x01, 0x00, 0x03, 0x00, 0x14, 0x00, 0x10, 0xFA, 0x06, 0x00, 0x26,
	0x00, 0x00, 0x80, 0x00, 0x80, 0x00, 0x00, 0x28, 0x1E, 0x00, 0x00, 0x29, 0x0F, 0x2C, 0x31, 0x21,
	0xA8, 0x01, 0x12, 0x68, 0x80, 0x00, 0x00, 0x16, 0x00, 0x00, 0x00, 0x03, 0x00, 0x14, 0x00, 0x00,
	0xFF, 0x06, 0x00, 0x26, 0x00, 0x00, 0x00, 0x01, 0x80, 0x00, 0x00, 0x00, 0x1E, 0x00, 0x00, 0x29,
	0x16, 0x2C, 0x31, 0x21, 0xA8, 0x01, 0x00, 0x00, 0x80, 0x20, 0x00, 0x16, 0x20, 0x01, 0x00, 0x03,
	0x00, 0x14, 0x00, 0x10, 0x04, 0x07, 0x00, 0x26, 0x00, 0x00, 0x80, 0x01, 0x80, 0x00, 0x00, 0x3C,
	0x1E, 0x00, 0x00, 0x29, 0x1E, 0x2C, 0x31, 0x21, 0xA8, 0x01, 0x12, 0x7C, 0x80, 0x00, 0x00, 0x40,
	0x7E, 0x64, 0x00, 0x00, 0x00, 0x00, 0x00, 0x00, 0x00, 0x00, 0x00, 0xDC, 0x50, 0x3B, 0x81, 0x01,
	0x00, 0x00, 0x00, 0x00, 0x00, 0xC0, 0x0B, 0x2E, 0x50, 0xAF, 0x00, 0x00, 0x00, 0x1E, 0x80, 0x01,
	0x96, 0x00, 0x00, 0x00, 0x00, 0x00, 0x00, 0x00, 0x00, 0x00, 0x00, 0x00, 0x00, 0x00, 0x00, 0x00,
	0x00, 0x14, 0x00, 0x00, 0x00, 0x00, 0x00, 0x00, 0x00, 0x00, 0x00, 0x0E, 0x40, 0xA9, 0x00, 0x02,
	0x00, 0x1E, 0xC0, 0x00, 0x2F, 0x05, 0x00, 0x28, 0x00, 0x00, 0x00, 0x00, 0x00, 0x00, 0x00, 0x00,
	0x00, 0x00, 0x00, 0x38, 0x00, 0x00, 0x00, 0x00, 0x00, 0x00, 0x00, 0x00, 0x00, 0x44, 0x33, 0x16,
	0x00, 0x00, 0x00, 0x03, 0x00, 0x14, 0x00, 0x00, 0xF0, 0x06, 0x00, 0x26, 0x00, 0x00, 0x80, 0x03,
	0x80, 0x00, 0x00, 0x14, 0x1D, 0x00, 0x00, 0x29, 0x00, 0x2C, 0x31, 0x21, 0xA8, 0x01, 0x00, 0x14,
	0x80, 0x00, 0x00, 0x16, 0x20, 0x01, 0x00, 0x03, 0x00, 0x14, 0x00, 0x10, 0xF5, 0x06, 0x00, 0x26,
	0x00, 0x00, 0x00, 0x00, 0x80, 0x00, 0x00, 0x28, 0x1E, 0x00, 0x00, 0x29, 0x07, 0x2C, 0x31, 0x21,
	0xA8, 0x01, 0x12, 0x68, 0x80, 0x20, 0x00, 0x16, 0x00, 0x00, 0x00, 0x03, 0x00, 0x14, 0x00, 0x00,
	0xFA, 0x06, 0x00, 0x26, 0x00, 0x00, 0x80, 0x00, 0x80, 0x00, 0x00, 0x00, 0x1E, 0x00, 0x00, 0x29,
	0x0F, 0x2C, 0x31, 0x21, 0xA8, 0x01, 0x00, 0x00, 0x80, 0x00, 0x00, 0x16, 0x20, 0x01, 0x00, 0x03,
	0x00, 0x14, 0x00, 0x10, 0xFF, 0x06, 0x00, 0x26, 0x00, 0x00, 0x00, 0x01, 0x80, 0x00, 0x00, 0x3C,
	0x1E, 0x00, 0x00, 0x29, 0x16, 0x2C, 0x31, 0x21, 0xA8, 0x01, 0x12, 0x7C, 0x80, 0x20, 0x00, 0x16,
	0x00, 0x00, 0x00, 0x03, 0x00, 0x14, 0x00, 0x00, 0x04, 0x07, 0x00, 0x26, 0x00, 0x00, 0x80, 0x01,
	0x80, 0x00, 0x00, 0x14, 0x1E, 0x00, 0x00, 0x29, 0x1E, 0x2C, 0x31, 0x21, 0xA8, 0x01, 0x00, 0x14,
	0x80, 0x00, 0x00, 0x40, 0x7E, 0x64, 0x00, 0x00, 0x00, 0x00, 0x00, 0x00, 0x00, 0x00, 0x00, 0xDC,
	0x50, 0x3B, 0x81, 0x01, 0x00, 0x00, 0x00, 0x00, 0x00, 0xC0, 0x0B, 0x2E, 0x50, 0xAF, 0x00, 0x02,
	0x00, 0x1E, 0x80, 0x01, 0x9D, 0x00, 0x00, 0x00, 0x00, 0x00, 0x00, 0x00, 0x00, 0x00, 0x00, 0x00,
	0x00, 0x00, 0x00, 0x00, 0x00, 0x14, 0x00, 0x00, 0x00, 0x00, 0x00, 0x00, 0x00, 0x00, 0x00, 0x0E,
	0x40, 0xA9, 0x00, 0x00, 0x00, 0x1E, 0xC0, 0x00, 0x37, 0x05, 0x00, 0x28, 0x00, 0x00, 0x00, 0x00,
	0x00, 0x00, 0x00, 0x00, 0x00, 0x00, 0x00, 0x38, 0x00, 0x00, 0x00, 0x00, 0x00, 0x00, 0x00, 0x00,
	0x00, 0x44, 0x33, 0x16, 0x20, 0x01, 0x00, 0x03, 0x00, 0x14, 0x00, 0x10, 0xF0, 0x06, 0x00, 0x26,
	0x00, 0x00, 0x80, 0x03, 0x80, 0x00, 0x00, 0x28, 0x1D, 0x00, 0x00, 0x29, 0x00, 0x2C, 0x31, 0x21,
	0xA8, 0x01, 0x12, 0x68, 0x80, 0x00, 0x00, 0x16, 0x00, 0x00, 0x00, 0x03, 0x00, 0x14, 0x00, 0x00,
	0xF5, 0x06, 0x00, 0x26, 0x00, 0x00, 0x00, 0x00, 0x80, 0x00, 0x00, 0x00, 0x1E, 0x00, 0x00, 0x29,
	0x07, 0x2C, 0x31, 0x21, 0xA8, 0x01, 0x00, 0x00, 0x80, 0x20, 0x00, 0x16, 0x20, 0x01, 0x00, 0x03,
	0x00, 0x14, 0x00, 0x10, 0xFA, 0x06, 0x00, 0x26, 0x00, 0x00, 0x80, 0x00, 0x80, 0x00, 0x00, 0x3C,
	0x1E, 0x00, 0x00, 0x29, 0x0F, 0x2C, 0x31, 0x21, 0xA8, 0x01, 0x12, 0x7C, 0x80, 0x00, 0x00, 0x16,
	0x00, 0x00, 0x00, 0x03, 0x00, 0x14, 0x00, 0x00, 0xFF, 0x06, 0x00, 0x26, 0x00, 0x00, 0x00, 0x01,
	0x80, 0x00, 0x00, 0x14, 0x1E, 0x00, 0x00, 0x29, 0x16, 0x2C, 0x31, 0x21, 0xA8, 0x01, 0x00, 0x14,
	0x80, 0x20, 0x00, 0x16, 0x20, 0x01, 0x00, 0x03, 0x00, 0x14, 0x00, 0x10, 0x04, 0x07, 0x00, 0x26,
	0x00, 0x00, 0x80, 0x01, 0x80, 0x00, 0x00, 0x28, 0x1E, 0x00, 0x00, 0x29, 0x1E, 0x2C, 0x31, 0x21,
	0xA8, 0x01, 0x12, 0x68, 0x80, 0x00, 0x00, 0x40, 0x7E, 0x64, 0x00, 0x00, 0x00, 0x00, 0x00, 0x00,
	0x00, 0x00, 0x00, 0xDC, 0x50, 0x3B, 0x81, 0x01, 0x00, 0x00, 0x00, 0x00, 0x00, 0xC0, 0x0B, 0x2E,
	0x50, 0xAF, 0x00, 0x00, 0x00, 0x1E, 0x80, 0x01, 0xA5, 0x00, 0x00, 0x00, 0x00, 0x00, 0x00, 0x00,
	0x00, 0x00, 0x00, 0x00, 0x00, 0x00, 0x00, 0x00, 0x00, 0x14, 0x00, 0x00, 0x00, 0x00, 0x00, 0x00,
	0x00, 0x00, 0x00, 0x0E, 0x40, 0xA9, 0x00, 0x02, 0x00, 0x1E, 0xC0, 0x00, 0x3E, 0x05, 0x00, 0x28,
	0x00, 0x00, 0x00, 0x00, 0x00, 0x00, 0x00, 0x00, 0x00, 0x00, 0x00, 0x38, 0x00, 0x00, 0x00, 0x00,
	0x00, 0x00, 0x00, 0x00, 0x00, 0x44, 0x33, 0x16, 0x00, 0x00, 0x00, 0x03, 0x00, 0x14, 0x00, 0x00,
	0xF0, 0x06, 0x00, 0x26, 0x00, 0x00, 0x80, 0x03, 0x80, 0x00, 0x00, 0x00, 0x1D, 0x00, 0x00, 0x29,
	0x00, 0x2C, 0x31, 0x21, 0xA8, 0x01, 0x00, 0x00, 0x80, 0x00, 0x00, 0x16, 0x20, 0x01, 0x00, 0x03,
	0x00, 0x14, 0x00, 0x10, 0xF5, 0x06, 0x00, 0x26, 0x00, 0x00, 0x00, 0x00, 0x80, 0x00, 0x00, 0x3C,
	0x1E, 0x00, 0x00, 0x29, 0x07, 0x2C, 0x31, 0x21, 0xA8, 0x01, 0x12, 0x7C, 0x80, 0x20, 0x00, 0x16,
	0x00, 0x00, 0x00, 0x03, 0x00, 0x14, 0x00, 0x00, 0xFA, 0x06, 0x00, 0x26, 0x00, 0x00, 0x80, 0x00,
	0x80, 0x00, 0x00, 0x14, 0x1E, 0x00, 0x00, 0x29, 0x0F, 0x2C, 0x31, 0x21, 0xA8, 0x01, 0x00, 0x14,
	0x80, 0x00, 0x00, 0x16, 0x20, 0x01, 0x00, 0x03, 0x00, 0x14, 0x00, 0x10, 0xFF, 0x06, 0x00, 0x26,
	0x00, 0x00, 0x00, 0x01, 0x80, 0x00, 0x00, 0x28, 0x1E, 0x00, 0x00, 0x29, 0x16, 0x2C, 0x31, 0x21,
	0xA8, 0x01, 0x12, 0x68, 0x80, 0x20, 0x00, 0x16, 0x00, 0x00, 0x00, 0x03, 0x00, 0x14, 0x00, 0x00,
	0x04, 0x07, 0x00, 0x26, 0x00, 0x00, 0x80, 0x01, 0x80, 0x00, 0x00, 0x00, 0x1E, 0x00, 0x00, 0x29,
	0x1E, 0x2C, 0x31, 0x21, 0xA8, 0x01, 0x00, 0x00, 0x80, 0x00, 0x00, 0x40, 0x7E, 0x64, 0x00, 0x00,
	0x00, 0x00, 0x00, 0x00, 0x00, 0x00, 0x00, 0xDC, 0x50, 0x3B, 0x81, 0x01, 0x00, 0x00, 0x00, 0x00,
	0x00, 0xC0, 0x0B, 0x2E, 0x50, 0xAF, 0x00, 0x02, 0x00, 0x1E, 0x80, 0x01, 0xAC, 0x00, 0x00, 0x00,
	0x00, 0x00, 0x00, 0x00, 0x00, 0x00, 0x00, 0x00, 0x00, 0x00, 0x00, 0x00, 0x00, 0x14, 0x00, 0x00,
	0x00, 0x00, 0x00, 0x00, 0x00, 0x00, 0x00, 0x00, 0x00, 0x00, 0x00, 0x00, 0x00, 0x00, 0x00, 0x00,
	0x00, 0x00, 0x00, 0x00, 0x00, 0x14, 0x00, 0x00, 0x00, 0x00, 0x00, 0x00, 0x00, 0x00, 0x00, 0x0E,
	0x00, 0x74, 0x00, 0x00, 0x00, 0x1E, 0x00, 0x00, 0x00, 0x00, 0x00, 0x0D, 0x80, 0xE3, 0x00, 0x00,
	0x00, 0x00, 0x00, 0x00, 0x00, 0x08, 0x00, 0x0E, 0x00, 0x74, 0x00, 0x00, 0x00, 0x1E, 0x00, 0x00,
	0x96, 0x00, 0x00, 0x0D, 0xC0, 0xE1, 0x00, 0x00, 0x00, 0x00, 0x00, 0x00, 0x00, 0x0C, 0x00, 0x28,
	0x00, 0x00, 0x00, 0x00, 0x00, 0x00, 0x00, 0x00, 0x00, 0x00, 0x00, 0x38, 0x00, 0x00, 0x00, 0x00,
	0x00, 0x00, 0x00, 0x00, 0x00, 0x84, 0x33, 0x16, 0x20, 0x01, 0x00, 0x03, 0x00, 0x0A, 0x00, 0x10,
	0x09, 0x07, 0x00, 0x26, 0x00, 0x00, 0x00, 0x02, 0x80, 0x00, 0x00, 0x3C, 0x1E, 0x00, 0x00, 0x29,
	0x00, 0xC8, 0xE4, 0x20, 0x70, 0x02, 0x12, 0x7C, 0x80, 0x00, 0x00, 0x16, 0x00, 0x00, 0x00, 0x01,
	0x00, 0x0A, 0x00, 0x00, 0x0C, 0x07, 0x00, 0x26, 0x00, 0x00, 0x80, 0x02, 0x80, 0x00, 0x00, 0x14,
	0x1E, 0x00, 0x00, 0x29, 0x0A, 0xC8, 0xE4, 0x20, 0x70, 0x02, 0x00, 0x14, 0x80, 0x00, 0x00, 0x16,
	0x20, 0x01, 0x00, 0x03, 0x00, 0x0A, 0x00, 0x10, 0x0E, 0x07, 0x00, 0x26, 0x00, 0x00, 0x00, 0x03,
	0x80, 0x00, 0x00, 0x28, 0x1E, 0x00, 0x00, 0x29, 0x14, 0xC8, 0xE4, 0x20, 0x70, 0x02, 0x12, 0x68,
	0x80, 0x00, 0x00, 0x16, 0x00, 0x00, 0x00, 0x01, 0x00, 0x0A, 0x00, 0x00, 0x11, 0x07, 0x00, 0x26,
	0x00, 0x00, 0x80, 0x03, 0x80, 0x00, 0x00, 0x00, 0x1E, 0x00, 0x00, 0x29, 0x1E, 0xC8, 0xE4, 0x20,
	0x70, 0x02, 0x00, 0x00, 0x80, 0x00, 0x00, 0x16, 0x20, 0x01, 0x00, 0x03, 0x00, 0x0A, 0x00, 0x10,
	0x13, 0x07, 0x00, 0x26, 0x00, 0x00, 0x00, 0x00, 0x80, 0x00, 0x00, 0x3C, 0x1F, 0x00, 0x00, 0x29,
	0x28, 0xC8, 0xE4, 0x20, 0x70, 0x02, 0x12, 0x7C, 0x80, 0x00, 0x00, 0x16, 0x00, 0x00, 0x00, 0x01,
	0x00, 0x0A, 0x00, 0x00, 0x16, 0x07, 0x00, 0x26, 0x00, 0x00, 0x80, 0x00, 0x80, 0x00, 0x00, 0x14,
	0x1F, 0x00, 0x00, 0x29, 0x32, 0xC8, 0xE4, 0x20, 0x70, 0x02, 0x00, 0x14, 0x80, 0x00, 0x00, 0x16,
	0x20, 0x01, 0x00, 0x03, 0x00, 0x0A, 0x00, 0x10, 0x18, 0x07, 0x00, 0x26, 0x00, 0x00, 0x00, 0x01,
	0x80, 0x00, 0x00, 0x28, 0x1F, 0x00, 0x00, 0x29, 0x3C, 0xC8, 0xE4, 0x20, 0x70, 0x02, 0x12, 0x68,
	0x80, 0x00, 0x00, 0x16, 0x00, 0x00, 0x00, 0x01, 0x00, 0x0A, 0x00, 0x00, 0x1B, 0x07, 0x00, 0x26,
	0x00, 0x00, 0x80, 0x01, 0x80, 0x00, 0x00, 0x00, 0x1F, 0x00, 0x00, 0x29, 0x46, 0xC8, 0xE4, 0x20,
	0x70, 0x02, 0x00, 0x00, 0x80, 0x00, 0x00, 0x16, 0x20, 0x01, 0x00, 0x03, 0x00, 0x0A, 0x00, 0x10,
	0x1D, 0x07, 0x00, 0x26, 0x00, 0x00, 0x00, 0x02, 0x80, 0x00, 0x00, 0x3C, 0x1F, 0x00, 0x00, 0x29,
	0x50, 0xC8, 0xE4, 0x20, 0x70, 0x02, 0x12, 0x7C, 0x80, 0x00, 0x00, 0x16, 0x00, 0x00, 0x00, 0x01,
	0x00, 0x0A, 0x00, 0x00, 0x20, 0x07, 0x00, 0x26, 0x00, 0x00, 0x80, 0x02, 0x80, 0x00, 0x00, 0x14,
	0x1F, 0x00, 0x00, 0x29, 0x5A, 0xC8, 0xE4, 0x20, 0x70, 0x02, 0x00, 0x14, 0x80, 0x00, 0x00, 0x28,
	0x00, 0x00, 0x00, 0x00, 0x00, 0x00, 0x00, 0x00, 0x00, 0x00, 0x00, 0x38, 0x00, 0x00, 0x00, 0x00,
	0x00, 0x00, 0x00, 0x00, 0x00, 0x84, 0x33, 0x16, 0x20, 0x01, 0x00, 0x03, 0x00, 0x0A, 0x00, 0x10,
	0x22, 0x07, 0x00, 0x26, 0x00, 0x00, 0x00, 0x03, 0x80, 0x00, 0x00, 0x28, 0x1F, 0x00, 0x00, 0x29,
	0xCE, 0xC8, 0xCC, 0x20, 0x00, 0x00, 0x12, 0x68, 0x80, 0x00, 0x00, 0x16, 0x00, 0x00, 0x00, 0x01,
	0x00, 0x0A, 0x00, 0x00, 0x25, 0x07, 0x00, 0x26, 0x00, 0x00, 0x80, 0x03, 0x80, 0x00, 0x00, 0x00,
	0x1F, 0x00, 0x00, 0x29, 0xD8, 0xC8, 0xCC, 0x20, 0x00, 0x00, 0x00, 0x00, 0x80, 0x00, 0x00, 0x16,
	0x20, 0x01, 0x00, 0x03, 0x00, 0x0A, 0x00, 0x10, 0x27, 0x07, 0x00, 0x26, 0x00, 0x00, 0x00, 0x00,
	0x80, 0x00, 0x00, 0x3C, 0x20, 0x00, 0x00, 0x29, 0xE2, 0xC8, 0xCC, 0x20, 0x00, 0x00, 0x12, 0x7C,
	0x80, 0x00, 0x00, 0x16, 0x00, 0x00, 0x00, 0x01, 0x00, 0x0A, 0x00, 0x00, 0x2A, 0x07, 0x00, 0x26,
	0x00, 0x00, 0x80, 0x00, 0x80, 0x00, 0x00, 0x14, 0x20, 0x00, 0x00, 0x29, 0xEC, 0xC8, 0xCC, 0x20,
	0x00, 0x00, 0x00, 0x14, 0x80, 0x00, 0x00, 0x16, 0x20, 0x01, 0x00, 0x03, 0x00, 0x0A, 0x00, 0x10,
	0x2C, 0x07, 0x00, 0x26, 0x00, 0x00, 0x00, 0x01, 0x80, 0x00, 0x00, 0x28, 0x20, 0x00, 0x00, 0x29,
	0xF6, 0xC8, 0xCC, 0x20, 0x00, 0x00, 0x12, 0x68, 0x80, 0x00, 0x00, 0x2E, 0xC0, 0x75, 0x00, 0x00,
	0x00, 0x1E, 0x80, 0x01, 0x2C, 0x01, 0x00, 0x00, 0x00, 0x00, 0x00, 0x00, 0x00, 0x00, 0x00, 0x00,
	0x00, 0x00, 0x00, 0x00, 0x00, 0x14, 0x00, 0x00, 0x00, 0x00, 0x00, 0x00, 0x00, 0x00, 0x00, 0x0E,
	0x00, 0x74, 0x00, 0x00, 0x00, 0x1E, 0x00, 0x00, 0x0A, 0x00, 0x00, 0x0D, 0x80, 0xE3, 0x00, 0x00,
	0x00, 0x00, 0x00, 0x00, 0x00, 0x08, 0x00, 0x0E, 0x00, 0x74, 0x00, 0x00, 0x00, 0x1E, 0x00, 0x00,
	0xA0, 0x00, 0x00, 0x0D, 0xC0, 0xE1, 0x00, 0x00, 0x00, 0x00, 0x00, 0x00, 0x00, 0x0C, 0x00, 0x28,
	0x00, 0x00, 0x00, 0x00, 0x00, 0x00, 0x00, 0x00, 0x00, 0x00, 0x00, 0x38, 0x00, 0x00, 0x00, 0x00,
	0x00, 0x00, 0x00, 0x00, 0x00, 0x84, 0x33, 0x16, 0x00, 0x00, 0x00, 0x03, 0x00, 0x0A, 0x00, 0x00,
	0x09, 0x07, 0x00, 0x26, 0x00, 0x00, 0x00, 0x02, 0x80, 0x00, 0x00, 0x00, 0x1E, 0x00, 0x00, 0x29,
	0x00, 0xC8, 0xE4, 0x20, 0x70, 0x02, 0x00, 0x00, 0x80, 0x00, 0x00, 0x16, 0x20, 0x01, 0x00, 0x01,
	0x00, 0x0A, 0x00, 0x10, 0x0C, 0x07, 0x00, 0x26, 0x00, 0x00, 0x80, 0x02, 0x80, 0x00, 0x00, 0x3C,
	0x1E, 0x00, 0x00, 0x29, 0x0A, 0xC8, 0xE4, 0x20, 0x70, 0x02, 0x12, 0x7C, 0x80, 0x00, 0x00, 0x16,
	0x00, 0x00, 0x00, 0x03, 0x00, 0x0A, 0x00, 0x00, 0x0E, 0x07, 0x00, 0x26, 0x00, 0x00, 0x00, 0x03,
	0x80, 0x00, 0x00, 0x14, 0x1E, 0x00, 0x00, 0x29, 0x14, 0xC8, 0xE4, 0x20, 0x70, 0x02, 0x00, 0x14,
	0x80, 0x00, 0x00, 0x16, 0x20, 0x01, 0x00, 0x01, 0x00, 0x0A, 0x00, 0x10, 0x11, 0x07, 0x00, 0x26,
	0x00, 0x00, 0x80, 0x03, 0x80, 0x00, 0x00, 0x28, 0x1E, 0x00, 0x00, 0x29, 0x1E, 0xC8, 0xE4, 0x20,
	0x70, 0x02, 0x12, 0x68, 0x80, 0x00, 0x00, 0x16, 0x00, 0x00, 0x00, 0x03, 0x00, 0x0A, 0x00, 0x00,
	0x13, 0x07, 0x00, 0x26, 0x00, 0x00, 0x00, 0x00, 0x80, 0x00, 0x00, 0x00, 0x1F, 0x00, 0x00, 0x29,
	0x28, 0xC8, 0xE4, 0x20, 0x70, 0x02, 0x00, 0x00, 0x80, 0x00, 0x00, 0x16, 0x20, 0x01, 0x00, 0x01,
	0x00, 0x0A, 0x00, 0x10, 0x16, 0x07, 0x00, 0x26, 0x00, 0x00, 0x80, 0x00, 0x80, 0x00, 0x00, 0x3C,
	0x1F, 0x00, 0x00, 0x29, 0x32, 0xC8, 0xE4, 0x20, 0x70, 0x02, 0x12, 0x7C, 0x80, 0x00, 0x00, 0x16,
	0x00, 0x00, 0x00, 0x03, 0x00, 0x0A, 0x00, 0x00, 0x18, 0x07, 0x00, 0x26, 0x00, 0x00, 0x00, 0x01,
	0x80, 0x00, 0x00, 0x14, 0x1F, 0x00, 0x00, 0x29, 0x3C, 0xC8, 0xE4, 0x20, 0x70, 0x02, 0x00, 0x14,
	0x80, 0x00, 0x00, 0x16, 0x20, 0x01, 0x00, 0x01, 0x00, 0x0A, 0x00, 0x10, 0x1B, 0x07, 0x00, 0x26,
	0x00, 0x00, 0x80, 0x01, 0x80, 0x00, 0x00, 0x28, 0x1F, 0x00, 0x00, 0x29, 0x46, 0xC8, 0xE4, 0x20,
	0x70, 0x02, 0x12, 0x68, 0x80, 0x00, 0x00, 0x16, 0x00, 0x00, 0x00, 0x03, 0x00, 0x0A, 0x00, 0x00,
	0x1D, 0x07, 0x00, 0x26, 0x00, 0x00, 0x00, 0x02, 0x80, 0x00, 0x00, 0x00, 0x1F, 0x00, 0x00, 0x29,
	0x50, 0xC8, 0xE4, 0x20, 0x70, 0x02, 0x00, 0x00, 0x80, 0x00, 0x00, 0x16, 0x20, 0x01, 0x00, 0x01,
	0x00, 0x0A, 0x00, 0x10, 0x20, 0x07, 0x00, 0x26, 0x00, 0x00, 0x80, 0x02, 0x80, 0x00, 0x00, 0x3C,
	0x1F, 0x00, 0x00, 0x29, 0x5A, 0xC8, 0xE4, 0x20, 0x70, 0x02, 0x12, 0x7C, 0x80, 0x00, 0x00, 0x28,
	0x00, 0x00, 0x00, 0x00, 0x00, 0x00, 0x00, 0x00, 0x00, 0x00, 0x00, 0x38, 0x00, 0x00, 0x00, 0x00,
	0x00, 0x00, 0x00, 0x00, 0x00, 0x84, 0x33, 0x16, 0x00, 0x00, 0x00, 0x03, 0x00, 0x0A, 0x00, 0x00,
	0x22, 0x07, 0x00, 0x26, 0x00, 0x00, 0x00, 0x03, 0x80, 0x00, 0x00, 0x14, 0x1F, 0x00, 0x00, 0x29,
	0xCE, 0xC8, 0xCC, 0x20, 0x00, 0x00, 0x00, 0x14, 0x80, 0x00, 0x00, 0x16, 0x20, 0x01, 0x00, 0x01,
	0x00, 0x0A, 0x00, 0x10, 0x25, 0x07, 0x00, 0x26, 0x00, 0x00, 0x80, 0x03, 0x80, 0x00, 0x00, 0x28,
	0x1F, 0x00, 0x00, 0x29, 0xD8, 0xC8, 0xCC, 0x20, 0x00, 0x00, 0x12, 0x68, 0x80, 0x00, 0x00, 0x16,
	0x00, 0x00, 0x00, 0x03, 0x00, 0x0A, 0x00, 0x00, 0x27, 0x07, 0x00, 0x26, 0x00, 0x00, 0x00, 0x00,
	0x80, 0x00, 0x00, 0x00, 0x20, 0x00, 0x00, 0x29, 0xE2, 0xC8, 0xCC, 0x20, 0x00, 0x00, 0x00, 0x00,
	0x80, 0x00, 0x00, 0x16, 0x20, 0x01, 0x00, 0x01, 0x00, 0x0A, 0x00, 0x10, 0x2A, 0x07, 0x00, 0x26,
	0x00, 0x00, 0x80, 0x00, 0x80, 0x00, 0x00, 0x3C, 0x20, 0x00, 0x00, 0x29, 0xEC, 0xC8, 0xCC, 0x20,
	0x00, 0x00, 0x12, 0x7C, 0x80, 0x00, 0x00, 0x16, 0x00, 0x00, 0x00, 0x03, 0x00, 0x0A, 0x00, 0x00,
	0x2C, 0x07, 0x00, 0x26, 0x00, 0x00, 0x00, 0x01, 0x80, 0x00, 0x00, 0x14, 0x20, 0x00, 0x00, 0x29,
	0xF6, 0xC8, 0xCC, 0x20, 0x00, 0x00, 0x00, 0x14, 0x80, 0x00, 0x00, 0x2E, 0xC0, 0x75, 0x00, 0x00,
	0x00, 0x1E, 0x80, 0x01, 0x36, 0x01, 0x00, 0x00, 0x00, 0x00, 0x00, 0x00, 0x00, 0x00, 0x00, 0x00,
	0x00, 0x00, 0x00, 0x00, 0x00, 0x14, 0x00, 0x00, 0x00, 0x00, 0x00, 0x00, 0x00, 0x00, 0x00, 0x0E,
	0x00, 0x74, 0x00, 0x00, 0x00, 0x1E, 0x00, 0x00, 0x14, 0x00, 0x00, 0x0D, 0x80, 0xE3, 0x00, 0x00,
	0x00, 0x00, 0x00, 0x00, 0x00, 0x08, 0x00, 0x0E, 0x00, 0x74, 0x00, 0x00, 0x00, 0x1E, 0x00, 0x00,
	0xAA, 0x00, 0x00, 0x0D, 0xC0, 0xE1, 0x00, 0x00, 0x00, 0x00, 0x00, 0x00, 0x00, 0x0C, 0x00, 0x28,
	0x00, 0x00, 0x00, 0x00, 0x00, 0x00, 0x00, 0x00, 0x00, 0x00, 0x00, 0x38, 0x00, 0x00, 0x00, 0x00,
	0x00, 0x00, 0x00, 0x00, 0x00, 0x84, 0x33, 0x16, 0x20, 0x01, 0x00, 0x03, 0x00, 0x0A, 0x00, 0x10,
	0x09, 0x07, 0x00, 0x26, 0x00, 0x00, 0x00, 0x02, 0x80, 0x00, 0x00, 0x28, 0x1E, 0x00, 0x00, 0x29,
	0x00, 0xC8, 0xE4, 0x20, 0x70, 0x02, 0x12, 0x68, 0x80, 0x00, 0x00, 0x16, 0x00, 0x00, 0x00, 0x01,
	0x00, 0x0A, 0x00, 0x00, 0x0C, 0x07, 0x00, 0x26, 0x00, 0x00, 0x80, 0x02, 0x80, 0x00, 0x00, 0x00,
	0x1E, 0x00, 0x00, 0x29, 0x0A, 0xC8, 0xE4, 0x20, 0x70, 0x02, 0x00, 0x00, 0x80, 0x00, 0x00, 0x16,
	0x20, 0x01, 0x00, 0x03, 0x00, 0x0A, 0x00, 0x10, 0x0E, 0x07, 0x00, 0x26, 0x00, 0x00, 0x00, 0x03,
	0x80, 0x00, 0x00, 0x3C, 0x1E, 0x00, 0x00, 0x29, 0x14, 0xC8, 0xE4, 0x20, 0x70, 0x02, 0x12, 0x7C,
	0x80, 0x00, 0x00, 0x16, 0x00, 0x00, 0x00, 0x01, 0x00, 0x0A, 0x00, 0x00, 0x11, 0x07, 0x00, 0x26,
	0x00, 0x00, 0x80, 0x03, 0x80, 0x00, 0x00, 0x14, 0x1E, 0x00, 0x00, 0x29, 0x1E, 0xC8, 0xE4, 0x20,
	0x70, 0x02, 0x00, 0x14, 0x80, 0x00, 0x00, 0x16, 0x20, 0x01, 0x00, 0x03, 0x00, 0x0A, 0x00, 0x10,
	0x13, 0x07, 0x00, 0x26, 0x00, 0x00, 0x00, 0x00, 0x80, 0x00, 0x00, 0x28, 0x1F, 0x00, 0x00, 0x29,
	0x28, 0xC8, 0xE4, 0x20, 0x70, 0x02, 0x12, 0x68, 0x80, 0x00, 0x00, 0x16, 0x00, 0x00, 0x00, 0x01,
	0x00, 0x0A, 0x00, 0x00, 0x16, 0x07, 0x00, 0x26, 0x00, 0x00, 0x80, 0x00, 0x80, 0x00, 0x00, 0x00,
	0x1F, 0x00, 0x00, 0x29, 0x32, 0xC8, 0xE4, 0x20, 0x70, 0x02, 0x00, 0x00, 0x80, 0x00, 0x00, 0x16,
	0x20, 0x01, 0x00, 0x03, 0x00, 0x0A, 0x00, 0x10, 0x18, 0x07, 0x00, 0x26, 0x00, 0x00, 0x00, 0x01,
	0x80, 0x00, 0x00, 0x3C, 0x1F, 0x00, 0x00, 0x29, 0x3C, 0xC8, 0xE4, 0x20, 0x70, 0x02, 0x12, 0x7C,
	0x80, 0x00, 0x00, 0x16, 0x00, 0x00, 0x00, 0x01, 0x00, 0x0A, 0x00, 0x00, 0x1B, 0x07, 0x00, 0x26,
	0x00, 0x00, 0x80, 0x01, 0x80, 0x00, 0x00, 0x14, 0x1F, 0x00, 0x00, 0x29, 0x46, 0xC8, 0xE4, 0x20,
	0x70, 0x02, 0x00, 0x14, 0x80, 0x00, 0x00, 0x06, 0x00, 0x02, 0x00, 0x00, 0x00, 0x08, 0x00, 0x00,
	0x68, 0x01, 0x00, 0x08, 0x00, 0x00, 0x00, 0x00, 0x00, 0x00, 0x00, 0x00, 0x00, 0x00, 0x00, 0x18,
	0x00, 0x02, 0x00, 0x00, 0x00, 0x00, 0x00, 0x00, 0x00, 0x00, 0x00, 0x16, 0x20, 0x01, 0x00, 0x03,
	0x00, 0x0A, 0x00, 0x10, 0x1D, 0x07, 0x00, 0x26, 0x00, 0x00, 0x00, 0x02, 0x80, 0x00, 0x00, 0x28,
	0x1F, 0x00, 0x00, 0x29, 0x50, 0xC8, 0xE4, 0x20, 0x70, 0x02, 0x12, 0x68, 0x80, 0x00, 0x00, 0x16,
	0x00, 0x00, 0x00, 0x01, 0x00, 0x0A, 0x00, 0x00, 0x20, 0x07, 0x00, 0x26, 0x00, 0x00, 0x80, 0x02,
	0x80, 0x00, 0x00, 0x00, 0x1F, 0x00, 0x00, 0x29, 0x5A, 0xC8, 0xE4, 0x20, 0x70, 0x02, 0x00, 0x00,
	0x80, 0x00, 0x00, 0x28, 0x00, 0x00, 0x00, 0x00, 0x00, 0x00, 0x00, 0x00, 0x00, 0x00, 0x00, 0x38,
	0x00, 0x00, 0x00, 0x00, 0x00, 0x00, 0x00, 0x00, 0x00, 0x84, 0x33, 0x16, 0x20, 0x01, 0x00, 0x03,
	0x00, 0x0A, 0x00, 0x10, 0x22, 0x07, 0x00, 0x26, 0x00, 0x00, 0x00, 0x03, 0x80, 0x00, 0x00, 0x3C,
	0x1F, 0x00, 0x00, 0x29, 0xCE, 0xC8, 0xCC, 0x20, 0x00, 0x00, 0x12, 0x7C, 0x80, 0x00, 0x00, 0x16,
	0x00, 0x00, 0x00, 0x01, 0x00, 0x0A, 0x00, 0x00, 0x25, 0x07, 0x00, 0x26, 0x00, 0x00, 0x80, 0x03,
	0x80, 0x00, 0x00, 0x14, 0x1F, 0x00, 0x00, 0x29, 0xD8, 0xC8, 0xCC, 0x20, 0x00, 0x00, 0x00, 0x14,
	0x80, 0x00, 0x00, 0x16, 0x20, 0x01, 0x00, 0x03, 0x00, 0x0A, 0x00, 0x10, 0x27, 0x07, 0x00, 0x26,
	0x00, 0x00, 0x00, 0x00, 0x80, 0x00, 0x00, 0x28, 0x20, 0x00, 0x00, 0x29, 0xE2, 0xC8, 0xCC, 0x20,
	0x00, 0x00, 0x12, 0x68, 0x80, 0x00, 0x00, 0x16, 0x00, 0x00, 0x00, 0x01, 0x00, 0x0A, 0x00, 0x00,
	0x2A, 0x07, 0x00, 0x26, 0x00, 0x00, 0x80, 0x00, 0x80, 0x00, 0x00, 0x00, 0x20, 0x00, 0x00, 0x29,
	0xEC, 0xC8, 0xCC, 0x20, 0x00, 0x00, 0x00, 0x00, 0x80, 0x00, 0x00, 0x16, 0x20, 0x01, 0x00, 0x03,
	0x00, 0x0A, 0x00, 0x10, 0x2C, 0x07, 0x00, 0x26, 0x00, 0x00, 0x00, 0x01, 0x80, 0x00, 0x00, 0x3C,
	0x20, 0x00, 0x00, 0x29, 0xF6, 0xC8, 0xCC, 0x20, 0x00, 0x00, 0x12, 0x7C, 0x80, 0x00, 0x00, 0x2E,
	0xC0, 0x75, 0x00, 0x00, 0x00, 0x1E, 0x80, 0x01, 0x40, 0x01, 0x00, 0x00, 0x00, 0x00, 0x00, 0x00,
	0x00, 0x00, 0x00, 0x00, 0x00, 0x00, 0x00, 0x00, 0x00, 0x14, 0x00, 0x00, 0x00, 0x00, 0x00, 0x00,
	0x00, 0x00, 0x00, 0x00, 0x00, 0x00, 0x00, 0x00, 0x00, 0x00, 0x00, 0x00, 0x00, 0x00, 0x00, 0x00,
	0x00, 0x14, 0x00, 0x00, 0x00, 0x00, 0x00, 0x00, 0x00, 0x00, 0x00, 0x0E, 0x00, 0xAC, 0x00, 0x00,
	0x00, 0x1E, 0x00, 0x00, 0x2C, 0x01, 0x00, 0x35, 0x40, 0xB1, 0x00, 0x00, 0x00, 0x20, 0x00, 0x00,
	0x00, 0x06, 0x00, 0x35, 0x41, 0xB1, 0x00, 0x00, 0x00, 0x20, 0x00, 0x00, 0x00, 0x06, 0x00, 0x35,
	0x90, 0xB1, 0x00, 0x00, 0x00, 0x20, 0x00, 0x00, 0x00, 0x06, 0x00, 0x35, 0x91, 0xB1, 0x00, 0x00,
	0x00, 0x20, 0x00, 0x00, 0x00, 0x06, 0x00, 0x35, 0xE0, 0xB1, 0x00, 0x00, 0xA0, 0x20, 0x00, 0x00,
	0x00, 0x06, 0x00, 0x35, 0xE1, 0xB1, 0x00, 0x00, 0xA0, 0x20, 0x00, 0x00, 0x00, 0x06, 0x00, 0x35,
	0x30, 0xB2, 0x00, 0x00, 0xA0, 0x20, 0x00, 0x00, 0x00, 0x06, 0x00, 0x35, 0x31, 0xB2, 0x00, 0x00,
	0xA0, 0x20, 0x00, 0x00, 0x00, 0x06, 0x00, 0x35, 0x80, 0xB2, 0x00, 0x00, 0x40, 0x21, 0x00, 0x00,
	0x00, 0x06, 0x00, 0x35, 0x81, 0xB2, 0x00, 0x00, 0x40, 0x21, 0x00, 0x00, 0x00, 0x06, 0x00, 0x35,
	0xD0, 0xB2, 0x00, 0x00, 0x40, 0x21, 0x00, 0x00, 0x00, 0x06, 0x00, 0x35, 0xD1, 0xB2, 0x00, 0x00,
	0x40, 0x21, 0x00, 0x00, 0x00, 0x06, 0x00, 0x35, 0x20, 0xB3, 0x00, 0x00, 0xE0, 0x21, 0x00, 0x00,
	0x00, 0x06, 0x00, 0x35, 0x21, 0xB3, 0x00, 0x00, 0xE0, 0x21, 0x00, 0x00, 0x00, 0x06, 0x00, 0x35,
	0x70, 0xB3, 0x00, 0x00, 0xE0, 0x21, 0x00, 0x00, 0x00, 0x06, 0x00, 0x35, 0x71, 0xB3, 0x00, 0x00,
	0xE0, 0x21, 0x00, 0x00, 0x00, 0x06, 0x00, 0x35, 0xC0, 0xB3, 0x00, 0x00, 0x80, 0x22, 0x00, 0x00,
	0x00, 0x06, 0x00, 0x35, 0xC1, 0xB3, 0x00, 0x00, 0x80, 0x22, 0x00, 0x00, 0x00, 0x06, 0x00, 0x35,
	0x10, 0xB0, 0x00, 0x00, 0x80, 0x22, 0x00, 0x00, 0x00, 0x08, 0x00, 0x35, 0x11, 0xB0, 0x00, 0x00,
	0x80, 0x22, 0x00, 0x00, 0x00, 0x08, 0x00, 0x35, 0x60, 0xB0, 0x00, 0x00, 0x20, 0x23, 0x00, 0x00,
	0x00, 0x08, 0x00, 0x35, 0x61, 0xB0, 0x00, 0x00, 0x20, 0x23, 0x00, 0x00, 0x00, 0x08, 0x00, 0x35,
	0xB0, 0xB0, 0x00, 0x00, 0x20, 0x23, 0x00, 0x00, 0x00, 0x08, 0x00, 0x35, 0xB1, 0xB0, 0x00, 0x00,
	0x20, 0x23, 0x00, 0x00, 0x00, 0x08, 0x00, 0x35, 0x00, 0xB1, 0x00, 0x00, 0xC0, 0x23, 0x00, 0x00,
	0x00, 0x08, 0x00, 0x35, 0x01, 0xB1, 0x00, 0x00, 0xC0, 0x23, 0x00, 0x00, 0x00, 0x08, 0x00, 0x35,
	0x50, 0xB1, 0x00, 0x00, 0xC0, 0x23, 0x00, 0x00, 0x00, 0x08, 0x00, 0x35, 0x51, 0xB1, 0x00, 0x00,
	0xC0, 0x23, 0x00, 0x00, 0x00, 0x08, 0x00, 0x35, 0xA0, 0xB1, 0x00, 0x00, 0x60, 0x24, 0x00, 0x00,
	0x00, 0x08, 0x00, 0x35, 0xA1, 0xB1, 0x00, 0x00, 0x60, 0x24, 0x00, 0x00, 0x00, 0x08, 0x00, 0x35,
	0xF0, 0xB1, 0x00, 0x00, 0x60, 0x24, 0x00, 0x00, 0x00, 0x08, 0x00, 0x35, 0xF1, 0xB1, 0x00, 0x00,
	0x60, 0x24, 0x00, 0x00, 0x00, 0x08, 0x00, 0x35, 0x40, 0xB2, 0x00, 0x00, 0x00, 0x25, 0x00, 0x00,
	0x00, 0x08, 0x00, 0x35, 0x41, 0xB2, 0x00, 0x00, 0x00, 0x25, 0x00, 0x00, 0x00, 0x08, 0x00, 0x35,
	0x90, 0xB2, 0x00, 0x00, 0x00, 0x25, 0x00, 0x00, 0x00, 0x08, 0x00, 0x35, 0x91, 0xB2, 0x00, 0x00,
	0x00, 0x25, 0x00, 0x00, 0x00, 0x08, 0x00, 0x35, 0xE0, 0xB2, 0x00, 0x00, 0xA0, 0x25, 0x00, 0x00,
	0x00, 0x08, 0x00, 0x35, 0xE1, 0xB2, 0x00, 0x00, 0xA0, 0x25, 0x00, 0x00, 0x00, 0x08, 0x00, 0x35,
	0x30, 0xB3, 0x00, 0x00, 0xA0, 0x25, 0x00, 0x00, 0x00, 0x08, 0x00, 0x35, 0x31, 0xB3, 0x00, 0x00,
	0xA0, 0x25, 0x00, 0x00, 0x00, 0x08, 0x00, 0x35, 0x80, 0xB3, 0x00, 0x00, 0x40, 0x26, 0x00, 0x00,
	0x00, 0x08, 0x00, 0x35, 0x81, 0xB3, 0x00, 0x00, 0x40, 0x26, 0x00, 0x00, 0x00, 0x08, 0x00, 0x35,
	0xD0, 0xB3, 0x00, 0x00, 0x40, 0x26, 0x00, 0x00, 0x00, 0x08, 0x00, 0x35, 0xD1, 0xB3, 0x00, 0x00,
	0x40, 0x26, 0x00, 0x00, 0x00, 0x08, 0x00, 0x35, 0x20, 0xB0, 0x00, 0x00, 0xE0, 0x26, 0x00, 0x00,
	0x00, 0x0A, 0x00, 0x35, 0x21, 0xB0, 0x00, 0x00, 0xE0, 0x26, 0x00, 0x00, 0x00, 0x0A, 0x00, 0x35,
	0x70, 0xB0, 0x00, 0x00, 0xE0, 0x26, 0x00, 0x00, 0x00, 0x0A, 0x00, 0x35, 0x71, 0xB0, 0x00, 0x00,
	0xE0, 0x26, 0x00, 0x00, 0x00, 0x0A, 0x00, 0x35, 0xC0, 0xB0, 0x00, 0x00, 0x80, 0x27, 0x00, 0x00,
	0x00, 0x0A, 0x00, 0x35, 0xC1, 0xB0, 0x00, 0x00, 0x80, 0x27, 0x00, 0x00, 0x00, 0x0A, 0x00, 0x35,
	0x10, 0xB1, 0x00, 0x00, 0x80, 0x27, 0x00, 0x00, 0x00, 0x0A, 0x00, 0x35, 0x11, 0xB1, 0x00, 0x00,
	0x80, 0x27, 0x00, 0x00, 0x00, 0x0A, 0x00, 0x35, 0x60, 0xB1, 0x00, 0x00, 0x20, 0x28, 0x00, 0x00,
	0x00, 0x0A, 0x00, 0x35, 0x61, 0xB1, 0x00, 0x00, 0x20, 0x28, 0x00, 0x00, 0x00, 0x0A, 0x00, 0x35,
	0xB0, 0xB1, 0x00, 0x00, 0x20, 0x28, 0x00, 0x00, 0x00, 0x0A, 0x00, 0x35, 0xB1, 0xB1, 0x00, 0x00,
	0x20, 0x28, 0x00, 0x00, 0x00, 0x0A, 0x00, 0x35, 0x00, 0xB2, 0x00, 0x00, 0xC0, 0x28, 0x00, 0x00,
	0x00, 0x0A, 0x00, 0x35, 0x01, 0xB2, 0x00, 0x00, 0xC0, 0x28, 0x00, 0x00, 0x00, 0x0A, 0x00, 0x35,
	0x50, 0xB2, 0x00, 0x00, 0xC0, 0x28, 0x00, 0x00, 0x00, 0x0A, 0x00, 0x35, 0x51, 0xB2, 0x00, 0x00,
	0xC0, 0x28, 0x00, 0x00, 0x00, 0x0A, 0x00, 0x35, 0xA0, 0xB2, 0x00, 0x00, 0x60, 0x29, 0x00, 0x00,
	0x00, 0x0A, 0x00, 0x35, 0xA1, 0xB2, 0x00, 0x00, 0x60, 0x29, 0x00, 0x00, 0x00, 0x0A, 0x00, 0x35,
	0xF0, 0xB2, 0x00, 0x00, 0x60, 0x29, 0x00, 0x00, 0x00, 0x0A, 0x00, 0x35, 0xF1, 0xB2, 0x00, 0x00,
	0x60, 0x29, 0x00, 0x00, 0x00, 0x0A, 0x00, 0x35, 0x40, 0xB3, 0x00, 0x00, 0x00, 0x2A, 0x00, 0x00,
	0x00, 0x0A, 0x00, 0x35, 0x41, 0xB3, 0x00, 0x00, 0x00, 0x2A, 0x00, 0x00, 0x00, 0x0A, 0x00, 0x35,
	0x90, 0xB3, 0x00, 0x00, 0x00, 0x2A, 0x00, 0x00, 0x00, 0x0A, 0x00, 0x35, 0x91, 0xB3, 0x00, 0x00,
	0x00, 0x2A, 0x00, 0x00, 0x00, 0x0A, 0x00, 0x35, 0xE0, 0xB3, 0x00, 0x00, 0xA0, 0x2A, 0x00, 0x00,
	0x00, 0x0A, 0x00, 0x35, 0xE1, 0xB3, 0x00, 0x00, 0xA0, 0x2A, 0x00, 0x00, 0x00, 0x0A, 0x00, 0x35,
	0x30, 0xB0, 0x00, 0x00, 0xA0, 0x2A, 0x00, 0x00, 0x00, 0x0C, 0x00, 0x35, 0x31, 0xB0, 0x00, 0x00,
	0xA0, 0x2A, 0x00, 0x00, 0x00, 0x0C, 0x00, 0x35, 0x80, 0xB0, 0x00, 0x00, 0x40, 0x2B, 0x00, 0x00,
	0x00, 0x0C, 0x00, 0x35, 0x81, 0xB0, 0x00, 0x00, 0x40, 0x2B, 0x00, 0x00, 0x00, 0x0C, 0x00, 0x35,
	0xD0, 0xB0, 0x00, 0x00, 0x40, 0x2B, 0x00, 0x00, 0x00, 0x0C, 0x00, 0x35, 0xD1, 0xB0, 0x00, 0x00,
	0x40, 0x2B, 0x00, 0x00, 0x00, 0x0C, 0x00, 0x35, 0x20, 0xB1, 0x00, 0x00, 0xE0, 0x2B, 0x00, 0x00,
	0x00, 0x0C, 0x00, 0x35, 0x21, 0xB1, 0x00, 0x00, 0xE0, 0x2B, 0x00, 0x00, 0x00, 0x0C, 0x00, 0x35,
	0x70, 0xB1, 0x00, 0x00, 0xE0, 0x2B, 0x00, 0x00, 0x00, 0x0C, 0x00, 0x35, 0x71, 0xB1, 0x00, 0x00,
	0xE0, 0x2B, 0x00, 0x00, 0x00, 0x0C, 0x00, 0x35, 0xC0, 0xB1, 0x00, 0x00, 0x80, 0x2C, 0x00, 0x00,
	0x00, 0x0C, 0x00, 0x35, 0xC1, 0xB1, 0x00, 0x00, 0x80, 0x2C, 0x00, 0x00, 0x00, 0x0C, 0x00, 0x35,
	0x10, 0xB2, 0x00, 0x00, 0x80, 0x2C, 0x00, 0x00, 0x00, 0x0C, 0x00, 0x35, 0x11, 0xB2, 0x00, 0x00,
	0x80, 0x2C, 0x00, 0x00, 0x00, 0x0C, 0x00, 0x35, 0x60, 0xB2, 0x00, 0x00, 0x20, 0x2D, 0x00, 0x00,
	0x00, 0x0C, 0x00, 0x35, 0x61, 0xB2, 0x00, 0x00, 0x20, 0x2D, 0x00, 0x00, 0x00, 0x0C, 0x00, 0x35,
	0xB0, 0xB2, 0x00, 0x00, 0x20, 0x2D, 0x00, 0x00, 0x00, 0x0C, 0x00, 0x35, 0xB1, 0xB2, 0x00, 0x00,
	0x20, 0x2D, 0x00, 0x00, 0x00, 0x0C, 0x00, 0x35, 0x00, 0xB3, 0x00, 0x00, 0xC0, 0x2D, 0x00, 0x00,
	0x00, 0x0C, 0x00, 0x35, 0x01, 0xB3, 0x00, 0x00, 0xC0, 0x2D, 0x00, 0x00, 0x00, 0x0C, 0x00, 0x35,
	0x50, 0xB3, 0x00, 0x00, 0xC0, 0x2D, 0x00, 0x00, 0x00, 0x0C, 0x00, 0x35, 0x51, 0xB3, 0x00, 0x00,
	0xC0, 0x2D, 0x00, 0x00, 0x00, 0x0C, 0x00, 0x35, 0xA0, 0xB3, 0x00, 0x00, 0x60, 0x2E, 0x00, 0x00,
	0x00, 0x0C, 0x00, 0x35, 0xA1, 0xB3, 0x00, 0x00, 0x60, 0x2E, 0x00, 0x00, 0x00, 0x0C, 0x00, 0x35,
	0xF0, 0xB3, 0x00, 0x00, 0x60, 0x2E, 0x00, 0x00, 0x00, 0x0C, 0x00, 0x35, 0xF1, 0xB3, 0x00, 0x00,
	0x60, 0x2E, 0x00, 0x00, 0x00, 0x0C, 0x00, 0x35, 0x40, 0xB0, 0x00, 0x00, 0x00, 0x2F, 0x00, 0x00,
	0x00, 0x0E, 0x00, 0x35, 0x41, 0xB0, 0x00, 0x00, 0x00, 0x2F, 0x00, 0x00, 0x00, 0x0E, 0x00, 0x35,
	0x90, 0xB0, 0x00, 0x00, 0x00, 0x2F, 0x00, 0x00, 0x00, 0x0E, 0x00, 0x35, 0x91, 0xB0, 0x00, 0x00,
	0x00, 0x2F, 0x00, 0x00, 0x00, 0x0E, 0x00, 0x35, 0xE0, 0xB0, 0x00, 0x00, 0xA0, 0x2F, 0x00, 0x00,
	0x00, 0x0E, 0x00, 0x35, 0xE1, 0xB0, 0x00, 0x00, 0xA0, 0x2F, 0x00, 0x00, 0x00, 0x0E, 0x00, 0x35,
	0x30, 0xB1, 0x00, 0x00, 0xA0, 0x2F, 0x00, 0x00, 0x00, 0x0E, 0x00, 0x35, 0x31, 0xB1, 0x00, 0x00,
	0xA0, 0x2F, 0x00, 0x00, 0x00, 0x0E, 0x00, 0x35, 0x80, 0xB1, 0x00, 0x00, 0x40, 0x20, 0x00, 0x00,
	0x00, 0x4E, 0x00, 0x35, 0x81, 0xB1, 0x00, 0x00, 0x40, 0x20, 0x00, 0x00, 0x00, 0x4E, 0x00, 0x35,
	0xD0, 0xB1, 0x00, 0x00, 0x40, 0x20, 0x00, 0x00, 0x00, 0x4E, 0x00, 0x35, 0xD1, 0xB1, 0x00, 0x00,
	0x40, 0x20, 0x00, 0x00, 0x00, 0x4E, 0x00, 0x35, 0x20, 0xB2, 0x00, 0x00, 0xE0, 0x20, 0x00, 0x00,
	0x00, 0x4E, 0x00, 0x35, 0x21, 0xB2, 0x00, 0x00, 0xE0, 0x20, 0x00, 0x00, 0x00, 0x4E, 0x00, 0x35,
	0x70, 0xB2, 0x00, 0x00, 0xE0, 0x20, 0x00, 0x00, 0x00, 0x4E, 0x00, 0x35, 0x71, 0xB2, 0x00, 0x00,
	0xE0, 0x20, 0x00, 0x00, 0x00, 0x4E, 0x00, 0x35, 0xC0, 0xB2, 0x00, 0x00, 0x80, 0x21, 0x00, 0x00,
	0x00, 0x4E, 0x00, 0x35, 0xC1, 0xB2, 0x00, 0x00, 0x80, 0x21, 0x00, 0x00, 0x00, 0x4E, 0x00, 0x35,
	0x10, 0xB3, 0x00, 0x00, 0x80, 0x21, 0x00, 0x00, 0x00, 0x4E, 0x00, 0x35, 0x11, 0xB3, 0x00, 0x00,
	0x80, 0x21, 0x00, 0x00, 0x00, 0x4E, 0x00, 0x35, 0x60, 0xB3, 0x00, 0x00, 0x20, 0x22, 0x00, 0x00,
	0x00, 0x4E, 0x00, 0x35, 0x61, 0xB3, 0x00, 0x00, 0x20, 0x22, 0x00, 0x00, 0x00, 0x4E, 0x00, 0x35,
	0xB0, 0xB3, 0x00, 0x00, 0x20, 0x22, 0x00, 0x00, 0x00, 0x4E, 0x00, 0x35, 0xB1, 0xB3, 0x00, 0x00,
	0x20, 0x22, 0x00, 0x00, 0x00, 0x4E, 0x00, 0x2E, 0x40, 0xB5, 0x00, 0x00, 0x00, 0x78, 0xC0, 0x00,
	0x28, 0x05, 0x00, 0x00, 0x00, 0x00, 0x00, 0x00, 0x00, 0x00, 0x00, 0x00, 0x00, 0x00, 0x00, 0x00,
	0x00, 0x14, 0x00, 0x00, 0x00, 0x00, 0x00, 0x00, 0x00, 0x00, 0x00, 0x0E, 0x00, 0xAC, 0x00, 0x02,
	0x00, 0x1E, 0x00, 0x00, 0x33, 0x01, 0x00, 0x35, 0x40, 0xB1, 0x00, 0x00, 0x00, 0x20, 0x00, 0x00,
	0x00, 0x06, 0x00, 0x35, 0x41, 0xB1, 0x00, 0x00, 0x00, 0x20, 0x00, 0x00, 0x00, 0x06, 0x00, 0x35,
	0x90, 0xB1, 0x00, 0x00, 0x00, 0x20, 0x00, 0x00, 0x00, 0x06, 0x00, 0x35, 0x91, 0xB1, 0x00, 0x00,
	0x00, 0x20, 0x00, 0x00, 0x00, 0x06, 0x00, 0x35, 0xE0, 0xB1, 0x00, 0x00, 0xA0, 0x20, 0x00, 0x00,
	0x00, 0x06, 0x00, 0x35, 0xE1, 0xB1, 0x00, 0x00, 0xA0, 0x20, 0x00, 0x00, 0x00, 0x06, 0x00, 0x35,
	0x30, 0xB2, 0x00, 0x00, 0xA0, 0x20, 0x00, 0x00, 0x00, 0x06, 0x00, 0x35, 0x31, 0xB2, 0x00, 0x00,
	0xA0, 0x20, 0x00, 0x00, 0x00, 0x06, 0x00, 0x35, 0x80, 0xB2, 0x00, 0x00, 0x40, 0x21, 0x00, 0x00,
	0x00, 0x06, 0x00, 0x35, 0x81, 0xB2, 0x00, 0x00, 0x40, 0x21, 0x00, 0x00, 0x00, 0x06, 0x00, 0x35,
	0xD0, 0xB2, 0x00, 0x00, 0x40, 0x21, 0x00, 0x00, 0x00, 0x06, 0x00, 0x35, 0xD1, 0xB2, 0x00, 0x00,
	0x40, 0x21, 0x00, 0x00, 0x00, 0x06, 0x00, 0x35, 0x20, 0xB3, 0x00, 0x00, 0xE0, 0x21, 0x00, 0x00,
	0x00, 0x06, 0x00, 0x35, 0x21, 0xB3, 0x00, 0x00, 0xE0, 0x21, 0x00, 0x00, 0x00, 0x06, 0x00, 0x35,
	0x70, 0xB3, 0x00, 0x00, 0xE0, 0x21, 0x00, 0x00, 0x00, 0x06, 0x00, 0x35, 0x71, 0xB3, 0x00, 0x00,
	0xE0, 0x21, 0x00, 0x00, 0x00, 0x06, 0x00, 0x35, 0xC0, 0xB3, 0x00, 0x00, 0x80, 0x22, 0x00, 0x00,
	0x00, 0x06, 0x00, 0x35, 0xC1, 0xB3, 0x00, 0x00, 0x80, 0x22, 0x00, 0x00, 0x00, 0x06, 0x00, 0x35,
	0x10, 0xB0, 0x00, 0x00, 0x80, 0x22, 0x00, 0x00, 0x00, 0x08, 0x00, 0x35, 0x11, 0xB0, 0x00, 0x00,
	0x80, 0x22, 0x00, 0x00, 0x00, 0x08, 0x00, 0x35, 0x60, 0xB0, 0x00, 0x00, 0x20, 0x23, 0x00, 0x00,
	0x00, 0x08, 0x00, 0x35, 0x61, 0xB0, 0x00, 0x00, 0x20, 0x23, 0x00, 0x00, 0x00, 0x08, 0x00, 0x35,
	0xB0, 0xB0, 0x00, 0x00, 0x20, 0x23, 0x00, 0x00, 0x00, 0x08, 0x00, 0x35, 0xB1, 0xB0, 0x00, 0x00,
	0x20, 0x23, 0x00, 0x00, 0x00, 0x08, 0x00, 0x35, 0x00, 0xB1, 0x00, 0x00, 0xC0, 0x23, 0x00, 0x00,
	0x00, 0x08, 0x00, 0x35, 0x01, 0xB1, 0x00, 0x00, 0xC0, 0x23, 0x00, 0x00, 0x00, 0x08, 0x00, 0x35,
	0x50, 0xB1, 0x00, 0x00, 0xC0, 0x23, 0x00, 0x00, 0x00, 0x08, 0x00, 0x35, 0x51, 0xB1, 0x00, 0x00,
	0xC0, 0x23, 0x00, 0x00, 0x00, 0x08, 0x00, 0x35, 0xA0, 0xB1, 0x00, 0x00, 0x60, 0x24, 0x00, 0x00,
	0x00, 0x08, 0x00, 0x35, 0xA1, 0xB1, 0x00, 0x00, 0x60, 0x24, 0x00, 0x00, 0x00, 0x08, 0x00, 0x35,
	0xF0, 0xB1, 0x00, 0x00, 0x60, 0x24, 0x00, 0x00, 0x00, 0x08, 0x00, 0x35, 0xF1, 0xB1, 0x00, 0x00,
	0x60, 0x24, 0x00, 0x00, 0x00, 0x08, 0x00, 0x35, 0x40, 0xB2, 0x00, 0x00, 0x00, 0x25, 0x00, 0x00,
	0x00, 0x08, 0x00, 0x35, 0x41, 0xB2, 0x00, 0x00, 0x00, 0x25, 0x00, 0x00, 0x00, 0x08, 0x00, 0x35,
	0x90, 0xB2, 0x00, 0x00, 0x00, 0x25, 0x00, 0x00, 0x00, 0x08, 0x00, 0x35, 0x91, 0xB2, 0x00, 0x00,
	0x00, 0x25, 0x00, 0x00, 0x00, 0x08, 0x00, 0x35, 0xE0, 0xB2, 0x00, 0x00, 0xA0, 0x25, 0x00, 0x00,
	0x00, 0x08, 0x00, 0x35, 0xE1, 0xB2, 0x00, 0x00, 0xA0, 0x25, 0x00, 0x00, 0x00, 0x08, 0x00, 0x35,
	0x30, 0xB3, 0x00, 0x00, 0xA0, 0x25, 0x00, 0x00, 0x00, 0x08, 0x00, 0x35, 0x31, 0xB3, 0x00, 0x00,
	0xA0, 0x25, 0x00, 0x00, 0x00, 0x08, 0x00, 0x35, 0x80, 0xB3, 0x00, 0x00, 0x40, 0x26, 0x00, 0x00,
	0x00, 0x08, 0x00, 0x35, 0x81, 0xB3, 0x00, 0x00, 0x40, 0x26, 0x00, 0x00, 0x00, 0x08, 0x00, 0x35,
	0xD0, 0xB3, 0x00, 0x00, 0x40, 0x26, 0x00, 0x00, 0x00, 0x08, 0x00, 0x35, 0xD1, 0xB3, 0x00, 0x00,
	0x40, 0x26, 0x00, 0x00, 0x00, 0x08, 0x00, 0x35, 0x20, 0xB0, 0x00, 0x00, 0xE0, 0x26, 0x00, 0x00,
	0x00, 0x0A, 0x00, 0x35, 0x21, 0xB0, 0x00, 0x00, 0xE0, 0x26, 0x00, 0x00, 0x00, 0x0A, 0x00, 0x35,
	0x70, 0xB0, 0x00, 0x00, 0xE0, 0x26, 0x00, 0x00, 0x00, 0x0A, 0x00, 0x35, 0x71, 0xB0, 0x00, 0x00,
	0xE0, 0x26, 0x00, 0x00, 0x00, 0x0A, 0x00, 0x35, 0xC0, 0xB0, 0x00, 0x00, 0x80, 0x27, 0x00, 0x00,
	0x00, 0x0A, 0x00, 0x35, 0xC1, 0xB0, 0x00, 0x00, 0x80, 0x27, 0x00, 0x00, 0x00, 0x0A, 0x00, 0x35,
	0x10, 0xB1, 0x00, 0x00, 0x80, 0x27, 0x00, 0x00, 0x00, 0x0A, 0x00, 0x35, 0x11, 0xB1, 0x00, 0x00,
	0x80, 0x27, 0x00, 0x00, 0x00, 0x0A, 0x00, 0x35, 0x60, 0xB1, 0x00, 0x00, 0x20, 0x28, 0x00, 0x00,
	0x00, 0x0A, 0x00, 0x35, 0x61, 0xB1, 0x00, 0x00, 0x20, 0x28, 0x00, 0x00, 0x00, 0x0A, 0x00, 0x35,
	0xB0, 0xB1, 0x00, 0x00, 0x20, 0x28, 0x00, 0x00, 0x00, 0x0A, 0x00, 0x35, 0xB1, 0xB1, 0x00, 0x00,
	0x20, 0x28, 0x00, 0x00, 0x00, 0x0A, 0x00, 0x35, 0x00, 0xB2, 0x00, 0x00, 0xC0, 0x28, 0x00, 0x00,
	0x00, 0x0A, 0x00, 0x35, 0x01, 0xB2, 0x00, 0x00, 0xC0, 0x28, 0x00, 0x00, 0x00, 0x0A, 0x00, 0x35,
	0x50, 0xB2, 0x00, 0x00, 0xC0, 0x28, 0x00, 0x00, 0x00, 0x0A, 0x00, 0x35, 0x51, 0xB2, 0x00, 0x00,
	0xC0, 0x28, 0x00, 0x00, 0x00, 0x0A, 0x00, 0x35, 0xA0, 0xB2, 0x00, 0x00, 0x60, 0x29, 0x00, 0x00,
	0x00, 0x0A, 0x00, 0x35, 0xA1, 0xB2, 0x00, 0x00, 0x60, 0x29, 0x00, 0x00, 0x00, 0x0A, 0x00, 0x35,
	0xF0, 0xB2, 0x00, 0x00, 0x60, 0x29, 0x00, 0x00, 0x00, 0x0A, 0x00, 0x35, 0xF1, 0xB2, 0x00, 0x00,
	0x60, 0x29, 0x00, 0x00, 0x00, 0x0A, 0x00, 0x35, 0x40, 0xB3, 0x00, 0x00, 0x00, 0x2A, 0x00, 0x00,
	0x00, 0x0A, 0x00, 0x35, 0x41, 0xB3, 0x00, 0x00, 0x00, 0x2A, 0x00, 0x00, 0x00, 0x0A, 0x00, 0x35,
	0x90, 0xB3, 0x00, 0x00, 0x00, 0x2A, 0x00, 0x00, 0x00, 0x0A, 0x00, 0x35, 0x91, 0xB3, 0x00, 0x00,
	0x00, 0x2A, 0x00, 0x00, 0x00, 0x0A, 0x00, 0x35, 0xE0, 0xB3, 0x00, 0x00, 0xA0, 0x2A, 0x00, 0x00,
	0x00, 0x0A, 0x00, 0x35, 0xE1, 0xB3, 0x00, 0x00, 0xA0, 0x2A, 0x00, 0x00, 0x00, 0x0A, 0x00, 0x35,
	0x30, 0xB0, 0x00, 0x00, 0xA0, 0x2A, 0x00, 0x00, 0x00, 0x0C, 0x00, 0x35, 0x31, 0xB0, 0x00, 0x00,
	0xA0, 0x2A, 0x00, 0x00, 0x00, 0x0C, 0x00, 0x35, 0x80, 0xB0, 0x00, 0x00, 0x40, 0x2B, 0x00, 0x00,
	0x00, 0x0C, 0x00, 0x35, 0x81, 0xB0, 0x00, 0x00, 0x40, 0x2B, 0x00, 0x00, 0x00, 0x0C, 0x00, 0x35,
	0xD0, 0xB0, 0x00, 0x00, 0x40, 0x2B, 0x00, 0x00, 0x00, 0x0C, 0x00, 0x35, 0xD1, 0xB0, 0x00, 0x00,
	0x40, 0x2B, 0x00, 0x00, 0x00, 0x0C, 0x00, 0x35, 0x20, 0xB1, 0x00, 0x00, 0xE0, 0x2B, 0x00, 0x00,
	0x00, 0x0C, 0x00, 0x35, 0x21, 0xB1, 0x00, 0x00, 0xE0, 0x2B, 0x00, 0x00, 0x00, 0x0C, 0x00, 0x35,
	0x70, 0xB1, 0x00, 0x00, 0xE0, 0x2B, 0x00, 0x00, 0x00, 0x0C, 0x00, 0x35, 0x71, 0xB1, 0x00, 0x00,
	0xE0, 0x2B, 0x00, 0x00, 0x00, 0x0C, 0x00, 0x35, 0xC0, 0xB1, 0x00, 0x00, 0x80, 0x2C, 0x00, 0x00,
	0x00, 0x0C, 0x00, 0x35, 0xC1, 0xB1, 0x00, 0x00, 0x80, 0x2C, 0x00, 0x00, 0x00, 0x0C, 0x00, 0x35,
	0x10, 0xB2, 0x00, 0x00, 0x80, 0x2C, 0x00, 0x00, 0x00, 0x0C, 0x00, 0x35, 0x11, 0xB2, 0x00, 0x00,
	0x80, 0x2C, 0x00, 0x00, 0x00, 0x0C, 0x00, 0x35, 0x60, 0xB2, 0x00, 0x00, 0x20, 0x2D, 0x00, 0x00,
	0x00, 0x0C, 0x00, 0x35, 0x61, 0xB2, 0x00, 0x00, 0x20, 0x2D, 0x00, 0x00, 0x00, 0x0C, 0x00, 0x35,
	0xB0, 0xB2, 0x00, 0x00, 0x20, 0x2D, 0x00, 0x00, 0x00, 0x0C, 0x00, 0x35, 0xB1, 0xB2, 0x00, 0x00,
	0x20, 0x2D, 0x00, 0x00, 0x00, 0x0C, 0x00, 0x35, 0x00, 0xB3, 0x00, 0x00, 0xC0, 0x2D, 0x00, 0x00,
	0x00, 0x0C, 0x00, 0x35, 0x01, 0xB3, 0x00, 0x00, 0xC0, 0x2D, 0x00, 0x00, 0x00, 0x0C, 0x00, 0x35,
	0x50, 0xB3, 0x00, 0x00, 0xC0, 0x2D, 0x00, 0x00, 0x00, 0x0C, 0x00, 0x35, 0x51, 0xB3, 0x00, 0x00,
	0xC0, 0x2D, 0x00, 0x00, 0x00, 0x0C, 0x00, 0x35, 0xA0, 0xB3, 0x00, 0x00, 0x60, 0x2E, 0x00, 0x00,
	0x00, 0x0C, 0x00, 0x35, 0xA1, 0xB3, 0x00, 0x00, 0x60, 0x2E, 0x00, 0x00, 0x00, 0x0C, 0x00, 0x35,
	0xF0, 0xB3, 0x00, 0x00, 0x60, 0x2E, 0x00, 0x00, 0x00, 0x0C, 0x00, 0x35, 0xF1, 0xB3, 0x00, 0x00,
	0x60, 0x2E, 0x00, 0x00, 0x00, 0x0C, 0x00, 0x35, 0x40, 0xB0, 0x00, 0x00, 0x00, 0x2F, 0x00, 0x00,
	0x00, 0x0E, 0x00, 0x35, 0x41, 0xB0, 0x00, 0x00, 0x00, 0x2F, 0x00, 0x00, 0x00, 0x0E, 0x00, 0x35,
	0x90, 0xB0, 0x00, 0x00, 0x00, 0x2F, 0x00, 0x00, 0x00, 0x0E, 0x00, 0x35, 0x91, 0xB0, 0x00, 0x00,
	0x00, 0x2F, 0x00, 0x00, 0x00, 0x0E, 0x00, 0x35, 0xE0, 0xB0, 0x00, 0x00, 0xA0, 0x2F, 0x00, 0x00,
	0x00, 0x0E, 0x00, 0x35, 0xE1, 0xB0, 0x00, 0x00, 0xA0, 0x2F, 0x00, 0x00, 0x00, 0x0E, 0x00, 0x35,
	0x30, 0xB1, 0x00, 0x00, 0xA0, 0x2F, 0x00, 0x00, 0x00, 0x0E, 0x00, 0x35, 0x31, 0xB1, 0x00, 0x00,
	0xA0, 0x2F, 0x00, 0x00, 0x00, 0x0E, 0x00, 0x35, 0x80, 0xB1, 0x00, 0x00, 0x40, 0x20, 0x00, 0x00,
	0x00, 0x4E, 0x00, 0x35, 0x81, 0xB1, 0x00, 0x00, 0x40, 0x20, 0x00, 0x00, 0x00, 0x4E, 0x00, 0x35,
	0xD0, 0xB1, 0x00, 0x00, 0x40, 0x20, 0x00, 0x00, 0x00, 0x4E, 0x00, 0x35, 0xD1, 0xB1, 0x00, 0x00,
	0x40, 0x20, 0x00, 0x00, 0x00, 0x4E, 0x00, 0x35, 0x20, 0xB2, 0x00, 0x00, 0xE0, 0x20, 0x00, 0x00,
	0x00, 0x4E, 0x00, 0x35, 0x21, 0xB2, 0x00, 0x00, 0xE0, 0x20, 0x00, 0x00, 0x00, 0x4E, 0x00, 0x35,
	0x70, 0xB2, 0x00, 0x00, 0xE0, 0x20, 0x00, 0x00, 0x00, 0x4E, 0x00, 0x35, 0x71, 0xB2, 0x00, 0x00,
	0xE0, 0x20, 0x00, 0x00, 0x00, 0x4E, 0x00, 0x35, 0xC0, 0xB2, 0x00, 0x00, 0x80, 0x21, 0x00, 0x00,
	0x00, 0x4E, 0x00, 0x35, 0xC1, 0xB2, 0x00, 0x00, 0x80, 0x21, 0x00, 0x00, 0x00, 0x4E, 0x00, 0x35,
	0x10, 0xB3, 0x00, 0x00, 0x80, 0x21, 0x00, 0x00, 0x00, 0x4E, 0x00, 0x35, 0x11, 0xB3, 0x00, 0x00,
	0x80, 0x21, 0x00, 0x00, 0x00, 0x4E, 0x00, 0x35, 0x60, 0xB3, 0x00, 0x00, 0x20, 0x22, 0x00, 0x00,
	0x00, 0x4E, 0x00, 0x35, 0x61, 0xB3, 0x00, 0x00, 0x20, 0x22, 0x00, 0x00, 0x00, 0x4E, 0x00, 0x35,
	0xB0, 0xB3, 0x00, 0x00, 0x20, 0x22, 0x00, 0x00, 0x00, 0x4E, 0x00, 0x35, 0xB1, 0xB3, 0x00, 0x00,
	0x20, 0x22, 0x00, 0x00, 0x00, 0x4E, 0x00, 0x2E, 0x40, 0xB5, 0x00, 0x00, 0x00, 0x78, 0xC0, 0x00,
	0x46, 0x05, 0x00, 0x00, 0x00, 0x00, 0x00, 0x00, 0x00, 0x00, 0x00, 0x00, 0x00, 0x00, 0x00, 0x00,
	0x00, 0x14, 0x00, 0x00, 0x00, 0x00, 0x00, 0x00, 0x00, 0x00, 0x00, 0x0E, 0x00, 0xAC, 0x00, 0x00,
	0x00, 0x1E, 0x00, 0x00, 0x3B, 0x01, 0x00, 0x35, 0x40, 0xB1, 0x00, 0x00, 0x00, 0x20, 0x00, 0x00,
	0x00, 0x06, 0x00, 0x35, 0x41, 0xB1, 0x00, 0x00, 0x00, 0x20, 0x00, 0x00, 0x00, 0x06, 0x00, 0x35,
	0x90, 0xB1, 0x00, 0x00, 0x00, 0x20, 0x00, 0x00, 0x00, 0x06, 0x00, 0x35, 0x91, 0xB1, 0x00, 0x00,
	0x00, 0x20, 0x00, 0x00, 0x00, 0x06, 0x00, 0x35, 0xE0, 0xB1, 0x00, 0x00, 0xA0, 0x20, 0x00, 0x00,
	0x00, 0x06, 0x00, 0x35, 0xE1, 0xB1, 0x00, 0x00, 0xA0, 0x20, 0x00, 0x00, 0x00, 0x06, 0x00, 0x35,
	0x30, 0xB2, 0x00, 0x00, 0xA0, 0x20, 0x00, 0x00, 0x00, 0x06, 0x00, 0x35, 0x31, 0xB2, 0x00, 0x00,
	0xA0, 0x20, 0x00, 0x00, 0x00, 0x06, 0x00, 0x35, 0x80, 0xB2, 0x00, 0x00, 0x40, 0x21, 0x00, 0x00,
	0x00, 0x06, 0x00, 0x35, 0x81, 0xB2, 0x00, 0x00, 0x40, 0x21, 0x00, 0x00, 0x00, 0x06, 0x00, 0x35,
	0xD0, 0xB2, 0x00, 0x00, 0x40, 0x21, 0x00, 0x00, 0x00, 0x06, 0x00, 0x35, 0xD1, 0xB2, 0x00, 0x00,
	0x40, 0x21, 0x00, 0x00, 0x00, 0x06, 0x00, 0x35, 0x20, 0xB3, 0x00, 0x00, 0xE0, 0x21, 0x00, 0x00,
	0x00, 0x06, 0x00, 0x35, 0x21, 0xB3, 0x00, 0x00, 0xE0, 0x21, 0x00, 0x00, 0x00, 0x06, 0x00, 0x35,
	0x70, 0xB3, 0x00, 0x00, 0xE0, 0x21, 0x00, 0x00, 0x00, 0x06, 0x00, 0x35, 0x71, 0xB3, 0x00, 0x00,
	0xE0, 0x21, 0x00, 0x00, 0x00, 0x06, 0x00, 0x35, 0xC0, 0xB3, 0x00, 0x00, 0x80, 0x22, 0x00, 0x00,
	0x00, 0x06, 0x00, 0x35, 0xC1, 0xB3, 0x00, 0x00, 0x80, 0x22, 0x00, 0x00, 0x00, 0x06, 0x00, 0x35,
	0x10, 0xB0, 0x00, 0x00, 0x80, 0x22, 0x00, 0x00, 0x00, 0x08, 0x00, 0x35, 0x11, 0xB0, 0x00, 0x00,
	0x80, 0x22, 0x00, 0x00, 0x00, 0x08, 0x00, 0x35, 0x60, 0xB0, 0x00, 0x00, 0x20, 0x23, 0x00, 0x00,
	0x00, 0x08, 0x00, 0x35, 0x61, 0xB0, 0x00, 0x00, 0x20, 0x23, 0x00, 0x00, 0x00, 0x08, 0x00, 0x35,
	0xB0, 0xB0, 0x00, 0x00, 0x20, 0x23, 0x00, 0x00, 0x00, 0x08, 0x00, 0x35, 0xB1, 0xB0, 0x00, 0x00,
	0x20, 0x23, 0x00, 0x00, 0x00, 0x08, 0x00, 0x35, 0x00, 0xB1, 0x00, 0x00, 0xC0, 0x23, 0x00, 0x00,
	0x00, 0x08, 0x00, 0x35, 0x01, 0xB1, 0x00, 0x00, 0xC0, 0x23, 0x00, 0x00, 0x00, 0x08, 0x00, 0x35,
	0x50, 0xB1, 0x00, 0x00, 0xC0, 0x23, 0x00, 0x00, 0x00, 0x08, 0x00, 0x35, 0x51, 0xB1, 0x00, 0x00,
	0xC0, 0x23, 0x00, 0x00, 0x00, 0x08, 0x00, 0x35, 0xA0, 0xB1, 0x00, 0x00, 0x60, 0x24, 0x00, 0x00,
	0x00, 0x08, 0x00, 0x35, 0xA1, 0xB1, 0x00, 0x00, 0x60, 0x24, 0x00, 0x00, 0x00, 0x08, 0x00, 0x35,
	0xF0, 0xB1, 0x00, 0x00, 0x60, 0x24, 0x00, 0x00, 0x00, 0x08, 0x00, 0x35, 0xF1, 0xB1, 0x00, 0x00,
	0x60, 0x24, 0x00, 0x00, 0x00, 0x08, 0x00, 0x35, 0x40, 0xB2, 0x00, 0x00, 0x00, 0x25, 0x00, 0x00,
	0x00, 0x08, 0x00, 0x35, 0x41, 0xB2, 0x00, 0x00, 0x00, 0x25, 0x00, 0x00, 0x00, 0x08, 0x00, 0x35,
	0x90, 0xB2, 0x00, 0x00, 0x00, 0x25, 0x00, 0x00, 0x00, 0x08, 0x00, 0x35, 0x91, 0xB2, 0x00, 0x00,
	0x00, 0x25, 0x00, 0x00, 0x00, 0x08, 0x00, 0x35, 0xE0, 0xB2, 0x00, 0x00, 0xA0, 0x25, 0x00, 0x00,
	0x00, 0x08, 0x00, 0x35, 0xE1, 0xB2, 0x00, 0x00, 0xA0, 0x25, 0x00, 0x00, 0x00, 0x08, 0x00, 0x35,
	0x30, 0xB3, 0x00, 0x00, 0xA0, 0x25, 0x00, 0x00, 0x00, 0x08, 0x00, 0x35, 0x31, 0xB3, 0x00, 0x00,
	0xA0, 0x25, 0x00, 0x00, 0x00, 0x08, 0x00, 0x35, 0x80, 0xB3, 0x00, 0x00, 0x40, 0x26, 0x00, 0x00,
	0x00, 0x08, 0x00, 0x35, 0x81, 0xB3, 0x00, 0x00, 0x40, 0x26, 0x00, 0x00, 0x00, 0x08, 0x00, 0x35,
	0xD0, 0xB3, 0x00, 0x00, 0x40, 0x26, 0x00, 0x00, 0x00, 0x08, 0x00, 0x35, 0xD1, 0xB3, 0x00, 0x00,
	0x40, 0x26, 0x00, 0x00, 0x00, 0x08, 0x00, 0x35, 0x20, 0xB0, 0x00, 0x00, 0xE0, 0x26, 0x00, 0x00,
	0x00, 0x0A, 0x00, 0x35, 0x21, 0xB0, 0x00, 0x00, 0xE0, 0x26, 0x00, 0x00, 0x00, 0x0A, 0x00, 0x35,
	0x70, 0xB0, 0x00, 0x00, 0xE0, 0x26, 0x00, 0x00, 0x00, 0x0A, 0x00, 0x35, 0x71, 0xB0, 0x00, 0x00,
	0xE0, 0x26, 0x00, 0x00, 0x00, 0x0A, 0x00, 0x35, 0xC0, 0xB0, 0x00, 0x00, 0x80, 0x27, 0x00, 0x00,
	0x00, 0x0A, 0x00, 0x35, 0xC1, 0xB0, 0x00, 0x00, 0x80, 0x27, 0x00, 0x00, 0x00, 0x0A, 0x00, 0x35,
	0x10, 0xB1, 0x00, 0x00, 0x80, 0x27, 0x00, 0x00, 0x00, 0x0A, 0x00, 0x35, 0x11, 0xB1, 0x00, 0x00,
	0x80, 0x27, 0x00, 0x00, 0x00, 0x0A, 0x00, 0x35, 0x60, 0xB1, 0x00, 0x00, 0x20, 0x28, 0x00, 0x00,
	0x00, 0x0A, 0x00, 0x35, 0x61, 0xB1, 0x00, 0x00, 0x20, 0x28, 0x00, 0x00, 0x00, 0x0A, 0x00, 0x35,
	0xB0, 0xB1, 0x00, 0x00, 0x20, 0x28, 0x00, 0x00, 0x00, 0x0A, 0x00, 0x35, 0xB1, 0xB1, 0x00, 0x00,
	0x20, 0x28, 0x00, 0x00, 0x00, 0x0A, 0x00, 0x35, 0x00, 0xB2, 0x00, 0x00, 0xC0, 0x28, 0x00, 0x00,
	0x00, 0x0A, 0x00, 0x35, 0x01, 0xB2, 0x00, 0x00, 0xC0, 0x28, 0x00, 0x00, 0x00, 0x0A, 0x00, 0x35,
	0x50, 0xB2, 0x00, 0x00, 0xC0, 0x28, 0x00, 0x00, 0x00, 0x0A, 0x00, 0x35, 0x51, 0xB2, 0x00, 0x00,
	0xC0, 0x28, 0x00, 0x00, 0x00, 0x0A, 0x00, 0x35, 0xA0, 0xB2, 0x00, 0x00, 0x60, 0x29, 0x00, 0x00,
	0x00, 0x0A, 0x00, 0x35, 0xA1, 0xB2, 0x00, 0x00, 0x60, 0x29, 0x00, 0x00, 0x00, 0x0A, 0x00, 0x35,
	0xF0, 0xB2, 0x00, 0x00, 0x60, 0x29, 0x00, 0x00, 0x00, 0x0A, 0x00, 0x35, 0xF1, 0xB2, 0x00, 0x00,
	0x60, 0x29, 0x00, 0x00, 0x00, 0x0A, 0x00, 0x35, 0x40, 0xB3, 0x00, 0x00, 0x00, 0x2A, 0x00, 0x00,
	0x00, 0x0A, 0x00, 0x35, 0x41, 0xB3, 0x00, 0x00, 0x00, 0x2A, 0x00, 0x00, 0x00, 0x0A, 0x00, 0x35,
	0x90, 0xB3, 0x00, 0x00, 0x00, 0x2A, 0x00, 0x00, 0x00, 0x0A, 0x00, 0x35, 0x91, 0xB3, 0x00, 0x00,
	0x00, 0x2A, 0x00, 0x00, 0x00, 0x0A, 0x00, 0x35, 0xE0, 0xB3, 0x00, 0x00, 0xA0, 0x2A, 0x00, 0x00,
	0x00, 0x0A, 0x00, 0x35, 0xE1, 0xB3, 0x00, 0x00, 0xA0, 0x2A, 0x00, 0x00, 0x00, 0x0A, 0x00, 0x35,
	0x30, 0xB0, 0x00, 0x00, 0xA0, 0x2A, 0x00, 0x00, 0x00, 0x0C, 0x00, 0x35, 0x31, 0xB0, 0x00, 0x00,
	0xA0, 0x2A, 0x00, 0x00, 0x00, 0x0C, 0x00, 0x35, 0x80, 0xB0, 0x00, 0x00, 0x40, 0x2B, 0x00, 0x00,
	0x00, 0x0C, 0x00, 0x35, 0x81, 0xB0, 0x00, 0x00, 0x40, 0x2B, 0x00, 0x00, 0x00, 0x0C, 0x00, 0x35,
	0xD0, 0xB0, 0x00, 0x00, 0x40, 0x2B, 0x00, 0x00, 0x00, 0x0C, 0x00, 0x35, 0xD1, 0xB0, 0x00, 0x00,
	0x40, 0x2B, 0x00, 0x00, 0x00, 0x0C, 0x00, 0x35, 0x20, 0xB1, 0x00, 0x00, 0xE0, 0x2B, 0x00, 0x00,
	0x00, 0x0C, 0x00, 0x35, 0x21, 0xB1, 0x00, 0x00, 0xE0, 0x2B, 0x00, 0x00, 0x00, 0x0C, 0x00, 0x35,
	0x70, 0xB1, 0x00, 0x00, 0xE0, 0x2B, 0x00, 0x00, 0x00, 0x0C, 0x00, 0x35, 0x71, 0xB1, 0x00, 0x00,
	0xE0, 0x2B, 0x00, 0x00, 0x00, 0x0C, 0x00, 0x35, 0xC0, 0xB1, 0x00, 0x00, 0x80, 0x2C, 0x00, 0x00,
	0x00, 0x0C, 0x00, 0x35, 0xC1, 0xB1, 0x00, 0x00, 0x80, 0x2C, 0x00, 0x00, 0x00, 0x0C, 0x00, 0x35,
	0x10, 0xB2, 0x00, 0x00, 0x80, 0x2C, 0x00, 0x00, 0x00, 0x0C, 0x00, 0x35, 0x11, 0xB2, 0x00, 0x00,
	0x80, 0x2C, 0x00, 0x00, 0x00, 0x0C, 0x00, 0x35, 0x60, 0xB2, 0x00, 0x00, 0x20, 0x2D, 0x00, 0x00,
	0x00, 0x0C, 0x00, 0x35, 0x61, 0xB2, 0x00, 0x00, 0x20, 0x2D, 0x00, 0x00, 0x00, 0x0C, 0x00, 0x35,
	0xB0, 0xB2, 0x00, 0x00, 0x20, 0x2D, 0x00, 0x00, 0x00, 0x0C, 0x00, 0x35, 0xB1, 0xB2, 0x00, 0x00,
	0x20, 0x2D, 0x00, 0x00, 0x00, 0x0C, 0x00, 0x35, 0x00, 0xB3, 0x00, 0x00, 0xC0, 0x2D, 0x00, 0x00,
	0x00, 0x0C, 0x00, 0x35, 0x01, 0xB3, 0x00, 0x00, 0xC0, 0x2D, 0x00, 0x00, 0x00, 0x0C, 0x00, 0x35,
	0x50, 0xB3, 0x00, 0x00, 0xC0, 0x2D, 0x00, 0x00, 0x00, 0x0C, 0x00, 0x35, 0x51, 0xB3, 0x00, 0x00,
	0xC0, 0x2D, 0x00, 0x00, 0x00, 0x0C, 0x00, 0x35, 0xA0, 0xB3, 0x00, 0x00, 0x60, 0x2E, 0x00, 0x00,
	0x00, 0x0C, 0x00, 0x35, 0xA1, 0xB3, 0x00, 0x00, 0x60, 0x2E, 0x00, 0x00, 0x00, 0x0C, 0x00, 0x35,
	0xF0, 0xB3, 0x00, 0x00, 0x60, 0x2E, 0x00, 0x00, 0x00, 0x0C, 0x00, 0x35, 0xF1, 0xB3, 0x00, 0x00,
	0x60, 0x2E, 0x00, 0x00, 0x00, 0x0C, 0x00, 0x35, 0x40, 0xB0, 0x00, 0x00, 0x00, 0x2F, 0x00, 0x00,
	0x00, 0x0E, 0x00, 0x35, 0x41, 0xB0, 0x00, 0x00, 0x00, 0x2F, 0x00, 0x00, 0x00, 0x0E, 0x00, 0x35,
	0x90, 0xB0, 0x00, 0x00, 0x00, 0x2F, 0x00, 0x00, 0x00, 0x0E, 0x00, 0x35, 0x91, 0xB0, 0x00, 0x00,
	0x00, 0x2F, 0x00, 0x00, 0x00, 0x0E, 0x00, 0x35, 0xE0, 0xB0, 0x00, 0x00, 0xA0, 0x2F, 0x00, 0x00,
	0x00, 0x0E, 0x00, 0x35, 0xE1, 0xB0, 0x00, 0x00, 0xA0, 0x2F, 0x00, 0x00, 0x00, 0x0E, 0x00, 0x35,
	0x30, 0xB1, 0x00, 0x00, 0xA0, 0x2F, 0x00, 0x00, 0x00, 0x0E, 0x00, 0x35, 0x31, 0xB1, 0x00, 0x00,
	0xA0, 0x2F, 0x00, 0x00, 0x00, 0x0E, 0x00, 0x35, 0x80, 0xB1, 0x00, 0x00, 0x40, 0x20, 0x00, 0x00,
	0x00, 0x4E, 0x00, 0x35, 0x81, 0xB1, 0x00, 0x00, 0x40, 0x20, 0x00, 0x00, 0x00, 0x4E, 0x00, 0x35,
	0xD0, 0xB1, 0x00, 0x00, 0x40, 0x20, 0x00, 0x00, 0x00, 0x4E, 0x00, 0x35, 0xD1, 0xB1, 0x00, 0x00,
	0x40, 0x20, 0x00, 0x00, 0x00, 0x4E, 0x00, 0x35, 0x20, 0xB2, 0x00, 0x00, 0xE0, 0x20, 0x00, 0x00,
	0x00, 0x4E, 0x00, 0x35, 0x21, 0xB2, 0x00, 0x00, 0xE0, 0x20, 0x00, 0x00, 0x00, 0x4E, 0x00, 0x35,
	0x70, 0xB2, 0x00, 0x00, 0xE0, 0x20, 0x00, 0x00, 0x00, 0x4E, 0x00, 0x35, 0x71, 0xB2, 0x00, 0x00,
	0xE0, 0x20, 0x00, 0x00, 0x00, 0x4E, 0x00, 0x35, 0xC0, 0xB2, 0x00, 0x00, 0x80, 0x21, 0x00, 0x00,
	0x00, 0x4E, 0x00, 0x35, 0xC1, 0xB2, 0x00, 0x00, 0x80, 0x21, 0x00, 0x00, 0x00, 0x4E, 0x00, 0x35,
	0x10, 0xB3, 0x00, 0x00, 0x80, 0x21, 0x00, 0x00, 0x00, 0x4E, 0x00, 0x35, 0x11, 0xB3, 0x00, 0x00,
	0x80, 0x21, 0x00, 0x00, 0x00, 0x4E, 0x00, 0x35, 0x60, 0xB3, 0x00, 0x00, 0x20, 0x22, 0x00, 0x00,
	0x00, 0x4E, 0x00, 0x35, 0x61, 0xB3, 0x00, 0x00, 0x20, 0x22, 0x00, 0x00, 0x00, 0x4E, 0x00, 0x35,
	0xB0, 0xB3, 0x00, 0x00, 0x20, 0x22, 0x00, 0x00, 0x00, 0x4E, 0x00, 0x35, 0xB1, 0xB3, 0x00, 0x00,
	0x20, 0x22, 0x00, 0x00, 0x00, 0x4E, 0x00, 0x2E, 0x40, 0xB5, 0x00, 0x00, 0x00, 0x78, 0xC0, 0x00,
	0x64, 0x05, 0x00, 0x00, 0x00, 0x00, 0x00, 0x00, 0x00, 0x00, 0x00, 0x00, 0x00, 0x00, 0x00, 0x00,
	0x00, 0x14, 0x00, 0x00, 0x00, 0x00, 0x00, 0x00, 0x00, 0x00, 0x00, 0x0E, 0x00, 0xAC, 0x00, 0x02,
	0x00, 0x1E, 0x00, 0x00, 0x42, 0x01, 0x00, 0x35, 0x40, 0xB1, 0x00, 0x00, 0x00, 0x20, 0x00, 0x00,
	0x00, 0x06, 0x00, 0x35, 0x41, 0xB1, 0x00, 0x00, 0x00, 0x20, 0x00, 0x00, 0x00, 0x06, 0x00, 0x35,
	0x90, 0xB1, 0x00, 0x00, 0x00, 0x20, 0x00, 0x00, 0x00, 0x06, 0x00, 0x35, 0x91, 0xB1, 0x00, 0x00,
	0x00, 0x20, 0x00, 0x00, 0x00, 0x06, 0x00, 0x35, 0xE0, 0xB1, 0x00, 0x00, 0xA0, 0x20, 0x00, 0x00,
	0x00, 0x06, 0x00, 0x35, 0xE1, 0xB1, 0x00, 0x00, 0xA0, 0x20, 0x00, 0x00, 0x00, 0x06, 0x00, 0x35,
	0x30, 0xB2, 0x00, 0x00, 0xA0, 0x20, 0x00, 0x00, 0x00, 0x06, 0x00, 0x35, 0x31, 0xB2, 0x00, 0x00,
	0xA0, 0x20, 0x00, 0x00, 0x00, 0x06, 0x00, 0x35, 0x80, 0xB2, 0x00, 0x00, 0x40, 0x21, 0x00, 0x00,
	0x00, 0x06, 0x00, 0x35, 0x81, 0xB2, 0x00, 0x00, 0x40, 0x21, 0x00, 0x00, 0x00, 0x06, 0x00, 0x35,
	0xD0, 0xB2, 0x00, 0x00, 0x40, 0x21, 0x00, 0x00, 0x00, 0x06, 0x00, 0x35, 0xD1, 0xB2, 0x00, 0x00,
	0x40, 0x21, 0x00, 0x00, 0x00, 0x06, 0x00, 0x35, 0x20, 0xB3, 0x00, 0x00, 0xE0, 0x21, 0x00, 0x00,
	0x00, 0x06, 0x00, 0x35, 0x21, 0xB3, 0x00, 0x00, 0xE0, 0x21, 0x00, 0x00, 0x00, 0x06, 0x00, 0x35,
	0x70, 0xB3, 0x00, 0x00, 0xE0, 0x21, 0x00, 0x00, 0x00, 0x06, 0x00, 0x35, 0x71, 0xB3, 0x00, 0x00,
	0xE0, 0x21, 0x00, 0x00, 0x00, 0x06, 0x00, 0x35, 0xC0, 0xB3, 0x00, 0x00, 0x80, 0x22, 0x00, 0x00,
	0x00, 0x06, 0x00, 0x35, 0xC1, 0xB3, 0x00, 0x00, 0x80, 0x22, 0x00, 0x00, 0x00, 0x06, 0x00, 0x35,
	0x10, 0xB0, 0x00, 0x00, 0x80, 0x22, 0x00, 0x00, 0x00, 0x08, 0x00, 0x35, 0x11, 0xB0, 0x00, 0x00,
	0x80, 0x22, 0x00, 0x00, 0x00, 0x08, 0x00, 0x35, 0x60, 0xB0, 0x00, 0x00, 0x20, 0x23, 0x00, 0x00,
	0x00, 0x08, 0x00, 0x35, 0x61, 0xB0, 0x00, 0x00, 0x20, 0x23, 0x00, 0x00, 0x00, 0x08, 0x00, 0x35,
	0xB0, 0xB0, 0x00, 0x00, 0x20, 0x23, 0x00, 0x00, 0x00, 0x08, 0x00, 0x35, 0xB1, 0xB0, 0x00, 0x00,
	0x20, 0x23, 0x00, 0x00, 0x00, 0x08, 0x00, 0x35, 0x00, 0xB1, 0x00, 0x00, 0xC0, 0x23, 0x00, 0x00,
	0x00, 0x08, 0x00, 0x35, 0x01, 0xB1, 0x00, 0x00, 0xC0, 0x23, 0x00, 0x00, 0x00, 0x08, 0x00, 0x35,
	0x50, 0xB1, 0x00, 0x00, 0xC0, 0x23, 0x00, 0x00, 0x00, 0x08, 0x00, 0x35, 0x51, 0xB1, 0x00, 0x00,
	0xC0, 0x23, 0x00, 0x00, 0x00, 0x08, 0x00, 0x35, 0xA0, 0xB1, 0x00, 0x00, 0x60, 0x24, 0x00, 0x00,
	0x00, 0x08, 0x00, 0x35, 0xA1, 0xB1, 0x00, 0x00, 0x60, 0x24, 0x00, 0x00, 0x00, 0x08, 0x00, 0x35,
	0xF0, 0xB1, 0x00, 0x00, 0x60, 0x24, 0x00, 0x00, 0x00, 0x08, 0x00, 0x35, 0xF1, 0xB1, 0x00, 0x00,
	0x60, 0x24, 0x00, 0x00, 0x00, 0x08, 0x00, 0x35, 0x40, 0xB2, 0x00, 0x00, 0x00, 0x25, 0x00, 0x00,
	0x00, 0x08, 0x00, 0x35, 0x41, 0xB2, 0x00, 0x00, 0x00, 0x25, 0x00, 0x00, 0x00, 0x08, 0x00, 0x35,
	0x90, 0xB2, 0x00, 0x00, 0x00, 0x25, 0x00, 0x00, 0x00, 0x08, 0x00, 0x35, 0x91, 0xB2, 0x00, 0x00,
	0x00, 0x25, 0x00, 0x00, 0x00, 0x08, 0x00, 0x35, 0xE0, 0xB2, 0x00, 0x00, 0xA0, 0x25, 0x00, 0x00,
	0x00, 0x08, 0x00, 0x35, 0xE1, 0xB2, 0x00, 0x00, 0xA0, 0x25, 0x00, 0x00, 0x00, 0x08, 0x00, 0x35,
	0x30, 0xB3, 0x00, 0x00, 0xA0, 0x25, 0x00, 0x00, 0x00, 0x08, 0x00, 0x35, 0x31, 0xB3, 0x00, 0x00,
	0xA0, 0x25, 0x00, 0x00, 0x00, 0x08, 0x00, 0x35, 0x80, 0xB3, 0x00, 0x00, 0x40, 0x26, 0x00, 0x00,
	0x00, 0x08, 0x00, 0x35, 0x81, 0xB3, 0x00, 0x00, 0x40, 0x26, 0x00, 0x00, 0x00, 0x08, 0x00, 0x35,
	0xD0, 0xB3, 0x00, 0x00, 0x40, 0x26, 0x00, 0x00, 0x00, 0x08, 0x00, 0x35, 0xD1, 0xB3, 0x00, 0x00,
	0x40, 0x26, 0x00, 0x00, 0x00, 0x08, 0x00, 0x35, 0x20, 0xB0, 0x00, 0x00, 0xE0, 0x26, 0x00, 0x00,
	0x00, 0x0A, 0x00, 0x35, 0x21, 0xB0, 0x00, 0x00, 0xE0, 0x26, 0x00, 0x00, 0x00, 0x0A, 0x00, 0x35,
	0x70, 0xB0, 0x00, 0x00, 0xE0, 0x26, 0x00, 0x00, 0x00, 0x0A, 0x00, 0x35, 0x71, 0xB0, 0x00, 0x00,
	0xE0, 0x26, 0x00, 0x00, 0x00, 0x0A, 0x00, 0x35, 0xC0, 0xB0, 0x00, 0x00, 0x80, 0x27, 0x00, 0x00,
	0x00, 0x0A, 0x00, 0x35, 0xC1, 0xB0, 0x00, 0x00, 0x80, 0x27, 0x00, 0x00, 0x00, 0x0A, 0x00, 0x35,
	0x10, 0xB1, 0x00, 0x00, 0x80, 0x27, 0x00, 0x00, 0x00, 0x0A, 0x00, 0x35, 0x11, 0xB1, 0x00, 0x00,
	0x80, 0x27, 0x00, 0x00, 0x00, 0x0A, 0x00, 0x35, 0x60, 0xB1, 0x00, 0x00, 0x20, 0x28, 0x00, 0x00,
	0x00, 0x0A, 0x00, 0x35, 0x61, 0xB1, 0x00, 0x00, 0x20, 0x28, 0x00, 0x00, 0x00, 0x0A, 0x00, 0x35,
	0xB0, 0xB1, 0x00, 0x00, 0x20, 0x28, 0x00, 0x00, 0x00, 0x0A, 0x00, 0x35, 0xB1, 0xB1, 0x00, 0x00,
	0x20, 0x28, 0x00, 0x00, 0x00, 0x0A, 0x00, 0x35, 0x00, 0xB2, 0x00, 0x00, 0xC0, 0x28, 0x00, 0x00,
	0x00, 0x0A, 0x00, 0x35, 0x01, 0xB2, 0x00, 0x00, 0xC0, 0x28, 0x00, 0x00, 0x00, 0x0A, 0x00, 0x35,
	0x50, 0xB2, 0x00, 0x00, 0xC0, 0x28, 0x00, 0x00, 0x00, 0x0A, 0x00, 0x35, 0x51, 0xB2, 0x00, 0x00,
	0xC0, 0x28, 0x00, 0x00, 0x00, 0x0A, 0x00, 0x35, 0xA0, 0xB2, 0x00, 0x00, 0x60, 0x29, 0x00, 0x00,
	0x00, 0x0A, 0x00, 0x35, 0xA1, 0xB2, 0x00, 0x00, 0x60, 0x29, 0x00, 0x00, 0x00, 0x0A, 0x00, 0x35,
	0xF0, 0xB2, 0x00, 0x00, 0x60, 0x29, 0x00, 0x00, 0x00, 0x0A, 0x00, 0x35, 0xF1, 0xB2, 0x00, 0x00,
	0x60, 0x29, 0x00, 0x00, 0x00, 0x0A, 0x00, 0x35, 0x40, 0xB3, 0x00, 0x00, 0x00, 0x2A, 0x00, 0x00,
	0x00, 0x0A, 0x00, 0x35, 0x41, 0xB3, 0x00, 0x00, 0x00, 0x2A, 0x00, 0x00, 0x00, 0x0A, 0x00, 0x35,
	0x90, 0xB3, 0x00, 0x00, 0x00, 0x2A, 0x00, 0x00, 0x00, 0x0A, 0x00, 0x35, 0x91, 0xB3, 0x00, 0x00,
	0x00, 0x2A, 0x00, 0x00, 0x00, 0x0A, 0x00, 0x35, 0xE0, 0xB3, 0x00, 0x00, 0xA0, 0x2A, 0x00, 0x00,
	0x00, 0x0A, 0x00, 0x35, 0xE1, 0xB3, 0x00, 0x00, 0xA0, 0x2A, 0x00, 0x00, 0x00, 0x0A, 0x00, 0x35,
	0x30, 0xB0, 0x00, 0x00, 0xA0, 0x2A, 0x00, 0x00, 0x00, 0x0C, 0x00, 0x35, 0x31, 0xB0, 0x00, 0x00,
	0xA0, 0x2A, 0x00, 0x00, 0x00, 0x0C, 0x00, 0x35, 0x80, 0xB0, 0x00, 0x00, 0x40, 0x2B, 0x00, 0x00,
	0x00, 0x0C, 0x00, 0x35, 0x81, 0xB0, 0x00, 0x00, 0x40, 0x2B, 0x00, 0x00, 0x00, 0x0C, 0x00, 0x35,
	0xD0, 0xB0, 0x00, 0x00, 0x40, 0x2B, 0x00, 0x00, 0x00, 0x0C, 0x00, 0x35, 0xD1, 0xB0, 0x00, 0x00,
	0x40, 0x2B, 0x00, 0x00, 0x00, 0x0C, 0x00, 0x35, 0x20, 0xB1, 0x00, 0x00, 0xE0, 0x2B, 0x00, 0x00,
	0x00, 0x0C, 0x00, 0x35, 0x21, 0xB1, 0x00, 0x00, 0xE0, 0x2B, 0x00, 0x00, 0x00, 0x0C, 0x00, 0x35,
	0x70, 0xB1, 0x00, 0x00, 0xE0, 0x2B, 0x00, 0x00, 0x00, 0x0C, 0x00, 0x35, 0x71, 0xB1, 0x00, 0x00,
	0xE0, 0x2B, 0x00, 0x00, 0x00, 0x0C, 0x00, 0x35, 0xC0, 0xB1, 0x00, 0x00, 0x80, 0x2C, 0x00, 0x00,
	0x00, 0x0C, 0x00, 0x35, 0xC1, 0xB1, 0x00, 0x00, 0x80, 0x2C, 0x00, 0x00, 0x00, 0x0C, 0x00, 0x35,
	0x10, 0xB2, 0x00, 0x00, 0x80, 0x2C, 0x00, 0x00, 0x00, 0x0C, 0x00, 0x35, 0x11, 0xB2, 0x00, 0x00,
	0x80, 0x2C, 0x00, 0x00, 0x00, 0x0C, 0x00, 0x35, 0x60, 0xB2, 0x00, 0x00, 0x20, 0x2D, 0x00, 0x00,
	0x00, 0x0C, 0x00, 0x35, 0x61, 0xB2, 0x00, 0x00, 0x20, 0x2D, 0x00, 0x00, 0x00, 0x0C, 0x00, 0x35,
	0xB0, 0xB2, 0x00, 0x00, 0x20, 0x2D, 0x00, 0x00, 0x00, 0x0C, 0x00, 0x35, 0xB1, 0xB2, 0x00, 0x00,
	0x20, 0x2D, 0x00, 0x00, 0x00, 0x0C, 0x00, 0x35, 0x00, 0xB3, 0x00, 0x00, 0xC0, 0x2D, 0x00, 0x00,
	0x00, 0x0C, 0x00, 0x35, 0x01, 0xB3, 0x00, 0x00, 0xC0, 0x2D, 0x00, 0x00, 0x00, 0x0C, 0x00, 0x35,
	0x50, 0xB3, 0x00, 0x00, 0xC0, 0x2D, 0x00, 0x00, 0x00, 0x0C, 0x00, 0x35, 0x51, 0xB3, 0x00, 0x00,
	0xC0, 0x2D, 0x00, 0x00, 0x00, 0x0C, 0x00, 0x35, 0xA0, 0xB3, 0x00, 0x00, 0x60, 0x2E, 0x00, 0x00,
	0x00, 0x0C, 0x00, 0x35, 0xA1, 0xB3, 0x00, 0x00, 0x60, 0x2E, 0x00, 0x00, 0x00, 0x0C, 0x00, 0x35,
	0xF0, 0xB3, 0x00, 0x00, 0x60, 0x2E, 0x00, 0x00, 0x00, 0x0C, 0x00, 0x35, 0xF1, 0xB3, 0x00, 0x00,
	0x60, 0x2E, 0x00, 0x00, 0x00, 0x0C, 0x00, 0x35, 0x40, 0xB0, 0x00, 0x00, 0x00, 0x2F, 0x00, 0x00,
	0x00, 0x0E, 0x00, 0x35, 0x41, 0xB0, 0x00, 0x00, 0x00, 0x2F, 0x00, 0x00, 0x00, 0x0E, 0x00, 0x35,
	0x90, 0xB0, 0x00, 0x00, 0x00, 0x2F, 0x00, 0x00, 0x00, 0x0E, 0x00, 0x35, 0x91, 0xB0, 0x00, 0x00,
	0x00, 0x2F, 0x00, 0x00, 0x00, 0x0E, 0x00, 0x35, 0xE0, 0xB0, 0x00, 0x00, 0xA0, 0x2F, 0x00, 0x00,
	0x00, 0x0E, 0x00, 0x35, 0xE1, 0xB0, 0x00, 0x00, 0xA0, 0x2F, 0x00, 0x00, 0x00, 0x0E, 0x00, 0x35,
	0x30, 0xB1, 0x00, 0x00, 0xA0, 0x2F, 0x00, 0x00, 0x00, 0x0E, 0x00, 0x35, 0x31, 0xB1, 0x00, 0x00,
	0xA0, 0x2F, 0x00, 0x00, 0x00, 0x0E, 0x00, 0x35, 0x80, 0xB1, 0x00, 0x00, 0x40, 0x20, 0x00, 0x00,
	0x00, 0x4E, 0x00, 0x35, 0x81, 0xB1, 0x00, 0x00, 0x40, 0x20, 0x00, 0x00, 0x00, 0x4E, 0x00, 0x35,
	0xD0, 0xB1, 0x00, 0x00, 0x40, 0x20, 0x00, 0x00, 0x00, 0x4E, 0x00, 0x35, 0xD1, 0xB1, 0x00, 0x00,
	0x40, 0x20, 0x00, 0x00, 0x00, 0x4E, 0x00, 0x06, 0x00, 0x00, 0x00, 0x00, 0x00, 0x08, 0x00, 0x00,
	0x80, 0x01, 0x00, 0x08, 0x00, 0x00, 0x00, 0x00, 0x00, 0x00, 0x00, 0x00, 0x00, 0x00, 0x00, 0x18,
	0x00, 0x00, 0x00, 0x00, 0x00, 0x00, 0x00, 0x00, 0x00, 0x00, 0x00, 0x35, 0x20, 0xB2, 0x00, 0x00,
	0xE0, 0x20, 0x00, 0x00, 0x00, 0x4E, 0x00, 0x35, 0x21, 0xB2, 0x00, 0x00, 0xE0, 0x20, 0x00, 0x00,
	0x00, 0x4E, 0x00, 0x35, 0x70, 0xB2, 0x00, 0x00, 0xE0, 0x20, 0x00, 0x00, 0x00, 0x4E, 0x00, 0x35,
	0x71, 0xB2, 0x00, 0x00, 0xE0, 0x20, 0x00, 0x00, 0x00, 0x4E, 0x00, 0x35, 0xC0, 0xB2, 0x00, 0x00,
	0x80, 0x21, 0x00, 0x00, 0x00, 0x4E, 0x00, 0x35, 0xC1, 0xB2, 0x00, 0x00, 0x80, 0x21, 0x00, 0x00,
	0x00, 0x4E, 0x00, 0x35, 0x10, 0xB3, 0x00, 0x00, 0x80, 0x21, 0x00, 0x00, 0x00, 0x4E, 0x00, 0x35,
	0x11, 0xB3, 0x00, 0x00, 0x80, 0x21, 0x00, 0x00, 0x00, 0x4E, 0x00, 0x35, 0x60, 0xB3, 0x00, 0x00,
	0x20, 0x22, 0x00, 0x00, 0x00, 0x4E, 0x00, 0x35, 0x61, 0xB3, 0x00, 0x00, 0x20, 0x22, 0x00, 0x00,
	0x00, 0x4E, 0x00, 0x35, 0xB0, 0xB3, 0x00, 0x00, 0x20, 0x22, 0x00, 0x00, 0x00, 0x4E, 0x00, 0x35,
	0xB1, 0xB3, 0x00, 0x00, 0x20, 0x22, 0x00, 0x00, 0x00, 0x4E, 0x00, 0x2E, 0x40, 0xB5, 0x00, 0x00,
	0x00, 0x78, 0xC0, 0x00, 0x82, 0x05, 0x00, 0x00, 0x00, 0x00, 0x00, 0x00, 0x00, 0x00, 0x00, 0x00,
	0x00, 0x00, 0x00, 0x00, 0x00, 0x14, 0x00, 0x00, 0x00, 0x00, 0x00, 0x00, 0x00, 0x00, 0x00, 0x00,
	0x00, 0x00, 0x00, 0x00, 0x00, 0x00, 0x00, 0x00, 0x00, 0x00, 0x00, 0x00, 0x00, 0x14, 0x00, 0x00,
	0x00, 0x00, 0x00, 0x00, 0x00, 0x00, 0x00, 0x0E, 0x00, 0x54, 0x00, 0x00, 0x00, 0x78, 0x00, 0x00,
	0x28, 0x05, 0x00, 0x40, 0x68, 0x47, 0x00, 0x00, 0x00, 0x00, 0x00, 0x00, 0x00, 0x00, 0x00, 0xDC,
	0x80, 0xBF, 0x00, 0x01, 0x00, 0x00, 0x00, 0x00, 0x00, 0x80, 0x0B, 0x2E, 0x80, 0x57, 0x00, 0x00,
	0x00, 0x78, 0x00, 0x01, 0x80, 0x07, 0x00, 0x00, 0x00, 0x00, 0x00, 0x00, 0x00, 0x00, 0x00, 0x00,
	0x00, 0x00, 0x00, 0x00, 0x00, 0x14, 0x00, 0x00, 0x00, 0x00, 0x00, 0x00, 0x00, 0x00, 0x00, 0x0E,
	0x00, 0x54, 0x00, 0x00, 0x00, 0x78, 0x00, 0x00, 0x3C, 0x05, 0x00, 0x40, 0x68, 0x47, 0x00, 0x00,
	0x00, 0x00, 0x00, 0x00, 0x00, 0x00, 0x00, 0xDC, 0x80, 0xBF, 0x00, 0x01, 0x00, 0x00, 0x00, 0x00,
	0x00, 0x80, 0x0B, 0x2E, 0x80, 0x57, 0x00, 0x00, 0x00, 0x78, 0x00, 0x01, 0x94, 0x07, 0x00, 0x00,
	0x00, 0x00, 0x00, 0x00, 0x00, 0x00, 0x00, 0x00, 0x00, 0x00, 0x00, 0x00, 0x00, 0x14, 0x00, 0x00,
	0x00, 0x00, 0x00, 0x00, 0x00, 0x00, 0x00, 0x0E, 0x00, 0x54, 0x00, 0x00, 0x00, 0x78, 0x00, 0x00,
	0x50, 0x05, 0x00, 0x40, 0x68, 0x47, 0x00, 0x00, 0x00, 0x00, 0x00, 0x00, 0x00, 0x00, 0x00, 0xDC,
	0x80, 0xBF, 0x00, 0x01, 0x00, 0x00, 0x00, 0x00, 0x00, 0x80, 0x0B, 0x2E, 0x80, 0x57, 0x00, 0x00,
	0x00, 0x78, 0x00, 0x01, 0xA8, 0x07, 0x00, 0x00, 0x00, 0x00, 0x00, 0x00, 0x00, 0x00, 0x00, 0x00,
	0x00, 0x00, 0x00, 0x00, 0x00, 0x14, 0x00, 0x00, 0x00, 0x00, 0x00, 0x00, 0x00, 0x00, 0x00, 0x0E,
	0x00, 0x54, 0x00, 0x00, 0x00, 0x78, 0x00, 0x00, 0x64, 0x05, 0x00, 0x40, 0x68, 0x47, 0x00, 0x00,
	0x00, 0x00, 0x00, 0x00, 0x00, 0x00, 0x00, 0xDC, 0x80, 0xBF, 0x00, 0x01, 0x00, 0x00, 0x00, 0x00,
	0x00, 0x80, 0x0B, 0x2E, 0x80, 0x57, 0x00, 0x00, 0x00, 0x78, 0x00, 0x01, 0xBC, 0x07, 0x00, 0x00,
	0x00, 0x00, 0x00, 0x00, 0x00, 0x00, 0x00, 0x00, 0x00, 0x00, 0x00, 0x00, 0x00, 0x14, 0x00, 0x00,
	0x00, 0x00, 0x00, 0x00, 0x00, 0x00, 0x00, 0x0E, 0x00, 0x54, 0x00, 0x00, 0x00, 0x78, 0x00, 0x00,
	0x78, 0x05, 0x00, 0x40, 0x68, 0x47, 0x00, 0x00, 0x00, 0x00, 0x00, 0x00, 0x00, 0x00, 0x00, 0xDC,
	0x80, 0xBF, 0x00, 0x01, 0x00, 0x00, 0x00, 0x00, 0x00, 0x80, 0x0B, 0x2E, 0x80, 0x57, 0x00, 0x00,
	0x00, 0x78, 0x00, 0x01, 0xD0, 0x07, 0x00, 0x00, 0x00, 0x00, 0x00, 0x00, 0x00, 0x00, 0x00, 0x00,
	0x00, 0x00, 0x00, 0x00, 0x00, 0x14, 0x00, 0x00, 0x00, 0x00, 0x00, 0x00, 0x00, 0x00, 0x00, 0x0E,
	0x00, 0x54, 0x00, 0x00, 0x00, 0x78, 0x00, 0x00, 0x8C, 0x05, 0x00, 0x40, 0x68, 0x47, 0x00, 0x00,
	0x00, 0x00, 0x00, 0x00, 0x00, 0x00, 0x00, 0xDC, 0x80, 0xBF, 0x00, 0x01, 0x00, 0x00, 0x00, 0x00,
	0x00, 0x80, 0x0B, 0x2E, 0x80, 0x57, 0x00, 0x00, 0x00, 0x78, 0x00, 0x01, 0xE4, 0x07, 0x00, 0x00,
	0x00, 0x00, 0x00, 0x00, 0x00, 0x00, 0x00, 0x00, 0x00, 0x00, 0x00, 0x00, 0x00, 0x14, 0x00, 0x00,
	0x00, 0x00, 0x00, 0x00, 0x00, 0x00, 0x00, 0x00, 0x00, 0x00, 0x00, 0x00, 0x00, 0x00, 0x00, 0x00,
	0x00, 0x00, 0x00, 0x00, 0x00, 0x14, 0x00, 0x00, 0x00, 0x00, 0x00, 0x00, 0x00, 0x00, 0x00, 0x0E,
	0x00, 0x7C, 0x00, 0x00, 0x00, 0x1E, 0x00, 0x00, 0x2C, 0x01, 0x00, 0x40, 0xC1, 0x76, 0x00, 0x00,
	0x00, 0x00, 0x00, 0x00, 0x00, 0x00, 0x00, 0xDC, 0xA0, 0x3E, 0x41, 0x01, 0x00, 0x00, 0x00, 0x00,
	0x00, 0xC0, 0x0B, 0x2E, 0xA0, 0x7E, 0x00, 0x00, 0x00, 0x1E, 0x40, 0x01, 0x00, 0x00, 0x00, 0x00,
	0x00, 0x00, 0x00, 0x00, 0x00, 0x00, 0x00, 0x00, 0x00, 0x00, 0x00, 0x00, 0x00, 0x14, 0x00, 0x00,
	0x00, 0x00, 0x00, 0x00, 0x00, 0x00, 0x00, 0x0E, 0x00, 0x7C, 0x00, 0x00, 0x00, 0x1E, 0x00, 0x00,
	0x3B, 0x01, 0x00, 0x40, 0xC1, 0x76, 0x00, 0x00, 0x00, 0x00, 0x00, 0x00, 0x00, 0x00, 0x00, 0xDC,
	0xA0, 0x3E, 0x41, 0x01, 0x00, 0x00, 0x00, 0x00, 0x00, 0xC0, 0x0B, 0x2E, 0xA0, 0x7E, 0x00, 0x00,
	0x00, 0x1E, 0x40, 0x01, 0x0F, 0x00, 0x00, 0x00, 0x00, 0x00, 0x00, 0x00, 0x00, 0x00, 0x00, 0x00,
	0x00, 0x00, 0x00, 0x00, 0x00, 0x14, 0x00, 0x00, 0x00, 0x00, 0x00, 0x00, 0x00, 0x00, 0x00, 0x66,
	0x00, 0x00, 0x00, 0x00, 0x00, 0x2C, 0x01, 0x00, 0x58, 0x02, 0x00, 0x40, 0xA0, 0x77, 0x00, 0x00,
	0x00, 0x00, 0x00, 0x00, 0x00, 0x00, 0x00, 0xDC, 0xA0, 0xFE, 0x40, 0x01, 0x00, 0x00, 0x00, 0x00,
	0x00, 0x00, 0x0C, 0x76, 0xA0, 0x02, 0x00, 0x00, 0x00, 0x2C, 0x41, 0x01, 0x96, 0x00, 0x00, 0x00,
	0x00, 0x00, 0x00, 0x00, 0x00, 0x00, 0x00, 0x00, 0x00, 0x00, 0x00, 0x00, 0x00, 0x14, 0x00, 0x00,
	0x00, 0x00, 0x00, 0x00, 0x00, 0x00, 0x00, 0x0E, 0x00, 0x54, 0x00, 0x00, 0x00, 0x78, 0x00, 0x00,
	0xD0, 0x02, 0x00, 0x40, 0x42, 0x55, 0x00, 0x00, 0x00, 0x00, 0x00, 0x00, 0x00, 0x00, 0x00, 0xDC,
	0x80, 0xBF, 0x00, 0x01, 0x00, 0x00, 0x00, 0x00, 0x00, 0x00, 0x0C, 0x2E, 0x80, 0x57, 0x00, 0x00,
	0x00, 0x78, 0x00, 0x01, 0x28, 0x05, 0x00, 0x00, 0x00, 0x00, 0x00, 0x00, 0x00, 0x00, 0x00, 0x00,
	0x00, 0x00, 0x00, 0x00, 0x00, 0x14, 0x00, 0x00, 0x00, 0x00, 0x00, 0x00, 0x00, 0x00, 0x00, 0x0E,
	0x00, 0x54, 0x00, 0x00, 0x00, 0x78, 0x00, 0x00, 0xE4, 0x02, 0x00, 0x40, 0x42, 0x55, 0x00, 0x00,
	0x00, 0x00, 0x00, 0x00, 0x00, 0x00, 0x00, 0xDC, 0x80, 0xBF, 0x00, 0x01, 0x00, 0x00, 0x00, 0x00,
	0x00, 0x00, 0x0C, 0x2E, 0x80, 0x57, 0x00, 0x00, 0x00, 0x78, 0x00, 0x01, 0x3C, 0x05, 0x00, 0x00,
	0x00, 0x00, 0x00, 0x00, 0x00, 0x00, 0x00, 0x00, 0x00, 0x00, 0x00, 0x00, 0x00, 0x14, 0x00, 0x00,
	0x00, 0x00, 0x00, 0x00, 0x00, 0x00, 0x00, 0x0E, 0x00, 0x54, 0x00, 0x00, 0x00, 0x78, 0x00, 0x00,
	0xF8, 0x02, 0x00, 0x40, 0x42, 0x55, 0x00, 0x00, 0x00, 0x00, 0x00, 0x00, 0x00, 0x00, 0x00, 0xDC,
	0x80, 0xBF, 0x00, 0x01, 0x00, 0x00, 0x00, 0x00, 0x00, 0x00, 0x0C, 0x2E, 0x80, 0x57, 0x00, 0x00,
	0x00, 0x78, 0x00, 0x01, 0x50, 0x05, 0x00, 0x00, 0x00, 0x00, 0x00, 0x00, 0x00, 0x00, 0x00, 0x00,
	0x00, 0x00, 0x00, 0x00, 0x00, 0x14, 0x00, 0x00, 0x00, 0x00, 0x00, 0x00, 0x00, 0x00, 0x00, 0x0E,
	0x00, 0x54, 0x00, 0x00, 0x00, 0x78, 0x00, 0x00, 0x0C, 0x03, 0x00, 0x40, 0x42, 0x55, 0x00, 0x00,
	0x00, 0x00, 0x00, 0x00, 0x00, 0x00, 0x00, 0xDC, 0x80, 0xBF, 0x00, 0x01, 0x00, 0x00, 0x00, 0x00,
	0x00, 0x00, 0x0C, 0x2E, 0x80, 0x57, 0x00, 0x00, 0x00, 0x78, 0x00, 0x01, 0x64, 0x05, 0x00, 0x00,
	0x00, 0x00, 0x00, 0x00, 0x00, 0x00, 0x00, 0x00, 0x00, 0x00, 0x00, 0x00, 0x00, 0x14, 0x00, 0x00,
	0x00, 0x00, 0x00, 0x00, 0x00, 0x00, 0x00, 0x0E, 0x00, 0x54, 0x00, 0x00, 0x00, 0x78, 0x00, 0x00,
	0x20, 0x03, 0x00, 0x40, 0x42, 0x55, 0x00, 0x00, 0x00, 0x00, 0x00, 0x00, 0x00, 0x00, 0x00, 0xDC,
	0x80, 0xBF, 0x00, 0x01, 0x00, 0x00, 0x00, 0x00, 0x00, 0x00, 0x0C, 0x2E, 0x80, 0x57, 0x00, 0x00,
	0x00, 0x78, 0x00, 0x01, 0x78, 0x05, 0x00, 0x00, 0x00, 0x00, 0x00, 0x00, 0x00, 0x00, 0x00, 0x00,
	0x00, 0x00, 0x00, 0x00, 0x00, 0x14, 0x00, 0x00, 0x00, 0x00, 0x00, 0x00, 0x00, 0x00, 0x00, 0x0E,
	0x00, 0x54, 0x00, 0x00, 0x00, 0x78, 0x00, 0x00, 0x34, 0x03, 0x00, 0x40, 0x42, 0x55, 0x00, 0x00,
	0x00, 0x00, 0x00, 0x00, 0x00, 0x00, 0x00, 0xDC, 0x80, 0xBF, 0x00, 0x01, 0x00, 0x00, 0x00, 0x00,
	0x00, 0x00, 0x0C, 0x2E, 0x80, 0x57, 0x00, 0x00, 0x00, 0x78, 0x00, 0x01, 0x8C, 0x05, 0x00, 0x00,
	0x00, 0x00, 0x00, 0x00, 0x00, 0x00, 0x00, 0x00, 0x00, 0x00, 0x00, 0x00, 0x00, 0x14, 0x00, 0x00,
	0x00, 0x00, 0x00, 0x00, 0x00, 0x00, 0x00, 0x00, 0x00, 0x00, 0x00, 0x00, 0x00, 0x00, 0x00, 0x00,
	0x00, 0x00, 0x00, 0x00, 0x00, 0x14, 0x00, 0x00, 0x00, 0x00, 0x00, 0x00, 0x00, 0x00, 0x00, 0x0E,
	0x00, 0x74, 0x00, 0x00, 0x00, 0x78, 0x00, 0x00, 0x80, 0x07, 0x00, 0x0D, 0x80, 0x43, 0x01, 0x00,
	0x00, 0x00, 0x00, 0x00, 0x00, 0x08, 0x00, 0x0E, 0x00, 0x74, 0x00, 0x00, 0x00, 0x78, 0x00, 0x00,
	0x28, 0x05, 0x00, 0x0D, 0xC0, 0x41, 0x01, 0x00, 0x00, 0x00, 0x00, 0x00, 0x00, 0x0C, 0x00, 0x2E,
	0x80, 0x73, 0x00, 0x00, 0x00, 0x78, 0x00, 0x01, 0xD8, 0x09, 0x00, 0x00, 0x00, 0x00, 0x00, 0x00,
	0x00, 0x00, 0x00, 0x00, 0x00, 0x00, 0x00, 0x00, 0x00, 0x14, 0x00, 0x00, 0x00, 0x00, 0x00, 0x00,
	0x00, 0x00, 0x00, 0x0E, 0x00, 0x74, 0x00, 0x00, 0x00, 0x78, 0x00, 0x00, 0x8A, 0x07, 0x00, 0x0D,
	0x80, 0x43, 0x01, 0x00, 0x00, 0x00, 0x00, 0x00, 0x00, 0x08, 0x00, 0x0E, 0x00, 0x74, 0x00, 0x00,
	0x00, 0x78, 0x00, 0x00, 0x32, 0x05, 0x00, 0x0D, 0xC0, 0x41, 0x01, 0x00, 0x00, 0x00, 0x00, 0x00,
	0x00, 0x0C, 0x00, 0x2E, 0x80, 0x73, 0x00, 0x00, 0x00, 0x78, 0x00, 0x01, 0xE2, 0x09, 0x00, 0x00,
	0x00, 0x00, 0x00, 0x00, 0x00, 0x00, 0x00, 0x00, 0x00, 0x00, 0x00, 0x00, 0x00, 0x14, 0x00, 0x00,
	0x00, 0x00, 0x00, 0x00, 0x00, 0x00, 0x00, 0x0E, 0x00, 0x74, 0x00, 0x00, 0x00, 0x78, 0x00, 0x00,
	0x94, 0x07, 0x00, 0x0D, 0x80, 0x43, 0x01, 0x00, 0x00, 0x00, 0x00, 0x00, 0x00, 0x08, 0x00, 0x0E,
	0x00, 0x74, 0x00, 0x00, 0x00, 0x78, 0x00, 0x00, 0x3C, 0x05, 0x00, 0x0D, 0xC0, 0x41, 0x01, 0x00,
	0x00, 0x00, 0x00, 0x00, 0x00, 0x0C, 0x00, 0x2E, 0x80, 0x73, 0x00, 0x00, 0x00, 0x78, 0x00, 0x01,
	0xEC, 0x09, 0x00, 0x00, 0x00, 0x00, 0x00, 0x00, 0x00, 0x00, 0x00, 0x00, 0x00, 0x00, 0x00, 0x00,
	0x00, 0x14, 0x00, 0x00, 0x00, 0x00, 0x00, 0x00, 0x00, 0x00, 0x00, 0x0E, 0x00, 0x74, 0x00, 0x00,
	0x00, 0x78, 0x00, 0x00, 0x9E, 0x07, 0x00, 0x0D, 0x80, 0x43, 0x01, 0x00, 0x00, 0x00, 0x00, 0x00,
	0x00, 0x08, 0x00, 0x0E, 0x00, 0x74, 0x00, 0x00, 0x00, 0x78, 0x00, 0x00, 0x46, 0x05, 0x00, 0x0D,
	0xC0, 0x41, 0x01, 0x00, 0x00, 0x00, 0x00, 0x00, 0x00, 0x0C, 0x00, 0x2E, 0x80, 0x73, 0x00, 0x00,
	0x00, 0x78, 0x00, 0x01, 0xF6, 0x09, 0x00, 0x00, 0x00, 0x00, 0x00, 0x00, 0x00, 0x00, 0x00, 0x00,
	0x00, 0x00, 0x00, 0x00, 0x00, 0x14, 0x00, 0x00, 0x00, 0x00, 0x00, 0x00, 0x00, 0x00, 0x00, 0x0E,
	0x00, 0x74, 0x00, 0x00, 0x00, 0x78, 0x00, 0x00, 0xA8, 0x07, 0x00, 0x0D, 0x80, 0x43, 0x01, 0x00,
	0x00, 0x00, 0x00, 0x00, 0x00, 0x08, 0x00, 0x0E, 0x00, 0x74, 0x00, 0x00, 0x00, 0x78, 0x00, 0x00,
	0x50, 0x05, 0x00, 0x0D, 0xC0, 0x41, 0x01, 0x00, 0x00, 0x00, 0x00, 0x00, 0x00, 0x0C, 0x00, 0x2E,
	0x80, 0x73, 0x00, 0x00, 0x00, 0x78, 0x00, 0x01, 0x00, 0x0A, 0x00, 0x00, 0x00, 0x00, 0x00, 0x00,
	0x00, 0x00, 0x00, 0x00, 0x00, 0x00, 0x00, 0x00, 0x00, 0x14, 0x00, 0x00, 0x00, 0x00, 0x00, 0x00,
	0x00, 0x00, 0x00, 0x0E, 0x00, 0x74, 0x00, 0x00, 0x00, 0x78, 0x00, 0x00, 0xB2, 0x07, 0x00, 0x0D,
	0x80, 0x43, 0x01, 0x00, 0x00, 0x00, 0x00, 0x00, 0x00, 0x08, 0x00, 0x0E, 0x00, 0x74, 0x00, 0x00,
	0x00, 0x78, 0x00, 0x00, 0x5A, 0x05, 0x00, 0x0D, 0xC0, 0x41, 0x01, 0x00, 0x00, 0x00, 0x00, 0x00,
	0x00, 0x0C, 0x00, 0x2E, 0x80, 0x73, 0x00, 0x00, 0x00, 0x78, 0x00, 0x01, 0x0A, 0x0A, 0x00, 0x00,
	0x00, 0x00, 0x00, 0x00, 0x00, 0x00, 0x00, 0x00, 0x00, 0x00, 0x00, 0x00, 0x00, 0x14, 0x00, 0x00,
	0x00, 0x00, 0x00, 0x00, 0x00, 0x00, 0x00, 0x0E, 0x00, 0x74, 0x00, 0x00, 0x00, 0x78, 0x00, 0x00,
	0xBC, 0x07, 0x00, 0x0D, 0x80, 0x43, 0x01, 0x00, 0x00, 0x00, 0x00, 0x00, 0x00, 0x08, 0x00, 0x0E,
	0x00, 0x74, 0x00, 0x00, 0x00, 0x78, 0x00, 0x00, 0x64, 0x05, 0x00, 0x0D, 0xC0, 0x41, 0x01, 0x00,
	0x00, 0x00, 0x00, 0x00, 0x00, 0x0C, 0x00, 0x2E, 0x80, 0x73, 0x00, 0x00, 0x00, 0x78, 0x00, 0x01,
	0x14, 0x0A, 0x00, 0x00, 0x00, 0x00, 0x00, 0x00, 0x00, 0x00, 0x00, 0x00, 0x00, 0x00, 0x00, 0x00,
	0x00, 0x14, 0x00, 0x00, 0x00, 0x00, 0x00, 0x00, 0x00, 0x00, 0x00, 0x0E, 0x00, 0x74, 0x00, 0x00,
	0x00, 0x78, 0x00, 0x00, 0xC6, 0x07, 0x00, 0x0D, 0x80, 0x43, 0x01, 0x00, 0x00, 0x00, 0x00, 0x00,
	0x00, 0x08, 0x00, 0x0E, 0x00, 0x74, 0x00, 0x00, 0x00, 0x78, 0x00, 0x00, 0x6E, 0x05, 0x00, 0x0D,
	0xC0, 0x41, 0x01, 0x00, 0x00, 0x00, 0x00, 0x00, 0x00, 0x0C, 0x00, 0x2E, 0x80, 0x73, 0x00, 0x00,
	0x00, 0x78, 0x00, 0x01, 0x1E, 0x0A, 0x00, 0x00, 0x00, 0x00, 0x00, 0x00, 0x00, 0x00, 0x00, 0x00,
	0x00, 0x00, 0x00, 0x00, 0x00, 0x14, 0x00, 0x00, 0x00, 0x00, 0x00, 0x00, 0x00, 0x00, 0x00, 0x0E,
	0x00, 0x74, 0x00, 0x00, 0x00, 0x78, 0x00, 0x00, 0xD0, 0x07, 0x00, 0x0D, 0x80, 0x43, 0x01, 0x00,
	0x00, 0x00, 0x00, 0x00, 0x00, 0x08, 0x00, 0x0E, 0x00, 0x74, 0x00, 0x00, 0x00, 0x78, 0x00, 0x00,
	0x78, 0x05, 0x00, 0x0D, 0xC0, 0x41, 0x01, 0x00, 0x00, 0x00, 0x00, 0x00, 0x00, 0x0C, 0x00, 0x2E,
	0x80, 0x73, 0x00, 0x00, 0x00, 0x78, 0x00, 0x01, 0x28, 0x0A, 0x00, 0x00, 0x00, 0x00, 0x00, 0x00,
	0x00, 0x00, 0x00, 0x00, 0x00, 0x00, 0x00, 0x00, 0x00, 0x14, 0x00, 0x00, 0x00, 0x00, 0x00, 0x00,
	0x00, 0x00, 0x00, 0x0E, 0x00, 0x74, 0x00, 0x00, 0x00, 0x78, 0x00, 0x00, 0xDA, 0x07, 0x00, 0x0D,
	0x80, 0x43, 0x01, 0x00, 0x00, 0x00, 0x00, 0x00, 0x00, 0x08, 0x00, 0x0E, 0x00, 0x74, 0x00, 0x00,
	0x00, 0x78, 0x00, 0x00, 0x82, 0x05, 0x00, 0x0D, 0xC0, 0x41, 0x01, 0x00, 0x00, 0x00, 0x00, 0x00,
	0x00, 0x0C, 0x00, 0x2E, 0x80, 0x73, 0x00, 0x00, 0x00, 0x78, 0x00, 0x01, 0x32, 0x0A, 0x00, 0x00,
	0x00, 0x00, 0x00, 0x00, 0x00, 0x00, 0x00, 0x00, 0x00, 0x00, 0x00, 0x00, 0x00, 0x14, 0x00, 0x00,
	0x00, 0x00, 0x00, 0x00, 0x00, 0x00, 0x00, 0x0E, 0x00, 0x74, 0x00, 0x00, 0x00, 0x78, 0x00, 0x00,
	0xE4, 0x07, 0x00, 0x0D, 0x80, 0x43, 0x01, 0x00, 0x00, 0x00, 0x00, 0x00, 0x00, 0x08, 0x00, 0x0E,
	0x00, 0x74, 0x00, 0x00, 0x00, 0x78, 0x00, 0x00, 0x8C, 0x05, 0x00, 0x0D, 0xC0, 0x41, 0x01, 0x00,
	0x00, 0x00, 0x00, 0x00, 0x00, 0x0C, 0x00, 0x2E, 0x80, 0x73, 0x00, 0x00, 0x00, 0x78, 0x00, 0x01,
	0x3C, 0x0A, 0x00, 0x00, 0x00, 0x00, 0x00, 0x00, 0x00, 0x00, 0x00, 0x00, 0x00, 0x00, 0x00, 0x00,
	0x00, 0x14, 0x00, 0x00, 0x00, 0x00, 0x00, 0x00, 0x00, 0x00, 0x00, 0x0E, 0x00, 0x74, 0x00, 0x00,
	0x00, 0x78, 0x00, 0x00, 0xEE, 0x07, 0x00, 0x0D, 0x80, 0x43, 0x01, 0x00, 0x00, 0x00, 0x00, 0x00,
	0x00, 0x08, 0x00, 0x0E, 0x00, 0x74, 0x00, 0x00, 0x00, 0x78, 0x00, 0x00, 0x96, 0x05, 0x00, 0x0D,
	0xC0, 0x41, 0x01, 0x00, 0x00, 0x00, 0x00, 0x00, 0x00, 0x0C, 0x00, 0x2E, 0x80, 0x73, 0x00, 0x00,
	0x00, 0x78, 0x00, 0x01, 0x46, 0x0A, 0x00, 0x00, 0x00, 0x00, 0x00, 0x00, 0x00, 0x00, 0x00, 0x00,
	0x00, 0x00, 0x00, 0x00, 0x00, 0x14, 0x00, 0x00, 0x00, 0x00, 0x00, 0x00, 0x00, 0x00, 0x00, 0x00,
	0x00, 0x00, 0x00, 0x00, 0x00, 0x00, 0x00, 0x00, 0x00, 0x00, 0x00, 0x00, 0x00, 0x14, 0x00, 0x00,
	0x00, 0x00, 0x00, 0x00, 0x00, 0x00, 0x00, 0x0E, 0x00, 0xB8, 0x00, 0x00, 0x00, 0x78, 0x00, 0x00,
	0xD8, 0x09, 0x00, 0x28, 0x00, 0x00, 0x00, 0x00, 0x00, 0x00, 0x00, 0x00, 0x00, 0x00, 0x00, 0x38,
	0x00, 0x00, 0x00, 0x00, 0x00, 0x00, 0x00, 0x00, 0x00, 0x84, 0x33, 0x16, 0x00, 0x00, 0x00, 0x01,
	0x00, 0x0A, 0x00, 0x00, 0x2F, 0x07, 0x00, 0x26, 0x00, 0x00, 0x80, 0x01, 0x80, 0x00, 0x00, 0x14,
	0x20, 0x00, 0x00, 0x29, 0xE0, 0x44, 0x49, 0x21, 0x00, 0x00, 0x00, 0x14, 0x80, 0x30, 0x00, 0x16,
	0x20, 0x01, 0x00, 0x03, 0x00, 0x0A, 0x00, 0x10, 0x31, 0x07, 0x00, 0x26, 0x00, 0x00, 0x00, 0x02,
	0x80, 0x00, 0x00, 0x28, 0x20, 0x00, 0x00, 0x29, 0xED, 0x44, 0x49, 0x21, 0x00, 0x00, 0x12, 0x68,
	0x80, 0x10, 0x00, 0x16, 0x00, 0x00, 0x00, 0x01, 0x00, 0x0A, 0x00, 0x00, 0x34, 0x07, 0x00, 0x26,
	0x00, 0x00, 0x80, 0x02, 0x80, 0x00, 0x00, 0x00, 0x20, 0x00, 0x00, 0x29, 0xF9, 0x4C, 0x49, 0x21,
	0x00, 0x00, 0x00, 0x00, 0x80, 0x30, 0x00, 0x28, 0x00, 0x00, 0x00, 0x00, 0x00, 0x00, 0x00, 0x00,
	0x00, 0x00, 0x00, 0x38, 0x00, 0x00, 0x00, 0x00, 0x00, 0x00, 0x00, 0x00, 0x00, 0x82, 0x33, 0x16,
	0x20, 0x01, 0x00, 0x03, 0x00, 0x03, 0x00, 0x10, 0x36, 0x07, 0x00, 0x26, 0x00, 0x00, 0x00, 0x03,
	0x80, 0x00, 0x00, 0x3C, 0x20, 0x00, 0x00, 0x29, 0x00, 0x44, 0x51, 0x21, 0x80, 0x03, 0x12, 0x7C,
	0x80, 0x00, 0x06, 0x16, 0x00, 0x00, 0x00, 0x02, 0x00, 0x03, 0x00, 0x00, 0x37, 0x07, 0x00, 0x26,
	0x00, 0x00, 0x80, 0x03, 0x80, 0x00, 0x00, 0x14, 0x20, 0x00, 0x00, 0x29, 0x0C, 0x44, 0x51, 0x21,
	0x80, 0x03, 0x00, 0x14, 0x80, 0x20, 0x06, 0x16, 0x20, 0x01, 0x00, 0x01, 0x00, 0x03, 0x00, 0x10,
	0x38, 0x07, 0x00, 0x26, 0x00, 0x00, 0x00, 0x00, 0x80, 0x00, 0x00, 0x28, 0x21, 0x00, 0x00, 0x29,
	0x19, 0x4C, 0x51, 0x21, 0x80, 0x03, 0x12, 0x68, 0x80, 0x00, 0x06, 0x28, 0x00, 0x00, 0x00, 0x00,
	0x00, 0x00, 0x00, 0x00, 0x00, 0x00, 0x00, 0x38, 0x00, 0x00, 0x00, 0x00, 0x00, 0x00, 0x00, 0x00,
	0x00, 0x46, 0x33, 0x16, 0x00, 0x00, 0x00, 0x00, 0x00, 0x1B, 0x00, 0x00, 0x39, 0x07, 0x00, 0x26,
	0x00, 0x00, 0x80, 0x00, 0x80, 0x00, 0x00, 0x00, 0x21, 0x00, 0x00, 0x29, 0xE2, 0x54, 0x51, 0x2D,
	0x00, 0x00, 0x00, 0x00, 0x80, 0x00, 0x00, 0x16, 0x20, 0x01, 0x00, 0x03, 0x00, 0x1B, 0x00, 0x10,
	0x3F, 0x07, 0x00, 0x26, 0x00, 0x00, 0x00, 0x01, 0x80, 0x00, 0x00, 0x3C, 0x21, 0x00, 0x00, 0x29,
	0xEC, 0x54, 0x51, 0x2D, 0x00, 0x00, 0x12, 0x7C, 0x80, 0x00, 0x00, 0x16, 0x00, 0x00, 0x00, 0x02,
	0x00, 0x1B, 0x00, 0x00, 0x46, 0x07, 0x00, 0x26, 0x00, 0x00, 0x80, 0x01, 0x80, 0x00, 0x00, 0x14,
	0x21, 0x00, 0x00, 0x29, 0xF6, 0x58, 0x51, 0x2D, 0x00, 0x00, 0x00, 0x14, 0x80, 0x00, 0x00, 0x2E,
	0x40, 0x18, 0x00, 0x00, 0x00, 0x78, 0xC0, 0x01, 0xE1, 0x00, 0x00, 0x00, 0x00, 0x00, 0x00, 0x00,
	0x00, 0x00, 0x00, 0x00, 0x00, 0x00, 0x00, 0x00, 0x00, 0x14, 0x00, 0x00, 0x00, 0x00, 0x00, 0x00,
	0x00, 0x00, 0x00, 0x0E, 0x00, 0xBC, 0x00, 0x02, 0x00, 0x78, 0x00, 0x00, 0xDF, 0x09, 0x00, 0x28,
	0x00, 0x00, 0x00, 0x00, 0x00, 0x00, 0x00, 0x00, 0x00, 0x00, 0x00, 0x38, 0x00, 0x00, 0x00, 0x00,
	0x00, 0x00, 0x00, 0x00, 0x00, 0x84, 0x33, 0x16, 0x20, 0x01, 0x00, 0x01, 0x00, 0x0A, 0x00, 0x10,
	0x2F, 0x07, 0x00, 0x26, 0x00, 0x00, 0x80, 0x01, 0x80, 0x00, 0x00, 0x28, 0x20, 0x00, 0x00, 0x29,
	0xDA, 0x5C, 0x61, 0x21, 0x00, 0x00, 0x12, 0x68, 0x80, 0x20, 0x00, 0x16, 0x00, 0x00, 0x00, 0x03,
	0x00, 0x0A, 0x00, 0x00, 0x31, 0x07, 0x00, 0x26, 0x00, 0x00, 0x00, 0x02, 0x80, 0x00, 0x00, 0x00,
	0x20, 0x00, 0x00, 0x29, 0xE9, 0x5C, 0x61, 0x21, 0x00, 0x00, 0x00, 0x00, 0x80, 0x20, 0x00, 0x16,
	0x20, 0x01, 0x00, 0x01, 0x00, 0x0A, 0x00, 0x10, 0x34, 0x07, 0x00, 0x26, 0x00, 0x00, 0x80, 0x02,
	0x80, 0x00, 0x00, 0x3C, 0x20, 0x00, 0x00, 0x29, 0xF8, 0x64, 0x61, 0x21, 0x00, 0x00, 0x12, 0x7C,
	0x80, 0x20, 0x00, 0x28, 0x00, 0x00, 0x00, 0x00, 0x00, 0x00, 0x00, 0x00, 0x00, 0x00, 0x00, 0x38,
	0x00, 0x00, 0x00, 0x00, 0x00, 0x00, 0x00, 0x00, 0x00, 0x82, 0x33, 0x16, 0x00, 0x00, 0x00, 0x03,
	0x00, 0x03, 0x00, 0x00, 0x36, 0x07, 0x00, 0x26, 0x00, 0x00, 0x00, 0x03, 0x80, 0x00, 0x00, 0x14,
	0x20, 0x00, 0x00, 0x29, 0x00, 0x5C, 0x69, 0x21, 0x68, 0x03, 0x00, 0x14, 0x80, 0x00, 0x04, 0x16,
	0x20, 0x01, 0x00, 0x02, 0x00, 0x03, 0x00, 0x10, 0x37, 0x07, 0x00, 0x26, 0x00, 0x00, 0x80, 0x03,
	0x80, 0x00, 0x00, 0x28, 0x20, 0x00, 0x00, 0x29, 0x0F, 0x5C, 0x69, 0x21, 0x68, 0x03, 0x12, 0x68,
	0x80, 0x00, 0x04, 0x16, 0x00, 0x00, 0x00, 0x01, 0x00, 0x03, 0x00, 0x00, 0x38, 0x07, 0x00, 0x26,
	0x00, 0x00, 0x00, 0x00, 0x80, 0x00, 0x00, 0x00, 0x21, 0x00, 0x00, 0x29, 0x1E, 0x64, 0x69, 0x21,
	0x68, 0x03, 0x00, 0x00, 0x80, 0x00, 0x04, 0x28, 0x00, 0x00, 0x00, 0x00, 0x00, 0x00, 0x00, 0x00,
	0x00, 0x00, 0x00, 0x38, 0x00, 0x00, 0x00, 0x00, 0x00, 0x00, 0x00, 0x00, 0x00, 0x46, 0x33, 0x16,
	0x20, 0x01, 0x00, 0x00, 0x00, 0x1B, 0x00, 0x10, 0x39, 0x07, 0x00, 0x26, 0x00, 0x00, 0x80, 0x00,
	0x80, 0x00, 0x00, 0x3C, 0x21, 0x00, 0x00, 0x29, 0xE2, 0x54, 0x69, 0x35, 0x00, 0x00, 0x12, 0x7C,
	0x80, 0x00, 0x00, 0x16, 0x00, 0x00, 0x00, 0x03, 0x00, 0x1B, 0x00, 0x00, 0x3F, 0x07, 0x00, 0x26,
	0x00, 0x00, 0x00, 0x01, 0x80, 0x00, 0x00, 0x14, 0x21, 0x00, 0x00, 0x29, 0xEC, 0x54, 0x69, 0x35,
	0x00, 0x00, 0x00, 0x14, 0x80, 0x00, 0x00, 0x16, 0x20, 0x01, 0x00, 0x02, 0x00, 0x1B, 0x00, 0x10,
	0x46, 0x07, 0x00, 0x26, 0x00, 0x00, 0x80, 0x01, 0x80, 0x00, 0x00, 0x28, 0x21, 0x00, 0x00, 0x29,
	0xF6, 0x58, 0x69, 0x35, 0x00, 0x00, 0x12, 0x68, 0x80, 0x00, 0x00, 0x2E, 0x40, 0x18, 0x00, 0x00,
	0x00, 0x78, 0xC0, 0x01, 0xEB, 0x00, 0x00, 0x00, 0x00, 0x00, 0x00, 0x00, 0x00, 0x00, 0x00, 0x00,
	0x00, 0x00, 0x00, 0x00, 0x00, 0x14, 0x00, 0x00, 0x00, 0x00, 0x00, 0x00, 0x00, 0x00, 0x00, 0x0E,
	0x00, 0xBC, 0x00, 0x02, 0x00, 0x78, 0x00, 0x00, 0xE9, 0x09, 0x00, 0x28, 0x00, 0x00, 0x00, 0x00,
	0x00, 0x00, 0x00, 0x00, 0x00, 0x00, 0x00, 0x38, 0x00, 0x00, 0x00, 0x00, 0x00, 0x00, 0x00, 0x00,
	0x00, 0x84, 0x33, 0x16, 0x00, 0x00, 0x00, 0x01, 0x00, 0x0A, 0x00, 0x00, 0x2F, 0x07, 0x00, 0x26,
	0x00, 0x00, 0x80, 0x01, 0x80, 0x00, 0x00, 0x00, 0x20, 0x00, 0x00, 0x29, 0xDA, 0x5C, 0x61, 0x21,
	0x00, 0x00, 0x00, 0x00, 0x80, 0x20, 0x00, 0x16, 0x20, 0x01, 0x00, 0x03, 0x00, 0x0A, 0x00, 0x10,
	0x31, 0x07, 0x00, 0x26, 0x00, 0x00, 0x00, 0x02, 0x80, 0x00, 0x00, 0x3C, 0x20, 0x00, 0x00, 0x29,
	0xE9, 0x5C, 0x61, 0x21, 0x00, 0x00, 0x12, 0x7C, 0x80, 0x20, 0x00, 0x16, 0x00, 0x00, 0x00, 0x01,
	0x00, 0x0A, 0x00, 0x00, 0x34, 0x07, 0x00, 0x26, 0x00, 0x00, 0x80, 0x02, 0x80, 0x00, 0x00, 0x14,
	0x20, 0x00, 0x00, 0x29, 0xF8, 0x64, 0x61, 0x21, 0x00, 0x00, 0x00, 0x14, 0x80, 0x20, 0x00, 0x28,
	0x00, 0x00, 0x00, 0x00, 0x00, 0x00, 0x00, 0x00, 0x00, 0x00, 0x00, 0x38, 0x00, 0x00, 0x00, 0x00,
	0x00, 0x00, 0x00, 0x00, 0x00, 0x82, 0x33, 0x16, 0x20, 0x01, 0x00, 0x03, 0x00, 0x03, 0x00, 0x10,
	0x36, 0x07, 0x00, 0x26, 0x00, 0x00, 0x00, 0x03, 0x80, 0x00, 0x00, 0x28, 0x20, 0x00, 0x00, 0x29,
	0x00, 0x5C, 0x69, 0x21, 0x68, 0x03, 0x12, 0x68, 0x80, 0x00, 0x04, 0x16, 0x00, 0x00, 0x00, 0x02,
	0x00, 0x03, 0x00, 0x00, 0x37, 0x07, 0x00, 0x26, 0x00, 0x00, 0x80, 0x03, 0x80, 0x00, 0x00, 0x00,
	0x20, 0x00, 0x00, 0x29, 0x0F, 0x5C, 0x69, 0x21, 0x68, 0x03, 0x00, 0x00, 0x80, 0x00, 0x04, 0x16,
	0x20, 0x01, 0x00, 0x01, 0x00, 0x03, 0x00, 0x10, 0x38, 0x07, 0x00, 0x26, 0x00, 0x00, 0x00, 0x00,
	0x80, 0x00, 0x00, 0x3C, 0x21, 0x00, 0x00, 0x29, 0x1E, 0x64, 0x69, 0x21, 0x68, 0x03, 0x12, 0x7C,
	0x80, 0x00, 0x04, 0x28, 0x00, 0x00, 0x00, 0x00, 0x00, 0x00, 0x00, 0x00, 0x00, 0x00, 0x00, 0x38,
	0x00, 0x00, 0x00, 0x00, 0x00, 0x00, 0x00, 0x00, 0x00, 0x46, 0x33, 0x16, 0x00, 0x00, 0x00, 0x00,
	0x00, 0x1B, 0x00, 0x00, 0x39, 0x07, 0x00, 0x26, 0x00, 0x00, 0x80, 0x00, 0x80, 0x00, 0x00, 0x14,
	0x21, 0x00, 0x00, 0x29, 0xE2, 0x54, 0x69, 0x35, 0x00, 0x00, 0x00, 0x14, 0x80, 0x00, 0x00, 0x16,
	0x20, 0x01, 0x00, 0x03, 0x00, 0x1B, 0x00, 0x10, 0x3F, 0x07, 0x00, 0x26, 0x00, 0x00, 0x00, 0x01,
	0x80, 0x00, 0x00, 0x28, 0x21, 0x00, 0x00, 0x29, 0xEC, 0x54, 0x69, 0x35, 0x00, 0x00, 0x12, 0x68,
	0x80, 0x00, 0x00, 0x16, 0x00, 0x00, 0x00, 0x02, 0x00, 0x1B, 0x00, 0x00, 0x46, 0x07, 0x00, 0x26,
	0x00, 0x00, 0x80, 0x01, 0x80, 0x00, 0x00, 0x00, 0x21, 0x00, 0x00, 0x29, 0xF6, 0x58, 0x69, 0x35,
	0x00, 0x00, 0x00, 0x00, 0x80, 0x00, 0x00, 0x2E, 0x40, 0x18, 0x00, 0x00, 0x00, 0x78, 0xC0, 0x01,
	0xF5, 0x00, 0x00, 0x00, 0x00, 0x00, 0x00, 0x00, 0x00, 0x00, 0x00, 0x00, 0x00, 0x00, 0x00, 0x00,
	0x00, 0x14, 0x00, 0x00, 0x00, 0x00, 0x00, 0x00, 0x00, 0x00, 0x00, 0x0E, 0x00, 0xBC, 0x00, 0x02,
	0x00, 0x78, 0x00, 0x00, 0xF3, 0x09, 0x00, 0x28, 0x00, 0x00, 0x00, 0x00, 0x00, 0x00, 0x00, 0x00,
	0x00, 0x00, 0x00, 0x38, 0x00, 0x00, 0x00, 0x00, 0x00, 0x00, 0x00, 0x00, 0x00, 0x84, 0x33, 0x16,
	0x20, 0x01, 0x00, 0x01, 0x00, 0x0A, 0x00, 0x10, 0x2F, 0x07, 0x00, 0x26, 0x00, 0x00, 0x80, 0x01,
	0x80, 0x00, 0x00, 0x3C, 0x20, 0x00, 0x00, 0x29, 0xDA, 0x5C, 0x61, 0x21, 0x00, 0x00, 0x12, 0x7C,
	0x80, 0x20, 0x00, 0x16, 0x00, 0x00, 0x00, 0x03, 0x00, 0x0A, 0x00, 0x00, 0x31, 0x07, 0x00, 0x26,
	0x00, 0x00, 0x00, 0x02, 0x80, 0x00, 0x00, 0x14, 0x20, 0x00, 0x00, 0x29, 0xE9, 0x5C, 0x61, 0x21,
	0x00, 0x00, 0x00, 0x14, 0x80, 0x20, 0x00, 0x16, 0x20, 0x01, 0x00, 0x01, 0x00, 0x0A, 0x00, 0x10,
	0x34, 0x07, 0x00, 0x26, 0x00, 0x00, 0x80, 0x02, 0x80, 0x00, 0x00, 0x28, 0x20, 0x00, 0x00, 0x29,
	0xF8, 0x64, 0x61, 0x21, 0x00, 0x00, 0x12, 0x68, 0x80, 0x20, 0x00, 0x28, 0x00, 0x00, 0x00, 0x00,
	0x00, 0x00, 0x00, 0x00, 0x00, 0x00, 0x00, 0x38, 0x00, 0x00, 0x00, 0x00, 0x00, 0x00, 0x00, 0x00,
	0x00, 0x82, 0x33, 0x16, 0x00, 0x00, 0x00, 0x03, 0x00, 0x03, 0x00, 0x00, 0x36, 0x07, 0x00, 0x26,
	0x00, 0x00, 0x00, 0x03, 0x80, 0x00, 0x00, 0x00, 0x20, 0x00, 0x00, 0x29, 0x00, 0x5C, 0x69, 0x21,
	0x68, 0x03, 0x00, 0x00, 0x80, 0x00, 0x04, 0x16, 0x20, 0x01, 0x00, 0x02, 0x00, 0x03, 0x00, 0x10,
	0x37, 0x07, 0x00, 0x26, 0x00, 0x00, 0x80, 0x03, 0x80, 0x00, 0x00, 0x3C, 0x20, 0x00, 0x00, 0x29,
	0x0F, 0x5C, 0x69, 0x21, 0x68, 0x03, 0x12, 0x7C, 0x80, 0x00, 0x04, 0x16, 0x00, 0x00, 0x00, 0x01,
	0x00, 0x03, 0x00, 0x00, 0x38, 0x07, 0x00, 0x26, 0x00, 0x00, 0x00, 0x00, 0x80, 0x00, 0x00, 0x14,
	0x21, 0x00, 0x00, 0x29, 0x1E, 0x64, 0x69, 0x21, 0x68, 0x03, 0x00, 0x14, 0x80, 0x00, 0x04, 0x28,
	0x00, 0x00, 0x00, 0x00, 0x00, 0x00, 0x00, 0x00, 0x00, 0x00, 0x00, 0x38, 0x00, 0x00, 0x00, 0x00,
	0x00, 0x00, 0x00, 0x00, 0x00, 0x46, 0x33, 0x16, 0x20, 0x01, 0x00, 0x00, 0x00, 0x1B, 0x00, 0x10,
	0x39, 0x07, 0x00, 0x26, 0x00, 0x00, 0x80, 0x00, 0x80, 0x00, 0x00, 0x28, 0x21, 0x00, 0x00, 0x29,
	0xE2, 0x54, 0x69, 0x35, 0x00, 0x00, 0x12, 0x68, 0x80, 0x00, 0x00, 0x16, 0x00, 0x00, 0x00, 0x03,
	0x00, 0x1B, 0x00, 0x00, 0x3F, 0x07, 0x00, 0x26, 0x00, 0x00, 0x00, 0x01, 0x80, 0x00, 0x00, 0x00,
	0x21, 0x00, 0x00, 0x29, 0xEC, 0x54, 0x69, 0x35, 0x00, 0x00, 0x00, 0x00, 0x80, 0x00, 0x00, 0x16,
	0x20, 0x01, 0x00, 0x02, 0x00, 0x1B, 0x00, 0x10, 0x46, 0x07, 0x00, 0x26, 0x00, 0x00, 0x80, 0x01,
	0x80, 0x00, 0x00, 0x3C, 0x21, 0x00, 0x00, 0x29, 0xF6, 0x58, 0x69, 0x35, 0x00, 0x00, 0x12, 0x7C,
	0x80, 0x00, 0x00, 0x2E, 0x40, 0x18, 0x00, 0x00, 0x00, 0x78, 0xC0, 0x01, 0xFF, 0x00, 0x00, 0x00,
	0x00, 0x00, 0x00, 0x00, 0x00, 0x00, 0x00, 0x00, 0x00, 0x00, 0x00, 0x00, 0x00, 0x14, 0x00, 0x00,
	0x00, 0x00, 0x00, 0x00, 0x00, 0x00, 0x00, 0x0E, 0x00, 0xBC, 0x00, 0x02, 0x00, 0x78, 0x00, 0x00,
	0xFD, 0x09, 0x00, 0x28, 0x00, 0x00, 0x00, 0x00, 0x00, 0x00, 0x00, 0x00, 0x00, 0x00, 0x00, 0x38,
	0x00, 0x00, 0x00, 0x00, 0x00, 0x00, 0x00, 0x00, 0x00, 0x84, 0x33, 0x16, 0x00, 0x00, 0x00, 0x01,
	0x00, 0x0A, 0x00, 0x00, 0x2F, 0x07, 0x00, 0x26, 0x00, 0x00, 0x80, 0x01, 0x80, 0x00, 0x00, 0x14,
	0x20, 0x00, 0x00, 0x29, 0xDA, 0x5C, 0x61, 0x21, 0x00, 0x00, 0x00, 0x14, 0x80, 0x20, 0x00, 0x16,
	0x20, 0x01, 0x00, 0x03, 0x00, 0x0A, 0x00, 0x10, 0x31, 0x07, 0x00, 0x26, 0x00, 0x00, 0x00, 0x02,
	0x80, 0x00, 0x00, 0x28, 0x20, 0x00, 0x00, 0x29, 0xE9, 0x5C, 0x61, 0x21, 0x00, 0x00, 0x12, 0x68,
	0x80, 0x20, 0x00, 0x16, 0x00, 0x00, 0x00, 0x01, 0x00, 0x0A, 0x00, 0x00, 0x34, 0x07, 0x00, 0x26,
	0x00, 0x00, 0x80, 0x02, 0x80, 0x00, 0x00, 0x00, 0x20, 0x00, 0x00, 0x29, 0xF8, 0x64, 0x61, 0x21,
	0x00, 0x00, 0x00, 0x00, 0x80, 0x20, 0x00, 0x28, 0x00, 0x00, 0x00, 0x00, 0x00, 0x00, 0x00, 0x00,
	0x00, 0x00, 0x00, 0x38, 0x00, 0x00, 0x00, 0x00, 0x00, 0x00, 0x00, 0x00, 0x00, 0x82, 0x33, 0x16,
	0x20, 0x01, 0x00, 0x03, 0x00, 0x03, 0x00, 0x10, 0x36, 0x07, 0x00, 0x26, 0x00, 0x00, 0x00, 0x03,
	0x80, 0x00, 0x00, 0x3C, 0x20, 0x00, 0x00, 0x29, 0x00, 0x5C, 0x69, 0x21, 0x68, 0x03, 0x12, 0x7C,
	0x80, 0x00, 0x04, 0x16, 0x00, 0x00, 0x00, 0x02, 0x00, 0x03, 0x00, 0x00, 0x37, 0x07, 0x00, 0x26,
	0x00, 0x00, 0x80, 0x03, 0x80, 0x00, 0x00, 0x14, 0x20, 0x00, 0x00, 0x29, 0x0F, 0x5C, 0x69, 0x21,
	0x68, 0x03, 0x00, 0x14, 0x80, 0x00, 0x04, 0x16, 0x20, 0x01, 0x00, 0x01, 0x00, 0x03, 0x00, 0x10,
	0x38, 0x07, 0x00, 0x26, 0x00, 0x00, 0x00, 0x00, 0x80, 0x00, 0x00, 0x28, 0x21, 0x00, 0x00, 0x29,
	0x1E, 0x64, 0x69, 0x21, 0x68, 0x03, 0x12, 0x68, 0x80, 0x00, 0x04, 0x28, 0x00, 0x00, 0x00, 0x00,
	0x00, 0x00, 0x00, 0x00, 0x00, 0x00, 0x00, 0x38, 0x00, 0x00, 0x00, 0x00, 0x00, 0x00, 0x00, 0x00,
	0x00, 0x46, 0x33, 0x16, 0x00, 0x00, 0x00, 0x00, 0x00, 0x1B, 0x00, 0x00, 0x39, 0x07, 0x00, 0x26,
	0x00, 0x00, 0x80, 0x00, 0x80, 0x00, 0x00, 0x00, 0x21, 0x00, 0x00, 0x29, 0xE2, 0x54, 0x69, 0x35,
	0x00, 0x00, 0x00, 0x00, 0x80, 0x00, 0x00, 0x16, 0x20, 0x01, 0x00, 0x03, 0x00, 0x1B, 0x00, 0x10,
	0x3F, 0x07, 0x00, 0x26, 0x00, 0x00, 0x00, 0x01, 0x80, 0x00, 0x00, 0x3C, 0x21, 0x00, 0x00, 0x29,
	0xEC, 0x54, 0x69, 0x35, 0x00, 0x00, 0x12, 0x7C, 0x80, 0x00, 0x00, 0x16, 0x00, 0x00, 0x00, 0x02,
	0x00, 0x1B, 0x00, 0x00, 0x46, 0x07, 0x00, 0x26, 0x00, 0x00, 0x80, 0x01, 0x80, 0x00, 0x00, 0x14,
	0x21, 0x00, 0x00, 0x29, 0xF6, 0x58, 0x69, 0x35, 0x00, 0x00, 0x00, 0x14, 0x80, 0x00, 0x00, 0x2E,
	0x40, 0x18, 0x00, 0x00, 0x00, 0x78, 0xC0, 0x01, 0x09, 0x01, 0x00, 0x00, 0x00, 0x00, 0x00, 0x00,
	0x00, 0x00, 0x00, 0x00, 0x00, 0x00, 0x00, 0x00, 0x00, 0x14, 0x00, 0x00, 0x00, 0x00, 0x00, 0x00,
	0x00, 0x00, 0x00, 0x0E, 0x00, 0xBC, 0x00, 0x02, 0x00, 0x78, 0x00, 0x00, 0x07, 0x0A, 0x00, 0x28,
	0x00, 0x00, 0x00, 0x00, 0x00, 0x00, 0x00, 0x00, 0x00, 0x00, 0x00, 0x38, 0x00, 0x00, 0x00, 0x00,
	0x00, 0x00, 0x00, 0x00, 0x00, 0x84, 0x33, 0x16, 0x20, 0x01, 0x00, 0x01, 0x00, 0x0A, 0x00, 0x10,
	0x2F, 0x07, 0x00, 0x26, 0x00, 0x00, 0x80, 0x01, 0x80, 0x00, 0x00, 0x28, 0x20, 0x00, 0x00, 0x29,
	0xDA, 0x5C, 0x61, 0x21, 0x00, 0x00, 0x12, 0x68, 0x80, 0x20, 0x00, 0x16, 0x00, 0x00, 0x00, 0x03,
	0x00, 0x0A, 0x00, 0x00, 0x31, 0x07, 0x00, 0x26, 0x00, 0x00, 0x00, 0x02, 0x80, 0x00, 0x00, 0x00,
	0x20, 0x00, 0x00, 0x29, 0xE9, 0x5C, 0x61, 0x21, 0x00, 0x00, 0x00, 0x00, 0x80, 0x20, 0x00, 0x16,
	0x20, 0x01, 0x00, 0x01, 0x00, 0x0A, 0x00, 0x10, 0x34, 0x07, 0x00, 0x26, 0x00, 0x00, 0x80, 0x02,
	0x80, 0x00, 0x00, 0x3C, 0x20, 0x00, 0x00, 0x29, 0xF8, 0x64, 0x61, 0x21, 0x00, 0x00, 0x12, 0x7C,
	0x80, 0x20, 0x00, 0x28, 0x00, 0x00, 0x00, 0x00, 0x00, 0x00, 0x00, 0x00, 0x00, 0x00, 0x00, 0x38,
	0x00, 0x00, 0x00, 0x00, 0x00, 0x00, 0x00, 0x00, 0x00, 0x82, 0x33, 0x16, 0x00, 0x00, 0x00, 0x03,
	0x00, 0x03, 0x00, 0x00, 0x36, 0x07, 0x00, 0x26, 0x00, 0x00, 0x00, 0x03, 0x80, 0x00, 0x00, 0x14,
	0x20, 0x00, 0x00, 0x29, 0x00, 0x5C, 0x69, 0x21, 0x68, 0x03, 0x00, 0x14, 0x80, 0x00, 0x04, 0x16,
	0x20, 0x01, 0x00, 0x02, 0x00, 0x03, 0x00, 0x10, 0x37, 0x07, 0x00, 0x26, 0x00, 0x00, 0x80, 0x03,
	0x80, 0x00, 0x00, 0x28, 0x20, 0x00, 0x00, 0x29, 0x0F, 0x5C, 0x69, 0x21, 0x68, 0x03, 0x12, 0x68,
	0x80, 0x00, 0x04, 0x16, 0x00, 0x00, 0x00, 0x01, 0x00, 0x03, 0x00, 0x00, 0x38, 0x07, 0x00, 0x26,
	0x00, 0x00, 0x00, 0x00, 0x80, 0x00, 0x00, 0x00, 0x21, 0x00, 0x00, 0x29, 0x1E, 0x64, 0x69, 0x21,
	0x68, 0x03, 0x00, 0x00, 0x80, 0x00, 0x04, 0x28, 0x00, 0x00, 0x00, 0x00, 0x00, 0x00, 0x00, 0x00,
	0x00, 0x00, 0x00, 0x38, 0x00, 0x00, 0x00, 0x00, 0x00, 0x00, 0x00, 0x00, 0x00, 0x46, 0x33, 0x16,
	0x20, 0x01, 0x00, 0x00, 0x00, 0x1B, 0x00, 0x10, 0x39, 0x07, 0x00, 0x26, 0x00, 0x00, 0x80, 0x00,
	0x80, 0x00, 0x00, 0x3C, 0x21, 0x00, 0x00, 0x29, 0xE2, 0x54, 0x69, 0x35, 0x00, 0x00, 0x12, 0x7C,
	0x80, 0x00, 0x00, 0x16, 0x00, 0x00, 0x00, 0x03, 0x00, 0x1B, 0x00, 0x00, 0x3F, 0x07, 0x00, 0x26,
	0x00, 0x00, 0x00, 0x01, 0x80, 0x00, 0x00, 0x14, 0x21, 0x00, 0x00, 0x29, 0xEC, 0x54, 0x69, 0x35,
	0x00, 0x00, 0x00, 0x14, 0x80, 0x00, 0x00, 0x16, 0x20, 0x01, 0x00, 0x02, 0x00, 0x1B, 0x00, 0x10,
	0x46, 0x07, 0x00, 0x26, 0x00, 0x00, 0x80, 0x01, 0x80, 0x00, 0x00, 0x28, 0x21, 0x00, 0x00, 0x29,
	0xF6, 0x58, 0x69, 0x35, 0x00, 0x00, 0x12, 0x68, 0x80, 0x00, 0x00, 0x2E, 0x40, 0x18, 0x00, 0x00,
	0x00, 0x78, 0xC0, 0x01, 0x13, 0x01, 0x00, 0x00, 0x00, 0x00, 0x00, 0x00, 0x00, 0x00, 0x00, 0x00,
	0x00, 0x00, 0x00, 0x00, 0x00, 0x14, 0x00, 0x00, 0x00, 0x00, 0x00, 0x00, 0x00, 0x00, 0x00, 0x0E,
	0x00, 0xBC, 0x00, 0x02, 0x00, 0x78, 0x00, 0x00, 0x11, 0x0A, 0x00, 0x28, 0x00, 0x00, 0x00, 0x00,
	0x00, 0x00, 0x00, 0x00, 0x00, 0x00, 0x00, 0x38, 0x00, 0x00, 0x00, 0x00, 0x00, 0x00, 0x00, 0x00,
	0x00, 0x84, 0x33, 0x16, 0x00, 0x00, 0x00, 0x01, 0x00, 0x0A, 0x00, 0x00, 0x2F, 0x07, 0x00, 0x26,
	0x00, 0x00, 0x80, 0x01, 0x80, 0x00, 0x00, 0x00, 0x20, 0x00, 0x00, 0x29, 0xDA, 0x5C, 0x61, 0x21,
	0x00, 0x00, 0x00, 0x00, 0x80, 0x20, 0x00, 0x16, 0x20, 0x01, 0x00, 0x03, 0x00, 0x0A, 0x00, 0x10,
	0x31, 0x07, 0x00, 0x26, 0x00, 0x00, 0x00, 0x02, 0x80, 0x00, 0x00, 0x3C, 0x20, 0x00, 0x00, 0x29,
	0xE9, 0x5C, 0x61, 0x21, 0x00, 0x00, 0x12, 0x7C, 0x80, 0x20, 0x00, 0x16, 0x00, 0x00, 0x00, 0x01,
	0x00, 0x0A, 0x00, 0x00, 0x34, 0x07, 0x00, 0x26, 0x00, 0x00, 0x80, 0x02, 0x80, 0x00, 0x00, 0x14,
	0x20, 0x00, 0x00, 0x29, 0xF8, 0x64, 0x61, 0x21, 0x00, 0x00, 0x00, 0x14, 0x80, 0x20, 0x00, 0x28,
	0x00, 0x00, 0x00, 0x00, 0x00, 0x00, 0x00, 0x00, 0x00, 0x00, 0x00, 0x38, 0x00, 0x00, 0x00, 0x00,
	0x00, 0x00, 0x00, 0x00, 0x00, 0x82, 0x33, 0x16, 0x20, 0x01, 0x00, 0x03, 0x00, 0x03, 0x00, 0x10,
	0x36, 0x07, 0x00, 0x26, 0x00, 0x00, 0x00, 0x03, 0x80, 0x00, 0x00, 0x28, 0x20, 0x00, 0x00, 0x29,
	0x00, 0x5C, 0x69, 0x21, 0x68, 0x03, 0x12, 0x68, 0x80, 0x00, 0x04, 0x16, 0x00, 0x00, 0x00, 0x02,
	0x00, 0x03, 0x00, 0x00, 0x37, 0x07, 0x00, 0x26, 0x00, 0x00, 0x80, 0x03, 0x80, 0x00, 0x00, 0x00,
	0x20, 0x00, 0x00, 0x29, 0x0F, 0x5C, 0x69, 0x21, 0x68, 0x03, 0x00, 0x00, 0x80, 0x00, 0x04, 0x16,
	0x20, 0x01, 0x00, 0x01, 0x00, 0x03, 0x00, 0x10, 0x38, 0x07, 0x00, 0x26, 0x00, 0x00, 0x00, 0x00,
	0x80, 0x00, 0x00, 0x3C, 0x21, 0x00, 0x00, 0x29, 0x1E, 0x64, 0x69, 0x21, 0x68, 0x03, 0x12, 0x7C,
	0x80, 0x00, 0x04, 0x28, 0x00, 0x00, 0x00, 0x00, 0x00, 0x00, 0x00, 0x00, 0x00, 0x00, 0x00, 0x38,
	0x00, 0x00, 0x00, 0x00, 0x00, 0x00, 0x00, 0x00, 0x00, 0x46, 0x33, 0x16, 0x00, 0x00, 0x00, 0x00,
	0x00, 0x1B, 0x00, 0x00, 0x39, 0x07, 0x00, 0x26, 0x00, 0x00, 0x80, 0x00, 0x80, 0x00, 0x00, 0x14,
	0x21, 0x00, 0x00, 0x29, 0xE2, 0x54, 0x69, 0x35, 0x00, 0x00, 0x00, 0x14, 0x80, 0x00, 0x00, 0x16,
	0x20, 0x01, 0x00, 0x03, 0x00, 0x1B, 0x00, 0x10, 0x3F, 0x07, 0x00, 0x26, 0x00, 0x00, 0x00, 0x01,
	0x80, 0x00, 0x00, 0x28, 0x21, 0x00, 0x00, 0x29, 0xEC, 0x54, 0x69, 0x35, 0x00, 0x00, 0x12, 0x68,
	0x80, 0x00, 0x00, 0x16, 0x00, 0x00, 0x00, 0x02, 0x00, 0x1B, 0x00, 0x00, 0x46, 0x07, 0x00, 0x26,
	0x00, 0x00, 0x80, 0x01, 0x80, 0x00, 0x00, 0x00, 0x21, 0x00, 0x00, 0x29, 0xF6, 0x58, 0x69, 0x35,
	0x00, 0x00, 0x00, 0x00, 0x80, 0x00, 0x00, 0x2E, 0x40, 0x18, 0x00, 0x00, 0x00, 0x78, 0xC0, 0x01,
	0x1D, 0x01, 0x00, 0x00, 0x00, 0x00, 0x00, 0x00, 0x00, 0x00, 0x00, 0x00, 0x00, 0x00, 0x00, 0x00,
	0x00, 0x14, 0x00, 0x00, 0x00, 0x00, 0x00, 0x00, 0x00, 0x00, 0x00, 0x0E, 0x00, 0xBC, 0x00, 0x02,
	0x00, 0x78, 0x00, 0x00, 0x1B, 0x0A, 0x00, 0x28, 0x00, 0x00, 0x00, 0x00, 0x00, 0x00, 0x00, 0x00,
	0x00, 0x00, 0x00, 0x38, 0x00, 0x00, 0x00, 0x00, 0x00, 0x00, 0x00, 0x00, 0x00, 0x84, 0x33, 0x16,
	0x20, 0x01, 0x00, 0x01, 0x00, 0x0A, 0x00, 0x10, 0x2F, 0x07, 0x00, 0x26, 0x00, 0x00, 0x80, 0x01,
	0x80, 0x00, 0x00, 0x3C, 0x20, 0x00, 0x00, 0x29, 0xDA, 0x5C, 0x61, 0x21, 0x00, 0x00, 0x12, 0x7C,
	0x80, 0x20, 0x00, 0x16, 0x00, 0x00, 0x00, 0x03, 0x00, 0x0A, 0x00, 0x00, 0x31, 0x07, 0x00, 0x26,
	0x00, 0x00, 0x00, 0x02, 0x80, 0x00, 0x00, 0x14, 0x20, 0x00, 0x00, 0x29, 0xE9, 0x5C, 0x61, 0x21,
	0x00, 0x00, 0x00, 0x14, 0x80, 0x20, 0x00, 0x16, 0x20, 0x01, 0x00, 0x01, 0x00, 0x0A, 0x00, 0x10,
	0x34, 0x07, 0x00, 0x26, 0x00, 0x00, 0x80, 0x02, 0x80, 0x00, 0x00, 0x28, 0x20, 0x00, 0x00, 0x29,
	0xF8, 0x64, 0x61, 0x21, 0x00, 0x00, 0x12, 0x68, 0x80, 0x20, 0x00, 0x28, 0x00, 0x00, 0x00, 0x00,
	0x00, 0x00, 0x00, 0x00, 0x00, 0x00, 0x00, 0x38, 0x00, 0x00, 0x00, 0x00, 0x00, 0x00, 0x00, 0x00,
	0x00, 0x82, 0x33, 0x16, 0x00, 0x00, 0x00, 0x03, 0x00, 0x03, 0x00, 0x00, 0x36, 0x07, 0x00, 0x26,
	0x00, 0x00, 0x00, 0x03, 0x80, 0x00, 0x00, 0x00, 0x20, 0x00, 0x00, 0x29, 0x00, 0x5C, 0x69, 0x21,
	0x68, 0x03, 0x00, 0x00, 0x80, 0x00, 0x04, 0x16, 0x20, 0x01, 0x00, 0x02, 0x00, 0x03, 0x00, 0x10,
	0x37, 0x07, 0x00, 0x26, 0x00, 0x00, 0x80, 0x03, 0x80, 0x00, 0x00, 0x3C, 0x20, 0x00, 0x00, 0x29,
	0x0F, 0x5C, 0x69, 0x21, 0x68, 0x03, 0x12, 0x7C, 0x80, 0x00, 0x04, 0x16, 0x00, 0x00, 0x00, 0x01,
	0x00, 0x03, 0x00, 0x00, 0x38, 0x07, 0x00, 0x26, 0x00, 0x00, 0x00, 0x00, 0x80, 0x00, 0x00, 0x14,
	0x21, 0x00, 0x00, 0x29, 0x1E, 0x64, 0x69, 0x21, 0x68, 0x03, 0x00, 0x14, 0x80, 0x00, 0x04, 0x28,
	0x00, 0x00, 0x00, 0x00, 0x00, 0x00, 0x00, 0x00, 0x00, 0x00, 0x00, 0x38, 0x00, 0x00, 0x00, 0x00,
	0x00, 0x00, 0x00, 0x00, 0x00, 0x46, 0x33, 0x16, 0x20, 0x01, 0x00, 0x00, 0x00, 0x1B, 0x00, 0x10,
	0x39, 0x07, 0x00, 0x26, 0x00, 0x00, 0x80, 0x00, 0x80, 0x00, 0x00, 0x28, 0x21, 0x00, 0x00, 0x29,
	0xE2, 0x54, 0x69, 0x35, 0x00, 0x00, 0x12, 0x68, 0x80, 0x00, 0x00, 0x16, 0x00, 0x00, 0x00, 0x03,
	0x00, 0x1B, 0x00, 0x00, 0x3F, 0x07, 0x00, 0x26, 0x00, 0x00, 0x00, 0x01, 0x80, 0x00, 0x00, 0x00,
	0x21, 0x00, 0x00, 0x29, 0xEC, 0x54, 0x69, 0x35, 0x00, 0x00, 0x00, 0x00, 0x80, 0x00, 0x00, 0x16,
	0x20, 0x01, 0x00, 0x02, 0x00, 0x1B, 0x00, 0x10, 0x46, 0x07, 0x00, 0x26, 0x00, 0x00, 0x80, 0x01,
	0x80, 0x00, 0x00, 0x3C, 0x21, 0x00, 0x00, 0x29, 0xF6, 0x58, 0x69, 0x35, 0x00, 0x00, 0x12, 0x7C,
	0x80, 0x00, 0x00, 0x2E, 0x40, 0x18, 0x00, 0x00, 0x00, 0x78, 0xC0, 0x01, 0x27, 0x01, 0x00, 0x00,
	0x00, 0x00, 0x00, 0x00, 0x00, 0x00, 0x00, 0x00, 0x00, 0x00, 0x00, 0x00, 0x00, 0x14, 0x00, 0x00,
	0x00, 0x00, 0x00, 0x00, 0x00, 0x00, 0x00, 0x0E, 0x00, 0xBC, 0x00, 0x02, 0x00, 0x78, 0x00, 0x00,
	0x25, 0x0A, 0x00, 0x28, 0x00, 0x00, 0x00, 0x00, 0x00, 0x00, 0x00, 0x00, 0x00, 0x00, 0x00, 0x38,
	0x00, 0x00, 0x00, 0x00, 0x00, 0x00, 0x00, 0x00, 0x00, 0x84, 0x33, 0x16, 0x00, 0x00, 0x00, 0x01,
	0x00, 0x0A, 0x00, 0x00, 0x2F, 0x07, 0x00, 0x26, 0x00, 0x00, 0x80, 0x01, 0x80, 0x00, 0x00, 0x14,
	0x20, 0x00, 0x00, 0x29, 0xDA, 0x5C, 0x61, 0x21, 0x00, 0x00, 0x00, 0x14, 0x80, 0x20, 0x00, 0x16,
	0x20, 0x01, 0x00, 0x03, 0x00, 0x0A, 0x00, 0x10, 0x31, 0x07, 0x00, 0x26, 0x00, 0x00, 0x00, 0x02,
	0x80, 0x00, 0x00, 0x28, 0x20, 0x00, 0x00, 0x29, 0xE9, 0x5C, 0x61, 0x21, 0x00, 0x00, 0x12, 0x68,
	0x80, 0x20, 0x00, 0x16, 0x00, 0x00, 0x00, 0x01, 0x00, 0x0A, 0x00, 0x00, 0x34, 0x07, 0x00, 0x26,
	0x00, 0x00, 0x80, 0x02, 0x80, 0x00, 0x00, 0x00, 0x20, 0x00, 0x00, 0x29, 0xF8, 0x64, 0x61, 0x21,
	0x00, 0x00, 0x00, 0x00, 0x80, 0x20, 0x00, 0x28, 0x00, 0x00, 0x00, 0x00, 0x00, 0x00, 0x00, 0x00,
	0x00, 0x00, 0x00, 0x38, 0x00, 0x00, 0x00, 0x00, 0x00, 0x00, 0x00, 0x00, 0x00, 0x82, 0x33, 0x16,
	0x20, 0x01, 0x00, 0x03, 0x00, 0x03, 0x00, 0x10, 0x36, 0x07, 0x00, 0x26, 0x00, 0x00, 0x00, 0x03,
	0x80, 0x00, 0x00, 0x3C, 0x20, 0x00, 0x00, 0x06, 0x00, 0x02, 0x00, 0x00, 0x00, 0x08, 0x00, 0x00,
	0x98, 0x01, 0x00, 0x08, 0x00, 0x00, 0x00, 0x00, 0x00, 0x00, 0x00, 0x00, 0x00, 0x00, 0x00, 0x18,
	0x00, 0x02, 0x00, 0x00, 0x00, 0x00, 0x00, 0x00, 0x00, 0x00, 0x00, 0x29, 0x00, 0x5C, 0x69, 0x21,
	0x68, 0x03, 0x12, 0x7C, 0x80, 0x00, 0x04, 0x16, 0x00, 0x00, 0x00, 0x02, 0x00, 0x03, 0x00, 0x00,
	0x37, 0x07, 0x00, 0x26, 0x00, 0x00, 0x80, 0x03, 0x80, 0x00, 0x00, 0x14, 0x20, 0x00, 0x00, 0x29,
	0x0F, 0x5C, 0x69, 0x21, 0x68, 0x03, 0x00, 0x14, 0x80, 0x00, 0x04, 0x16, 0x20, 0x01, 0x00, 0x01,
	0x00, 0x03, 0x00, 0x10, 0x38, 0x07, 0x00, 0x26, 0x00, 0x00, 0x00, 0x00, 0x80, 0x00, 0x00, 0x28,
	0x21, 0x00, 0x00, 0x29, 0x1E, 0x64, 0x69, 0x21, 0x68, 0x03, 0x12, 0x68, 0x80, 0x00, 0x04, 0x28,
	0x00, 0x00, 0x00, 0x00, 0x00, 0x00, 0x00, 0x00, 0x00, 0x00, 0x00, 0x38, 0x00, 0x00, 0x00, 0x00,
	0x00, 0x00, 0x00, 0x00, 0x00, 0x46, 0x33, 0x16, 0x00, 0x00, 0x00, 0x00, 0x00, 0x1B, 0x00, 0x00,
	0x39, 0x07, 0x00, 0x26, 0x00, 0x00, 0x80, 0x00, 0x80, 0x00, 0x00, 0x00, 0x21, 0x00, 0x00, 0x29,
	0xE2, 0x54, 0x69, 0x35, 0x00, 0x00, 0x00, 0x00, 0x80, 0x00, 0x00, 0x16, 0x20, 0x01, 0x00, 0x03,
	0x00, 0x1B, 0x00, 0x10, 0x3F, 0x07, 0x00, 0x26, 0x00, 0x00, 0x00, 0x01, 0x80, 0x00, 0x00, 0x3C,
	0x21, 0x00, 0x00, 0x29, 0xEC, 0x54, 0x69, 0x35, 0x00, 0x00, 0x12, 0x7C, 0x80, 0x00, 0x00, 0x16,
	0x00, 0x00, 0x00, 0x02, 0x00, 0x1B, 0x00, 0x00, 0x46, 0x07, 0x00, 0x26, 0x00, 0x00, 0x80, 0x01,
	0x80, 0x00, 0x00, 0x14, 0x21, 0x00, 0x00, 0x29, 0xF6, 0x58, 0x69, 0x35, 0x00, 0x00, 0x00, 0x14,
	0x80, 0x00, 0x00, 0x2E, 0x40, 0x18, 0x00, 0x00, 0x00, 0x78, 0xC0, 0x01, 0x31, 0x01, 0x00, 0x00,
	0x00, 0x00, 0x00, 0x00, 0x00, 0x00, 0x00, 0x00, 0x00, 0x00, 0x00, 0x00, 0x00, 0x14, 0x00, 0x00,
	0x00, 0x00, 0x00, 0x00, 0x00, 0x00, 0x00, 0x0E, 0x00, 0xBC, 0x00, 0x02, 0x00, 0x78, 0x00, 0x00,
	0x2F, 0x0A, 0x00, 0x28, 0x00, 0x00, 0x00, 0x00, 0x00, 0x00, 0x00, 0x00, 0x00, 0x00, 0x00, 0x38,
	0x00, 0x00, 0x00, 0x00, 0x00, 0x00, 0x00, 0x00, 0x00, 0x84, 0x33, 0x16, 0x20, 0x01, 0x00, 0x01,
	0x00, 0x0A, 0x00, 0x10, 0x2F, 0x07, 0x00, 0x26, 0x00, 0x00, 0x80, 0x01, 0x80, 0x00, 0x00, 0x28,
	0x20, 0x00, 0x00, 0x29, 0xDA, 0x5C, 0x61, 0x21, 0x00, 0x00, 0x12, 0x68, 0x80, 0x20, 0x00, 0x16,
	0x00, 0x00, 0x00, 0x03, 0x00, 0x0A, 0x00, 0x00, 0x31, 0x07, 0x00, 0x26, 0x00, 0x00, 0x00, 0x02,
	0x80, 0x00, 0x00, 0x00, 0x20, 0x00, 0x00, 0x29, 0xE9, 0x5C, 0x61, 0x21, 0x00, 0x00, 0x00, 0x00,
	0x80, 0x20, 0x00, 0x16, 0x20, 0x01, 0x00, 0x01, 0x00, 0x0A, 0x00, 0x10, 0x34, 0x07, 0x00, 0x26,
	0x00, 0x00, 0x80, 0x02, 0x80, 0x00, 0x00, 0x3C, 0x20, 0x00, 0x00, 0x29, 0xF8, 0x64, 0x61, 0x21,
	0x00, 0x00, 0x12, 0x7C, 0x80, 0x20, 0x00, 0x28, 0x00, 0x00, 0x00, 0x00, 0x00, 0x00, 0x00, 0x00,
	0x00, 0x00, 0x00, 0x38, 0x00, 0x00, 0x00, 0x00, 0x00, 0x00, 0x00, 0x00, 0x00, 0x82, 0x33, 0x16,
	0x00, 0x00, 0x00, 0x03, 0x00, 0x03, 0x00, 0x00, 0x36, 0x07, 0x00, 0x26, 0x00, 0x00, 0x00, 0x03,
	0x80, 0x00, 0x00, 0x14, 0x20, 0x00, 0x00, 0x29, 0x00, 0x5C, 0x69, 0x21, 0x68, 0x03, 0x00, 0x14,
	0x80, 0x00, 0x04, 0x16, 0x20, 0x01, 0x00, 0x02, 0x00, 0x03, 0x00, 0x10, 0x37, 0x07, 0x00, 0x26,
	0x00, 0x00, 0x80, 0x03, 0x80, 0x00, 0x00, 0x28, 0x20, 0x00, 0x00, 0x29, 0x0F, 0x5C, 0x69, 0x21,
	0x68, 0x03, 0x12, 0x68, 0x80, 0x00, 0x04, 0x16, 0x00, 0x00, 0x00, 0x01, 0x00, 0x03, 0x00, 0x00,
	0x38, 0x07, 0x00, 0x26, 0x00, 0x00, 0x00, 0x00, 0x80, 0x00, 0x00, 0x00, 0x21, 0x00, 0x00, 0x29,
	0x1E, 0x64, 0x69, 0x21, 0x68, 0x03, 0x00, 0x00, 0x80, 0x00, 0x04, 0x28, 0x00, 0x00, 0x00, 0x00,
	0x00, 0x00, 0x00, 0x00, 0x00, 0x00, 0x00, 0x38, 0x00, 0x00, 0x00, 0x00, 0x00, 0x00, 0x00, 0x00,
	0x00, 0x46, 0x33, 0x16, 0x20, 0x01, 0x00, 0x00, 0x00, 0x1B, 0x00, 0x10, 0x39, 0x07, 0x00, 0x26,
	0x00, 0x00, 0x80, 0x00, 0x80, 0x00, 0x00, 0x3C, 0x21, 0x00, 0x00, 0x29, 0xE2, 0x54, 0x69, 0x35,
	0x00, 0x00, 0x12, 0x7C, 0x80, 0x00, 0x00, 0x16, 0x00, 0x00, 0x00, 0x03, 0x00, 0x1B, 0x00, 0x00,
	0x3F, 0x07, 0x00, 0x26, 0x00, 0x00, 0x00, 0x01, 0x80, 0x00, 0x00, 0x14, 0x21, 0x00, 0x00, 0x29,
	0xEC, 0x54, 0x69, 0x35, 0x00, 0x00, 0x00, 0x14, 0x80, 0x00, 0x00, 0x16, 0x20, 0x01, 0x00, 0x02,
	0x00, 0x1B, 0x00, 0x10, 0x46, 0x07, 0x00, 0x26, 0x00, 0x00, 0x80, 0x01, 0x80, 0x00, 0x00, 0x28,
	0x21, 0x00, 0x00, 0x29, 0xF6, 0x58, 0x69, 0x35, 0x00, 0x00, 0x12, 0x68, 0x80, 0x00, 0x00, 0x2E,
	0x40, 0x18, 0x00, 0x00, 0x00, 0x78, 0xC0, 0x01, 0x3B, 0x01, 0x00, 0x00, 0x00, 0x00, 0x00, 0x00,
	0x00, 0x00, 0x00, 0x00, 0x00, 0x00, 0x00, 0x00, 0x00, 0x14, 0x00, 0x00, 0x00, 0x00, 0x00, 0x00,
	0x00, 0x00, 0x00, 0x0E, 0x00, 0xBC, 0x00, 0x02, 0x00, 0x78, 0x00, 0x00, 0x39, 0x0A, 0x00, 0x28,
	0x00, 0x00, 0x00, 0x00, 0x00, 0x00, 0x00, 0x00, 0x00, 0x00, 0x00, 0x38, 0x00, 0x00, 0x00, 0x00,
	0x00, 0x00, 0x00, 0x00, 0x00, 0x84, 0x33, 0x16, 0x00, 0x00, 0x00, 0x01, 0x00, 0x0A, 0x00, 0x00,
	0x2F, 0x07, 0x00, 0x26, 0x00, 0x00, 0x80, 0x01, 0x80, 0x00, 0x00, 0x00, 0x20, 0x00, 0x00, 0x29,
	0xDA, 0x5C, 0x61, 0x21, 0x00, 0x00, 0x00, 0x00, 0x80, 0x20, 0x00, 0x16, 0x20, 0x01, 0x00, 0x03,
	0x00, 0x0A, 0x00, 0x10, 0x31, 0x07, 0x00, 0x26, 0x00, 0x00, 0x00, 0x02, 0x80, 0x00, 0x00, 0x3C,
	0x20, 0x00, 0x00, 0x29, 0xE9, 0x5C, 0x61, 0x21, 0x00, 0x00, 0x12, 0x7C, 0x80, 0x20, 0x00, 0x16,
	0x00, 0x00, 0x00, 0x01, 0x00, 0x0A, 0x00, 0x00, 0x34, 0x07, 0x00, 0x26, 0x00, 0x00, 0x80, 0x02,
	0x80, 0x00, 0x00, 0x14, 0x20, 0x00, 0x00, 0x29, 0xF8, 0x64, 0x61, 0x21, 0x00, 0x00, 0x00, 0x14,
	0x80, 0x20, 0x00, 0x28, 0x00, 0x00, 0x00, 0x00, 0x00, 0x00, 0x00, 0x00, 0x00, 0x00, 0x00, 0x38,
	0x00, 0x00, 0x00, 0x00, 0x00, 0x00, 0x00, 0x00, 0x00, 0x82, 0x33, 0x16, 0x20, 0x01, 0x00, 0x03,
	0x00, 0x03, 0x00, 0x10, 0x36, 0x07, 0x00, 0x26, 0x00, 0x00, 0x00, 0x03, 0x80, 0x00, 0x00, 0x28,
	0x20, 0x00, 0x00, 0x29, 0x00, 0x5C, 0x69, 0x21, 0x68, 0x03, 0x12, 0x68, 0x80, 0x00, 0x04, 0x16,
	0x00, 0x00, 0x00, 0x02, 0x00, 0x03, 0x00, 0x00, 0x37, 0x07, 0x00, 0x26, 0x00, 0x00, 0x80, 0x03,
	0x80, 0x00, 0x00, 0x00, 0x20, 0x00, 0x00, 0x29, 0x0F, 0x5C, 0x69, 0x21, 0x68, 0x03, 0x00, 0x00,
	0x80, 0x00, 0x04, 0x16, 0x20, 0x01, 0x00, 0x01, 0x00, 0x03, 0x00, 0x10, 0x38, 0x07, 0x00, 0x26,
	0x00, 0x00, 0x00, 0x00, 0x80, 0x00, 0x00, 0x3C, 0x21, 0x00, 0x00, 0x29, 0x1E, 0x64, 0x69, 0x21,
	0x68, 0x03, 0x12, 0x7C, 0x80, 0x00, 0x04, 0x28, 0x00, 0x00, 0x00, 0x00, 0x00, 0x00, 0x00, 0x00,
	0x00, 0x00, 0x00, 0x38, 0x00, 0x00, 0x00, 0x00, 0x00, 0x00, 0x00, 0x00, 0x00, 0x46, 0x33, 0x16,
	0x00, 0x00, 0x00, 0x00, 0x00, 0x1B, 0x00, 0x00, 0x39, 0x07, 0x00, 0x26, 0x00, 0x00, 0x80, 0x00,
	0x80, 0x00, 0x00, 0x14, 0x21, 0x00, 0x00, 0x29, 0xE2, 0x54, 0x69, 0x35, 0x00, 0x00, 0x00, 0x14,
	0x80, 0x00, 0x00, 0x16, 0x20, 0x01, 0x00, 0x03, 0x00, 0x1B, 0x00, 0x10, 0x3F, 0x07, 0x00, 0x26,
	0x00, 0x00, 0x00, 0x01, 0x80, 0x00, 0x00, 0x28, 0x21, 0x00, 0x00, 0x29, 0xEC, 0x54, 0x69, 0x35,
	0x00, 0x00, 0x12, 0x68, 0x80, 0x00, 0x00, 0x16, 0x00, 0x00, 0x00, 0x02, 0x00, 0x1B, 0x00, 0x00,
	0x46, 0x07, 0x00, 0x26, 0x00, 0x00, 0x80, 0x01, 0x80, 0x00, 0x00, 0x00, 0x21, 0x00, 0x00, 0x29,
	0xF6, 0x58, 0x69, 0x35, 0x00, 0x00, 0x00, 0x00, 0x80, 0x00, 0x00, 0x2E, 0x40, 0x18, 0x00, 0x00,
	0x00, 0x78, 0xC0, 0x01, 0x45, 0x01, 0x00, 0x00, 0x00, 0x00, 0x00, 0x00, 0x00, 0x00, 0x00, 0x00,
	0x00, 0x00, 0x00, 0x00, 0x00, 0x14, 0x00, 0x00, 0x00, 0x00, 0x00, 0x00, 0x00, 0x00, 0x00, 0x0E,
	0x00, 0xB8, 0x00, 0x02, 0x00, 0x78, 0x00, 0x00, 0x43, 0x0A, 0x00, 0x28, 0x00, 0x00, 0x00, 0x00,
	0x00, 0x00, 0x00, 0x00, 0x00, 0x00, 0x00, 0x38, 0x00, 0x00, 0x00, 0x00, 0x00, 0x00, 0x00, 0x00,
	0x00, 0x84, 0x33, 0x16, 0x20, 0x01, 0x00, 0x01, 0x00, 0x0A, 0x00, 0x10, 0x2F, 0x07, 0x00, 0x26,
	0x00, 0x00, 0x80, 0x01, 0x80, 0x00, 0x00, 0x3C, 0x20, 0x00, 0x00, 0x29, 0xE0, 0x44, 0x49, 0x21,
	0x00, 0x00, 0x12, 0x7C, 0x80, 0x30, 0x00, 0x16, 0x00, 0x00, 0x00, 0x03, 0x00, 0x0A, 0x00, 0x00,
	0x31, 0x07, 0x00, 0x26, 0x00, 0x00, 0x00, 0x02, 0x80, 0x00, 0x00, 0x14, 0x20, 0x00, 0x00, 0x29,
	0xED, 0x44, 0x49, 0x21, 0x00, 0x00, 0x00, 0x14, 0x80, 0x10, 0x00, 0x16, 0x20, 0x01, 0x00, 0x01,
	0x00, 0x0A, 0x00, 0x10, 0x34, 0x07, 0x00, 0x26, 0x00, 0x00, 0x80, 0x02, 0x80, 0x00, 0x00, 0x28,
	0x20, 0x00, 0x00, 0x29, 0xF9, 0x4C, 0x49, 0x21, 0x00, 0x00, 0x12, 0x68, 0x80, 0x30, 0x00, 0x28,
	0x00, 0x00, 0x00, 0x00, 0x00, 0x00, 0x00, 0x00, 0x00, 0x00, 0x00, 0x38, 0x00, 0x00, 0x00, 0x00,
	0x00, 0x00, 0x00, 0x00, 0x00, 0x82, 0x33, 0x16, 0x00, 0x00, 0x00, 0x03, 0x00, 0x03, 0x00, 0x00,
	0x36, 0x07, 0x00, 0x26, 0x00, 0x00, 0x00, 0x03, 0x80, 0x00, 0x00, 0x00, 0x20, 0x00, 0x00, 0x29,
	0x00, 0x44, 0x51, 0x21, 0x80, 0x03, 0x00, 0x00, 0x80, 0x00, 0x06, 0x16, 0x20, 0x01, 0x00, 0x02,
	0x00, 0x03, 0x00, 0x10, 0x37, 0x07, 0x00, 0x26, 0x00, 0x00, 0x80, 0x03, 0x80, 0x00, 0x00, 0x3C,
	0x20, 0x00, 0x00, 0x29, 0x0C, 0x44, 0x51, 0x21, 0x80, 0x03, 0x12, 0x7C, 0x80, 0x20, 0x06, 0x16,
	0x00, 0x00, 0x00, 0x01, 0x00, 0x03, 0x00, 0x00, 0x38, 0x07, 0x00, 0x26, 0x00, 0x00, 0x00, 0x00,
	0x80, 0x00, 0x00, 0x14, 0x21, 0x00, 0x00, 0x29, 0x19, 0x4C, 0x51, 0x21, 0x80, 0x03, 0x00, 0x14,
	0x80, 0x00, 0x06, 0x28, 0x00, 0x00, 0x00, 0x00, 0x00, 0x00, 0x00, 0x00, 0x00, 0x00, 0x00, 0x38,
	0x00, 0x00, 0x00, 0x00, 0x00, 0x00, 0x00, 0x00, 0x00, 0x46, 0x33, 0x16, 0x20, 0x01, 0x00, 0x00,
	0x00, 0x1B, 0x00, 0x10, 0x39, 0x07, 0x00, 0x26, 0x00, 0x00, 0x80, 0x00, 0x80, 0x00, 0x00, 0x28,
	0x21, 0x00, 0x00, 0x29, 0xE2, 0x54, 0x51, 0x39, 0x00, 0x00, 0x12, 0x68, 0x80, 0x00, 0x00, 0x16,
	0x00, 0x00, 0x00, 0x03, 0x00, 0x1B, 0x00, 0x00, 0x3F, 0x07, 0x00, 0x26, 0x00, 0x00, 0x00, 0x01,
	0x80, 0x00, 0x00, 0x00, 0x21, 0x00, 0x00, 0x29, 0xEC, 0x54, 0x51, 0x39, 0x00, 0x00, 0x00, 0x00,
	0x80, 0x00, 0x00, 0x16, 0x20, 0x01, 0x00, 0x02, 0x00, 0x1B, 0x00, 0x10, 0x46, 0x07, 0x00, 0x26,
	0x00, 0x00, 0x80, 0x01, 0x80, 0x00, 0x00, 0x3C, 0x21, 0x00, 0x00, 0x29, 0xF6, 0x58, 0x51, 0x39,
	0x00, 0x00, 0x12, 0x7C, 0x80, 0x00, 0x00, 0x2E, 0x40, 0x18, 0x00, 0x00, 0x00, 0x78, 0xC0, 0x01,
	0x4F, 0x01, 0x00, 0x00, 0x00, 0x00, 0x00, 0x00, 0x00, 0x00, 0x00, 0x00, 0x00, 0x00, 0x00, 0x00,
	0x00, 0x14, 0x00, 0x00, 0x00, 0x00, 0x00, 0x00, 0x00, 0x00, 0x00, 0x00, 0x00, 0x00, 0x00, 0x00,
	0x00, 0x00, 0x00, 0x00, 0x00, 0x00, 0x00, 0x00, 0x00, 0x14, 0x00, 0x00, 0x00, 0x00, 0x00, 0x00,
	0x00, 0x00, 0x00, 0x0E, 0x40, 0xBD, 0x00, 0x00, 0x00, 0x78, 0xC0, 0x00, 0xD8, 0x09, 0x00, 0x28,
	0x00, 0x00, 0x00, 0x00, 0x00, 0x00, 0x00, 0x00, 0x00, 0x00, 0x00, 0x38, 0x00, 0x00, 0x00, 0x00,
	0x00, 0x00, 0x00, 0x00, 0x00, 0x84, 0x2B, 0x16, 0x00, 0x00, 0x00, 0x01, 0x00, 0x0A, 0x00, 0x00,
	0x4D, 0x07, 0x00, 0x26, 0x00, 0x00, 0x00, 0x02, 0x80, 0x00, 0x00, 0x14, 0x21, 0x00, 0x00, 0x29,
	0x00, 0x5C, 0x61, 0x21, 0xA8, 0x01, 0x00, 0x14, 0x80, 0x00, 0x00, 0x16, 0x20, 0x01, 0x00, 0x03,
	0x00, 0x0A, 0x00, 0x10, 0x4F, 0x07, 0x00, 0x26, 0x00, 0x00, 0x80, 0x02, 0x80, 0x00, 0x00, 0x28,
	0x21, 0x00, 0x00, 0x29, 0x0F, 0x5C, 0x61, 0x21, 0xA8, 0x01, 0x12, 0x68, 0x80, 0x00, 0x00, 0x16,
	0x00, 0x00, 0x00, 0x01, 0x00, 0x0A, 0x00, 0x00, 0x52, 0x07, 0x00, 0x26, 0x00, 0x00, 0x00, 0x03,
	0x80, 0x00, 0x00, 0x00, 0x21, 0x00, 0x00, 0x29, 0x1E, 0x6C, 0x61, 0x21, 0xA8, 0x01, 0x00, 0x00,
	0x80, 0x00, 0x00, 0x40, 0x5C, 0x63, 0x00, 0x00, 0x00, 0x00, 0x00, 0x00, 0x00, 0x00, 0x00, 0xDC,
	0x60, 0x72, 0x81, 0x01, 0x00, 0x00, 0x00, 0x00, 0x00, 0xC0, 0x0B, 0x2E, 0x60, 0xC2, 0x00, 0x00,
	0x00, 0x78, 0x80, 0x01, 0x49, 0x02, 0x00, 0x00, 0x00, 0x00, 0x00, 0x00, 0x00, 0x00, 0x00, 0x00,
	0x00, 0x00, 0x00, 0x00, 0x00, 0x14, 0x00, 0x00, 0x00, 0x00, 0x00, 0x00, 0x00, 0x00, 0x00, 0x0E,
	0x40, 0xBD, 0x00, 0x00, 0x00, 0x78, 0xC0, 0x00, 0xE7, 0x09, 0x00, 0x28, 0x00, 0x00, 0x00, 0x00,
	0x00, 0x00, 0x00, 0x00, 0x00, 0x00, 0x00, 0x38, 0x00, 0x00, 0x00, 0x00, 0x00, 0x00, 0x00, 0x00,
	0x00, 0x84, 0x2B, 0x16, 0x20, 0x01, 0x00, 0x01, 0x00, 0x0A, 0x00, 0x10, 0x4D, 0x07, 0x00, 0x26,
	0x00, 0x00, 0x00, 0x02, 0x80, 0x00, 0x00, 0x3C, 0x21, 0x00, 0x00, 0x29, 0x00, 0x5C, 0x61, 0x21,
	0xA8, 0x01, 0x12, 0x7C, 0x80, 0x00, 0x00, 0x16, 0x00, 0x00, 0x00, 0x03, 0x00, 0x0A, 0x00, 0x00,
	0x4F, 0x07, 0x00, 0x26, 0x00, 0x00, 0x80, 0x02, 0x80, 0x00, 0x00, 0x14, 0x21, 0x00, 0x00, 0x29,
	0x0F, 0x5C, 0x61, 0x21, 0xA8, 0x01, 0x00, 0x14, 0x80, 0x00, 0x00, 0x16, 0x20, 0x01, 0x00, 0x01,
	0x00, 0x0A, 0x00, 0x10, 0x52, 0x07, 0x00, 0x26, 0x00, 0x00, 0x00, 0x03, 0x80, 0x00, 0x00, 0x28,
	0x21, 0x00, 0x00, 0x29, 0x1E, 0x6C, 0x61, 0x21, 0xA8, 0x01, 0x12, 0x68, 0x80, 0x00, 0x00, 0x40,
	0x5C, 0x63, 0x00, 0x00, 0x00, 0x00, 0x00, 0x00, 0x00, 0x00, 0x00, 0xDC, 0x60, 0x72, 0x81, 0x01,
	0x00, 0x00, 0x00, 0x00, 0x00, 0xC0, 0x0B, 0x2E, 0x60, 0xC2, 0x00, 0x00, 0x00, 0x78, 0x80, 0x01,
	0x58, 0x02, 0x00, 0x00, 0x00, 0x00, 0x00, 0x00, 0x00, 0x00, 0x00, 0x00, 0x00, 0x00, 0x00, 0x00,
	0x00, 0x14, 0x00, 0x00, 0x00, 0x00, 0x00, 0x00, 0x00, 0x00, 0x00, 0x0E, 0x40, 0xBD, 0x00, 0x00,
	0x00, 0x78, 0xC0, 0x00, 0xF6, 0x09, 0x00, 0x28, 0x00, 0x00, 0x00, 0x00, 0x00, 0x00, 0x00, 0x00,
	0x00, 0x00, 0x00, 0x38, 0x00, 0x00, 0x00, 0x00, 0x00, 0x00, 0x00, 0x00, 0x00, 0x84, 0x2B, 0x16,
	0x00, 0x00, 0x00, 0x01, 0x00, 0x0A, 0x00, 0x00, 0x4D, 0x07, 0x00, 0x26, 0x00, 0x00, 0x00, 0x02,
	0x80, 0x00, 0x00, 0x00, 0x21, 0x00, 0x00, 0x29, 0x00, 0x5C, 0x61, 0x21, 0xA8, 0x01, 0x00, 0x00,
	0x80, 0x00, 0x00, 0x16, 0x20, 0x01, 0x00, 0x03, 0x00, 0x0A, 0x00, 0x10, 0x4F, 0x07, 0x00, 0x26,
	0x00, 0x00, 0x80, 0x02, 0x80, 0x00, 0x00, 0x3C, 0x21, 0x00, 0x00, 0x29, 0x0F, 0x5C, 0x61, 0x21,
	0xA8, 0x01, 0x12, 0x7C, 0x80, 0x00, 0x00, 0x16, 0x00, 0x00, 0x00, 0x01, 0x00, 0x0A, 0x00, 0x00,
	0x52, 0x07, 0x00, 0x26, 0x00, 0x00, 0x00, 0x03, 0x80, 0x00, 0x00, 0x14, 0x21, 0x00, 0x00, 0x29,
	0x1E, 0x6C, 0x61, 0x21, 0xA8, 0x01, 0x00, 0x14, 0x80, 0x00, 0x00, 0x40, 0x5C, 0x63, 0x00, 0x00,
	0x00, 0x00, 0x00, 0x00, 0x00, 0x00, 0x00, 0xDC, 0x60, 0x72, 0x81, 0x01, 0x00, 0x00, 0x00, 0x00,
	0x00, 0xC0, 0x0B, 0x2E, 0x60, 0xC2, 0x00, 0x00, 0x00, 0x78, 0x80, 0x01, 0x67, 0x02, 0x00, 0x00,
	0x00, 0x00, 0x00, 0x00, 0x00, 0x00, 0x00, 0x00, 0x00, 0x00, 0x00, 0x00, 0x00, 0x14, 0x00, 0x00,
	0x00, 0x00, 0x00, 0x00, 0x00, 0x00, 0x00, 0x0E, 0x40, 0xBD, 0x00, 0x00, 0x00, 0x78, 0xC0, 0x00,
	0x05, 0x0A, 0x00, 0x28, 0x00, 0x00, 0x00, 0x00, 0x00, 0x00, 0x00, 0x00, 0x00, 0x00, 0x00, 0x38,
	0x00, 0x00, 0x00, 0x00, 0x00, 0x00, 0x00, 0x00, 0x00, 0x84, 0x2B, 0x16, 0x20, 0x01, 0x00, 0x01,
	0x00, 0x0A, 0x00, 0x10, 0x4D, 0x07, 0x00, 0x26, 0x00, 0x00, 0x00, 0x02, 0x80, 0x00, 0x00, 0x28,
	0x21, 0x00, 0x00, 0x29, 0x00, 0x5C, 0x61, 0x21, 0xA8, 0x01, 0x12, 0x68, 0x80, 0x00, 0x00, 0x16,
	0x00, 0x00, 0x00, 0x03, 0x00, 0x0A, 0x00, 0x00, 0x4F, 0x07, 0x00, 0x26, 0x00, 0x00, 0x80, 0x02,
	0x80, 0x00, 0x00, 0x00, 0x21, 0x00, 0x00, 0x29, 0x0F, 0x5C, 0x61, 0x21, 0xA8, 0x01, 0x00, 0x00,
	0x80, 0x00, 0x00, 0x16, 0x20, 0x01, 0x00, 0x01, 0x00, 0x0A, 0x00, 0x10, 0x52, 0x07, 0x00, 0x26,
	0x00, 0x00, 0x00, 0x03, 0x80, 0x00, 0x00, 0x3C, 0x21, 0x00, 0x00, 0x29, 0x1E, 0x6C, 0x61, 0x21,
	0xA8, 0x01, 0x12, 0x7C, 0x80, 0x00, 0x00, 0x40, 0x5C, 0x63, 0x00, 0x00, 0x00, 0x00, 0x00, 0x00,
	0x00, 0x00, 0x00, 0xDC, 0x60, 0x72, 0x81, 0x01, 0x00, 0x00, 0x00, 0x00, 0x00, 0xC0, 0x0B, 0x2E,
	0x60, 0xC2, 0x00, 0x00, 0x00, 0x78, 0x80, 0x01, 0x76, 0x02, 0x00, 0x00, 0x00, 0x00, 0x00, 0x00,
	0x00, 0x00, 0x00, 0x00, 0x00, 0x00, 0x00, 0x00, 0x00, 0x14, 0x00, 0x00, 0x00, 0x00, 0x00, 0x00,
	0x00, 0x00, 0x00, 0x0E, 0x40, 0xBD, 0x00, 0x00, 0x00, 0x78, 0xC0, 0x00, 0x14, 0x0A, 0x00, 0x28,
	0x00, 0x00, 0x00, 0x00, 0x00, 0x00, 0x00, 0x00, 0x00, 0x00, 0x00, 0x38, 0x00, 0x00, 0x00, 0x00,
	0x00, 0x00, 0x00, 0x00, 0x00, 0x84, 0x2B, 0x16, 0x00, 0x00, 0x00, 0x01, 0x00, 0x0A, 0x00, 0x00,
	0x4D, 0x07, 0x00, 0x26, 0x00, 0x00, 0x00, 0x02, 0x80, 0x00, 0x00, 0x14, 0x21, 0x00, 0x00, 0x29,
	0x00, 0x5C, 0x61, 0x21, 0xA8, 0x01, 0x00, 0x14, 0x80, 0x00, 0x00, 0x16, 0x20, 0x01, 0x00, 0x03,
	0x00, 0x0A, 0x00, 0x10, 0x4F, 0x07, 0x00, 0x26, 0x00, 0x00, 0x80, 0x02, 0x80, 0x00, 0x00, 0x28,
	0x21, 0x00, 0x00, 0x29, 0x0F, 0x5C, 0x61, 0x21, 0xA8, 0x01, 0x12, 0x68, 0x80, 0x00, 0x00, 0x16,
	0x00, 0x00, 0x00, 0x01, 0x00, 0x0A, 0x00, 0x00, 0x52, 0x07, 0x00, 0x26, 0x00, 0x00, 0x00, 0x03,
	0x80, 0x00, 0x00, 0x00, 0x21, 0x00, 0x00, 0x29, 0x1E, 0x6C, 0x61, 0x21, 0xA8, 0x01, 0x00, 0x00,
	0x80, 0x00, 0x00, 0x40, 0x5C, 0x63, 0x00, 0x00, 0x00, 0x00, 0x00, 0x00, 0x00, 0x00, 0x00, 0xDC,
	0x60, 0x72, 0x81, 0x01, 0x00, 0x00, 0x00, 0x00, 0x00, 0xC0, 0x0B, 0x2E, 0x60, 0xC2, 0x00, 0x00,
	0x00, 0x78, 0x80, 0x01, 0x85, 0x02, 0x00, 0x00, 0x00, 0x00, 0x00, 0x00, 0x00, 0x00, 0x00, 0x00,
	0x00, 0x00, 0x00, 0x00, 0x00, 0x14, 0x00, 0x00, 0x00, 0x00, 0x00, 0x00, 0x00, 0x00, 0x00, 0x0E,
	0x40, 0xBD, 0x00, 0x00, 0x00, 0x78, 0xC0, 0x00, 0x23, 0x0A, 0x00, 0x28, 0x00, 0x00, 0x00, 0x00,
	0x00, 0x00, 0x00, 0x00, 0x00, 0x00, 0x00, 0x38, 0x00, 0x00, 0x00, 0x00, 0x00, 0x00, 0x00, 0x00,
	0x00, 0x84, 0x2B, 0x16, 0x20, 0x01, 0x00, 0x01, 0x00, 0x0A, 0x00, 0x10, 0x4D, 0x07, 0x00, 0x26,
	0x00, 0x00, 0x00, 0x02, 0x80, 0x00, 0x00, 0x3C, 0x21, 0x00, 0x00, 0x29, 0x00, 0x5C, 0x61, 0x21,
	0xA8, 0x01, 0x12, 0x7C, 0x80, 0x00, 0x00, 0x16, 0x00, 0x00, 0x00, 0x03, 0x00, 0x0A, 0x00, 0x00,
	0x4F, 0x07, 0x00, 0x26, 0x00, 0x00, 0x80, 0x02, 0x80, 0x00, 0x00, 0x14, 0x21, 0x00, 0x00, 0x29,
	0x0F, 0x5C, 0x61, 0x21, 0xA8, 0x01, 0x00, 0x14, 0x80, 0x00, 0x00, 0x16, 0x20, 0x01, 0x00, 0x01,
	0x00, 0x0A, 0x00, 0x10, 0x52, 0x07, 0x00, 0x26, 0x00, 0x00, 0x00, 0x03, 0x80, 0x00, 0x00, 0x28,
	0x21, 0x00, 0x00, 0x29, 0x1E, 0x6C, 0x61, 0x21, 0xA8, 0x01, 0x12, 0x68, 0x80, 0x00, 0x00, 0x40,
	0x5C, 0x63, 0x00, 0x00, 0x00, 0x00, 0x00, 0x00, 0x00, 0x00, 0x00, 0xDC, 0x60, 0x72, 0x81, 0x01,
	0x00, 0x00, 0x00, 0x00, 0x00, 0xC0, 0x0B, 0x2E, 0x60, 0xC2, 0x00, 0x00, 0x00, 0x78, 0x80, 0x01,
	0x94, 0x02, 0x00, 0x00, 0x00, 0x00, 0x00, 0x00, 0x00, 0x00, 0x00, 0x00, 0x00, 0x00, 0x00, 0x00,
	0x00, 0x14, 0x00, 0x00, 0x00, 0x00, 0x00, 0x00, 0x00, 0x00, 0x00, 0x0E, 0x40, 0xBD, 0x00, 0x00,
	0x00, 0x78, 0xC0, 0x00, 0x32, 0x0A, 0x00, 0x28, 0x00, 0x00, 0x00, 0x00, 0x00, 0x00, 0x00, 0x00,
	0x00, 0x00, 0x00, 0x38, 0x00, 0x00, 0x00, 0x00, 0x00, 0x00, 0x00, 0x00, 0x00, 0x84, 0x2B, 0x16,
	0x00, 0x00, 0x00, 0x01, 0x00, 0x0A, 0x00, 0x00, 0x4D, 0x07, 0x00, 0x26, 0x00, 0x00, 0x00, 0x02,
	0x80, 0x00, 0x00, 0x00, 0x21, 0x00, 0x00, 0x29, 0x00, 0x5C, 0x61, 0x21, 0xA8, 0x01, 0x00, 0x00,
	0x80, 0x00, 0x00, 0x16, 0x20, 0x01, 0x00, 0x03, 0x00, 0x0A, 0x00, 0x10, 0x4F, 0x07, 0x00, 0x26,
	0x00, 0x00, 0x80, 0x02, 0x80, 0x00, 0x00, 0x3C, 0x21, 0x00, 0x00, 0x29, 0x0F, 0x5C, 0x61, 0x21,
	0xA8, 0x01, 0x12, 0x7C, 0x80, 0x00, 0x00, 0x16, 0x00, 0x00, 0x00, 0x01, 0x00, 0x0A, 0x00, 0x00,
	0x52, 0x07, 0x00, 0x26, 0x00, 0x00, 0x00, 0x03, 0x80, 0x00, 0x00, 0x14, 0x21, 0x00, 0x00, 0x29,
	0x1E, 0x6C, 0x61, 0x21, 0xA8, 0x01, 0x00, 0x14, 0x80, 0x00, 0x00, 0x40, 0x5C, 0x63, 0x00, 0x00,
	0x00, 0x00, 0x00, 0x00, 0x00, 0x00, 0x00, 0xDC, 0x60, 0x72, 0x81, 0x01, 0x00, 0x00, 0x00, 0x00,
	0x00, 0xC0, 0x0B, 0x2E, 0x60, 0xC2, 0x00, 0x00, 0x00, 0x78, 0x80, 0x01, 0xA3, 0x02, 0x00, 0x00,
	0x00, 0x00, 0x00, 0x00, 0x00, 0x00, 0x00, 0x00, 0x00, 0x00, 0x00, 0x00, 0x00, 0x14, 0x00, 0x00,
	0x00, 0x00, 0x00, 0x00, 0x00, 0x00, 0x00, 0x0E, 0x40, 0xBD, 0x00, 0x00, 0x00, 0x78, 0xC0, 0x00,
	0x41, 0x0A, 0x00, 0x28, 0x00, 0x00, 0x00, 0x00, 0x00, 0x00, 0x00, 0x00, 0x00, 0x00, 0x00, 0x38,
	0x00, 0x00, 0x00, 0x00, 0x00, 0x00, 0x00, 0x00, 0x00, 0x84, 0x2B, 0x16, 0x20, 0x01, 0x00, 0x01,
	0x00, 0x0A, 0x00, 0x10, 0x4D, 0x07, 0x00, 0x26, 0x00, 0x00, 0x00, 0x02, 0x80, 0x00, 0x00, 0x28,
	0x21, 0x00, 0x00, 0x29, 0x00, 0x5C, 0x61, 0x21, 0xA8, 0x01, 0x12, 0x68, 0x80, 0x00, 0x00, 0x16,
	0x00, 0x00, 0x00, 0x03, 0x00, 0x0A, 0x00, 0x00, 0x4F, 0x07, 0x00, 0x26, 0x00, 0x00, 0x80, 0x02,
	0x80, 0x00, 0x00, 0x00, 0x21, 0x00, 0x00, 0x29, 0x0F, 0x5C, 0x61, 0x21, 0xA8, 0x01, 0x00, 0x00,
	0x80, 0x00, 0x00, 0x16, 0x20, 0x01, 0x00, 0x01, 0x00, 0x0A, 0x00, 0x10, 0x52, 0x07, 0x00, 0x26,
	0x00, 0x00, 0x00, 0x03, 0x80, 0x00, 0x00, 0x3C, 0x21, 0x00, 0x00, 0x29, 0x1E, 0x6C, 0x61, 0x21,
	0xA8, 0x01, 0x12, 0x7C, 0x80, 0x00, 0x00, 0x40, 0x5C, 0x63, 0x00, 0x00, 0x00, 0x00, 0x00, 0x00,
	0x00, 0x00, 0x00, 0xDC, 0x60, 0x72, 0x81, 0x01, 0x00, 0x00, 0x00, 0x00, 0x00, 0xC0, 0x0B, 0x2E,
	0x60, 0xC2, 0x00, 0x00, 0x00, 0x78, 0x80, 0x01, 0xB2, 0x02, 0x00, 0x00, 0x00, 0x00, 0x00, 0x00,
	0x00, 0x00, 0x00, 0x00, 0x00, 0x00, 0x00, 0x00, 0x00, 0x14, 0x00, 0x00, 0x00, 0x00, 0x00, 0x00,
	0x00, 0x00, 0x00, 0x00, 0x00, 0x00, 0x00, 0x00, 0x00, 0x00, 0x00, 0x00, 0x00, 0x00, 0x00, 0x00,
	0x00, 0x14, 0x00, 0x00, 0x00, 0x00, 0x00, 0x00, 0x00, 0x00, 0x00, 0x0E, 0x00, 0x58, 0x00, 0x00,
	0x00, 0x78, 0x00, 0x01, 0xE1, 0x00, 0x00, 0x3D, 0x7F, 0xC3, 0x03, 0x00, 0x00, 0x04, 0x00, 0x00,
	0x00, 0x4A, 0x01, 0x0D, 0x00, 0xB8, 0x00, 0x00, 0x00, 0x00, 0x00, 0x00, 0x00, 0x00, 0x01, 0x0E,
	0x00, 0x58, 0x00, 0x00, 0x00, 0x78, 0x00, 0x01, 0x49, 0x02, 0x00, 0x3D, 0x7F, 0xC3, 0x03, 0x00,
	0x00, 0x04, 0x00, 0x00, 0x00, 0x4A, 0x01, 0x55, 0x80, 0x45, 0x00, 0x00, 0x00, 0x80, 0x00, 0x00,
	0x00, 0x0E, 0x01, 0x75, 0x00, 0x45, 0x00, 0x01, 0x00, 0x86, 0x00, 0x00, 0x00, 0xC2, 0x01, 0x55,
	0x80, 0x45, 0x00, 0x00, 0x00, 0x80, 0x00, 0x00, 0x00, 0x0F, 0x01, 0x75, 0x80, 0x47, 0x00, 0x00,
	0x00, 0x86, 0x00, 0x00, 0x00, 0xC2, 0x01, 0x55, 0x80, 0x45, 0x00, 0x00, 0x00, 0x8A, 0x00, 0x00,
	0x00, 0x0E, 0x01, 0x75, 0x80, 0x47, 0x00, 0x01, 0x00, 0x86, 0x00, 0x00, 0x00, 0xC2, 0x01, 0x55,
	0x80, 0x45, 0x00, 0x00, 0x00, 0x8A, 0x00, 0x00, 0x00, 0x0F, 0x01, 0x75, 0x00, 0x46, 0x00, 0x00,
	0x00, 0x86, 0x00, 0x00, 0x00, 0xC4, 0x01, 0x55, 0x80, 0x45, 0x00, 0x00, 0x00, 0x84, 0x00, 0x00,
	0x00, 0x4E, 0x01, 0x75, 0x00, 0x46, 0x00, 0x01, 0x00, 0x86, 0x00, 0x00, 0x00, 0xC4, 0x01, 0x28,
	0x00, 0x00, 0x00, 0x00, 0x00, 0x00, 0x00, 0x00, 0x00, 0x00, 0x00, 0x38, 0x00, 0x00, 0x00, 0x00,
	0x00, 0x00, 0x00, 0x00, 0x00, 0x44, 0x33, 0x16, 0x00, 0x00, 0x00, 0x03, 0x00, 0x05, 0x00, 0x00,
	0x54, 0x07, 0x00, 0x26, 0x00, 0x00, 0x80, 0x03, 0x80, 0x00, 0x00, 0x14, 0x21, 0x00, 0x00, 0x29,
	0x9C, 0x80, 0xBC, 0x20, 0x00, 0x00, 0x00, 0x14, 0x80, 0x00, 0x00, 0x16, 0x20, 0x01, 0x00, 0x00,
	0x00, 0x05, 0x00, 0x10, 0x56, 0x07, 0x00, 0x26, 0x00, 0x00, 0x00, 0x00, 0x80, 0x00, 0x00, 0x28,
	0x22, 0x00, 0x00, 0x29, 0xB0, 0x80, 0xBC, 0x20, 0x00, 0x00, 0x12, 0x68, 0x80, 0x00, 0x00, 0x16,
	0x00, 0x00, 0x00, 0x01, 0x00, 0x05, 0x00, 0x00, 0x57, 0x07, 0x00, 0x26, 0x00, 0x00, 0x80, 0x00,
	0x80, 0x00, 0x00, 0x00, 0x22, 0x00, 0x00, 0x29, 0xC4, 0x80, 0xBC, 0x20, 0x00, 0x00, 0x00, 0x00,
	0x80, 0x00, 0x00, 0x16, 0x20, 0x01, 0x00, 0x02, 0x00, 0x05, 0x00, 0x10, 0x58, 0x07, 0x00, 0x26,
	0x00, 0x00, 0x00, 0x01, 0x80, 0x00, 0x00, 0x3C, 0x22, 0x00, 0x00, 0x29, 0xD8, 0x80, 0xBC, 0x20,
	0x00, 0x00, 0x12, 0x7C, 0x80, 0x00, 0x00, 0x16, 0x00, 0x00, 0x00, 0x03, 0x00, 0x05, 0x00, 0x00,
	0x59, 0x07, 0x00, 0x26, 0x00, 0x00, 0x80, 0x01, 0x80, 0x00, 0x00, 0x14, 0x22, 0x00, 0x00, 0x29,
	0xEC, 0x80, 0xBC, 0x20, 0x00, 0x00, 0x00, 0x14, 0x80, 0x00, 0x00, 0x2E, 0x80, 0x57, 0x00, 0x00,
	0x00, 0x78, 0x00, 0x01, 0xB1, 0x03, 0x00, 0x00, 0x00, 0x00, 0x00, 0x00, 0x00, 0x00, 0x00, 0x00,
	0x00, 0x00, 0x00, 0x00, 0x00, 0x14, 0x00, 0x00, 0x00, 0x00, 0x00, 0x00, 0x00, 0x00, 0x00, 0x0E,
	0x00, 0x58, 0x00, 0x00, 0x00, 0x78, 0x00, 0x01, 0xF5, 0x00, 0x00, 0x3D, 0x7F, 0xC3, 0x03, 0x00,
	0x00, 0x04, 0x00, 0x00, 0x00, 0x4A, 0x01, 0x0D, 0x00, 0xB8, 0x00, 0x00, 0x00, 0x00, 0x00, 0x00,
	0x00, 0x00, 0x01, 0x0E, 0x00, 0x58, 0x00, 0x00, 0x00, 0x78, 0x00, 0x01, 0x5D, 0x02, 0x00, 0x3D,
	0x7F, 0xC3, 0x03, 0x00, 0x00, 0x04, 0x00, 0x00, 0x00, 0x4A, 0x01, 0x55, 0x80, 0x45, 0x00, 0x00,
	0x00, 0x80, 0x00, 0x00, 0x00, 0x0E, 0x01, 0x75, 0x00, 0x45, 0x00, 0x01, 0x00, 0x86, 0x00, 0x00,
	0x00, 0xC2, 0x01, 0x55, 0x80, 0x45, 0x00, 0x00, 0x00, 0x80, 0x00, 0x00, 0x00, 0x0F, 0x01, 0x75,
	0x80, 0x47, 0x00, 0x00, 0x00, 0x86, 0x00, 0x00, 0x00, 0xC2, 0x01, 0x55, 0x80, 0x45, 0x00, 0x00,
	0x00, 0x8A, 0x00, 0x00, 0x00, 0x0E, 0x01, 0x75, 0x80, 0x47, 0x00, 0x01, 0x00, 0x86, 0x00, 0x00,
	0x00, 0xC2, 0x01, 0x55, 0x80, 0x45, 0x00, 0x00, 0x00, 0x8A, 0x00, 0x00, 0x00, 0x0F, 0x01, 0x75,
	0x00, 0x46, 0x00, 0x00, 0x00, 0x86, 0x00, 0x00, 0x00, 0xC4, 0x01, 0x55, 0x80, 0x45, 0x00, 0x00,
	0x00, 0x84, 0x00, 0x00, 0x00, 0x4E, 0x01, 0x75, 0x00, 0x46, 0x00, 0x01, 0x00, 0x86, 0x00, 0x00,
	0x00, 0xC4, 0x01, 0x28, 0x00, 0x00, 0x00, 0x00, 0x00, 0x00, 0x00, 0x00, 0x00, 0x00, 0x00, 0x38,
	0x00, 0x00, 0x00, 0x00, 0x00, 0x00, 0x00, 0x00, 0x00, 0x44, 0x33, 0x16, 0x20, 0x01, 0x00, 0x03,
	0x00, 0x05, 0x00, 0x10, 0x54, 0x07, 0x00, 0x26, 0x00, 0x00, 0x80, 0x03, 0x80, 0x00, 0x00, 0x28,
	0x21, 0x00, 0x00, 0x29, 0x9C, 0x80, 0xBC, 0x20, 0x00, 0x00, 0x12, 0x68, 0x80, 0x00, 0x00, 0x16,
	0x00, 0x00, 0x00, 0x00, 0x00, 0x05, 0x00, 0x00, 0x56, 0x07, 0x00, 0x26, 0x00, 0x00, 0x00, 0x00,
	0x80, 0x00, 0x00, 0x00, 0x22, 0x00, 0x00, 0x29, 0xB0, 0x80, 0xBC, 0x20, 0x00, 0x00, 0x00, 0x00,
	0x80, 0x00, 0x00, 0x16, 0x20, 0x01, 0x00, 0x01, 0x00, 0x05, 0x00, 0x10, 0x57, 0x07, 0x00, 0x26,
	0x00, 0x00, 0x80, 0x00, 0x80, 0x00, 0x00, 0x3C, 0x22, 0x00, 0x00, 0x29, 0xC4, 0x80, 0xBC, 0x20,
	0x00, 0x00, 0x12, 0x7C, 0x80, 0x00, 0x00, 0x16, 0x00, 0x00, 0x00, 0x02, 0x00, 0x05, 0x00, 0x00,
	0x58, 0x07, 0x00, 0x26, 0x00, 0x00, 0x00, 0x01, 0x80, 0x00, 0x00, 0x14, 0x22, 0x00, 0x00, 0x29,
	0xD8, 0x80, 0xBC, 0x20, 0x00, 0x00, 0x00, 0x14, 0x80, 0x00, 0x00, 0x16, 0x20, 0x01, 0x00, 0x03,
	0x00, 0x05, 0x00, 0x10, 0x59, 0x07, 0x00, 0x26, 0x00, 0x00, 0x80, 0x01, 0x80, 0x00, 0x00, 0x28,
	0x22, 0x00, 0x00, 0x29, 0xEC, 0x80, 0xBC, 0x20, 0x00, 0x00, 0x12, 0x68, 0x80, 0x00, 0x00, 0x2E,
	0x80, 0x57, 0x00, 0x00, 0x00, 0x78, 0x00, 0x01, 0xC5, 0x03, 0x00, 0x00, 0x00, 0x00, 0x00, 0x00,
	0x00, 0x00, 0x00, 0x00, 0x00, 0x00, 0x00, 0x00, 0x00, 0x14, 0x00, 0x00, 0x00, 0x00, 0x00, 0x00,
	0x00, 0x00, 0x00, 0x0E, 0x00, 0x58, 0x00, 0x00, 0x00, 0x78, 0x00, 0x01, 0x09, 0x01, 0x00, 0x3D,
	0x7F, 0xC3, 0x03, 0x00, 0x00, 0x04, 0x00, 0x00, 0x00, 0x4A, 0x01, 0x0D, 0x00, 0xB8, 0x00, 0x00,
	0x00, 0x00, 0x00, 0x00, 0x00, 0x00, 0x01, 0x0E, 0x00, 0x58, 0x00, 0x00, 0x00, 0x78, 0x00, 0x01,
	0x71, 0x02, 0x00, 0x3D, 0x7F, 0xC3, 0x03, 0x00, 0x00, 0x04, 0x00, 0x00, 0x00, 0x4A, 0x01, 0x55,
	0x80, 0x45, 0x00, 0x00, 0x00, 0x80, 0x00, 0x00, 0x00, 0x0E, 0x01, 0x75, 0x00, 0x45, 0x00, 0x01,
	0x00, 0x86, 0x00, 0x00, 0x00, 0xC2, 0x01, 0x55, 0x80, 0x45, 0x00, 0x00, 0x00, 0x80, 0x00, 0x00,
	0x00, 0x0F, 0x01, 0x75, 0x80, 0x47, 0x00, 0x00, 0x00, 0x86, 0x00, 0x00, 0x00, 0xC2, 0x01, 0x55,
	0x80, 0x45, 0x00, 0x00, 0x00, 0x8A, 0x00, 0x00, 0x00, 0x0E, 0x01, 0x75, 0x80, 0x47, 0x00, 0x01,
	0x00, 0x86, 0x00, 0x00, 0x00, 0xC2, 0x01, 0x55, 0x80, 0x45, 0x00, 0x00, 0x00, 0x8A, 0x00, 0x00,
	0x00, 0x0F, 0x01, 0x75, 0x00, 0x46, 0x00, 0x00, 0x00, 0x86, 0x00, 0x00, 0x00, 0xC4, 0x01, 0x55,
	0x80, 0x45, 0x00, 0x00, 0x00, 0x84, 0x00, 0x00, 0x00, 0x4E, 0x01, 0x75, 0x00, 0x46, 0x00, 0x01,
	0x00, 0x86, 0x00, 0x00, 0x00, 0xC4, 0x01, 0x28, 0x00, 0x00, 0x00, 0x00, 0x00, 0x00, 0x00, 0x00,
	0x00, 0x00, 0x00, 0x38, 0x00, 0x00, 0x00, 0x00, 0x00, 0x00, 0x00, 0x00, 0x00, 0x44, 0x33, 0x16,
	0x00, 0x00, 0x00, 0x03, 0x00, 0x05, 0x00, 0x00, 0x54, 0x07, 0x00, 0x26, 0x00, 0x00, 0x80, 0x03,
	0x80, 0x00, 0x00, 0x00, 0x21, 0x00, 0x00, 0x29, 0x9C, 0x80, 0xBC, 0x20, 0x00, 0x00, 0x00, 0x00,
	0x80, 0x00, 0x00, 0x16, 0x20, 0x01, 0x00, 0x00, 0x00, 0x05, 0x00, 0x10, 0x56, 0x07, 0x00, 0x26,
	0x00, 0x00, 0x00, 0x00, 0x80, 0x00, 0x00, 0x3C, 0x22, 0x00, 0x00, 0x29, 0xB0, 0x80, 0xBC, 0x20,
	0x00, 0x00, 0x12, 0x7C, 0x80, 0x00, 0x00, 0x16, 0x00, 0x00, 0x00, 0x01, 0x00, 0x05, 0x00, 0x00,
	0x57, 0x07, 0x00, 0x26, 0x00, 0x00, 0x80, 0x00, 0x80, 0x00, 0x00, 0x14, 0x22, 0x00, 0x00, 0x29,
	0xC4, 0x80, 0xBC, 0x20, 0x00, 0x00, 0x00, 0x14, 0x80, 0x00, 0x00, 0x16, 0x20, 0x01, 0x00, 0x02,
	0x00, 0x05, 0x00, 0x10, 0x58, 0x07, 0x00, 0x26, 0x00, 0x00, 0x00, 0x01, 0x80, 0x00, 0x00, 0x28,
	0x22, 0x00, 0x00, 0x29, 0xD8, 0x80, 0xBC, 0x20, 0x00, 0x00, 0x12, 0x68, 0x80, 0x00, 0x00, 0x16,
	0x00, 0x00, 0x00, 0x03, 0x00, 0x05, 0x00, 0x00, 0x59, 0x07, 0x00, 0x26, 0x00, 0x00, 0x80, 0x01,
	0x80, 0x00, 0x00, 0x00, 0x22, 0x00, 0x00, 0x29, 0xEC, 0x80, 0xBC, 0x20, 0x00, 0x00, 0x00, 0x00,
	0x80, 0x00, 0x00, 0x2E, 0x80, 0x57, 0x00, 0x00, 0x00, 0x78, 0x00, 0x01, 0xD9, 0x03, 0x00, 0x00,
	0x00, 0x00, 0x00, 0x00, 0x00, 0x00, 0x00, 0x00, 0x00, 0x00, 0x00, 0x00, 0x00, 0x14, 0x00, 0x00,
	0x00, 0x00, 0x00, 0x00, 0x00, 0x00, 0x00, 0x0E, 0x00, 0x58, 0x00, 0x00, 0x00, 0x78, 0x00, 0x01,
	0x1D, 0x01, 0x00, 0x3D, 0x7F, 0xC3, 0x03, 0x00, 0x00, 0x04, 0x00, 0x00, 0x00, 0x4A, 0x01, 0x0D,
	0x00, 0xB8, 0x00, 0x00, 0x00, 0x00, 0x00, 0x00, 0x00, 0x00, 0x01, 0x0E, 0x00, 0x58, 0x00, 0x00,
	0x00, 0x78, 0x00, 0x01, 0x85, 0x02, 0x00, 0x3D, 0x7F, 0xC3, 0x03, 0x00, 0x00, 0x04, 0x00, 0x00,
	0x00, 0x4A, 0x01, 0x55, 0x80, 0x45, 0x00, 0x00, 0x00, 0x80, 0x00, 0x00, 0x00, 0x0E, 0x01, 0x75,
	0x00, 0x45, 0x00, 0x01, 0x00, 0x86, 0x00, 0x00, 0x00, 0xC2, 0x01, 0x55, 0x80, 0x45, 0x00, 0x00,
	0x00, 0x80, 0x00, 0x00, 0x00, 0x0F, 0x01, 0x75, 0x80, 0x47, 0x00, 0x00, 0x00, 0x86, 0x00, 0x00,
	0x00, 0xC2, 0x01, 0x55, 0x80, 0x45, 0x00, 0x00, 0x00, 0x8A, 0x00, 0x00, 0x00, 0x0E, 0x01, 0x75,
	0x80, 0x47, 0x00, 0x01, 0x00, 0x86, 0x00, 0x00, 0x00, 0xC2, 0x01, 0x55, 0x80, 0x45, 0x00, 0x00,
	0x00, 0x8A, 0x00, 0x00, 0x00, 0x0F, 0x01, 0x75, 0x00, 0x46, 0x00, 0x00, 0x00, 0x86, 0x00, 0x00,
	0x00, 0xC4, 0x01, 0x55, 0x80, 0x45, 0x00, 0x00, 0x00, 0x84, 0x00, 0x00, 0x00, 0x4E, 0x01, 0x75,
	0x00, 0x46, 0x00, 0x01, 0x00, 0x86, 0x00, 0x00, 0x00, 0xC4, 0x01, 0x28, 0x00, 0x00, 0x00, 0x00,
	0x00, 0x00, 0x00, 0x00, 0x00, 0x00, 0x00, 0x38, 0x00, 0x00, 0x00, 0x00, 0x00, 0x00, 0x00, 0x00,
	0x00, 0x44, 0x33, 0x16, 0x20, 0x01, 0x00, 0x03, 0x00, 0x05, 0x00, 0x10, 0x54, 0x07, 0x00, 0x26,
	0x00, 0x00, 0x80, 0x03, 0x80, 0x00, 0x00, 0x3C, 0x21, 0x00, 0x00, 0x29, 0x9C, 0x80, 0xBC, 0x20,
	0x00, 0x00, 0x12, 0x7C, 0x80, 0x00, 0x00, 0x16, 0x00, 0x00, 0x00, 0x00, 0x00, 0x05, 0x00, 0x00,
	0x56, 0x07, 0x00, 0x26, 0x00, 0x00, 0x00, 0x00, 0x80, 0x00, 0x00, 0x14, 0x22, 0x00, 0x00, 0x29,
	0xB0, 0x80, 0xBC, 0x20, 0x00, 0x00, 0x00, 0x14, 0x80, 0x00, 0x00, 0x16, 0x20, 0x01, 0x00, 0x01,
	0x00, 0x05, 0x00, 0x10, 0x57, 0x07, 0x00, 0x26, 0x00, 0x00, 0x80, 0x00, 0x80, 0x00, 0x00, 0x28,
	0x22, 0x00, 0x00, 0x29, 0xC4, 0x80, 0xBC, 0x20, 0x00, 0x00, 0x12, 0x68, 0x80, 0x00, 0x00, 0x16,
	0x00, 0x00, 0x00, 0x02, 0x00, 0x05, 0x00, 0x00, 0x58, 0x07, 0x00, 0x26, 0x00, 0x00, 0x00, 0x01,
	0x80, 0x00, 0x00, 0x00, 0x22, 0x00, 0x00, 0x29, 0xD8, 0x80, 0xBC, 0x20, 0x00, 0x00, 0x00, 0x00,
	0x80, 0x00, 0x00, 0x16, 0x20, 0x01, 0x00, 0x03, 0x00, 0x05, 0x00, 0x10, 0x59, 0x07, 0x00, 0x26,
	0x00, 0x00, 0x80, 0x01, 0x80, 0x00, 0x00, 0x3C, 0x22, 0x00, 0x00, 0x29, 0xEC, 0x80, 0xBC, 0x20,
	0x00, 0x00, 0x12, 0x7C, 0x80, 0x00, 0x00, 0x2E, 0x80, 0x57, 0x00, 0x00, 0x00, 0x78, 0x00, 0x01,
	0xED, 0x03, 0x00, 0x00, 0x00, 0x00, 0x00, 0x00, 0x00, 0x00, 0x00, 0x00, 0x00, 0x00, 0x00, 0x00,
	0x00, 0x14, 0x00, 0x00, 0x00, 0x00, 0x00, 0x00, 0x00, 0x00, 0x00, 0x0E, 0x00, 0x58, 0x00, 0x00,
	0x00, 0x78, 0x00, 0x01, 0x31, 0x01, 0x00, 0x3D, 0x7F, 0xC3, 0x03, 0x00, 0x00, 0x04, 0x00, 0x00,
	0x00, 0x4A, 0x01, 0x0D, 0x00, 0xB8, 0x00, 0x00, 0x00, 0x00, 0x00, 0x00, 0x00, 0x00, 0x01, 0x0E,
	0x00, 0x58, 0x00, 0x00, 0x00, 0x78, 0x00, 0x01, 0x99, 0x02, 0x00, 0x3D, 0x7F, 0xC3, 0x03, 0x00,
	0x00, 0x04, 0x00, 0x00, 0x00, 0x4A, 0x01, 0x55, 0x80, 0x45, 0x00, 0x00, 0x00, 0x80, 0x00, 0x00,
	0x00, 0x0E, 0x01, 0x75, 0x00, 0x45, 0x00, 0x01, 0x00, 0x86, 0x00, 0x00, 0x00, 0xC2, 0x01, 0x55,
	0x80, 0x45, 0x00, 0x00, 0x00, 0x80, 0x00, 0x00, 0x00, 0x0F, 0x01, 0x75, 0x80, 0x47, 0x00, 0x00,
	0x00, 0x86, 0x00, 0x00, 0x00, 0xC2, 0x01, 0x55, 0x80, 0x45, 0x00, 0x00, 0x00, 0x8A, 0x00, 0x00,
	0x00, 0x0E, 0x01, 0x75, 0x80, 0x47, 0x00, 0x01, 0x00, 0x86, 0x00, 0x00, 0x00, 0xC2, 0x01, 0x55,
	0x80, 0x45, 0x00, 0x00, 0x00, 0x8A, 0x00, 0x00, 0x00, 0x0F, 0x01, 0x75, 0x00, 0x46, 0x00, 0x00,
	0x00, 0x86, 0x00, 0x00, 0x00, 0xC4, 0x01, 0x55, 0x80, 0x45, 0x00, 0x00, 0x00, 0x84, 0x00, 0x00,
	0x00, 0x4E, 0x01, 0x75, 0x00, 0x46, 0x00, 0x01, 0x00, 0x86, 0x00, 0x00, 0x00, 0xC4, 0x01, 0x28,
	0x00, 0x00, 0x00, 0x00, 0x00, 0x00, 0x00, 0x00, 0x00, 0x00, 0x00, 0x38, 0x00, 0x00, 0x00, 0x00,
	0x00, 0x00, 0x00, 0x00, 0x00, 0x44, 0x33, 0x16, 0x00, 0x00, 0x00, 0x03, 0x00, 0x05, 0x00, 0x00,
	0x54, 0x07, 0x00, 0x26, 0x00, 0x00, 0x80, 0x03, 0x80, 0x00, 0x00, 0x14, 0x21, 0x00, 0x00, 0x29,
	0x9C, 0x80, 0xBC, 0x20, 0x00, 0x00, 0x00, 0x14, 0x80, 0x00, 0x00, 0x16, 0x20, 0x01, 0x00, 0x00,
	0x00, 0x05, 0x00, 0x10, 0x56, 0x07, 0x00, 0x26, 0x00, 0x00, 0x00, 0x00, 0x80, 0x00, 0x00, 0x28,
	0x22, 0x00, 0x00, 0x29, 0xB0, 0x80, 0xBC, 0x20, 0x00, 0x00, 0x12, 0x68, 0x80, 0x00, 0x00, 0x16,
	0x00, 0x00, 0x00, 0x01, 0x00, 0x05, 0x00, 0x00, 0x57, 0x07, 0x00, 0x26, 0x00, 0x00, 0x80, 0x00,
	0x80, 0x00, 0x00, 0x00, 0x22, 0x00, 0x00, 0x29, 0xC4, 0x80, 0xBC, 0x20, 0x00, 0x00, 0x00, 0x00,
	0x80, 0x00, 0x00, 0x16, 0x20, 0x01, 0x00, 0x02, 0x00, 0x05, 0x00, 0x10, 0x58, 0x07, 0x00, 0x26,
	0x00, 0x00, 0x00, 0x01, 0x80, 0x00, 0x00, 0x3C, 0x22, 0x00, 0x00, 0x29, 0xD8, 0x80, 0xBC, 0x20,
	0x00, 0x00, 0x12, 0x7C, 0x80, 0x00, 0x00, 0x16, 0x00, 0x00, 0x00, 0x03, 0x00, 0x05, 0x00, 0x00,
	0x59, 0x07, 0x00, 0x26, 0x00, 0x00, 0x80, 0x01, 0x80, 0x00, 0x00, 0x14, 0x22, 0x00, 0x00, 0x29,
	0xEC, 0x80, 0xBC, 0x20, 0x00, 0x00, 0x00, 0x14, 0x80, 0x00, 0x00, 0x2E, 0x80, 0x57, 0x00, 0x00,
	0x00, 0x78, 0x00, 0x01, 0x01, 0x04, 0x00, 0x00, 0x00, 0x00, 0x00, 0x00, 0x00, 0x00, 0x00, 0x00,
	0x00, 0x00, 0x00, 0x00, 0x00, 0x14, 0x00, 0x00, 0x00, 0x00, 0x00, 0x00, 0x00, 0x00, 0x00, 0x0E,
	0x00, 0x58, 0x00, 0x00, 0x00, 0x78, 0x00, 0x01, 0x45, 0x01, 0x00, 0x3D, 0x7F, 0xC3, 0x03, 0x00,
	0x00, 0x04, 0x00, 0x00, 0x00, 0x4A, 0x01, 0x0D, 0x00, 0xB8, 0x00, 0x00, 0x00, 0x00, 0x00, 0x00,
	0x00, 0x00, 0x01, 0x0E, 0x00, 0x58, 0x00, 0x00, 0x00, 0x78, 0x00, 0x01, 0xAD, 0x02, 0x00, 0x3D,
	0x7F, 0xC3, 0x03, 0x00, 0x00, 0x04, 0x00, 0x00, 0x00, 0x4A, 0x01, 0x55, 0x80, 0x45, 0x00, 0x00,
	0x00, 0x80, 0x00, 0x00, 0x00, 0x0E, 0x01, 0x75, 0x00, 0x45, 0x00, 0x01, 0x00, 0x86, 0x00, 0x00,
	0x00, 0xC2, 0x01, 0x55, 0x80, 0x45, 0x00, 0x00, 0x00, 0x80, 0x00, 0x00, 0x00, 0x0F, 0x01, 0x75,
	0x80, 0x47, 0x00, 0x00, 0x00, 0x86, 0x00, 0x00, 0x00, 0xC2, 0x01, 0x55, 0x80, 0x45, 0x00, 0x00,
	0x00, 0x8A, 0x00, 0x00, 0x00, 0x0E, 0x01, 0x75, 0x80, 0x47, 0x00, 0x01, 0x00, 0x86, 0x00, 0x00,
	0x00, 0xC2, 0x01, 0x55, 0x80, 0x45, 0x00, 0x00, 0x00, 0x8A, 0x00, 0x00, 0x00, 0x0F, 0x01, 0x75,
	0x00, 0x46, 0x00, 0x00, 0x00, 0x86, 0x00, 0x00, 0x00, 0xC4, 0x01, 0x55, 0x80, 0x45, 0x00, 0x00,
	0x00, 0x84, 0x00, 0x00, 0x00, 0x4E, 0x01, 0x75, 0x00, 0x46, 0x00, 0x01, 0x00, 0x86, 0x00, 0x00,
	0x00, 0xC4, 0x01, 0x28, 0x00, 0x00, 0x00, 0x00, 0x00, 0x00, 0x00, 0x00, 0x00, 0x00, 0x00, 0x38,
	0x00, 0x00, 0x00, 0x00, 0x00, 0x00, 0x00, 0x00, 0x00, 0x44, 0x33, 0x16, 0x20, 0x01, 0x00, 0x03,
	0x00, 0x05, 0x00, 0x10, 0x54, 0x07, 0x00, 0x26, 0x00, 0x00, 0x80, 0x03, 0x80, 0x00, 0x00, 0x28,
	0x21, 0x00, 0x00, 0x29, 0x9C, 0x80, 0xBC, 0x20, 0x00, 0x00, 0x12, 0x68, 0x80, 0x00, 0x00, 0x16,
	0x00, 0x00, 0x00, 0x00, 0x00, 0x05, 0x00, 0x00, 0x56, 0x07, 0x00, 0x26, 0x00, 0x00, 0x00, 0x00,
	0x80, 0x00, 0x00, 0x00, 0x22, 0x00, 0x00, 0x29, 0xB0, 0x80, 0xBC, 0x20, 0x00, 0x00, 0x00, 0x00,
	0x80, 0x00, 0x00, 0x16, 0x20, 0x01, 0x00, 0x01, 0x00, 0x05, 0x00, 0x10, 0x57, 0x07, 0x00, 0x26,
	0x00, 0x00, 0x80, 0x00, 0x80, 0x00, 0x00, 0x3C, 0x22, 0x00, 0x00, 0x29, 0xC4, 0x80, 0xBC, 0x20,
	0x00, 0x00, 0x12, 0x7C, 0x80, 0x00, 0x00, 0x16, 0x00, 0x00, 0x00, 0x02, 0x00, 0x05, 0x00, 0x00,
	0x58, 0x07, 0x00, 0x26, 0x00, 0x00, 0x00, 0x01, 0x80, 0x00, 0x00, 0x14, 0x22, 0x00, 0x00, 0x29,
	0xD8, 0x80, 0xBC, 0x20, 0x00, 0x00, 0x00, 0x14, 0x80, 0x00, 0x00, 0x16, 0x20, 0x01, 0x00, 0x03,
	0x00, 0x05, 0x00, 0x10, 0x59, 0x07, 0x00, 0x26, 0x00, 0x00, 0x80, 0x01, 0x80, 0x00, 0x00, 0x28,
	0x22, 0x00, 0x00, 0x29, 0xEC, 0x80, 0xBC, 0x20, 0x00, 0x00, 0x12, 0x68, 0x80, 0x00, 0x00, 0x2E,
	0x80, 0x57, 0x00, 0x00, 0x00, 0x78, 0x00, 0x01, 0x15, 0x04, 0x00, 0x00, 0x00, 0x00, 0x00, 0x00,
	0x00, 0x00, 0x00, 0x00, 0x00, 0x00, 0x00, 0x00, 0x00, 0x14, 0x00, 0x00, 0x00, 0x00, 0x00, 0x00,
	0x00, 0x00, 0x00, 0x00, 0x00, 0x00, 0x00, 0x00, 0x00, 0x00, 0x00, 0x00, 0x00, 0x00, 0x00, 0x00,
	0x00, 0x14, 0x00, 0x00, 0x00, 0x00, 0x00, 0x00, 0x00, 0x00, 0x00, 0x0E, 0x40, 0xB5, 0x00, 0x00,
	0x00, 0x78, 0xC0, 0x00, 0xB1, 0x03, 0x00, 0x28, 0x00, 0x00, 0x00, 0x00, 0x00, 0x00, 0x00, 0x00,
	0x00, 0x00, 0x00, 0x38, 0x00, 0x00, 0x00, 0x00, 0x00, 0x00, 0x00, 0x00, 0x00, 0x46, 0x33, 0x16,
	0x00, 0x00, 0x00, 0x00, 0x00, 0x2D, 0x00, 0x00, 0x5B, 0x07, 0x00, 0x26, 0x00, 0x00, 0x00, 0x02,
	0x80, 0x00, 0x00, 0x00, 0x22, 0x00, 0x00, 0x29, 0x00, 0x2C, 0x75, 0x05, 0xA8, 0x01, 0x00, 0x00,
	0x80, 0x00, 0x00, 0x16, 0x20, 0x01, 0x00, 0x01, 0x00, 0x2D, 0x00, 0x10, 0x66, 0x07, 0x00, 0x26,
	0x00, 0x00, 0x80, 0x02, 0x80, 0x00, 0x00, 0x3C, 0x22, 0x00, 0x00, 0x29, 0x07, 0x2C, 0x75, 0x05,
	0xA8, 0x01, 0x12, 0x7C, 0x80, 0x20, 0x00, 0x16, 0x00, 0x00, 0x00, 0x02, 0x00, 0x2D, 0x00, 0x00,
	0x71, 0x07, 0x00, 0x26, 0x00, 0x00, 0x00, 0x03, 0x80, 0x00, 0x00, 0x14, 0x22, 0x00, 0x00, 0x29,
	0x0F, 0x2C, 0x75, 0x05, 0xA8, 0x01, 0x00, 0x14, 0x80, 0x00, 0x00, 0x16, 0x20, 0x01, 0x00, 0x03,
	0x00, 0x2D, 0x00, 0x10, 0x7C, 0x07, 0x00, 0x26, 0x00, 0x00, 0x80, 0x03, 0x80, 0x00, 0x00, 0x28,
	0x22, 0x00, 0x00, 0x29, 0x16, 0x2C, 0x75, 0x05, 0xA8, 0x01, 0x12, 0x68, 0x80, 0x20, 0x00, 0x16,
	0x00, 0x00, 0x00, 0x00, 0x00, 0x2D, 0x00, 0x00, 0x88, 0x07, 0x00, 0x26, 0x00, 0x00, 0x00, 0x00,
	0x80, 0x00, 0x00, 0x00, 0x23, 0x00, 0x00, 0x29, 0x1E, 0x2C, 0x75, 0x05, 0xA8, 0x01, 0x00, 0x00,
	0x80, 0x00, 0x00, 0x40, 0xEC, 0x44, 0x00, 0x00, 0x00, 0x00, 0x00, 0x00, 0x00, 0x00, 0x00, 0xDC,
	0x50, 0x3B, 0x81, 0x01, 0x00, 0x00, 0x00, 0x00, 0x00, 0x80, 0x0B, 0x2E, 0x50, 0xAF, 0x00, 0x00,
	0x00, 0x1E, 0x80, 0x01, 0xE1, 0x00, 0x00, 0x00, 0x00, 0x00, 0x00, 0x00, 0x00, 0x00, 0x00, 0x00,
	0x00, 0x00, 0x00, 0x00, 0x00, 0x14, 0x00, 0x00, 0x00, 0x00, 0x00, 0x00, 0x00, 0x00, 0x00, 0x0E,
	0xB0, 0xC7, 0x00, 0x02, 0x00, 0x78, 0x80, 0x00, 0xCC, 0x03, 0x00, 0x28, 0x00, 0x00, 0x00, 0x00,
	0x00, 0x00, 0x00, 0x00, 0x00, 0x00, 0x00, 0x06, 0x00, 0x00, 0x00, 0x00, 0x00, 0x08, 0x00, 0x00,
	0xB0, 0x01, 0x00, 0x08, 0x00, 0x00, 0x00, 0x00, 0x00, 0x00, 0x00, 0x00, 0x00, 0x00, 0x00, 0x18,
	0x00, 0x00, 0x00, 0x00, 0x00, 0x00, 0x00, 0x00, 0x00, 0x00, 0x00, 0x38, 0x00, 0x00, 0x00, 0x00,
	0x00, 0x00, 0x00, 0x00, 0x00, 0x46, 0x33, 0x16, 0x20, 0x01, 0x00, 0x00, 0x00, 0x2D, 0x00, 0x10,
	0x5B, 0x07, 0x00, 0x26, 0x00, 0x00, 0x00, 0x02, 0x80, 0x00, 0x00, 0x3C, 0x22, 0x00, 0x00, 0x29,
	0x00, 0x2C, 0x79, 0x11, 0x74, 0x01, 0x12, 0x7C, 0x80, 0x00, 0x04, 0x16, 0x00, 0x00, 0x00, 0x01,
	0x00, 0x2D, 0x00, 0x00, 0x66, 0x07, 0x00, 0x26, 0x00, 0x00, 0x80, 0x02, 0x80, 0x00, 0x00, 0x14,
	0x22, 0x00, 0x00, 0x29, 0x07, 0x2C, 0x79, 0x11, 0x74, 0x01, 0x00, 0x14, 0x80, 0x20, 0x04, 0x16,
	0x20, 0x01, 0x00, 0x02, 0x00, 0x2D, 0x00, 0x10, 0x71, 0x07, 0x00, 0x26, 0x00, 0x00, 0x00, 0x03,
	0x80, 0x00, 0x00, 0x28, 0x22, 0x00, 0x00, 0x29, 0x0F, 0x2C, 0x79, 0x11, 0x74, 0x01, 0x12, 0x68,
	0x80, 0x00, 0x04, 0x16, 0x00, 0x00, 0x00, 0x03, 0x00, 0x2D, 0x00, 0x00, 0x7C, 0x07, 0x00, 0x26,
	0x00, 0x00, 0x80, 0x03, 0x80, 0x00, 0x00, 0x00, 0x22, 0x00, 0x00, 0x29, 0x16, 0x2C, 0x79, 0x11,
	0x74, 0x01, 0x00, 0x00, 0x80, 0x20, 0x04, 0x16, 0x20, 0x01, 0x00, 0x00, 0x00, 0x2D, 0x00, 0x10,
	0x88, 0x07, 0x00, 0x26, 0x00, 0x00, 0x00, 0x00, 0x80, 0x00, 0x00, 0x3C, 0x23, 0x00, 0x00, 0x29,
	0x1E, 0x2C, 0x79, 0x11, 0x74, 0x01, 0x12, 0x7C, 0x80, 0x00, 0x04, 0x40, 0xEC, 0x44, 0x00, 0x00,
	0x00, 0x00, 0x00, 0x00, 0x00, 0x00, 0x00, 0xDC, 0x50, 0x3B, 0x81, 0x01, 0x00, 0x00, 0x00, 0x00,
	0x00, 0x80, 0x0B, 0x2E, 0x50, 0xAF, 0x00, 0x02, 0x00, 0x1E, 0x80, 0x01, 0xE8, 0x00, 0x00, 0x00,
	0x00, 0x00, 0x00, 0x00, 0x00, 0x00, 0x00, 0x00, 0x00, 0x00, 0x00, 0x00, 0x00, 0x14, 0x00, 0x00,
	0x00, 0x00, 0x00, 0x00, 0x00, 0x00, 0x00, 0x0E, 0xB0, 0xC7, 0x00, 0x02, 0x00, 0x78, 0x80, 0x00,
	0xEA, 0x03, 0x00, 0x28, 0x00, 0x00, 0x00, 0x00, 0x00, 0x00, 0x00, 0x00, 0x00, 0x00, 0x00, 0x38,
	0x00, 0x00, 0x00, 0x00, 0x00, 0x00, 0x00, 0x00, 0x00, 0x46, 0x33, 0x16, 0x00, 0x00, 0x00, 0x00,
	0x00, 0x2D, 0x00, 0x00, 0x5B, 0x07, 0x00, 0x26, 0x00, 0x00, 0x00, 0x02, 0x80, 0x00, 0x00, 0x14,
	0x22, 0x00, 0x00, 0x29, 0x00, 0x2C, 0x79, 0x11, 0x74, 0x01, 0x00, 0x14, 0x80, 0x00, 0x04, 0x16,
	0x20, 0x01, 0x00, 0x01, 0x00, 0x2D, 0x00, 0x10, 0x66, 0x07, 0x00, 0x26, 0x00, 0x00, 0x80, 0x02,
	0x80, 0x00, 0x00, 0x28, 0x22, 0x00, 0x00, 0x29, 0x07, 0x2C, 0x79, 0x11, 0x74, 0x01, 0x12, 0x68,
	0x80, 0x20, 0x04, 0x16, 0x00, 0x00, 0x00, 0x02, 0x00, 0x2D, 0x00, 0x00, 0x71, 0x07, 0x00, 0x26,
	0x00, 0x00, 0x00, 0x03, 0x80, 0x00, 0x00, 0x00, 0x22, 0x00, 0x00, 0x29, 0x0F, 0x2C, 0x79, 0x11,
	0x74, 0x01, 0x00, 0x00, 0x80, 0x00, 0x04, 0x16, 0x20, 0x01, 0x00, 0x03, 0x00, 0x2D, 0x00, 0x10,
	0x7C, 0x07, 0x00, 0x26, 0x00, 0x00, 0x80, 0x03, 0x80, 0x00, 0x00, 0x3C, 0x22, 0x00, 0x00, 0x29,
	0x16, 0x2C, 0x79, 0x11, 0x74, 0x01, 0x12, 0x7C, 0x80, 0x20, 0x04, 0x16, 0x00, 0x00, 0x00, 0x00,
	0x00, 0x2D, 0x00, 0x00, 0x88, 0x07, 0x00, 0x26, 0x00, 0x00, 0x00, 0x00, 0x80, 0x00, 0x00, 0x14,
	0x23, 0x00, 0x00, 0x29, 0x1E, 0x2C, 0x79, 0x11, 0x74, 0x01, 0x00, 0x14, 0x80, 0x00, 0x04, 0x40,
	0xEC, 0x44, 0x00, 0x00, 0x00, 0x00, 0x00, 0x00, 0x00, 0x00, 0x00, 0xDC, 0x50, 0x3B, 0x81, 0x01,
	0x00, 0x00, 0x00, 0x00, 0x00, 0x80, 0x0B, 0x2E, 0x50, 0xAF, 0x00, 0x00, 0x00, 0x1E, 0x80, 0x01,
	0xF0, 0x00, 0x00, 0x00, 0x00, 0x00, 0x00, 0x00, 0x00, 0x00, 0x00, 0x00, 0x00, 0x00, 0x00, 0x00,
	0x00, 0x14, 0x00, 0x00, 0x00, 0x00, 0x00, 0x00, 0x00, 0x00, 0x00, 0x0E, 0xB0, 0xC7, 0x00, 0x02,
	0x00, 0x78, 0x80, 0x00, 0x08, 0x04, 0x00, 0x28, 0x00, 0x00, 0x00, 0x00, 0x00, 0x00, 0x00, 0x00,
	0x00, 0x00, 0x00, 0x38, 0x00, 0x00, 0x00, 0x00, 0x00, 0x00, 0x00, 0x00, 0x00, 0x46, 0x33, 0x16,
	0x20, 0x01, 0x00, 0x00, 0x00, 0x2D, 0x00, 0x10, 0x5B, 0x07, 0x00, 0x26, 0x00, 0x00, 0x00, 0x02,
	0x80, 0x00, 0x00, 0x28, 0x22, 0x00, 0x00, 0x29, 0x00, 0x2C, 0x79, 0x11, 0x74, 0x01, 0x12, 0x68,
	0x80, 0x00, 0x04, 0x16, 0x00, 0x00, 0x00, 0x01, 0x00, 0x2D, 0x00, 0x00, 0x66, 0x07, 0x00, 0x26,
	0x00, 0x00, 0x80, 0x02, 0x80, 0x00, 0x00, 0x00, 0x22, 0x00, 0x00, 0x29, 0x07, 0x2C, 0x79, 0x11,
	0x74, 0x01, 0x00, 0x00, 0x80, 0x20, 0x04, 0x16, 0x20, 0x01, 0x00, 0x02, 0x00, 0x2D, 0x00, 0x10,
	0x71, 0x07, 0x00, 0x26, 0x00, 0x00, 0x00, 0x03, 0x80, 0x00, 0x00, 0x3C, 0x22, 0x00, 0x00, 0x29,
	0x0F, 0x2C, 0x79, 0x11, 0x74, 0x01, 0x12, 0x7C, 0x80, 0x00, 0x04, 0x16, 0x00, 0x00, 0x00, 0x03,
	0x00, 0x2D, 0x00, 0x00, 0x7C, 0x07, 0x00, 0x26, 0x00, 0x00, 0x80, 0x03, 0x80, 0x00, 0x00, 0x14,
	0x22, 0x00, 0x00, 0x29, 0x16, 0x2C, 0x79, 0x11, 0x74, 0x01, 0x00, 0x14, 0x80, 0x20, 0x04, 0x16,
	0x20, 0x01, 0x00, 0x00, 0x00, 0x2D, 0x00, 0x10, 0x88, 0x07, 0x00, 0x26, 0x00, 0x00, 0x00, 0x00,
	0x80, 0x00, 0x00, 0x28, 0x23, 0x00, 0x00, 0x29, 0x1E, 0x2C, 0x79, 0x11, 0x74, 0x01, 0x12, 0x68,
	0x80, 0x00, 0x04, 0x40, 0xEC, 0x44, 0x00, 0x00, 0x00, 0x00, 0x00, 0x00, 0x00, 0x00, 0x00, 0xDC,
	0x50, 0x3B, 0x81, 0x01, 0x00, 0x00, 0x00, 0x00, 0x00, 0x80, 0x0B, 0x2E, 0x50, 0xAF, 0x00, 0x02,
	0x00, 0x1E, 0x80, 0x01, 0xF7, 0x00, 0x00, 0x00, 0x00, 0x00, 0x00, 0x00, 0x00, 0x00, 0x00, 0x00,
	0x00, 0x00, 0x00, 0x00, 0x00, 0x14, 0x00, 0x00, 0x00, 0x00, 0x00, 0x00, 0x00, 0x00, 0x00, 0x00,
	0x00, 0x00, 0x00, 0x00, 0x00, 0x00, 0x00, 0x00, 0x00, 0x00, 0x00, 0x00, 0x00, 0x14, 0x00, 0x00,
	0x00, 0x00, 0x00, 0x00, 0x00, 0x00, 0x00, 0x0E, 0x00, 0x74, 0x00, 0x00, 0x00, 0x1E, 0x00, 0x00,
	0xE1, 0x00, 0x00, 0x0D, 0x80, 0xE3, 0x00, 0x00, 0x00, 0x00, 0x00, 0x00, 0x00, 0x08, 0x00, 0x0E,
	0x00, 0x74, 0x00, 0x00, 0x00, 0x1E, 0x00, 0x00, 0x00, 0x00, 0x00, 0x0D, 0xC0, 0xE1, 0x00, 0x00,
	0x00, 0x00, 0x00, 0x00, 0x00, 0x0C, 0x00, 0x2E, 0x80, 0x73, 0x00, 0x00, 0x00, 0x1E, 0x00, 0x01,
	0x77, 0x01, 0x00, 0x00, 0x00, 0x00, 0x00, 0x00, 0x00, 0x00, 0x00, 0x00, 0x00, 0x00, 0x00, 0x00,
	0x00, 0x14, 0x00, 0x00, 0x00, 0x00, 0x00, 0x00, 0x00, 0x00, 0x00, 0x0E, 0x00, 0x74, 0x00, 0x00,
	0x00, 0x1E, 0x00, 0x00, 0xEB, 0x00, 0x00, 0x0D, 0x80, 0xE3, 0x00, 0x00, 0x00, 0x00, 0x00, 0x00,
	0x00, 0x08, 0x00, 0x0E, 0x00, 0x74, 0x00, 0x00, 0x00, 0x1E, 0x00, 0x00, 0x0A, 0x00, 0x00, 0x0D,
	0xC0, 0xE1, 0x00, 0x00, 0x00, 0x00, 0x00, 0x00, 0x00, 0x0C, 0x00, 0x2E, 0x80, 0x73, 0x00, 0x00,
	0x00, 0x1E, 0x00, 0x01, 0x81, 0x01, 0x00, 0x00, 0x00, 0x00, 0x00, 0x00, 0x00, 0x00, 0x00, 0x00,
	0x00, 0x00, 0x00, 0x00, 0x00, 0x14, 0x00, 0x00, 0x00, 0x00, 0x00, 0x00, 0x00, 0x00, 0x00, 0x0E,
	0x00, 0x74, 0x00, 0x00, 0x00, 0x1E, 0x00, 0x00, 0xF5, 0x00, 0x00, 0x0D, 0x80, 0xE3, 0x00, 0x00,
	0x00, 0x00, 0x00, 0x00, 0x00, 0x08, 0x00, 0x0E, 0x00, 0x74, 0x00, 0x00, 0x00, 0x1E, 0x00, 0x00,
	0x14, 0x00, 0x00, 0x0D, 0xC0, 0xE1, 0x00, 0x00, 0x00, 0x00, 0x00, 0x00, 0x00, 0x0C, 0x00, 0x2E,
	0x80, 0x73, 0x00, 0x00, 0x00, 0x1E, 0x00, 0x01, 0x8B, 0x01, 0x00, 0x00, 0x00, 0x00, 0x00, 0x00,
	0x00, 0x00, 0x00, 0x00, 0x00, 0x00, 0x00, 0x00, 0x00, 0x14, 0x00, 0x00, 0x00, 0x00, 0x00, 0x00,
	0x00, 0x00, 0x00, 0x00, 0x00, 0x00, 0x00, 0x00, 0x00, 0x00, 0x00, 0x00, 0x00, 0x00, 0x00, 0x00,
	0x00, 0x14, 0x00, 0x00, 0x00, 0x00, 0x00, 0x00, 0x00, 0x00, 0x00, 0x0E, 0x00, 0x84, 0x00, 0x00,
	0x00, 0x1E, 0x00, 0x00, 0x77, 0x01, 0x00, 0x28, 0x00, 0x00, 0x00, 0x00, 0x00, 0x00, 0x00, 0x00,
	0x00, 0x00, 0x00, 0x38, 0x00, 0x00, 0x00, 0x00, 0x00, 0x00, 0x00, 0x00, 0x00, 0x46, 0x33, 0x16,
	0x00, 0x00, 0x00, 0x01, 0x00, 0x0A, 0x00, 0x00, 0x93, 0x07, 0x00, 0x26, 0x00, 0x00, 0x80, 0x00,
	0x80, 0x00, 0x00, 0x00, 0x23, 0x00, 0x00, 0x29, 0xC7, 0x7C, 0xED, 0x20, 0x00, 0x00, 0x00, 0x00,
	0x80, 0x30, 0x00, 0x16, 0x20, 0x01, 0x00, 0x03, 0x00, 0x0A, 0x00, 0x10, 0x95, 0x07, 0x00, 0x26,
	0x00, 0x00, 0x00, 0x01, 0x80, 0x00, 0x00, 0x3C, 0x23, 0x00, 0x00, 0x29, 0xD3, 0x7C, 0xED, 0x20,
	0x00, 0x00, 0x12, 0x7C, 0x80, 0x00, 0x00, 0x16, 0x00, 0x00, 0x00, 0x01, 0x00, 0x0A, 0x00, 0x00,
	0x98, 0x07, 0x00, 0x26, 0x00, 0x00, 0x80, 0x01, 0x80, 0x00, 0x00, 0x14, 0x23, 0x00, 0x00, 0x29,
	0xDE, 0x7C, 0xED, 0x20, 0x00, 0x00, 0x00, 0x14, 0x80, 0x10, 0x00, 0x16, 0x20, 0x01, 0x00, 0x03,
	0x00, 0x0A, 0x00, 0x10, 0x9A, 0x07, 0x00, 0x26, 0x00, 0x00, 0x00, 0x02, 0x80, 0x00, 0x00, 0x28,
	0x23, 0x00, 0x00, 0x29, 0xE9, 0x7C, 0xED, 0x20, 0x00, 0x00, 0x12, 0x68, 0x80, 0x20, 0x00, 0x16,
	0x00, 0x00, 0x00, 0x01, 0x00, 0x0A, 0x00, 0x00, 0x9D, 0x07, 0x00, 0x26, 0x00, 0x00, 0x80, 0x02,
	0x80, 0x00, 0x00, 0x00, 0x23, 0x00, 0x00, 0x29, 0xF4, 0x7C, 0xED, 0x20, 0x00, 0x00, 0x00, 0x00,
	0x80, 0x30, 0x00, 0x28, 0x00, 0x00, 0x00, 0x00, 0x00, 0x00, 0x00, 0x00, 0x00, 0x00, 0x00, 0x38,
	0x00, 0x00, 0x00, 0x00, 0x00, 0x00, 0x00, 0x00, 0x00, 0x44, 0x33, 0x16, 0x20, 0x01, 0x00, 0x03,
	0x00, 0x05, 0x00, 0x10, 0x9F, 0x07, 0x00, 0x26, 0x00, 0x00, 0x00, 0x03, 0x80, 0x00, 0x00, 0x3C,
	0x23, 0x00, 0x00, 0x29, 0x00, 0x7C, 0x81, 0x21, 0x1C, 0x03, 0x12, 0x7C, 0x80, 0x00, 0x06, 0x16,
	0x00, 0x00, 0x00, 0x00, 0x00, 0x05, 0x00, 0x00, 0xA1, 0x07, 0x00, 0x26, 0x00, 0x00, 0x80, 0x03,
	0x80, 0x00, 0x00, 0x14, 0x23, 0x00, 0x00, 0x29, 0x0B, 0x7C, 0x81, 0x21, 0x1C, 0x03, 0x00, 0x14,
	0x80, 0x10, 0x06, 0x16, 0x20, 0x01, 0x00, 0x01, 0x00, 0x05, 0x00, 0x10, 0xA2, 0x07, 0x00, 0x26,
	0x00, 0x00, 0x00, 0x00, 0x80, 0x00, 0x00, 0x28, 0x24, 0x00, 0x00, 0x29, 0x16, 0x7C, 0x81, 0x21,
	0x1C, 0x03, 0x12, 0x68, 0x80, 0x20, 0x06, 0x16, 0x00, 0x00, 0x00, 0x02, 0x00, 0x05, 0x00, 0x00,
	0xA3, 0x07, 0x00, 0x26, 0x00, 0x00, 0x80, 0x00, 0x80, 0x00, 0x00, 0x00, 0x24, 0x00, 0x00, 0x29,
	0x21, 0x7C, 0x81, 0x21, 0x1C, 0x03, 0x00, 0x00, 0x80, 0x30, 0x06, 0x16, 0x20, 0x01, 0x00, 0x03,
	0x00, 0x05, 0x00, 0x10, 0xA4, 0x07, 0x00, 0x26, 0x00, 0x00, 0x00, 0x01, 0x80, 0x00, 0x00, 0x3C,
	0x24, 0x00, 0x00, 0x29, 0x2D, 0x7C, 0x81, 0x21, 0x1C, 0x03, 0x12, 0x7C, 0x80, 0x00, 0x06, 0x28,
	0x00, 0x00, 0x00, 0x00, 0x00, 0x00, 0x00, 0x00, 0x00, 0x00, 0x00, 0x38, 0x00, 0x00, 0x00, 0x00,
	0x00, 0x00, 0x00, 0x00, 0x00, 0x86, 0x2B, 0x16, 0x00, 0x00, 0x00, 0x00, 0x00, 0x2D, 0x00, 0x00,
	0xA6, 0x07, 0x00, 0x26, 0x00, 0x00, 0x80, 0x01, 0x80, 0x00, 0x00, 0x14, 0x24, 0x00, 0x00, 0x29,
	0xCE, 0xC8, 0x80, 0x2D, 0x00, 0x00, 0x00, 0x14, 0x80, 0x00, 0x00, 0x16, 0x20, 0x01, 0x00, 0x01,
	0x00, 0x2D, 0x00, 0x10, 0xB1, 0x07, 0x00, 0x26, 0x00, 0x00, 0x00, 0x02, 0x80, 0x00, 0x00, 0x28,
	0x24, 0x00, 0x00, 0x29, 0xD8, 0xC8, 0x80, 0x2D, 0x00, 0x00, 0x12, 0x68, 0x80, 0x00, 0x00, 0x16,
	0x00, 0x00, 0x00, 0x02, 0x00, 0x2D, 0x00, 0x00, 0xBC, 0x07, 0x00, 0x26, 0x00, 0x00, 0x80, 0x02,
	0x80, 0x00, 0x00, 0x00, 0x24, 0x00, 0x00, 0x29, 0xE2, 0xC8, 0x80, 0x2D, 0x00, 0x00, 0x00, 0x00,
	0x80, 0x00, 0x00, 0x16, 0x20, 0x01, 0x00, 0x03, 0x00, 0x2D, 0x00, 0x10, 0xC7, 0x07, 0x00, 0x26,
	0x00, 0x00, 0x00, 0x03, 0x80, 0x00, 0x00, 0x3C, 0x24, 0x00, 0x00, 0x29, 0xEC, 0xC8, 0x80, 0x2D,
	0x00, 0x00, 0x12, 0x7C, 0x80, 0x00, 0x00, 0x16, 0x00, 0x00, 0x00, 0x00, 0x00, 0x2D, 0x00, 0x00,
	0xD3, 0x07, 0x00, 0x26, 0x00, 0x00, 0x80, 0x03, 0x80, 0x00, 0x00, 0x14, 0x24, 0x00, 0x00, 0x29,
	0xF6, 0xC8, 0x80, 0x2D, 0x00, 0x00, 0x00, 0x14, 0x80, 0x00, 0x00, 0x2E, 0xC0, 0x75, 0x00, 0x00,
	0x00, 0x1E, 0x80, 0x01, 0x00, 0x00, 0x00, 0x00, 0x00, 0x00, 0x00, 0x00, 0x00, 0x00, 0x00, 0x00,
	0x00, 0x00, 0x00, 0x00, 0x00, 0x14, 0x00, 0x00, 0x00, 0x00, 0x00, 0x00, 0x00, 0x00, 0x00, 0x0E,
	0x00, 0xB8, 0x00, 0x03, 0x00, 0x1E, 0x00, 0x00, 0x7F, 0x01, 0x00, 0x28, 0x00, 0x00, 0x00, 0x00,
	0x00, 0x00, 0x00, 0x00, 0x00, 0x00, 0x00, 0x38, 0x00, 0x00, 0x00, 0x00, 0x00, 0x00, 0x00, 0x00,
	0x00, 0x46, 0x33, 0x16, 0x20, 0x01, 0x00, 0x01, 0x00, 0x0A, 0x00, 0x10, 0x93, 0x07, 0x00, 0x26,
	0x00, 0x00, 0x80, 0x00, 0x80, 0x00, 0x00, 0x28, 0x23, 0x00, 0x00, 0x29, 0xC1, 0x84, 0x89, 0x21,
	0x00, 0x00, 0x12, 0x68, 0x80, 0x20, 0x00, 0x16, 0x00, 0x00, 0x00, 0x03, 0x00, 0x0A, 0x00, 0x00,
	0x95, 0x07, 0x00, 0x26, 0x00, 0x00, 0x00, 0x01, 0x80, 0x00, 0x00, 0x00, 0x23, 0x00, 0x00, 0x29,
	0xCE, 0x84, 0x89, 0x21, 0x00, 0x00, 0x00, 0x00, 0x80, 0x00, 0x00, 0x16, 0x20, 0x01, 0x00, 0x01,
	0x00, 0x0A, 0x00, 0x10, 0x98, 0x07, 0x00, 0x26, 0x00, 0x00, 0x80, 0x01, 0x80, 0x00, 0x00, 0x3C,
	0x23, 0x00, 0x00, 0x29, 0xDA, 0x84, 0x89, 0x21, 0x00, 0x00, 0x12, 0x7C, 0x80, 0x20, 0x00, 0x16,
	0x00, 0x00, 0x00, 0x03, 0x00, 0x0A, 0x00, 0x00, 0x9A, 0x07, 0x00, 0x26, 0x00, 0x00, 0x00, 0x02,
	0x80, 0x00, 0x00, 0x14, 0x23, 0x00, 0x00, 0x29, 0xE7, 0x84, 0x89, 0x21, 0x00, 0x00, 0x00, 0x14,
	0x80, 0x00, 0x00, 0x16, 0x20, 0x01, 0x00, 0x01, 0x00, 0x0A, 0x00, 0x10, 0x9D, 0x07, 0x00, 0x26,
	0x00, 0x00, 0x80, 0x02, 0x80, 0x00, 0x00, 0x28, 0x23, 0x00, 0x00, 0x29, 0xF3, 0x84, 0x89, 0x21,
	0x00, 0x00, 0x12, 0x68, 0x80, 0x20, 0x00, 0x28, 0x00, 0x00, 0x00, 0x00, 0x00, 0x00, 0x00, 0x00,
	0x00, 0x00, 0x00, 0x38, 0x00, 0x00, 0x00, 0x00, 0x00, 0x00, 0x00, 0x00, 0x00, 0x44, 0x33, 0x16,
	0x00, 0x00, 0x00, 0x03, 0x00, 0x05, 0x00, 0x00, 0x9F, 0x07, 0x00, 0x26, 0x00, 0x00, 0x00, 0x03,
	0x80, 0x00, 0x00, 0x00, 0x23, 0x00, 0x00, 0x29, 0x00, 0x84, 0x8D, 0x21, 0x04, 0x03, 0x00, 0x00,
	0x80, 0x00, 0x04, 0x16, 0x20, 0x01, 0x00, 0x00, 0x00, 0x05, 0x00, 0x10, 0xA1, 0x07, 0x00, 0x26,
	0x00, 0x00, 0x80, 0x03, 0x80, 0x00, 0x00, 0x3C, 0x23, 0x00, 0x00, 0x29, 0x0C, 0x84, 0x8D, 0x21,
	0x04, 0x03, 0x12, 0x7C, 0x80, 0x20, 0x04, 0x16, 0x00, 0x00, 0x00, 0x01, 0x00, 0x05, 0x00, 0x00,
	0xA2, 0x07, 0x00, 0x26, 0x00, 0x00, 0x00, 0x00, 0x80, 0x00, 0x00, 0x14, 0x24, 0x00, 0x00, 0x29,
	0x19, 0x84, 0x8D, 0x21, 0x04, 0x03, 0x00, 0x14, 0x80, 0x00, 0x04, 0x16, 0x20, 0x01, 0x00, 0x02,
	0x00, 0x05, 0x00, 0x10, 0xA3, 0x07, 0x00, 0x26, 0x00, 0x00, 0x80, 0x00, 0x80, 0x00, 0x00, 0x28,
	0x24, 0x00, 0x00, 0x29, 0x25, 0x84, 0x8D, 0x21, 0x04, 0x03, 0x12, 0x68, 0x80, 0x20, 0x04, 0x16,
	0x00, 0x00, 0x00, 0x03, 0x00, 0x05, 0x00, 0x00, 0xA4, 0x07, 0x00, 0x26, 0x00, 0x00, 0x00, 0x01,
	0x80, 0x00, 0x00, 0x00, 0x24, 0x00, 0x00, 0x29, 0x32, 0x84, 0x8D, 0x21, 0x04, 0x03, 0x00, 0x00,
	0x80, 0x00, 0x04, 0x28, 0x00, 0x00, 0x00, 0x00, 0x00, 0x00, 0x00, 0x00, 0x00, 0x00, 0x00, 0x38,
	0x00, 0x00, 0x00, 0x00, 0x00, 0x00, 0x00, 0x00, 0x00, 0x86, 0x2B, 0x16, 0x20, 0x01, 0x00, 0x00,
	0x00, 0x2D, 0x00, 0x10, 0xA6, 0x07, 0x00, 0x26, 0x00, 0x00, 0x80, 0x01, 0x80, 0x00, 0x00, 0x3C,
	0x24, 0x00, 0x00, 0x29, 0xCE, 0xC8, 0x8C, 0x35, 0x00, 0x00, 0x12, 0x7C, 0x80, 0x00, 0x00, 0x16,
	0x00, 0x00, 0x00, 0x01, 0x00, 0x2D, 0x00, 0x00, 0xB1, 0x07, 0x00, 0x26, 0x00, 0x00, 0x00, 0x02,
	0x80, 0x00, 0x00, 0x14, 0x24, 0x00, 0x00, 0x29, 0xD8, 0xC8, 0x8C, 0x35, 0x00, 0x00, 0x00, 0x14,
	0x80, 0x00, 0x00, 0x16, 0x20, 0x01, 0x00, 0x02, 0x00, 0x2D, 0x00, 0x10, 0xBC, 0x07, 0x00, 0x26,
	0x00, 0x00, 0x80, 0x02, 0x80, 0x00, 0x00, 0x28, 0x24, 0x00, 0x00, 0x29, 0xE2, 0xC8, 0x8C, 0x35,
	0x00, 0x00, 0x12, 0x68, 0x80, 0x00, 0x00, 0x16, 0x00, 0x00, 0x00, 0x03, 0x00, 0x2D, 0x00, 0x00,
	0xC7, 0x07, 0x00, 0x26, 0x00, 0x00, 0x00, 0x03, 0x80, 0x00, 0x00, 0x00, 0x24, 0x00, 0x00, 0x29,
	0xEC, 0xC8, 0x8C, 0x35, 0x00, 0x00, 0x00, 0x00, 0x80, 0x00, 0x00, 0x16, 0x20, 0x01, 0x00, 0x00,
	0x00, 0x2D, 0x00, 0x10, 0xD3, 0x07, 0x00, 0x26, 0x00, 0x00, 0x80, 0x03, 0x80, 0x00, 0x00, 0x3C,
	0x24, 0x00, 0x00, 0x29, 0xF6, 0xC8, 0x8C, 0x35, 0x00, 0x00, 0x12, 0x7C, 0x80, 0x00, 0x00, 0x2E,
	0xC0, 0x75, 0x00, 0x00, 0x00, 0x1E, 0x80, 0x01, 0x0A, 0x00, 0x00, 0x00, 0x00, 0x00, 0x00, 0x00,
	0x00, 0x00, 0x00, 0x00, 0x00, 0x00, 0x00, 0x00, 0x00, 0x14, 0x00, 0x00, 0x00, 0x00, 0x00, 0x00,
	0x00, 0x00, 0x00, 0x0E, 0x00, 0x84, 0x00, 0x03, 0x00, 0x1E, 0x00, 0x00, 0x89, 0x01, 0x00, 0x28,
	0x00, 0x00, 0x00, 0x00, 0x00, 0x00, 0x00, 0x00, 0x00, 0x00, 0x00, 0x38, 0x00, 0x00, 0x00, 0x00,
	0x00, 0x00, 0x00, 0x00, 0x00, 0x46, 0x33, 0x16, 0x00, 0x00, 0x00, 0x01, 0x00, 0x0A, 0x00, 0x00,
	0x93, 0x07, 0x00, 0x26, 0x00, 0x00, 0x80, 0x00, 0x80, 0x00, 0x00, 0x14, 0x23, 0x00, 0x00, 0x29,
	0xC7, 0x7C, 0xED, 0x20, 0x00, 0x00, 0x00, 0x14, 0x80, 0x30, 0x00, 0x16, 0x20, 0x01, 0x00, 0x03,
	0x00, 0x0A, 0x00, 0x10, 0x95, 0x07, 0x00, 0x26, 0x00, 0x00, 0x00, 0x01, 0x80, 0x00, 0x00, 0x28,
	0x23, 0x00, 0x00, 0x29, 0xD3, 0x7C, 0xED, 0x20, 0x00, 0x00, 0x12, 0x68, 0x80, 0x00, 0x00, 0x16,
	0x00, 0x00, 0x00, 0x01, 0x00, 0x0A, 0x00, 0x00, 0x98, 0x07, 0x00, 0x26, 0x00, 0x00, 0x80, 0x01,
	0x80, 0x00, 0x00, 0x00, 0x23, 0x00, 0x00, 0x29, 0xDE, 0x7C, 0xED, 0x20, 0x00, 0x00, 0x00, 0x00,
	0x80, 0x10, 0x00, 0x16, 0x20, 0x01, 0x00, 0x03, 0x00, 0x0A, 0x00, 0x10, 0x9A, 0x07, 0x00, 0x26,
	0x00, 0x00, 0x00, 0x02, 0x80, 0x00, 0x00, 0x3C, 0x23, 0x00, 0x00, 0x29, 0xE9, 0x7C, 0xED, 0x20,
	0x00, 0x00, 0x12, 0x7C, 0x80, 0x20, 0x00, 0x16, 0x00, 0x00, 0x00, 0x01, 0x00, 0x0A, 0x00, 0x00,
	0x9D, 0x07, 0x00, 0x26, 0x00, 0x00, 0x80, 0x02, 0x80, 0x00, 0x00, 0x14, 0x23, 0x00, 0x00, 0x29,
	0xF4, 0x7C, 0xED, 0x20, 0x00, 0x00, 0x00, 0x14, 0x80, 0x30, 0x00, 0x28, 0x00, 0x00, 0x00, 0x00,
	0x00, 0x00, 0x00, 0x00, 0x00, 0x00, 0x00, 0x38, 0x00, 0x00, 0x00, 0x00, 0x00, 0x00, 0x00, 0x00,
	0x00, 0x44, 0x33, 0x16, 0x20, 0x01, 0x00, 0x03, 0x00, 0x05, 0x00, 0x10, 0x9F, 0x07, 0x00, 0x26,
	0x00, 0x00, 0x00, 0x03, 0x80, 0x00, 0x00, 0x28, 0x23, 0x00, 0x00, 0x29, 0x00, 0x7C, 0x81, 0x21,
	0x1C, 0x03, 0x12, 0x68, 0x80, 0x00, 0x06, 0x16, 0x00, 0x00, 0x00, 0x00, 0x00, 0x05, 0x00, 0x00,
	0xA1, 0x07, 0x00, 0x26, 0x00, 0x00, 0x80, 0x03, 0x80, 0x00, 0x00, 0x00, 0x23, 0x00, 0x00, 0x29,
	0x0B, 0x7C, 0x81, 0x21, 0x1C, 0x03, 0x00, 0x00, 0x80, 0x10, 0x06, 0x16, 0x20, 0x01, 0x00, 0x01,
	0x00, 0x05, 0x00, 0x10, 0xA2, 0x07, 0x00, 0x26, 0x00, 0x00, 0x00, 0x00, 0x80, 0x00, 0x00, 0x3C,
	0x24, 0x00, 0x00, 0x29, 0x16, 0x7C, 0x81, 0x21, 0x1C, 0x03, 0x12, 0x7C, 0x80, 0x20, 0x06, 0x16,
	0x00, 0x00, 0x00, 0x02, 0x00, 0x05, 0x00, 0x00, 0xA3, 0x07, 0x00, 0x26, 0x00, 0x00, 0x80, 0x00,
	0x80, 0x00, 0x00, 0x14, 0x24, 0x00, 0x00, 0x29, 0x21, 0x7C, 0x81, 0x21, 0x1C, 0x03, 0x00, 0x14,
	0x80, 0x30, 0x06, 0x16, 0x20, 0x01, 0x00, 0x03, 0x00, 0x05, 0x00, 0x10, 0xA4, 0x07, 0x00, 0x26,
	0x00, 0x00, 0x00, 0x01, 0x80, 0x00, 0x00, 0x28, 0x24, 0x00, 0x00, 0x29, 0x2D, 0x7C, 0x81, 0x21,
	0x1C, 0x03, 0x12, 0x68, 0x80, 0x00, 0x06, 0x28, 0x00, 0x00, 0x00, 0x00, 0x00, 0x00, 0x00, 0x00,
	0x00, 0x00, 0x00, 0x38, 0x00, 0x00, 0x00, 0x00, 0x00, 0x00, 0x00, 0x00, 0x00, 0x86, 0x2B, 0x16,
	0x00, 0x00, 0x00, 0x00, 0x00, 0x2D, 0x00, 0x00, 0xA6, 0x07, 0x00, 0x26, 0x00, 0x00, 0x80, 0x01,
	0x80, 0x00, 0x00, 0x00, 0x24, 0x00, 0x00, 0x29, 0xCE, 0xC8, 0x80, 0x39, 0x00, 0x00, 0x00, 0x00,
	0x80, 0x00, 0x00, 0x16, 0x20, 0x01, 0x00, 0x01, 0x00, 0x2D, 0x00, 0x10, 0xB1, 0x07, 0x00, 0x26,
	0x00, 0x00, 0x00, 0x02, 0x80, 0x00, 0x00, 0x3C, 0x24, 0x00, 0x00, 0x29, 0xD8, 0xC8, 0x80, 0x39,
	0x00, 0x00, 0x12, 0x7C, 0x80, 0x00, 0x00, 0x16, 0x00, 0x00, 0x00, 0x02, 0x00, 0x2D, 0x00, 0x00,
	0xBC, 0x07, 0x00, 0x26, 0x00, 0x00, 0x80, 0x02, 0x80, 0x00, 0x00, 0x14, 0x24, 0x00, 0x00, 0x29,
	0xE2, 0xC8, 0x80, 0x39, 0x00, 0x00, 0x00, 0x14, 0x80, 0x00, 0x00, 0x16, 0x20, 0x01, 0x00, 0x03,
	0x00, 0x2D, 0x00, 0x10, 0xC7, 0x07, 0x00, 0x26, 0x00, 0x00, 0x00, 0x03, 0x80, 0x00, 0x00, 0x28,
	0x24, 0x00, 0x00, 0x29, 0xEC, 0xC8, 0x80, 0x39, 0x00, 0x00, 0x12, 0x68, 0x80, 0x00, 0x00, 0x16,
	0x00, 0x00, 0x00, 0x00, 0x00, 0x2D, 0x00, 0x00, 0xD3, 0x07, 0x00, 0x26, 0x00, 0x00, 0x80, 0x03,
	0x80, 0x00, 0x00, 0x00, 0x24, 0x00, 0x00, 0x29, 0xF6, 0xC8, 0x80, 0x39, 0x00, 0x00, 0x00, 0x00,
	0x80, 0x00, 0x00, 0x2E, 0xC0, 0x75, 0x00, 0x00, 0x00, 0x1E, 0x80, 0x01, 0x14, 0x00, 0x00, 0x00,
	0x00, 0x00, 0x00, 0x00, 0x00, 0x00, 0x00, 0x00, 0x00, 0x00, 0x00, 0x00, 0x00, 0x14, 0x00, 0x00,
	0x00, 0x00, 0x00, 0x00, 0x00, 0x00, 0x00, 0x00, 0x00, 0x00, 0x00, 0x00, 0x00, 0x00, 0x00, 0x00,
	0x00, 0x00, 0x00, 0x00, 0x00, 0x14, 0x00, 0x00, 0x00, 0x00, 0x00, 0x00, 0x00, 0x00, 0x00, 0x0E,
	0x80, 0x73, 0x00, 0x00, 0x00, 0x1E, 0x00, 0x01, 0x77, 0x01, 0x00, 0x28, 0x00, 0x00, 0x00, 0x00,
	0x00, 0x00, 0x00, 0x00, 0x00, 0x00, 0x00, 0x38, 0x00, 0x00, 0x00, 0x00, 0x00, 0x00, 0x00, 0x00,
	0x00, 0x44, 0x33, 0x16, 0x20, 0x01, 0x00, 0x01, 0x00, 0x0A, 0x00, 0x10, 0xDE, 0x07, 0x00, 0x26,
	0x00, 0x00, 0x00, 0x00, 0x80, 0x00, 0x00, 0x3C, 0x25, 0x00, 0x00, 0x29, 0x00, 0xC8, 0xE4, 0x20,
	0x70, 0x02, 0x12, 0x7C, 0x80, 0x00, 0x00, 0x16, 0x00, 0x00, 0x00, 0x03, 0x00, 0x0A, 0x00, 0x00,
	0xE0, 0x07, 0x00, 0x26, 0x00, 0x00, 0x80, 0x00, 0x80, 0x00, 0x00, 0x14, 0x25, 0x00, 0x00, 0x29,
	0x0A, 0xC8, 0xE4, 0x20, 0x70, 0x02, 0x00, 0x14, 0x80, 0x00, 0x00, 0x16, 0x20, 0x01, 0x00, 0x01,
	0x00, 0x0A, 0x00, 0x10, 0xE3, 0x07, 0x00, 0x26, 0x00, 0x00, 0x00, 0x01, 0x80, 0x00, 0x00, 0x28,
	0x25, 0x00, 0x00, 0x29, 0x14, 0xC8, 0xE4, 0x20, 0x70, 0x02, 0x12, 0x68, 0x80, 0x00, 0x00, 0x16,
	0x00, 0x00, 0x00, 0x03, 0x00, 0x0A, 0x00, 0x00, 0xE5, 0x07, 0x00, 0x26, 0x00, 0x00, 0x80, 0x01,
	0x80, 0x00, 0x00, 0x00, 0x25, 0x00, 0x00, 0x29, 0x1E, 0xC8, 0xE4, 0x20, 0x70, 0x02, 0x00, 0x00,
	0x80, 0x00, 0x00, 0x16, 0x20, 0x01, 0x00, 0x01, 0x00, 0x0A, 0x00, 0x10, 0xE8, 0x07, 0x00, 0x26,
	0x00, 0x00, 0x00, 0x02, 0x80, 0x00, 0x00, 0x3C, 0x25, 0x00, 0x00, 0x29, 0x28, 0xC8, 0xE4, 0x20,
	0x70, 0x02, 0x12, 0x7C, 0x80, 0x00, 0x00, 0x40, 0xA8, 0x64, 0x00, 0x00, 0x00, 0x00, 0x00, 0x00,
	0x00, 0x00, 0x00, 0xDC, 0xC0, 0xE1, 0x80, 0x01, 0x00, 0x00, 0x00, 0x00, 0x00, 0xC0, 0x0B, 0x2E,
	0xC0, 0x75, 0x00, 0x00, 0x00, 0x1E, 0x80, 0x01, 0xE1, 0x00, 0x00, 0x00, 0x00, 0x00, 0x00, 0x00,
	0x00, 0x00, 0x00, 0x00, 0x00, 0x00, 0x00, 0x00, 0x00, 0x14, 0x00, 0x00, 0x00, 0x00, 0x00, 0x00,
	0x00, 0x00, 0x00, 0x0E, 0x80, 0x73, 0x00, 0x00, 0x00, 0x1E, 0x00, 0x01, 0x81, 0x01, 0x00, 0x28,
	0x00, 0x00, 0x00, 0x00, 0x00, 0x00, 0x00, 0x00, 0x00, 0x00, 0x00, 0x38, 0x00, 0x00, 0x00, 0x00,
	0x00, 0x00, 0x00, 0x00, 0x00, 0x44, 0x33, 0x16, 0x00, 0x00, 0x00, 0x01, 0x00, 0x0A, 0x00, 0x00,
	0xDE, 0x07, 0x00, 0x26, 0x00, 0x00, 0x00, 0x00, 0x80, 0x00, 0x00, 0x14, 0x25, 0x00, 0x00, 0x29,
	0x00, 0xC8, 0xE4, 0x20, 0x70, 0x02, 0x00, 0x14, 0x80, 0x00, 0x00, 0x16, 0x20, 0x01, 0x00, 0x03,
	0x00, 0x0A, 0x00, 0x10, 0xE0, 0x07, 0x00, 0x26, 0x00, 0x00, 0x80, 0x00, 0x80, 0x00, 0x00, 0x28,
	0x25, 0x00, 0x00, 0x29, 0x0A, 0xC8, 0xE4, 0x20, 0x70, 0x02, 0x12, 0x68, 0x80, 0x00, 0x00, 0x16,
	0x00, 0x00, 0x00, 0x01, 0x00, 0x0A, 0x00, 0x00, 0xE3, 0x07, 0x00, 0x26, 0x00, 0x00, 0x00, 0x01,
	0x80, 0x00, 0x00, 0x00, 0x25, 0x00, 0x00, 0x29, 0x14, 0xC8, 0xE4, 0x20, 0x70, 0x02, 0x00, 0x00,
	0x80, 0x00, 0x00, 0x16, 0x20, 0x01, 0x00, 0x03, 0x00, 0x0A, 0x00, 0x10, 0xE5, 0x07, 0x00, 0x26,
	0x00, 0x00, 0x80, 0x01, 0x80, 0x00, 0x00, 0x3C, 0x25, 0x00, 0x00, 0x29, 0x1E, 0xC8, 0xE4, 0x20,
	0x70, 0x02, 0x12, 0x7C, 0x80, 0x00, 0x00, 0x16, 0x00, 0x00, 0x00, 0x01, 0x00, 0x0A, 0x00, 0x00,
	0xE8, 0x07, 0x00, 0x26, 0x00, 0x00, 0x00, 0x02, 0x80, 0x00, 0x00, 0x14, 0x25, 0x00, 0x00, 0x29,
	0x28, 0xC8, 0xE4, 0x20, 0x70, 0x02, 0x00, 0x14, 0x80, 0x00, 0x00, 0x40, 0xA8, 0x64, 0x00, 0x00,
	0x00, 0x00, 0x00, 0x00, 0x00, 0x00, 0x00, 0xDC, 0xC0, 0xE1, 0x80, 0x01, 0x00, 0x00, 0x00, 0x00,
	0x00, 0xC0, 0x0B, 0x2E, 0xC0, 0x75, 0x00, 0x00, 0x00, 0x1E, 0x80, 0x01, 0xEB, 0x00, 0x00, 0x00,
	0x00, 0x00, 0x00, 0x00, 0x00, 0x00, 0x00, 0x00, 0x00, 0x00, 0x00, 0x00, 0x00, 0x14, 0x00, 0x00,
	0x00, 0x00, 0x00, 0x00, 0x00, 0x00, 0x00, 0x0E, 0x80, 0x73, 0x00, 0x00, 0x00, 0x1E, 0x00, 0x01,
	0x8B, 0x01, 0x00, 0x28, 0x00, 0x00, 0x00, 0x00, 0x00, 0x00, 0x00, 0x00, 0x00, 0x00, 0x00, 0x38,
	0x00, 0x00, 0x00, 0x00, 0x00, 0x00, 0x00, 0x00, 0x00, 0x44, 0x33, 0x16, 0x20, 0x01, 0x00, 0x01,
	0x00, 0x0A, 0x00, 0x10, 0xDE, 0x07, 0x00, 0x26, 0x00, 0x00, 0x00, 0x00, 0x80, 0x00, 0x00, 0x28,
	0x25, 0x00, 0x00, 0x29, 0x00, 0xC8, 0xE4, 0x20, 0x70, 0x02, 0x12, 0x68, 0x80, 0x00, 0x00, 0x16,
	0x00, 0x00, 0x00, 0x03, 0x00, 0x0A, 0x00, 0x00, 0xE0, 0x07, 0x00, 0x26, 0x00, 0x00, 0x80, 0x00,
	0x80, 0x00, 0x00, 0x00, 0x25, 0x00, 0x00, 0x29, 0x0A, 0xC8, 0xE4, 0x20, 0x70, 0x02, 0x00, 0x00,
	0x80, 0x00, 0x00, 0x16, 0x20, 0x01, 0x00, 0x01, 0x00, 0x0A, 0x00, 0x10, 0xE3, 0x07, 0x00, 0x26,
	0x00, 0x00, 0x00, 0x01, 0x80, 0x00, 0x00, 0x3C, 0x25, 0x00, 0x00, 0x29, 0x14, 0xC8, 0xE4, 0x20,
	0x70, 0x02, 0x12, 0x7C, 0x80, 0x00, 0x00, 0x16, 0x00, 0x00, 0x00, 0x03, 0x00, 0x0A, 0x00, 0x00,
	0xE5, 0x07, 0x00, 0x26, 0x00, 0x00, 0x80, 0x01, 0x80, 0x00, 0x00, 0x14, 0x25, 0x00, 0x00, 0x29,
	0x1E, 0xC8, 0xE4, 0x20, 0x70, 0x02, 0x00, 0x14, 0x80, 0x00, 0x00, 0x16, 0x20, 0x01, 0x00, 0x01,
	0x00, 0x0A, 0x00, 0x10, 0xE8, 0x07, 0x00, 0x26, 0x00, 0x00, 0x00, 0x02, 0x80, 0x00, 0x00, 0x28,
	0x25, 0x00, 0x00, 0x29, 0x28, 0xC8, 0xE4, 0x20, 0x70, 0x02, 0x12, 0x68, 0x80, 0x00, 0x00, 0x40,
	0xA8, 0x64, 0x00, 0x00, 0x00, 0x00, 0x00, 0x00, 0x00, 0x00, 0x00, 0xDC, 0xC0, 0xE1, 0x80, 0x01,
	0x00, 0x00, 0x00, 0x00, 0x00, 0xC0, 0x0B, 0x2E, 0xC0, 0x75, 0x00, 0x00, 0x00, 0x1E, 0x80, 0x01,
	0xF5, 0x00, 0x00, 0x00, 0x00, 0x00, 0x00, 0x00, 0x00, 0x00, 0x00, 0x00, 0x00, 0x00, 0x00, 0x00,
	0x00, 0x14, 0x00, 0x00, 0x00, 0x00, 0x00, 0x00, 0x00, 0x00, 0x00, 0x00, 0x00, 0x00, 0x00, 0x00,
	0x00, 0x00, 0x00, 0x00, 0x00, 0x00, 0x00, 0x00, 0x00, 0x14, 0x00, 0x00, 0x00, 0x00, 0x00, 0x00,
	0x00, 0x00, 0x00, 0x0E, 0xC0, 0x75, 0x00, 0x00, 0x00, 0x1E, 0x80, 0x01, 0x00, 0x00, 0x00, 0x0D,
	0x00, 0xE0, 0x00, 0x00, 0x00, 0x07, 0x00, 0x00, 0x00, 0x80, 0x01, 0x0E, 0xC0, 0x75, 0x00, 0x00,
	0x00, 0x1E, 0x80, 0x01, 0xE1, 0x00, 0x00, 0x0D, 0x40, 0xE2, 0x00, 0x00, 0x00, 0x07, 0x00, 0x00,
	0x00, 0x82, 0x01, 0x28, 0x00, 0x00, 0x00, 0x00, 0x00, 0x00, 0x00, 0x00, 0x00, 0x00, 0x00, 0x38,
	0x00, 0x00, 0x00, 0x00, 0x00, 0x00, 0x00, 0x00, 0x00, 0x84, 0x2B, 0x16, 0x00, 0x00, 0x00, 0x03,
	0x00, 0x0A, 0x00, 0x00, 0xEA, 0x07, 0x00, 0x26, 0x00, 0x00, 0x80, 0x02, 0x80, 0x00, 0x00, 0x00,
	0x25, 0x00, 0x00, 0x29, 0x9C, 0xC8, 0xE4, 0x20, 0x00, 0x00, 0x00, 0x00, 0x80, 0x00, 0x00, 0x16,
	0x20, 0x01, 0x00, 0x01, 0x00, 0x0A, 0x00, 0x10, 0xED, 0x07, 0x00, 0x26, 0x00, 0x00, 0x00, 0x03,
	0x80, 0x00, 0x00, 0x3C, 0x25, 0x00, 0x00, 0x29, 0xA6, 0xC8, 0xE4, 0x20, 0x00, 0x00, 0x12, 0x7C,
	0x80, 0x00, 0x00, 0x16, 0x00, 0x00, 0x00, 0x03, 0x00, 0x0A, 0x00, 0x00, 0xEF, 0x07, 0x00, 0x26,
	0x00, 0x00, 0x80, 0x03, 0x80, 0x00, 0x00, 0x14, 0x25, 0x00, 0x00, 0x29, 0xB0, 0xC8, 0xE4, 0x20,
	0x00, 0x00, 0x00, 0x14, 0x80, 0x00, 0x00, 0x16, 0x20, 0x01, 0x00, 0x01, 0x00, 0x0A, 0x00, 0x10,
	0xF2, 0x07, 0x00, 0x26, 0x00, 0x00, 0x00, 0x00, 0x80, 0x00, 0x00, 0x28, 0x26, 0x00, 0x00, 0x29,
	0xBA, 0xC8, 0xE4, 0x20, 0x00, 0x00, 0x12, 0x68, 0x80, 0x00, 0x00, 0x16, 0x00, 0x00, 0x00, 0x03,
	0x00, 0x0A, 0x00, 0x00, 0xF4, 0x07, 0x00, 0x26, 0x00, 0x00, 0x80, 0x00, 0x80, 0x00, 0x00, 0x00,
	0x26, 0x00, 0x00, 0x29, 0xC4, 0xC8, 0xE4, 0x20, 0x00, 0x00, 0x00, 0x00, 0x80, 0x00, 0x00, 0x16,
	0x20, 0x01, 0x00, 0x01, 0x00, 0x0A, 0x00, 0x10, 0xF7, 0x07, 0x00, 0x26, 0x00, 0x00, 0x00, 0x01,
	0x80, 0x00, 0x00, 0x3C, 0x26, 0x00, 0x00, 0x29, 0xCE, 0xC8, 0xE4, 0x20, 0x00, 0x00, 0x12, 0x7C,
	0x80, 0x00, 0x00, 0x16, 0x00, 0x00, 0x00, 0x03, 0x00, 0x0A, 0x00, 0x00, 0xF9, 0x07, 0x00, 0x26,
	0x00, 0x00, 0x80, 0x01, 0x80, 0x00, 0x00, 0x14, 0x26, 0x00, 0x00, 0x29, 0xD8, 0xC8, 0xE4, 0x20,
	0x00, 0x00, 0x00, 0x14, 0x80, 0x00, 0x00, 0x16, 0x20, 0x01, 0x00, 0x01, 0x00, 0x0A, 0x00, 0x10,
	0xFC, 0x07, 0x00, 0x26, 0x00, 0x00, 0x00, 0x02, 0x80, 0x00, 0x00, 0x28, 0x26, 0x00, 0x00, 0x29,
	0xE2, 0xC8, 0xE4, 0x20, 0x00, 0x00, 0x12, 0x68, 0x80, 0x00, 0x00, 0x16, 0x00, 0x00, 0x00, 0x03,
	0x00, 0x0A, 0x00, 0x00, 0xFE, 0x07, 0x00, 0x26, 0x00, 0x00, 0x80, 0x02, 0x80, 0x00, 0x00, 0x00,
	0x26, 0x00, 0x00, 0x29, 0xEC, 0xC8, 0xE4, 0x20, 0x00, 0x00, 0x00, 0x00, 0x80, 0x00, 0x00, 0x16,
	0x20, 0x01, 0x00, 0x01, 0x00, 0x0A, 0x00, 0x10, 0x01, 0x08, 0x00, 0x26, 0x00, 0x00, 0x00, 0x03,
	0x80, 0x00, 0x00, 0x3C, 0x26, 0x00, 0x00, 0x29, 0xF6, 0xC8, 0xE4, 0x20, 0x00, 0x00, 0x12, 0x7C,
	0x80, 0x00, 0x00, 0x2E, 0x80, 0x73, 0x00, 0x00, 0x00, 0x1E, 0x00, 0x01, 0x77, 0x01, 0x00, 0x00,
	0x00, 0x00, 0x00, 0x00, 0x00, 0x00, 0x00, 0x00, 0x00, 0x00, 0x00, 0x00, 0x00, 0x14, 0x00, 0x00,
	0x00, 0x00, 0x00, 0x00, 0x00, 0x00, 0x00, 0x0E, 0xC0, 0x75, 0x00, 0x00, 0x00, 0x1E, 0x80, 0x01,
	0x0A, 0x00, 0x00, 0x0D, 0x00, 0xE0, 0x00, 0x00, 0x00, 0x07, 0x00, 0x00, 0x00, 0x80, 0x01, 0x0E,
	0xC0, 0x75, 0x00, 0x00, 0x00, 0x1E, 0x80, 0x01, 0xEB, 0x00, 0x00, 0x0D, 0x40, 0xE2, 0x00, 0x00,
	0x00, 0x07, 0x00, 0x00, 0x00, 0x82, 0x01, 0x28, 0x00, 0x00, 0x00, 0x00, 0x00, 0x00, 0x00, 0x00,
	0x00, 0x00, 0x00, 0x38, 0x00, 0x00, 0x00, 0x00, 0x00, 0x00, 0x00, 0x00, 0x00, 0x84, 0x2B, 0x16,
	0x00, 0x00, 0x00, 0x03, 0x00, 0x0A, 0x00, 0x00, 0xEA, 0x07, 0x00, 0x26, 0x00, 0x00, 0x80, 0x02,
	0x80, 0x00, 0x00, 0x14, 0x25, 0x00, 0x00, 0x29, 0x9C, 0xC8, 0xE4, 0x20, 0x00, 0x00, 0x00, 0x14,
	0x80, 0x00, 0x00, 0x16, 0x20, 0x01, 0x00, 0x01, 0x00, 0x0A, 0x00, 0x10, 0xED, 0x07, 0x00, 0x26,
	0x00, 0x00, 0x00, 0x03, 0x80, 0x00, 0x00, 0x28, 0x25, 0x00, 0x00, 0x29, 0xA6, 0xC8, 0xE4, 0x20,
	0x00, 0x00, 0x12, 0x68, 0x80, 0x00, 0x00, 0x16, 0x00, 0x00, 0x00, 0x03, 0x00, 0x0A, 0x00, 0x00,
	0xEF, 0x07, 0x00, 0x26, 0x00, 0x00, 0x80, 0x03, 0x80, 0x00, 0x00, 0x00, 0x25, 0x00, 0x00, 0x29,
	0xB0, 0xC8, 0xE4, 0x20, 0x00, 0x00, 0x00, 0x00, 0x80, 0x00, 0x00, 0x16, 0x20, 0x01, 0x00, 0x01,
	0x00, 0x0A, 0x00, 0x10, 0xF2, 0x07, 0x00, 0x26, 0x00, 0x00, 0x00, 0x00, 0x80, 0x00, 0x00, 0x3C,
	0x26, 0x00, 0x00, 0x29, 0xBA, 0xC8, 0xE4, 0x20, 0x00, 0x00, 0x12, 0x7C, 0x80, 0x00, 0x00, 0x16,
	0x00, 0x00, 0x00, 0x03, 0x00, 0x0A, 0x00, 0x00, 0xF4, 0x07, 0x00, 0x26, 0x00, 0x00, 0x80, 0x00,
	0x80, 0x00, 0x00, 0x14, 0x26, 0x00, 0x00, 0x29, 0xC4, 0xC8, 0xE4, 0x20, 0x00, 0x00, 0x00, 0x14,
	0x80, 0x00, 0x00, 0x16, 0x20, 0x01, 0x00, 0x01, 0x00, 0x0A, 0x00, 0x10, 0xF7, 0x07, 0x00, 0x26,
	0x00, 0x00, 0x00, 0x01, 0x80, 0x00, 0x00, 0x28, 0x26, 0x00, 0x00, 0x29, 0xCE, 0xC8, 0xE4, 0x20,
	0x00, 0x00, 0x12, 0x68, 0x80, 0x00, 0x00, 0x16, 0x00, 0x00, 0x00, 0x03, 0x00, 0x0A, 0x00, 0x00,
	0xF9, 0x07, 0x00, 0x26, 0x00, 0x00, 0x80, 0x01, 0x80, 0x00, 0x00, 0x00, 0x26, 0x00, 0x00, 0x29,
	0xD8, 0xC8, 0xE4, 0x20, 0x00, 0x00, 0x00, 0x00, 0x80, 0x00, 0x00, 0x16, 0x20, 0x01, 0x00, 0x01,
	0x00, 0x0A, 0x00, 0x10, 0xFC, 0x07, 0x00, 0x26, 0x00, 0x00, 0x00, 0x02, 0x80, 0x00, 0x00, 0x3C,
	0x26, 0x00, 0x00, 0x29, 0xE2, 0xC8, 0xE4, 0x20, 0x00, 0x00, 0x12, 0x7C, 0x80, 0x00, 0x00, 0x16,
	0x00, 0x00, 0x00, 0x03, 0x00, 0x0A, 0x00, 0x00, 0xFE, 0x07, 0x00, 0x26, 0x00, 0x00, 0x80, 0x02,
	0x80, 0x00, 0x00, 0x14, 0x26, 0x00, 0x00, 0x29, 0xEC, 0xC8, 0xE4, 0x20, 0x00, 0x00, 0x00, 0x14,
	0x80, 0x00, 0x00, 0x16, 0x20, 0x01, 0x00, 0x01, 0x00, 0x0A, 0x00, 0x10, 0x01, 0x08, 0x00, 0x26,
	0x00, 0x00, 0x00, 0x03, 0x80, 0x00, 0x00, 0x28, 0x26, 0x00, 0x00, 0x29, 0xF6, 0xC8, 0xE4, 0x20,
	0x00, 0x00, 0x12, 0x68, 0x80, 0x00, 0x00, 0x2E, 0x80, 0x73, 0x00, 0x00, 0x00, 0x1E, 0x00, 0x01,
	0x81, 0x01, 0x00, 0x00, 0x00, 0x00, 0x00, 0x00, 0x00, 0x00, 0x00, 0x00, 0x00, 0x00, 0x00, 0x00,
	0x00, 0x14, 0x00, 0x00, 0x00, 0x00, 0x00, 0x00, 0x00, 0x00, 0x00, 0x0E, 0xC0, 0x75, 0x00, 0x00,
	0x00, 0x1E, 0x80, 0x01, 0x14, 0x00, 0x00, 0x0D, 0x00, 0xE0, 0x00, 0x00, 0x00, 0x07, 0x00, 0x00,
	0x00, 0x80, 0x01, 0x0E, 0xC0, 0x75, 0x00, 0x00, 0x00, 0x1E, 0x80, 0x01, 0xF5, 0x00, 0x00, 0x0D,
	0x40, 0xE2, 0x00, 0x00, 0x00, 0x07, 0x00, 0x00, 0x00, 0x82, 0x01, 0x28, 0x00, 0x00, 0x00, 0x00,
	0x00, 0x00, 0x00, 0x00, 0x00, 0x00, 0x00, 0x38, 0x00, 0x00, 0x00, 0x00, 0x00, 0x00, 0x00, 0x00,
	0x00, 0x84, 0x2B, 0x16, 0x00, 0x00, 0x00, 0x03, 0x00, 0x0A, 0x00, 0x00, 0xEA, 0x07, 0x00, 0x26,
	0x00, 0x00, 0x80, 0x02, 0x80, 0x00, 0x00, 0x00, 0x25, 0x00, 0x00, 0x29, 0x9C, 0xC8, 0xE4, 0x20,
	0x00, 0x00, 0x00, 0x00, 0x80, 0x00, 0x00, 0x16, 0x20, 0x01, 0x00, 0x01, 0x00, 0x0A, 0x00, 0x10,
	0xED, 0x07, 0x00, 0x26, 0x00, 0x00, 0x00, 0x03, 0x80, 0x00, 0x00, 0x3C, 0x25, 0x00, 0x00, 0x29,
	0xA6, 0xC8, 0xE4, 0x20, 0x00, 0x00, 0x12, 0x7C, 0x80, 0x00, 0x00, 0x16, 0x00, 0x00, 0x00, 0x03,
	0x00, 0x0A, 0x00, 0x00, 0xEF, 0x07, 0x00, 0x26, 0x00, 0x00, 0x80, 0x03, 0x80, 0x00, 0x00, 0x14,
	0x25, 0x00, 0x00, 0x29, 0xB0, 0xC8, 0xE4, 0x20, 0x00, 0x00, 0x00, 0x14, 0x80, 0x00, 0x00, 0x16,
	0x20, 0x01, 0x00, 0x01, 0x00, 0x0A, 0x00, 0x10, 0xF2, 0x07, 0x00, 0x26, 0x00, 0x00, 0x00, 0x00,
	0x80, 0x00, 0x00, 0x28, 0x26, 0x00, 0x00, 0x29, 0xBA, 0xC8, 0xE4, 0x20, 0x00, 0x00, 0x12, 0x68,
	0x80, 0x00, 0x00, 0x16, 0x00, 0x00, 0x00, 0x03, 0x00, 0x0A, 0x00, 0x00, 0xF4, 0x07, 0x00, 0x26,
	0x00, 0x00, 0x80, 0x00, 0x80, 0x00, 0x00, 0x00, 0x26, 0x00, 0x00, 0x29, 0xC4, 0xC8, 0xE4, 0x20,
	0x00, 0x00, 0x00, 0x00, 0x80, 0x00, 0x00, 0x16, 0x20, 0x01, 0x00, 0x01, 0x00, 0x0A, 0x00, 0x10,
	0xF7, 0x07, 0x00, 0x26, 0x00, 0x00, 0x00, 0x01, 0x80, 0x00, 0x00, 0x3C, 0x26, 0x00, 0x00, 0x29,
	0xCE, 0xC8, 0xE4, 0x20, 0x00, 0x00, 0x12, 0x7C, 0x80, 0x00, 0x00, 0x16, 0x00, 0x00, 0x00, 0x03,
	0x00, 0x0A, 0x00, 0x00, 0xF9, 0x07, 0x00, 0x26, 0x00, 0x00, 0x80, 0x01, 0x80, 0x00, 0x00, 0x14,
	0x26, 0x00, 0x00, 0x29, 0xD8, 0xC8, 0xE4, 0x20, 0x00, 0x00, 0x00, 0x14, 0x80, 0x00, 0x00, 0x16,
	0x20, 0x01, 0x00, 0x01, 0x00, 0x0A, 0x00, 0x10, 0xFC, 0x07, 0x00, 0x26, 0x00, 0x00, 0x00, 0x02,
	0x80, 0x00, 0x00, 0x28, 0x26, 0x00, 0x00, 0x29, 0xE2, 0xC8, 0xE4, 0x20, 0x00, 0x00, 0x12, 0x68,
	0x80, 0x00, 0x00, 0x16, 0x00, 0x00, 0x00, 0x03, 0x00, 0x0A, 0x00, 0x00, 0xFE, 0x07, 0x00, 0x26,
	0x00, 0x00, 0x80, 0x02, 0x80, 0x00, 0x00, 0x00, 0x26, 0x00, 0x00, 0x29, 0xEC, 0xC8, 0xE4, 0x20,
	0x00, 0x00, 0x00, 0x00, 0x80, 0x00, 0x00, 0x16, 0x20, 0x01, 0x00, 0x01, 0x00, 0x0A, 0x00, 0x10,
	0x01, 0x08, 0x00, 0x26, 0x00, 0x00, 0x00, 0x03, 0x80, 0x00, 0x00, 0x3C, 0x26, 0x00, 0x00, 0x29,
	0xF6, 0xC8, 0xE4, 0x20, 0x00, 0x00, 0x12, 0x7C, 0x80, 0x00, 0x00, 0x2E, 0x80, 0x73, 0x00, 0x00,
	0x00, 0x1E, 0x00, 0x01, 0x8B, 0x01, 0x00, 0x00, 0x00, 0x00, 0x00, 0x00, 0x00, 0x00, 0x00, 0x00,
	0x00, 0x00, 0x00, 0x00, 0x00, 0x14, 0x00, 0x00, 0x00, 0x00, 0x00, 0x00, 0x00, 0x00, 0x00, 0x00,
	0x00, 0x00, 0x00, 0x00, 0x00, 0x00, 0x00, 0x00, 0x00, 0x00, 0x00, 0x00, 0x00, 0x14, 0x00, 0x00,
	0x00, 0x00, 0x00, 0x00, 0x00, 0x00, 0x00, 0x0E, 0x00, 0xBC, 0x00, 0x00, 0x00, 0x1E, 0x00, 0x00,
	0x77, 0x01, 0x00, 0x28, 0x00, 0x00, 0x00, 0x00, 0x00, 0x00, 0x00, 0x00, 0x00, 0x00, 0x00, 0x38,
	0x00, 0x00, 0x00, 0x00, 0x00, 0x00, 0x00, 0x00, 0x00, 0x08, 0x33, 0x16, 0x00, 0x00, 0x00, 0x03,
	0x00, 0x5A, 0x00, 0x00, 0x03, 0x08, 0x00, 0x26, 0x00, 0x00, 0x80, 0x03, 0x80, 0x00, 0x00, 0x14,
	0x26, 0x00, 0x00, 0x29, 0xDA, 0xF0, 0x90, 0x05, 0x00, 0x00, 0x00, 0x14, 0x80, 0x20, 0x00, 0x16,
	0x20, 0x01, 0x00, 0x01, 0x00, 0x5A, 0x00, 0x10, 0x1A, 0x08, 0x00, 0x26, 0x00, 0x00, 0x00, 0x00,
	0x80, 0x00, 0x00, 0x28, 0x27, 0x00, 0x00, 0x29, 0xDE, 0xF0, 0x90, 0x05, 0x00, 0x00, 0x12, 0x68,
	0x80, 0x10, 0x00, 0x16, 0x00, 0x00, 0x00, 0x03, 0x00, 0x5A, 0x00, 0x00, 0x30, 0x08, 0x00, 0x26,
	0x00, 0x00, 0x80, 0x00, 0x80, 0x00, 0x00, 0x00, 0x27, 0x00, 0x00, 0x29, 0xE2, 0xF0, 0x90, 0x05,
	0x00, 0x00, 0x00, 0x00, 0x80, 0x00, 0x00, 0x16, 0x20, 0x01, 0x00, 0x01, 0x00, 0x5A, 0x00, 0x10,
	0x47, 0x08, 0x00, 0x26, 0x00, 0x00, 0x00, 0x01, 0x80, 0x00, 0x00, 0x3C, 0x27, 0x00, 0x00, 0x29,
	0xE5, 0xF0, 0x90, 0x05, 0x00, 0x00, 0x12, 0x7C, 0x80, 0x30, 0x00, 0x16, 0x00, 0x00, 0x00, 0x03,
	0x00, 0x5A, 0x00, 0x00, 0x5D, 0x08, 0x00, 0x26, 0x00, 0x00, 0x80, 0x01, 0x80, 0x00, 0x00, 0x14,
	0x27, 0x00, 0x00, 0x29, 0xE9, 0xF0, 0x90, 0x05, 0x00, 0x00, 0x00, 0x14, 0x80, 0x20, 0x00, 0x16,
	0x20, 0x01, 0x00, 0x01, 0x00, 0x5A, 0x00, 0x10, 0x74, 0x08, 0x00, 0x26, 0x00, 0x00, 0x00, 0x02,
	0x80, 0x00, 0x00, 0x28, 0x27, 0x00, 0x00, 0x29, 0xED, 0xF0, 0x90, 0x05, 0x00, 0x00, 0x12, 0x68,
	0x80, 0x10, 0x00, 0x16, 0x00, 0x00, 0x00, 0x03, 0x00, 0x5A, 0x00, 0x00, 0x8A, 0x08, 0x00, 0x26,
	0x00, 0x00, 0x80, 0x02, 0x80, 0x00, 0x00, 0x00, 0x27, 0x00, 0x00, 0x29, 0xF1, 0xF0, 0x90, 0x05,
	0x00, 0x00, 0x00, 0x00, 0x80, 0x00, 0x00, 0x16, 0x20, 0x01, 0x00, 0x01, 0x00, 0x5A, 0x00, 0x10,
	0xA1, 0x08, 0x00, 0x26, 0x00, 0x00, 0x00, 0x03, 0x80, 0x00, 0x00, 0x3C, 0x27, 0x00, 0x00, 0x29,
	0xF4, 0xF0, 0x90, 0x05, 0x00, 0x00, 0x12, 0x7C, 0x80, 0x30, 0x00, 0x16, 0x00, 0x00, 0x00, 0x03,
	0x00, 0x5A, 0x00, 0x00, 0xB7, 0x08, 0x00, 0x26, 0x00, 0x00, 0x80, 0x03, 0x80, 0x00, 0x00, 0x14,
	0x27, 0x00, 0x00, 0x29, 0xF8, 0xF0, 0x90, 0x05, 0x00, 0x00, 0x00, 0x14, 0x80, 0x20, 0x00, 0x16,
	0x20, 0x01, 0x00, 0x01, 0x00, 0x5A, 0x00, 0x10, 0xCE, 0x08, 0x00, 0x26, 0x00, 0x00, 0x00, 0x00,
	0x80, 0x00, 0x00, 0x28, 0x28, 0x00, 0x00, 0x29, 0xFC, 0xF0, 0x90, 0x05, 0x00, 0x00, 0x12, 0x68,
	0x80, 0x10, 0x00, 0x2E, 0x50, 0x8F, 0x00, 0x00, 0x80, 0x07, 0x80, 0x01, 0x00, 0x00, 0x00, 0x00,
	0x00, 0x00, 0x00, 0x00, 0x00, 0x00, 0x00, 0x00, 0x00, 0x00, 0x00, 0x00, 0x00, 0x14, 0x00, 0x00,
	0x00, 0x00, 0x00, 0x00, 0x00, 0x00, 0x00, 0x0E, 0x00, 0xC8, 0x00, 0x03, 0x00, 0x1E, 0x00, 0x00,
	0x84, 0x01, 0x00, 0x28, 0x00, 0x00, 0x00, 0x00, 0x00, 0x00, 0x00, 0x00, 0x00, 0x00, 0x00, 0x38,
	0x00, 0x00, 0x00, 0x00, 0x00, 0x00, 0x00, 0x00, 0x00, 0x08, 0x33, 0x16, 0x00, 0x00, 0x00, 0x03,
	0x00, 0x5A, 0x00, 0x00, 0x03, 0x08, 0x00, 0x26, 0x00, 0x00, 0x80, 0x03, 0x80, 0x00, 0x00, 0x00,
	0x26, 0x00, 0x00, 0x29, 0xDA, 0xF0, 0x94, 0x11, 0x00, 0x00, 0x00, 0x00, 0x80, 0x20, 0x00, 0x16,
	0x20, 0x01, 0x00, 0x01, 0x00, 0x5A, 0x00, 0x10, 0x1A, 0x08, 0x00, 0x26, 0x00, 0x00, 0x00, 0x00,
	0x80, 0x00, 0x00, 0x3C, 0x27, 0x00, 0x00, 0x29, 0xDE, 0xF0, 0x94, 0x11, 0x00, 0x00, 0x12, 0x7C,
	0x80, 0x10, 0x00, 0x16, 0x00, 0x00, 0x00, 0x03, 0x00, 0x5A, 0x00, 0x00, 0x30, 0x08, 0x00, 0x26,
	0x00, 0x00, 0x80, 0x00, 0x80, 0x00, 0x00, 0x14, 0x27, 0x00, 0x00, 0x29, 0xE2, 0xF0, 0x94, 0x11,
	0x00, 0x00, 0x00, 0x14, 0x80, 0x00, 0x00, 0x16, 0x20, 0x01, 0x00, 0x01, 0x00, 0x5A, 0x00, 0x10,
	0x47, 0x08, 0x00, 0x26, 0x00, 0x00, 0x00, 0x01, 0x80, 0x00, 0x00, 0x28, 0x27, 0x00, 0x00, 0x29,
	0xE5, 0xF0, 0x94, 0x11, 0x00, 0x00, 0x12, 0x68, 0x80, 0x30, 0x00, 0x16, 0x00, 0x00, 0x00, 0x03,
	0x00, 0x5A, 0x00, 0x00, 0x5D, 0x08, 0x00, 0x26, 0x00, 0x00, 0x80, 0x01, 0x80, 0x00, 0x00, 0x00,
	0x27, 0x00, 0x00, 0x29, 0xE9, 0xF0, 0x94, 0x11, 0x00, 0x00, 0x00, 0x00, 0x80, 0x20, 0x00, 0x16,
	0x20, 0x01, 0x00, 0x01, 0x00, 0x5A, 0x00, 0x10, 0x74, 0x08, 0x00, 0x26, 0x00, 0x00, 0x00, 0x02,
	0x80, 0x00, 0x00, 0x3C, 0x27, 0x00, 0x00, 0x29, 0xED, 0xF0, 0x94, 0x11, 0x00, 0x00, 0x12, 0x7C,
	0x80, 0x10, 0x00, 0x16, 0x00, 0x00, 0x00, 0x03, 0x00, 0x5A, 0x00, 0x00, 0x8A, 0x08, 0x00, 0x26,
	0x00, 0x00, 0x80, 0x02, 0x80, 0x00, 0x00, 0x14, 0x27, 0x00, 0x00, 0x29, 0xF1, 0xF0, 0x94, 0x11,
	0x00, 0x00, 0x00, 0x14, 0x80, 0x00, 0x00, 0x06, 0x00, 0x02, 0x00, 0x00, 0x00, 0x08, 0x00, 0x00,
	0xC8, 0x01, 0x00, 0x08, 0x00, 0x00, 0x00, 0x00, 0x00, 0x00, 0x00, 0x00, 0x00, 0x00, 0x00, 0x18,
	0x00, 0x02, 0x00, 0x00, 0x00, 0x00, 0x00, 0x00, 0x00, 0x00, 0x00, 0x16, 0x20, 0x01, 0x00, 0x01,
	0x00, 0x5A, 0x00, 0x10, 0xA1, 0x08, 0x00, 0x26, 0x00, 0x00, 0x00, 0x03, 0x80, 0x00, 0x00, 0x28,
	0x27, 0x00, 0x00, 0x29, 0xF4, 0xF0, 0x94, 0x11, 0x00, 0x00, 0x12, 0x68, 0x80, 0x30, 0x00, 0x16,
	0x00, 0x00, 0x00, 0x03, 0x00, 0x5A, 0x00, 0x00, 0xB7, 0x08, 0x00, 0x26, 0x00, 0x00, 0x80, 0x03,
	0x80, 0x00, 0x00, 0x00, 0x27, 0x00, 0x00, 0x29, 0xF8, 0xF0, 0x94, 0x11, 0x00, 0x00, 0x00, 0x00,
	0x80, 0x20, 0x00, 0x16, 0x20, 0x01, 0x00, 0x01, 0x00, 0x5A, 0x00, 0x10, 0xCE, 0x08, 0x00, 0x26,
	0x00, 0x00, 0x00, 0x00, 0x80, 0x00, 0x00, 0x3C, 0x28, 0x00, 0x00, 0x29, 0xFC, 0xF0, 0x94, 0x11,
	0x00, 0x00, 0x12, 0x7C, 0x80, 0x10, 0x00, 0x2E, 0x50, 0x8F, 0x00, 0x03, 0x80, 0x07, 0x80, 0x01,
	0x03, 0x00, 0x00, 0x00, 0x00, 0x00, 0x00, 0x00, 0x00, 0x00, 0x00, 0x00, 0x00, 0x00, 0x00, 0x00,
	0x00, 0x14, 0x00, 0x00, 0x00, 0x00, 0x00, 0x00, 0x00, 0x00, 0x00, 0x00, 0x00, 0x00, 0x00, 0x00,
	0x00, 0x00, 0x00, 0x00, 0x00, 0x00, 0x00, 0x00, 0x00, 0x14, 0x00, 0x00, 0x00, 0x00, 0x00, 0x00,
	0x00, 0x00, 0x00, 0x0E, 0x00, 0x8C, 0x00, 0x00, 0x80, 0x07, 0x00, 0x00, 0x00, 0x00, 0x00, 0x0D,
	0xA0, 0x06, 0x01, 0x00, 0x00, 0x00, 0x00, 0x00, 0x00, 0x0A, 0x00, 0x0E, 0x00, 0x8C, 0x00, 0x00,
	0x80, 0x07, 0x00, 0x00, 0x96, 0x00, 0x00, 0x0D, 0x50, 0x07, 0x01, 0x00, 0x00, 0x00, 0x00, 0x00,
	0x00, 0x0C, 0x00, 0x2E, 0xA0, 0x8A, 0x00, 0x00, 0x80, 0x07, 0x40, 0x01, 0xE1, 0x00, 0x00, 0x00,
	0x00, 0x00, 0x00, 0x00, 0x00, 0x00, 0x00, 0x00, 0x00, 0x00, 0x00, 0x00, 0x00, 0x14, 0x00, 0x00,
	0x00, 0x00, 0x00, 0x00, 0x00, 0x00, 0x00, 0x0E, 0x00, 0x8C, 0x00, 0x03, 0x80, 0x07, 0x00, 0x00,
	0x03, 0x00, 0x00, 0x0D, 0xA0, 0x06, 0x01, 0x00, 0x00, 0x00, 0x00, 0x00, 0x00, 0x0A, 0x00, 0x0E,
	0x00, 0x8C, 0x00, 0x03, 0x80, 0x07, 0x00, 0x00, 0x99, 0x00, 0x00, 0x0D, 0x50, 0x07, 0x01, 0x00,
	0x00, 0x00, 0x00, 0x00, 0x00, 0x0C, 0x00, 0x2E, 0xA0, 0x8A, 0x00, 0x03, 0x80, 0x07, 0x40, 0x01,
	0xE4, 0x00, 0x00, 0x00, 0x00, 0x00, 0x00, 0x00, 0x00, 0x00, 0x00, 0x00, 0x00, 0x00, 0x00, 0x00,
	0x00, 0x14, 0x00, 0x00, 0x00, 0x00, 0x00, 0x00, 0x00, 0x00, 0x00, 0x00, 0x00, 0x00, 0x00, 0x00,
	0x00, 0x00, 0x00, 0x00, 0x00, 0x00, 0x00, 0x00, 0x00, 0x14, 0x00, 0x00, 0x00, 0x00, 0x00, 0x00,
	0x00, 0x00, 0x00, 0x0E, 0x10, 0xCD, 0x00, 0x00, 0x80, 0x07, 0x40, 0x01, 0xE1, 0x00, 0x00, 0x28,
	0x00, 0x00, 0x00, 0x00, 0x00, 0x00, 0x00, 0x00, 0x00, 0x00, 0x00, 0x38, 0x00, 0x00, 0x00, 0x00,
	0x00, 0x00, 0x00, 0x00, 0x00, 0x84, 0x33, 0x16, 0x00, 0x00, 0x00, 0x03, 0x00, 0x14, 0x00, 0x00,
	0xE4, 0x08, 0x00, 0x26, 0x00, 0x00, 0x80, 0x00, 0x80, 0x00, 0x00, 0x14, 0x28, 0x00, 0x00, 0x29,
	0x00, 0x98, 0x9D, 0x21, 0xA0, 0x02, 0x00, 0x14, 0x80, 0x00, 0x04, 0x16, 0x20, 0x01, 0x00, 0x03,
	0x00, 0x14, 0x00, 0x10, 0xE9, 0x08, 0x00, 0x26, 0x00, 0x00, 0x00, 0x01, 0x80, 0x00, 0x00, 0x28,
	0x28, 0x00, 0x00, 0x29, 0x04, 0x98, 0x9D, 0x21, 0xA0, 0x02, 0x12, 0x68, 0x80, 0x18, 0x04, 0x16,
	0x00, 0x00, 0x00, 0x03, 0x00, 0x14, 0x00, 0x00, 0xEE, 0x08, 0x00, 0x26, 0x00, 0x00, 0x80, 0x01,
	0x80, 0x00, 0x00, 0x00, 0x28, 0x00, 0x00, 0x29, 0x08, 0x98, 0x9D, 0x21, 0xA0, 0x02, 0x00, 0x00,
	0x80, 0x30, 0x04, 0x16, 0x20, 0x01, 0x00, 0x03, 0x00, 0x14, 0x00, 0x10, 0xF3, 0x08, 0x00, 0x26,
	0x00, 0x00, 0x00, 0x02, 0x80, 0x00, 0x00, 0x3C, 0x28, 0x00, 0x00, 0x29, 0x0D, 0x98, 0x9D, 0x21,
	0xA0, 0x02, 0x12, 0x7C, 0x80, 0x08, 0x04, 0x16, 0x00, 0x00, 0x00, 0x03, 0x00, 0x14, 0x00, 0x00,
	0xF8, 0x08, 0x00, 0x26, 0x00, 0x00, 0x80, 0x02, 0x80, 0x00, 0x00, 0x14, 0x28, 0x00, 0x00, 0x29,
	0x11, 0x98, 0x9D, 0x21, 0xA0, 0x02, 0x00, 0x14, 0x80, 0x20, 0x04, 0x16, 0x20, 0x01, 0x00, 0x03,
	0x00, 0x14, 0x00, 0x10, 0xFD, 0x08, 0x00, 0x26, 0x00, 0x00, 0x00, 0x03, 0x80, 0x00, 0x00, 0x28,
	0x28, 0x00, 0x00, 0x29, 0x15, 0x98, 0x9D, 0x21, 0xA0, 0x02, 0x12, 0x68, 0x80, 0x38, 0x04, 0x16,
	0x00, 0x00, 0x00, 0x03, 0x00, 0x14, 0x00, 0x00, 0x02, 0x09, 0x00, 0x26, 0x00, 0x00, 0x80, 0x03,
	0x80, 0x00, 0x00, 0x00, 0x28, 0x00, 0x00, 0x29, 0x1A, 0x98, 0x9D, 0x21, 0xA0, 0x02, 0x00, 0x00,
	0x80, 0x10, 0x04, 0x16, 0x20, 0x01, 0x00, 0x03, 0x00, 0x14, 0x00, 0x10, 0x07, 0x09, 0x00, 0x26,
	0x00, 0x00, 0x00, 0x00, 0x80, 0x00, 0x00, 0x3C, 0x29, 0x00, 0x00, 0x29, 0x1E, 0x98, 0x9D, 0x21,
	0xA0, 0x02, 0x12, 0x7C, 0x80, 0x28, 0x04, 0x16, 0x00, 0x00, 0x00, 0x03, 0x00, 0x14, 0x00, 0x00,
	0x0C, 0x09, 0x00, 0x26, 0x00, 0x00, 0x80, 0x00, 0x80, 0x00, 0x00, 0x14, 0x29, 0x00, 0x00, 0x29,
	0x23, 0x98, 0x9D, 0x21, 0xA0, 0x02, 0x00, 0x14, 0x80, 0x00, 0x04, 0x16, 0x20, 0x01, 0x00, 0x03,
	0x00, 0x14, 0x00, 0x10, 0x11, 0x09, 0x00, 0x26, 0x00, 0x00, 0x00, 0x01, 0x80, 0x00, 0x00, 0x28,
	0x29, 0x00, 0x00, 0x29, 0x27, 0x98, 0x9D, 0x21, 0xA0, 0x02, 0x12, 0x68, 0x80, 0x18, 0x04, 0x28,
	0x00, 0x00, 0x00, 0x00, 0x00, 0x00, 0x00, 0x00, 0x00, 0x00, 0x00, 0x38, 0x00, 0x00, 0x00, 0x00,
	0x00, 0x00, 0x00, 0x00, 0x00, 0x44, 0x33, 0x16, 0x00, 0x00, 0x00, 0x03, 0x00, 0x0A, 0x00, 0x00,
	0x16, 0x09, 0x00, 0x26, 0x00, 0x00, 0x80, 0x01, 0x80, 0x00, 0x00, 0x00, 0x29, 0x00, 0x00, 0x29,
	0xD4, 0x98, 0xA1, 0x21, 0x00, 0x00, 0x00, 0x00, 0x80, 0x10, 0x00, 0x16, 0x20, 0x01, 0x00, 0x01,
	0x00, 0x0A, 0x00, 0x10, 0x19, 0x09, 0x00, 0x26, 0x00, 0x00, 0x00, 0x02, 0x80, 0x00, 0x00, 0x3C,
	0x29, 0x00, 0x00, 0x29, 0xD8, 0x98, 0xA1, 0x21, 0x00, 0x00, 0x12, 0x7C, 0x80, 0x28, 0x00, 0x16,
	0x00, 0x00, 0x00, 0x03, 0x00, 0x0A, 0x00, 0x00, 0x1B, 0x09, 0x00, 0x26, 0x00, 0x00, 0x80, 0x02,
	0x80, 0x00, 0x00, 0x14, 0x29, 0x00, 0x00, 0x29, 0xDD, 0x98, 0xA1, 0x21, 0x00, 0x00, 0x00, 0x14,
	0x80, 0x00, 0x00, 0x16, 0x20, 0x01, 0x00, 0x01, 0x00, 0x0A, 0x00, 0x10, 0x1E, 0x09, 0x00, 0x26,
	0x00, 0x00, 0x00, 0x03, 0x80, 0x00, 0x00, 0x28, 0x29, 0x00, 0x00, 0x29, 0xE1, 0x98, 0xA1, 0x21,
	0x00, 0x00, 0x12, 0x68, 0x80, 0x18, 0x00, 0x16, 0x00, 0x00, 0x00, 0x03, 0x00, 0x0A, 0x00, 0x00,
	0x20, 0x09, 0x00, 0x26, 0x00, 0x00, 0x80, 0x03, 0x80, 0x00, 0x00, 0x00, 0x29, 0x00, 0x00, 0x29,
	0xE5, 0x98, 0xA1, 0x21, 0x00, 0x00, 0x00, 0x00, 0x80, 0x30, 0x00, 0x16, 0x20, 0x01, 0x00, 0x01,
	0x00, 0x0A, 0x00, 0x10, 0x23, 0x09, 0x00, 0x26, 0x00, 0x00, 0x00, 0x00, 0x80, 0x00, 0x00, 0x3C,
	0x2A, 0x00, 0x00, 0x29, 0xEA, 0x98, 0xA1, 0x21, 0x00, 0x00, 0x12, 0x7C, 0x80, 0x08, 0x00, 0x16,
	0x00, 0x00, 0x00, 0x03, 0x00, 0x0A, 0x00, 0x00, 0x25, 0x09, 0x00, 0x26, 0x00, 0x00, 0x80, 0x00,
	0x80, 0x00, 0x00, 0x14, 0x2A, 0x00, 0x00, 0x29, 0xEE, 0x98, 0xA1, 0x21, 0x00, 0x00, 0x00, 0x14,
	0x80, 0x20, 0x00, 0x16, 0x20, 0x01, 0x00, 0x01, 0x00, 0x0A, 0x00, 0x10, 0x28, 0x09, 0x00, 0x26,
	0x00, 0x00, 0x00, 0x01, 0x80, 0x00, 0x00, 0x28, 0x2A, 0x00, 0x00, 0x29, 0xF2, 0x98, 0xA1, 0x21,
	0x00, 0x00, 0x12, 0x68, 0x80, 0x38, 0x00, 0x16, 0x00, 0x00, 0x00, 0x03, 0x00, 0x0A, 0x00, 0x00,
	0x2A, 0x09, 0x00, 0x26, 0x00, 0x00, 0x80, 0x01, 0x80, 0x00, 0x00, 0x00, 0x2A, 0x00, 0x00, 0x29,
	0xF7, 0x98, 0xA1, 0x21, 0x00, 0x00, 0x00, 0x00, 0x80, 0x10, 0x00, 0x16, 0x20, 0x01, 0x00, 0x01,
	0x00, 0x0A, 0x00, 0x10, 0x2D, 0x09, 0x00, 0x26, 0x00, 0x00, 0x00, 0x02, 0x80, 0x00, 0x00, 0x3C,
	0x2A, 0x00, 0x00, 0x29, 0xFB, 0x98, 0xA1, 0x21, 0x00, 0x00, 0x12, 0x7C, 0x80, 0x28, 0x00, 0x28,
	0x00, 0x00, 0x00, 0x00, 0x00, 0x00, 0x00, 0x00, 0x00, 0x00, 0x00, 0x38, 0x00, 0x00, 0x00, 0x00,
	0x00, 0x00, 0x00, 0x00, 0x00, 0x46, 0x33, 0x16, 0x00, 0x00, 0x00, 0x03, 0x00, 0x5A, 0x00, 0x00,
	0x2F, 0x09, 0x00, 0x26, 0x00, 0x00, 0x80, 0x02, 0x80, 0x00, 0x00, 0x14, 0x2A, 0x00, 0x00, 0x29,
	0x00, 0xF0, 0xA0, 0x2D, 0x50, 0x03, 0x00, 0x14, 0x80, 0x00, 0x02, 0x16, 0x20, 0x01, 0x00, 0x01,
	0x00, 0x5A, 0x00, 0x10, 0x46, 0x09, 0x00, 0x26, 0x00, 0x00, 0x00, 0x03, 0x80, 0x00, 0x00, 0x28,
	0x2A, 0x00, 0x00, 0x29, 0x03, 0xF0, 0xA0, 0x2D, 0x50, 0x03, 0x12, 0x68, 0x80, 0x30, 0x02, 0x16,
	0x00, 0x00, 0x00, 0x03, 0x00, 0x5A, 0x00, 0x00, 0x5C, 0x09, 0x00, 0x26, 0x00, 0x00, 0x80, 0x03,
	0x80, 0x00, 0x00, 0x00, 0x2A, 0x00, 0x00, 0x29, 0x07, 0xF0, 0xA0, 0x2D, 0x50, 0x03, 0x00, 0x00,
	0x80, 0x20, 0x02, 0x16, 0x20, 0x01, 0x00, 0x01, 0x00, 0x5A, 0x00, 0x10, 0x73, 0x09, 0x00, 0x26,
	0x00, 0x00, 0x00, 0x00, 0x80, 0x00, 0x00, 0x3C, 0x2B, 0x00, 0x00, 0x29, 0x0B, 0xF0, 0xA0, 0x2D,
	0x50, 0x03, 0x12, 0x7C, 0x80, 0x10, 0x02, 0x16, 0x00, 0x00, 0x00, 0x03, 0x00, 0x5A, 0x00, 0x00,
	0x89, 0x09, 0x00, 0x26, 0x00, 0x00, 0x80, 0x00, 0x80, 0x00, 0x00, 0x14, 0x2B, 0x00, 0x00, 0x29,
	0x0F, 0xF0, 0xA0, 0x2D, 0x50, 0x03, 0x00, 0x14, 0x80, 0x00, 0x02, 0x16, 0x20, 0x01, 0x00, 0x01,
	0x00, 0x5A, 0x00, 0x10, 0xA0, 0x09, 0x00, 0x26, 0x00, 0x00, 0x00, 0x01, 0x80, 0x00, 0x00, 0x28,
	0x2B, 0x00, 0x00, 0x29, 0x12, 0xF0, 0xA0, 0x2D, 0x50, 0x03, 0x12, 0x68, 0x80, 0x30, 0x02, 0x16,
	0x00, 0x00, 0x00, 0x03, 0x00, 0x5A, 0x00, 0x00, 0xB6, 0x09, 0x00, 0x26, 0x00, 0x00, 0x80, 0x01,
	0x80, 0x00, 0x00, 0x00, 0x2B, 0x00, 0x00, 0x29, 0x16, 0xF0, 0xA0, 0x2D, 0x50, 0x03, 0x00, 0x00,
	0x80, 0x20, 0x02, 0x16, 0x20, 0x01, 0x00, 0x01, 0x00, 0x5A, 0x00, 0x10, 0xCD, 0x09, 0x00, 0x26,
	0x00, 0x00, 0x00, 0x02, 0x80, 0x00, 0x00, 0x3C, 0x2B, 0x00, 0x00, 0x29, 0x1A, 0xF0, 0xA0, 0x2D,
	0x50, 0x03, 0x12, 0x7C, 0x80, 0x10, 0x02, 0x16, 0x00, 0x00, 0x00, 0x03, 0x00, 0x5A, 0x00, 0x00,
	0xE3, 0x09, 0x00, 0x26, 0x00, 0x00, 0x80, 0x02, 0x80, 0x00, 0x00, 0x14, 0x2B, 0x00, 0x00, 0x29,
	0x1E, 0xF0, 0xA0, 0x2D, 0x50, 0x03, 0x00, 0x14, 0x80, 0x00, 0x02, 0x16, 0x20, 0x01, 0x00, 0x01,
	0x00, 0x5A, 0x00, 0x10, 0xFA, 0x09, 0x00, 0x26, 0x00, 0x00, 0x00, 0x03, 0x80, 0x00, 0x00, 0x28,
	0x2B, 0x00, 0x00, 0x29, 0x21, 0xF0, 0xA0, 0x2D, 0x50, 0x03, 0x12, 0x68, 0x80, 0x30, 0x02, 0x40,
	0x92, 0x44, 0x00, 0x00, 0x00, 0x00, 0x00, 0x00, 0x00, 0x00, 0x00, 0xDC, 0x50, 0x07, 0x81, 0x01,
	0x00, 0x00, 0x00, 0x00, 0x00, 0x80, 0x0B, 0x2E, 0x50, 0x8F, 0x00, 0x00, 0x80, 0x07, 0x80, 0x01,
	0x00, 0x00, 0x00, 0x00, 0x00, 0x00, 0x00, 0x00, 0x00, 0x00, 0x00, 0x00, 0x00, 0x00, 0x00, 0x00,
	0x00, 0x14, 0x00, 0x00, 0x00, 0x00, 0x00, 0x00, 0x00, 0x00, 0x00, 0x0E, 0x10, 0xCD, 0x80, 0x00,
	0x80, 0x07, 0x40, 0x01, 0xE4, 0x00, 0x00, 0x28, 0x00, 0x00, 0x00, 0x00, 0x00, 0x00, 0x00, 0x00,
	0x00, 0x00, 0x00, 0x38, 0x00, 0x00, 0x00, 0x00, 0x00, 0x00, 0x00, 0x00, 0x00, 0x84, 0x33, 0x16,
	0x00, 0x00, 0x00, 0x03, 0x00, 0x14, 0x00, 0x00, 0xE4, 0x08, 0x00, 0x26, 0x00, 0x00, 0x80, 0x00,
	0x80, 0x00, 0x00, 0x00, 0x28, 0x00, 0x00, 0x29, 0x00, 0x98, 0x9D, 0x21, 0xA0, 0x02, 0x00, 0x00,
	0x80, 0x00, 0x04, 0x16, 0x20, 0x01, 0x00, 0x03, 0x00, 0x14, 0x00, 0x10, 0xE9, 0x08, 0x00, 0x26,
	0x00, 0x00, 0x00, 0x01, 0x80, 0x00, 0x00, 0x3C, 0x28, 0x00, 0x00, 0x29, 0x04, 0x98, 0x9D, 0x21,
	0xA0, 0x02, 0x12, 0x7C, 0x80, 0x18, 0x04, 0x16, 0x00, 0x00, 0x00, 0x03, 0x00, 0x14, 0x00, 0x00,
	0xEE, 0x08, 0x00, 0x26, 0x00, 0x00, 0x80, 0x01, 0x80, 0x00, 0x00, 0x14, 0x28, 0x00, 0x00, 0x29,
	0x08, 0x98, 0x9D, 0x21, 0xA0, 0x02, 0x00, 0x14, 0x80, 0x30, 0x04, 0x16, 0x20, 0x01, 0x00, 0x03,
	0x00, 0x14, 0x00, 0x10, 0xF3, 0x08, 0x00, 0x26, 0x00, 0x00, 0x00, 0x02, 0x80, 0x00, 0x00, 0x28,
	0x28, 0x00, 0x00, 0x29, 0x0D, 0x98, 0x9D, 0x21, 0xA0, 0x02, 0x12, 0x68, 0x80, 0x08, 0x04, 0x16,
	0x00, 0x00, 0x00, 0x03, 0x00, 0x14, 0x00, 0x00, 0xF8, 0x08, 0x00, 0x26, 0x00, 0x00, 0x80, 0x02,
	0x80, 0x00, 0x00, 0x00, 0x28, 0x00, 0x00, 0x29, 0x11, 0x98, 0x9D, 0x21, 0xA0, 0x02, 0x00, 0x00,
	0x80, 0x20, 0x04, 0x16, 0x20, 0x01, 0x00, 0x03, 0x00, 0x14, 0x00, 0x10, 0xFD, 0x08, 0x00, 0x26,
	0x00, 0x00, 0x00, 0x03, 0x80, 0x00, 0x00, 0x3C, 0x28, 0x00, 0x00, 0x29, 0x15, 0x98, 0x9D, 0x21,
	0xA0, 0x02, 0x12, 0x7C, 0x80, 0x38, 0x04, 0x16, 0x00, 0x00, 0x00, 0x03, 0x00, 0x14, 0x00, 0x00,
	0x02, 0x09, 0x00, 0x26, 0x00, 0x00, 0x80, 0x03, 0x80, 0x00, 0x00, 0x14, 0x28, 0x00, 0x00, 0x29,
	0x1A, 0x98, 0x9D, 0x21, 0xA0, 0x02, 0x00, 0x14, 0x80, 0x10, 0x04, 0x16, 0x20, 0x01, 0x00, 0x03,
	0x00, 0x14, 0x00, 0x10, 0x07, 0x09, 0x00, 0x26, 0x00, 0x00, 0x00, 0x00, 0x80, 0x00, 0x00, 0x28,
	0x29, 0x00, 0x00, 0x29, 0x1E, 0x98, 0x9D, 0x21, 0xA0, 0x02, 0x12, 0x68, 0x80, 0x28, 0x04, 0x16,
	0x00, 0x00, 0x00, 0x03, 0x00, 0x14, 0x00, 0x00, 0x0C, 0x09, 0x00, 0x26, 0x00, 0x00, 0x80, 0x00,
	0x80, 0x00, 0x00, 0x00, 0x29, 0x00, 0x00, 0x29, 0x23, 0x98, 0x9D, 0x21, 0xA0, 0x02, 0x00, 0x00,
	0x80, 0x00, 0x04, 0x16, 0x20, 0x01, 0x00, 0x03, 0x00, 0x14, 0x00, 0x10, 0x11, 0x09, 0x00, 0x26,
	0x00, 0x00, 0x00, 0x01, 0x80, 0x00, 0x00, 0x3C, 0x29, 0x00, 0x00, 0x29, 0x27, 0x98, 0x9D, 0x21,
	0xA0, 0x02, 0x12, 0x7C, 0x80, 0x18, 0x04, 0x28, 0x00, 0x00, 0x00, 0x00, 0x00, 0x00, 0x00, 0x00,
	0x00, 0x00, 0x00, 0x38, 0x00, 0x00, 0x00, 0x00, 0x00, 0x00, 0x00, 0x00, 0x00, 0x44, 0x33, 0x16,
	0x00, 0x00, 0x00, 0x03, 0x00, 0x0A, 0x00, 0x00, 0x16, 0x09, 0x00, 0x26, 0x00, 0x00, 0x80, 0x01,
	0x80, 0x00, 0x00, 0x14, 0x29, 0x00, 0x00, 0x29, 0xD4, 0x98, 0xA1, 0x21, 0x00, 0x00, 0x00, 0x14,
	0x80, 0x10, 0x00, 0x16, 0x20, 0x01, 0x00, 0x01, 0x00, 0x0A, 0x00, 0x10, 0x19, 0x09, 0x00, 0x26,
	0x00, 0x00, 0x00, 0x02, 0x80, 0x00, 0x00, 0x28, 0x29, 0x00, 0x00, 0x29, 0xD8, 0x98, 0xA1, 0x21,
	0x00, 0x00, 0x12, 0x68, 0x80, 0x28, 0x00, 0x16, 0x00, 0x00, 0x00, 0x03, 0x00, 0x0A, 0x00, 0x00,
	0x1B, 0x09, 0x00, 0x26, 0x00, 0x00, 0x80, 0x02, 0x80, 0x00, 0x00, 0x00, 0x29, 0x00, 0x00, 0x29,
	0xDD, 0x98, 0xA1, 0x21, 0x00, 0x00, 0x00, 0x00, 0x80, 0x00, 0x00, 0x16, 0x20, 0x01, 0x00, 0x01,
	0x00, 0x0A, 0x00, 0x10, 0x1E, 0x09, 0x00, 0x26, 0x00, 0x00, 0x00, 0x03, 0x80, 0x00, 0x00, 0x3C,
	0x29, 0x00, 0x00, 0x29, 0xE1, 0x98, 0xA1, 0x21, 0x00, 0x00, 0x12, 0x7C, 0x80, 0x18, 0x00, 0x16,
	0x00, 0x00, 0x00, 0x03, 0x00, 0x0A, 0x00, 0x00, 0x20, 0x09, 0x00, 0x26, 0x00, 0x00, 0x80, 0x03,
	0x80, 0x00, 0x00, 0x14, 0x29, 0x00, 0x00, 0x29, 0xE5, 0x98, 0xA1, 0x21, 0x00, 0x00, 0x00, 0x14,
	0x80, 0x30, 0x00, 0x16, 0x20, 0x01, 0x00, 0x01, 0x00, 0x0A, 0x00, 0x10, 0x23, 0x09, 0x00, 0x26,
	0x00, 0x00, 0x00, 0x00, 0x80, 0x00, 0x00, 0x28, 0x2A, 0x00, 0x00, 0x29, 0xEA, 0x98, 0xA1, 0x21,
	0x00, 0x00, 0x12, 0x68, 0x80, 0x08, 0x00, 0x16, 0x00, 0x00, 0x00, 0x03, 0x00, 0x0A, 0x00, 0x00,
	0x25, 0x09, 0x00, 0x26, 0x00, 0x00, 0x80, 0x00, 0x80, 0x00, 0x00, 0x00, 0x2A, 0x00, 0x00, 0x29,
	0xEE, 0x98, 0xA1, 0x21, 0x00, 0x00, 0x00, 0x00, 0x80, 0x20, 0x00, 0x16, 0x20, 0x01, 0x00, 0x01,
	0x00, 0x0A, 0x00, 0x10, 0x28, 0x09, 0x00, 0x26, 0x00, 0x00, 0x00, 0x01, 0x80, 0x00, 0x00, 0x3C,
	0x2A, 0x00, 0x00, 0x29, 0xF2, 0x98, 0xA1, 0x21, 0x00, 0x00, 0x12, 0x7C, 0x80, 0x38, 0x00, 0x16,
	0x00, 0x00, 0x00, 0x03, 0x00, 0x0A, 0x00, 0x00, 0x2A, 0x09, 0x00, 0x26, 0x00, 0x00, 0x80, 0x01,
	0x80, 0x00, 0x00, 0x14, 0x2A, 0x00, 0x00, 0x29, 0xF7, 0x98, 0xA1, 0x21, 0x00, 0x00, 0x00, 0x14,
	0x80, 0x10, 0x00, 0x16, 0x20, 0x01, 0x00, 0x01, 0x00, 0x0A, 0x00, 0x10, 0x2D, 0x09, 0x00, 0x26,
	0x00, 0x00, 0x00, 0x02, 0x80, 0x00, 0x00, 0x28, 0x2A, 0x00, 0x00, 0x29, 0xFB, 0x98, 0xA1, 0x21,
	0x00, 0x00, 0x12, 0x68, 0x80, 0x28, 0x00, 0x28, 0x00, 0x00, 0x00, 0x00, 0x00, 0x00, 0x00, 0x00,
	0x00, 0x00, 0x00, 0x38, 0x00, 0x00, 0x00, 0x00, 0x00, 0x00, 0x00, 0x00, 0x00, 0x46, 0x33, 0x16,
	0x00, 0x00, 0x00, 0x03, 0x00, 0x5A, 0x00, 0x00, 0x2F, 0x09, 0x00, 0x26, 0x00, 0x00, 0x80, 0x02,
	0x80, 0x00, 0x00, 0x00, 0x2A, 0x00, 0x00, 0x29, 0x00, 0xF0, 0xA0, 0x39, 0x50, 0x03, 0x00, 0x00,
	0x80, 0x00, 0x02, 0x16, 0x20, 0x01, 0x00, 0x01, 0x00, 0x5A, 0x00, 0x10, 0x46, 0x09, 0x00, 0x26,
	0x00, 0x00, 0x00, 0x03, 0x80, 0x00, 0x00, 0x3C, 0x2A, 0x00, 0x00, 0x29, 0x03, 0xF0, 0xA0, 0x39,
	0x50, 0x03, 0x12, 0x7C, 0x80, 0x30, 0x02, 0x16, 0x00, 0x00, 0x00, 0x03, 0x00, 0x5A, 0x00, 0x00,
	0x5C, 0x09, 0x00, 0x26, 0x00, 0x00, 0x80, 0x03, 0x80, 0x00, 0x00, 0x14, 0x2A, 0x00, 0x00, 0x29,
	0x07, 0xF0, 0xA0, 0x39, 0x50, 0x03, 0x00, 0x14, 0x80, 0x20, 0x02, 0x16, 0x20, 0x01, 0x00, 0x01,
	0x00, 0x5A, 0x00, 0x10, 0x73, 0x09, 0x00, 0x26, 0x00, 0x00, 0x00, 0x00, 0x80, 0x00, 0x00, 0x28,
	0x2B, 0x00, 0x00, 0x29, 0x0B, 0xF0, 0xA0, 0x39, 0x50, 0x03, 0x12, 0x68, 0x80, 0x10, 0x02, 0x16,
	0x00, 0x00, 0x00, 0x03, 0x00, 0x5A, 0x00, 0x00, 0x89, 0x09, 0x00, 0x26, 0x00, 0x00, 0x80, 0x00,
	0x80, 0x00, 0x00, 0x00, 0x2B, 0x00, 0x00, 0x29, 0x0F, 0xF0, 0xA0, 0x39, 0x50, 0x03, 0x00, 0x00,
	0x80, 0x00, 0x02, 0x16, 0x20, 0x01, 0x00, 0x01, 0x00, 0x5A, 0x00, 0x10, 0xA0, 0x09, 0x00, 0x26,
	0x00, 0x00, 0x00, 0x01, 0x80, 0x00, 0x00, 0x3C, 0x2B, 0x00, 0x00, 0x29, 0x12, 0xF0, 0xA0, 0x39,
	0x50, 0x03, 0x12, 0x7C, 0x80, 0x30, 0x02, 0x16, 0x00, 0x00, 0x00, 0x03, 0x00, 0x5A, 0x00, 0x00,
	0xB6, 0x09, 0x00, 0x26, 0x00, 0x00, 0x80, 0x01, 0x80, 0x00, 0x00, 0x14, 0x2B, 0x00, 0x00, 0x29,
	0x16, 0xF0, 0xA0, 0x39, 0x50, 0x03, 0x00, 0x14, 0x80, 0x20, 0x02, 0x16, 0x20, 0x01, 0x00, 0x01,
	0x00, 0x5A, 0x00, 0x10, 0xCD, 0x09, 0x00, 0x26, 0x00, 0x00, 0x00, 0x02, 0x80, 0x00, 0x00, 0x28,
	0x2B, 0x00, 0x00, 0x29, 0x1A, 0xF0, 0xA0, 0x39, 0x50, 0x03, 0x12, 0x68, 0x80, 0x10, 0x02, 0x16,
	0x00, 0x00, 0x00, 0x03, 0x00, 0x5A, 0x00, 0x00, 0xE3, 0x09, 0x00, 0x26, 0x00, 0x00, 0x80, 0x02,
	0x80, 0x00, 0x00, 0x00, 0x2B, 0x00, 0x00, 0x29, 0x1E, 0xF0, 0xA0, 0x39, 0x50, 0x03, 0x00, 0x00,
	0x80, 0x00, 0x02, 0x16, 0x20, 0x01, 0x00, 0x01, 0x00, 0x5A, 0x00, 0x10, 0xFA, 0x09, 0x00, 0x26,
	0x00, 0x00, 0x00, 0x03, 0x80, 0x00, 0x00, 0x3C, 0x2B, 0x00, 0x00, 0x29, 0x21, 0xF0, 0xA0, 0x39,
	0x50, 0x03, 0x12, 0x7C, 0x80, 0x30, 0x02, 0x40, 0x92, 0x44, 0x00, 0x00, 0x00, 0x00, 0x00, 0x00,
	0x00, 0x00, 0x00, 0xDC, 0x50, 0x07, 0x81, 0x01, 0x00, 0x00, 0x00, 0x00, 0x00, 0x80, 0x0B, 0x2E,
	0x50, 0x8F, 0x00, 0x03, 0x80, 0x07, 0x80, 0x01, 0x03, 0x00, 0x00, 0x00, 0x00, 0x00, 0x00, 0x00,
	0x00, 0x00, 0x00, 0x00, 0x00, 0x00, 0x00, 0x00, 0x00, 0x14, 0x00, 0x00, 0x00, 0x00, 0x00, 0x00,
	0x00, 0x00, 0x00, 0x00, 0x00, 0x00, 0x00, 0x00, 0x00, 0x00, 0x00, 0x00, 0x00, 0x00, 0x00, 0x00,
	0x00, 0x14, 0x00, 0x00, 0x00, 0x00, 0x00, 0x00, 0x00, 0x00, 0x00, 0x0E, 0xA0, 0x8A, 0x00, 0x00,
	0x80, 0x07, 0x40, 0x01, 0xE1, 0x00, 0x00, 0x28, 0x00, 0x00, 0x00, 0x00, 0x00, 0x00, 0x00, 0x00,
	0x00, 0x00, 0x00, 0x38, 0x00, 0x00, 0x00, 0x00, 0x00, 0x00, 0x00, 0x00, 0x00, 0x44, 0x33, 0x16,
	0x00, 0x00, 0x00, 0x03, 0x00, 0x14, 0x00, 0x00, 0x10, 0x0A, 0x00, 0x26, 0x00, 0x00, 0x80, 0x03,
	0x80, 0x00, 0x00, 0x14, 0x2B, 0x00, 0x00, 0x29, 0x00, 0xF0, 0x08, 0x21, 0xD4, 0x02, 0x00, 0x14,
	0x80, 0x00, 0x00, 0x16, 0x20, 0x01, 0x00, 0x03, 0x00, 0x14, 0x00, 0x10, 0x15, 0x0A, 0x00, 0x26,
	0x00, 0x00, 0x00, 0x00, 0x80, 0x00, 0x00, 0x28, 0x2C, 0x00, 0x00, 0x29, 0x03, 0xF0, 0x08, 0x21,
	0xD4, 0x02, 0x12, 0x68, 0x80, 0x30, 0x00, 0x16, 0x00, 0x00, 0x00, 0x03, 0x00, 0x14, 0x00, 0x00,
	0x1A, 0x0A, 0x00, 0x26, 0x00, 0x00, 0x80, 0x00, 0x80, 0x00, 0x00, 0x00, 0x2C, 0x00, 0x00, 0x29,
	0x07, 0xF0, 0x08, 0x21, 0xD4, 0x02, 0x00, 0x00, 0x80, 0x20, 0x00, 0x16, 0x20, 0x01, 0x00, 0x03,
	0x00, 0x14, 0x00, 0x10, 0x1F, 0x0A, 0x00, 0x26, 0x00, 0x00, 0x00, 0x01, 0x80, 0x00, 0x00, 0x3C,
	0x2C, 0x00, 0x00, 0x29, 0x0B, 0xF0, 0x08, 0x21, 0xD4, 0x02, 0x12, 0x7C, 0x80, 0x10, 0x00, 0x16,
	0x00, 0x00, 0x00, 0x03, 0x00, 0x14, 0x00, 0x00, 0x24, 0x0A, 0x00, 0x26, 0x00, 0x00, 0x80, 0x01,
	0x80, 0x00, 0x00, 0x14, 0x2C, 0x00, 0x00, 0x29, 0x0F, 0xF0, 0x08, 0x21, 0xD4, 0x02, 0x00, 0x14,
	0x80, 0x00, 0x00, 0x16, 0x20, 0x01, 0x00, 0x03, 0x00, 0x14, 0x00, 0x10, 0x29, 0x0A, 0x00, 0x26,
	0x00, 0x00, 0x00, 0x02, 0x80, 0x00, 0x00, 0x28, 0x2C, 0x00, 0x00, 0x29, 0x12, 0xF0, 0x08, 0x21,
	0xD4, 0x02, 0x12, 0x68, 0x80, 0x30, 0x00, 0x16, 0x00, 0x00, 0x00, 0x03, 0x00, 0x14, 0x00, 0x00,
	0x2E, 0x0A, 0x00, 0x26, 0x00, 0x00, 0x80, 0x02, 0x80, 0x00, 0x00, 0x00, 0x2C, 0x00, 0x00, 0x29,
	0x16, 0xF0, 0x08, 0x21, 0xD4, 0x02, 0x00, 0x00, 0x80, 0x20, 0x00, 0x16, 0x20, 0x01, 0x00, 0x03,
	0x00, 0x14, 0x00, 0x10, 0x33, 0x0A, 0x00, 0x26, 0x00, 0x00, 0x00, 0x03, 0x80, 0x00, 0x00, 0x3C,
	0x2C, 0x00, 0x00, 0x29, 0x1A, 0xF0, 0x08, 0x21, 0xD4, 0x02, 0x12, 0x7C, 0x80, 0x10, 0x00, 0x16,
	0x00, 0x00, 0x00, 0x03, 0x00, 0x14, 0x00, 0x00, 0x38, 0x0A, 0x00, 0x26, 0x00, 0x00, 0x80, 0x03,
	0x80, 0x00, 0x00, 0x14, 0x2C, 0x00, 0x00, 0x29, 0x1E, 0xF0, 0x08, 0x21, 0xD4, 0x02, 0x00, 0x14,
	0x80, 0x00, 0x00, 0x16, 0x20, 0x01, 0x00, 0x03, 0x00, 0x14, 0x00, 0x10, 0x3D, 0x0A, 0x00, 0x26,
	0x00, 0x00, 0x00, 0x00, 0x80, 0x00, 0x00, 0x28, 0x2D, 0x00, 0x00, 0x29, 0x21, 0xF0, 0x08, 0x21,
	0xD4, 0x02, 0x12, 0x68, 0x80, 0x30, 0x00, 0x40, 0x22, 0x71, 0x00, 0x00, 0x00, 0x00, 0x00, 0x00,
	0x00, 0x00, 0x00, 0xDC, 0x50, 0x07, 0x81, 0x01, 0x00, 0x00, 0x00, 0x00, 0x00, 0xC0, 0x0B, 0x2E,
	0x50, 0x8F, 0x00, 0x00, 0x80, 0x07, 0x80, 0x01, 0x4B, 0x00, 0x00, 0x00, 0x00, 0x00, 0x00, 0x00,
	0x00, 0x00, 0x00, 0x00, 0x00, 0x00, 0x00, 0x00, 0x00, 0x14, 0x00, 0x00, 0x00, 0x00, 0x00, 0x00,
	0x00, 0x00, 0x00, 0x0E, 0xA0, 0x8A, 0x00, 0x03, 0x80, 0x07, 0x40, 0x01, 0xE4, 0x00, 0x00, 0x28,
	0x00, 0x00, 0x00, 0x00, 0x00, 0x00, 0x00, 0x00, 0x00, 0x00, 0x00, 0x38, 0x00, 0x00, 0x00, 0x00,
	0x00, 0x00, 0x00, 0x00, 0x00, 0x44, 0x33, 0x16, 0x00, 0x00, 0x00, 0x03, 0x00, 0x14, 0x00, 0x00,
	0x10, 0x0A, 0x00, 0x26, 0x00, 0x00, 0x80, 0x03, 0x80, 0x00, 0x00, 0x00, 0x2B, 0x00, 0x00, 0x29,
	0x00, 0xF0, 0x08, 0x21, 0xD4, 0x02, 0x00, 0x00, 0x80, 0x00, 0x00, 0x16, 0x20, 0x01, 0x00, 0x03,
	0x00, 0x14, 0x00, 0x10, 0x15, 0x0A, 0x00, 0x26, 0x00, 0x00, 0x00, 0x00, 0x80, 0x00, 0x00, 0x3C,
	0x2C, 0x00, 0x00, 0x29, 0x03, 0xF0, 0x08, 0x21, 0xD4, 0x02, 0x12, 0x7C, 0x80, 0x30, 0x00, 0x16,
	0x00, 0x00, 0x00, 0x03, 0x00, 0x14, 0x00, 0x00, 0x1A, 0x0A, 0x00, 0x26, 0x00, 0x00, 0x80, 0x00,
	0x80, 0x00, 0x00, 0x14, 0x2C, 0x00, 0x00, 0x29, 0x07, 0xF0, 0x08, 0x21, 0xD4, 0x02, 0x00, 0x14,
	0x80, 0x20, 0x00, 0x16, 0x20, 0x01, 0x00, 0x03, 0x00, 0x14, 0x00, 0x10, 0x1F, 0x0A, 0x00, 0x26,
	0x00, 0x00, 0x00, 0x01, 0x80, 0x00, 0x00, 0x28, 0x2C, 0x00, 0x00, 0x29, 0x0B, 0xF0, 0x08, 0x21,
	0xD4, 0x02, 0x12, 0x68, 0x80, 0x10, 0x00, 0x16, 0x00, 0x00, 0x00, 0x03, 0x00, 0x14, 0x00, 0x00,
	0x24, 0x0A, 0x00, 0x26, 0x00, 0x00, 0x80, 0x01, 0x80, 0x00, 0x00, 0x00, 0x2C, 0x00, 0x00, 0x29,
	0x0F, 0xF0, 0x08, 0x21, 0xD4, 0x02, 0x00, 0x00, 0x80, 0x00, 0x00, 0x16, 0x20, 0x01, 0x00, 0x03,
	0x00, 0x14, 0x00, 0x10, 0x29, 0x0A, 0x00, 0x26, 0x00, 0x00, 0x00, 0x02, 0x80, 0x00, 0x00, 0x3C,
	0x2C, 0x00, 0x00, 0x29, 0x12, 0xF0, 0x08, 0x21, 0xD4, 0x02, 0x12, 0x7C, 0x80, 0x30, 0x00, 0x16,
	0x00, 0x00, 0x00, 0x03, 0x00, 0x14, 0x00, 0x00, 0x2E, 0x0A, 0x00, 0x26, 0x00, 0x00, 0x80, 0x02,
	0x80, 0x00, 0x00, 0x14, 0x2C, 0x00, 0x00, 0x29, 0x16, 0xF0, 0x08, 0x21, 0xD4, 0x02, 0x00, 0x14,
	0x80, 0x20, 0x00, 0x16, 0x20, 0x01, 0x00, 0x03, 0x00, 0x14, 0x00, 0x10, 0x33, 0x0A, 0x00, 0x26,
	0x00, 0x00, 0x00, 0x03, 0x80, 0x00, 0x00, 0x28, 0x2C, 0x00, 0x00, 0x29, 0x1A, 0xF0, 0x08, 0x21,
	0xD4, 0x02, 0x12, 0x68, 0x80, 0x10, 0x00, 0x16, 0x00, 0x00, 0x00, 0x03, 0x00, 0x14, 0x00, 0x00,
	0x38, 0x0A, 0x00, 0x26, 0x00, 0x00, 0x80, 0x03, 0x80, 0x00, 0x00, 0x00, 0x2C, 0x00, 0x00, 0x29,
	0x1E, 0xF0, 0x08, 0x21, 0xD4, 0x02, 0x00, 0x00, 0x80, 0x00, 0x00, 0x16, 0x20, 0x01, 0x00, 0x03,
	0x00, 0x14, 0x00, 0x10, 0x3D, 0x0A, 0x00, 0x26, 0x00, 0x00, 0x00, 0x00, 0x80, 0x00, 0x00, 0x3C,
	0x2D, 0x00, 0x00, 0x29, 0x21, 0xF0, 0x08, 0x21, 0xD4, 0x02, 0x12, 0x7C, 0x80, 0x30, 0x00, 0x40,
	0x22, 0x71, 0x00, 0x00, 0x00, 0x00, 0x00, 0x00, 0x00, 0x00, 0x00, 0xDC, 0x50, 0x07, 0x81, 0x01,
	0x00, 0x00, 0x00, 0x00, 0x00, 0xC0, 0x0B, 0x2E, 0x50, 0x8F, 0x00, 0x03, 0x80, 0x07, 0x80, 0x01,
	0x4E, 0x00, 0x00, 0x00, 0x00, 0x00, 0x00, 0x00, 0x00, 0x00, 0x00, 0x00, 0x00, 0x00, 0x00, 0x00,
	0x00, 0x14, 0x00, 0x00, 0x00, 0x00, 0x00, 0x00, 0x00, 0x00, 0x00, 0x00, 0x00, 0x00, 0x00, 0x00,
	0x00, 0x00, 0x00, 0x00, 0x00, 0x00, 0x00, 0x00, 0x00, 0x14, 0x00, 0x00, 0x00, 0x00, 0x00, 0x00,
	0x00, 0x00, 0x00, 0x0E, 0x00, 0x8C, 0x00, 0x00, 0x80, 0x07, 0x00, 0x00, 0x00, 0x00, 0x00, 0x0D,
	0xA0, 0x06, 0x01, 0x00, 0x00, 0x00, 0x00, 0x00, 0x00, 0x0A, 0x00, 0x0E, 0x00, 0x8C, 0x00, 0x00,
	0x80, 0x07, 0x00, 0x00, 0x4B, 0x00, 0x00, 0x0D, 0x50, 0x07, 0x01, 0x00, 0x00, 0x00, 0x00, 0x00,
	0x00, 0x0C, 0x00, 0x28, 0x00, 0x00, 0x00, 0x00, 0x00, 0x00, 0x00, 0x00, 0x00, 0x00, 0x00, 0x38,
	0x00, 0x00, 0x00, 0x00, 0x00, 0x00, 0x00, 0x00, 0x00, 0x44, 0x2B, 0x16, 0x00, 0x00, 0x00, 0x03,
	0x00, 0x14, 0x00, 0x00, 0x42, 0x0A, 0x00, 0x26, 0x00, 0x00, 0x80, 0x00, 0x80, 0x00, 0x00, 0x14,
	0x2D, 0x00, 0x00, 0x29, 0x00, 0xF0, 0x08, 0x21, 0xD4, 0x02, 0x00, 0x14, 0x80, 0x00, 0x00, 0x16,
	0x20, 0x01, 0x00, 0x03, 0x00, 0x14, 0x00, 0x10, 0x47, 0x0A, 0x00, 0x26, 0x00, 0x00, 0x00, 0x01,
	0x80, 0x00, 0x00, 0x28, 0x2D, 0x00, 0x00, 0x29, 0x03, 0xF0, 0x08, 0x21, 0xD4, 0x02, 0x12, 0x68,
	0x80, 0x30, 0x00, 0x16, 0x00, 0x00, 0x00, 0x03, 0x00, 0x14, 0x00, 0x00, 0x4C, 0x0A, 0x00, 0x26,
	0x00, 0x00, 0x80, 0x01, 0x80, 0x00, 0x00, 0x00, 0x2D, 0x00, 0x00, 0x29, 0x07, 0xF0, 0x08, 0x21,
	0xD4, 0x02, 0x00, 0x00, 0x80, 0x20, 0x00, 0x16, 0x20, 0x01, 0x00, 0x03, 0x00, 0x14, 0x00, 0x10,
	0x51, 0x0A, 0x00, 0x26, 0x00, 0x00, 0x00, 0x02, 0x80, 0x00, 0x00, 0x3C, 0x2D, 0x00, 0x00, 0x29,
	0x0B, 0xF0, 0x08, 0x21, 0xD4, 0x02, 0x12, 0x7C, 0x80, 0x10, 0x00, 0x16, 0x00, 0x00, 0x00, 0x03,
	0x00, 0x14, 0x00, 0x00, 0x56, 0x0A, 0x00, 0x26, 0x00, 0x00, 0x80, 0x02, 0x80, 0x00, 0x00, 0x14,
	0x2D, 0x00, 0x00, 0x29, 0x0F, 0xF0, 0x08, 0x21, 0xD4, 0x02, 0x00, 0x14, 0x80, 0x00, 0x00, 0x16,
	0x20, 0x01, 0x00, 0x03, 0x00, 0x14, 0x00, 0x10, 0x5B, 0x0A, 0x00, 0x26, 0x00, 0x00, 0x00, 0x03,
	0x80, 0x00, 0x00, 0x28, 0x2D, 0x00, 0x00, 0x29, 0x12, 0xF0, 0x08, 0x21, 0xD4, 0x02, 0x12, 0x68,
	0x80, 0x30, 0x00, 0x16, 0x00, 0x00, 0x00, 0x03, 0x00, 0x14, 0x00, 0x00, 0x60, 0x0A, 0x00, 0x26,
	0x00, 0x00, 0x80, 0x03, 0x80, 0x00, 0x00, 0x00, 0x2D, 0x00, 0x00, 0x29, 0x16, 0xF0, 0x08, 0x21,
	0xD4, 0x02, 0x00, 0x00, 0x80, 0x20, 0x00, 0x16, 0x20, 0x01, 0x00, 0x03, 0x00, 0x14, 0x00, 0x10,
	0x65, 0x0A, 0x00, 0x26, 0x00, 0x00, 0x00, 0x00, 0x80, 0x00, 0x00, 0x3C, 0x2E, 0x00, 0x00, 0x29,
	0x1A, 0xF0, 0x08, 0x21, 0xD4, 0x02, 0x12, 0x7C, 0x80, 0x10, 0x00, 0x16, 0x00, 0x00, 0x00, 0x03,
	0x00, 0x14, 0x00, 0x00, 0x6A, 0x0A, 0x00, 0x26, 0x00, 0x00, 0x80, 0x00, 0x80, 0x00, 0x00, 0x14,
	0x2E, 0x00, 0x00, 0x29, 0x1E, 0xF0, 0x08, 0x21, 0xD4, 0x02, 0x00, 0x14, 0x80, 0x00, 0x00, 0x16,
	0x20, 0x01, 0x00, 0x03, 0x00, 0x14, 0x00, 0x10, 0x6F, 0x0A, 0x00, 0x26, 0x00, 0x00, 0x00, 0x01,
	0x80, 0x00, 0x00, 0x28, 0x2E, 0x00, 0x00, 0x29, 0x21, 0xF0, 0x08, 0x21, 0xD4, 0x02, 0x12, 0x68,
	0x80, 0x30, 0x00, 0x16, 0x00, 0x00, 0x00, 0x03, 0x00, 0x14, 0x00, 0x00, 0x74, 0x0A, 0x00, 0x26,
	0x00, 0x00, 0x80, 0x01, 0x80, 0x00, 0x00, 0x00, 0x2E, 0x00, 0x00, 0x29, 0x25, 0xF0, 0x08, 0x21,
	0xD4, 0x02, 0x00, 0x00, 0x80, 0x20, 0x00, 0x16, 0x20, 0x01, 0x00, 0x03, 0x00, 0x14, 0x00, 0x10,
	0x79, 0x0A, 0x00, 0x26, 0x00, 0x00, 0x00, 0x02, 0x80, 0x00, 0x00, 0x3C, 0x2E, 0x00, 0x00, 0x29,
	0x29, 0xF0, 0x08, 0x21, 0xD4, 0x02, 0x12, 0x7C, 0x80, 0x10, 0x00, 0x16, 0x00, 0x00, 0x00, 0x03,
	0x00, 0x14, 0x00, 0x00, 0x7E, 0x0A, 0x00, 0x26, 0x00, 0x00, 0x80, 0x02, 0x80, 0x00, 0x00, 0x14,
	0x2E, 0x00, 0x00, 0x29, 0x2D, 0xF0, 0x08, 0x21, 0xD4, 0x02, 0x00, 0x14, 0x80, 0x00, 0x00, 0x16,
	0x20, 0x01, 0x00, 0x03, 0x00, 0x14, 0x00, 0x10, 0x83, 0x0A, 0x00, 0x26, 0x00, 0x00, 0x00, 0x03,
	0x80, 0x00, 0x00, 0x28, 0x2E, 0x00, 0x00, 0x29, 0x30, 0xF0, 0x08, 0x21, 0xD4, 0x02, 0x12, 0x68,
	0x80, 0x30, 0x00, 0x16, 0x00, 0x00, 0x00, 0x03, 0x00, 0x14, 0x00, 0x00, 0x88, 0x0A, 0x00, 0x26,
	0x00, 0x00, 0x80, 0x03, 0x80, 0x00, 0x00, 0x00, 0x2E, 0x00, 0x00, 0x29, 0x34, 0xF0, 0x08, 0x21,
	0xD4, 0x02, 0x00, 0x00, 0x80, 0x20, 0x00, 0x16, 0x20, 0x01, 0x00, 0x03, 0x00, 0x14, 0x00, 0x10,
	0x8D, 0x0A, 0x00, 0x26, 0x00, 0x00, 0x00, 0x00, 0x80, 0x00, 0x00, 0x3C, 0x2F, 0x00, 0x00, 0x29,
	0x38, 0xF0, 0x08, 0x21, 0xD4, 0x02, 0x12, 0x7C, 0x80, 0x10, 0x00, 0x16, 0x00, 0x00, 0x00, 0x03,
	0x00, 0x14, 0x00, 0x00, 0x92, 0x0A, 0x00, 0x26, 0x00, 0x00, 0x80, 0x00, 0x80, 0x00, 0x00, 0x14,
	0x2F, 0x00, 0x00, 0x29, 0x3C, 0xF0, 0x08, 0x21, 0xD4, 0x02, 0x00, 0x14, 0x80, 0x00, 0x00, 0x16,
	0x20, 0x01, 0x00, 0x03, 0x00, 0x14, 0x00, 0x10, 0x97, 0x0A, 0x00, 0x26, 0x00, 0x00, 0x00, 0x01,
	0x80, 0x00, 0x00, 0x28, 0x2F, 0x00, 0x00, 0x29, 0x3F, 0xF0, 0x08, 0x21, 0xD4, 0x02, 0x12, 0x68,
	0x80, 0x30, 0x00, 0x16, 0x00, 0x00, 0x00, 0x03, 0x00, 0x14, 0x00, 0x00, 0x9C, 0x0A, 0x00, 0x26,
	0x00, 0x00, 0x80, 0x01, 0x80, 0x00, 0x00, 0x00, 0x2F, 0x00, 0x00, 0x29, 0x43, 0xF0, 0x08, 0x21,
	0xD4, 0x02, 0x00, 0x00, 0x80, 0x20, 0x00, 0x16, 0x20, 0x01, 0x00, 0x03, 0x00, 0x14, 0x00, 0x10,
	0xA1, 0x0A, 0x00, 0x26, 0x00, 0x00, 0x00, 0x02, 0x80, 0x00, 0x00, 0x3C, 0x2F, 0x00, 0x00, 0x29,
	0x47, 0xF0, 0x08, 0x21, 0xD4, 0x02, 0x12, 0x7C, 0x80, 0x10, 0x00, 0x28, 0x00, 0x00, 0x00, 0x00,
	0x00, 0x00, 0x00, 0x00, 0x00, 0x00, 0x00, 0x38, 0x00, 0x00, 0x00, 0x00, 0x00, 0x00, 0x00, 0x00,
	0x00, 0xC6, 0x3B, 0x16, 0x00, 0x00, 0x00, 0x03, 0x00, 0x14, 0x00, 0x00, 0xA6, 0x0A, 0x00, 0x26,
	0x00, 0x00, 0x80, 0x02, 0x80, 0x00, 0x00, 0x14, 0x2F, 0x00, 0x00, 0x29, 0xF4, 0xA4, 0xF5, 0x20,
	0x00, 0x00, 0x00, 0x14, 0x80, 0x30, 0x00, 0x16, 0x20, 0x01, 0x00, 0x03, 0x00, 0x14, 0x00, 0x10,
	0xAB, 0x0A, 0x00, 0x26, 0x00, 0x00, 0x00, 0x03, 0x80, 0x00, 0x00, 0x28, 0x2F, 0x00, 0x00, 0x29,
	0xF8, 0xA4, 0xF5, 0x20, 0x00, 0x00, 0x12, 0x68, 0x80, 0x20, 0x00, 0x16, 0x00, 0x00, 0x00, 0x03,
	0x00, 0x14, 0x00, 0x00, 0xB0, 0x0A, 0x00, 0x26, 0x00, 0x00, 0x80, 0x03, 0x80, 0x00, 0x00, 0x00,
	0x2F, 0x00, 0x00, 0x29, 0xFC, 0xA8, 0xF5, 0x20, 0x00, 0x00, 0x00, 0x00, 0x80, 0x10, 0x00, 0x40,
	0x7F, 0x4E, 0x00, 0x00, 0x00, 0x00, 0x00, 0x00, 0x00, 0x00, 0x00, 0xDC, 0x00, 0xAC, 0x01, 0x1C,
	0x60, 0x0A, 0x00, 0x00, 0x00, 0x40, 0x03, 0x26, 0x00, 0x00, 0x00, 0x03, 0x00, 0x04, 0x00, 0x3C,
	0x30, 0x00, 0x00, 0x7D, 0x98, 0xB2, 0xC1, 0x01, 0x00, 0x00, 0x00, 0x3C, 0x00, 0x00, 0x00, 0x2E,
	0x98, 0xD2, 0x00, 0x00, 0x18, 0x00, 0xC0, 0x01, 0x96, 0x00, 0x00, 0x2E, 0x10, 0xD3, 0x20, 0x00,
	0x18, 0x00, 0xC0, 0x01, 0x96, 0x00, 0x00, 0x2E, 0x88, 0xD3, 0x40, 0x00, 0x18, 0x00, 0xC0, 0x01,
	0x96, 0x00, 0x00, 0x00, 0x00, 0x00, 0x00, 0x00, 0x00, 0x00, 0x00, 0x00, 0x00, 0x00, 0x00, 0x00,
	0x00, 0x14, 0x00, 0x00, 0x00, 0x00, 0x00, 0x00, 0x00, 0x00, 0x00, 0x0E, 0x00, 0x8C, 0x00, 0x03,
	0x80, 0x07, 0x00, 0x00, 0x03, 0x00, 0x00, 0x0D, 0xA0, 0x06, 0x01, 0x00, 0x00, 0x00, 0x00, 0x00,
	0x00, 0x0A, 0x00, 0x0E, 0x00, 0x8C, 0x00, 0x03, 0x80, 0x07, 0x00, 0x00, 0x4E, 0x00, 0x00, 0x0D,
	0x50, 0x07, 0x01, 0x00, 0x00, 0x00, 0x00, 0x00, 0x00, 0x0C, 0x00, 0x28, 0x00, 0x00, 0x00, 0x00,
	0x00, 0x00, 0x00, 0x00, 0x00, 0x00, 0x00, 0x38, 0x00, 0x00, 0x00, 0x00, 0x00, 0x00, 0x00, 0x00,
	0x00, 0x44, 0x2B, 0x16, 0x20, 0x01, 0x00, 0x03, 0x00, 0x14, 0x00, 0x10, 0x42, 0x0A, 0x00, 0x26,
	0x00, 0x00, 0x80, 0x00, 0x80, 0x00, 0x00, 0x14, 0x2D, 0x00, 0x00, 0x29, 0x00, 0xF0, 0x08, 0x21,
	0xD4, 0x02, 0x12, 0x54, 0x80, 0x00, 0x00, 0x16, 0x00, 0x00, 0x00, 0x03, 0x00, 0x14, 0x00, 0x00,
	0x47, 0x0A, 0x00, 0x26, 0x00, 0x00, 0x00, 0x01, 0x80, 0x00, 0x00, 0x28, 0x2D, 0x00, 0x00, 0x29,
	0x03, 0xF0, 0x08, 0x21, 0xD4, 0x02, 0x00, 0x28, 0x80, 0x30, 0x00, 0x16, 0x20, 0x01, 0x00, 0x03,
	0x00, 0x14, 0x00, 0x10, 0x4C, 0x0A, 0x00, 0x26, 0x00, 0x00, 0x80, 0x01, 0x80, 0x00, 0x00, 0x00,
	0x2D, 0x00, 0x00, 0x29, 0x07, 0xF0, 0x08, 0x21, 0xD4, 0x02, 0x12, 0x40, 0x80, 0x20, 0x00, 0x16,
	0x00, 0x00, 0x00, 0x03, 0x00, 0x14, 0x00, 0x00, 0x51, 0x0A, 0x00, 0x26, 0x00, 0x00, 0x00, 0x02,
	0x80, 0x00, 0x00, 0x3C, 0x2D, 0x00, 0x00, 0x29, 0x0B, 0xF0, 0x08, 0x21, 0xD4, 0x02, 0x00, 0x3C,
	0x80, 0x10, 0x00, 0x16, 0x20, 0x01, 0x00, 0x03, 0x00, 0x14, 0x00, 0x10, 0x56, 0x0A, 0x00, 0x26,
	0x00, 0x00, 0x80, 0x02, 0x80, 0x00, 0x00, 0x14, 0x2D, 0x00, 0x00, 0x29, 0x0F, 0xF0, 0x08, 0x21,
	0xD4, 0x02, 0x12, 0x54, 0x80, 0x00, 0x00, 0x16, 0x00, 0x00, 0x00, 0x03, 0x00, 0x14, 0x00, 0x00,
	0x5B, 0x0A, 0x00, 0x26, 0x00, 0x00, 0x00, 0x03, 0x80, 0x00, 0x00, 0x28, 0x2D, 0x00, 0x00, 0x29,
	0x12, 0xF0, 0x08, 0x21, 0xD4, 0x02, 0x00, 0x28, 0x80, 0x30, 0x00, 0x16, 0x20, 0x01, 0x00, 0x03,
	0x00, 0x14, 0x00, 0x10, 0x60, 0x0A, 0x00, 0x26, 0x00, 0x00, 0x80, 0x03, 0x80, 0x00, 0x00, 0x00,
	0x2D, 0x00, 0x00, 0x29, 0x16, 0xF0, 0x08, 0x21, 0xD4, 0x02, 0x12, 0x40, 0x80, 0x20, 0x00, 0x16,
	0x00, 0x00, 0x00, 0x03, 0x00, 0x14, 0x00, 0x00, 0x65, 0x0A, 0x00, 0x26, 0x00, 0x00, 0x00, 0x00,
	0x80, 0x00, 0x00, 0x3C, 0x2E, 0x00, 0x00, 0x29, 0x1A, 0xF0, 0x08, 0x21, 0xD4, 0x02, 0x00, 0x3C,
	0x80, 0x10, 0x00, 0x16, 0x20, 0x01, 0x00, 0x03, 0x00, 0x14, 0x00, 0x10, 0x6A, 0x0A, 0x00, 0x26,
	0x00, 0x00, 0x80, 0x00, 0x80, 0x00, 0x00, 0x14, 0x2E, 0x00, 0x00, 0x29, 0x1E, 0xF0, 0x08, 0x21,
	0xD4, 0x02, 0x12, 0x54, 0x80, 0x00, 0x00, 0x16, 0x00, 0x00, 0x00, 0x03, 0x00, 0x14, 0x00, 0x00,
	0x6F, 0x0A, 0x00, 0x26, 0x00, 0x00, 0x00, 0x01, 0x80, 0x00, 0x00, 0x28, 0x2E, 0x00, 0x00, 0x29,
	0x21, 0xF0, 0x08, 0x21, 0xD4, 0x02, 0x00, 0x28, 0x80, 0x30, 0x00, 0x16, 0x20, 0x01, 0x00, 0x03,
	0x00, 0x14, 0x00, 0x10, 0x74, 0x0A, 0x00, 0x26, 0x00, 0x00, 0x80, 0x01, 0x80, 0x00, 0x00, 0x00,
	0x2E, 0x00, 0x00, 0x29, 0x25, 0xF0, 0x08, 0x21, 0xD4, 0x02, 0x12, 0x40, 0x80, 0x20, 0x00, 0x16,
	0x00, 0x00, 0x00, 0x03, 0x00, 0x14, 0x00, 0x00, 0x79, 0x0A, 0x00, 0x26, 0x00, 0x00, 0x00, 0x02,
	0x80, 0x00, 0x00, 0x3C, 0x2E, 0x00, 0x00, 0x29, 0x29, 0xF0, 0x08, 0x21, 0xD4, 0x02, 0x00, 0x3C,
	0x80, 0x10, 0x00, 0x16, 0x20, 0x01, 0x00, 0x03, 0x00, 0x14, 0x00, 0x10, 0x7E, 0x0A, 0x00, 0x26,
	0x00, 0x00, 0x80, 0x02, 0x80, 0x00, 0x00, 0x14, 0x2E, 0x00, 0x00, 0x29, 0x2D, 0xF0, 0x08, 0x21,
	0xD4, 0x02, 0x12, 0x54, 0x80, 0x00, 0x00, 0x16, 0x00, 0x00, 0x00, 0x03, 0x00, 0x14, 0x00, 0x00,
	0x83, 0x0A, 0x00, 0x26, 0x00, 0x00, 0x00, 0x03, 0x80, 0x00, 0x00, 0x28, 0x2E, 0x00, 0x00, 0x29,
	0x30, 0xF0, 0x08, 0x21, 0xD4, 0x02, 0x00, 0x28, 0x80, 0x30, 0x00, 0x16, 0x20, 0x01, 0x00, 0x03,
	0x00, 0x14, 0x00, 0x10, 0x88, 0x0A, 0x00, 0x26, 0x00, 0x00, 0x80, 0x03, 0x80, 0x00, 0x00, 0x00,
	0x2E, 0x00, 0x00, 0x29, 0x34, 0xF0, 0x08, 0x21, 0xD4, 0x02, 0x12, 0x40, 0x80, 0x20, 0x00, 0x16,
	0x00, 0x00, 0x00, 0x03, 0x00, 0x14, 0x00, 0x00, 0x8D, 0x0A, 0x00, 0x26, 0x00, 0x00, 0x00, 0x00,
	0x80, 0x00, 0x00, 0x3C, 0x2F, 0x00, 0x00, 0x29, 0x38, 0xF0, 0x08, 0x21, 0xD4, 0x02, 0x00, 0x3C,
	0x80, 0x10, 0x00, 0x16, 0x20, 0x01, 0x00, 0x03, 0x00, 0x14, 0x00, 0x10, 0x92, 0x0A, 0x00, 0x26,
	0x00, 0x00, 0x80, 0x00, 0x80, 0x00, 0x00, 0x14, 0x2F, 0x00, 0x00, 0x29, 0x3C, 0xF0, 0x08, 0x21,
	0xD4, 0x02, 0x12, 0x54, 0x80, 0x00, 0x00, 0x16, 0x00, 0x00, 0x00, 0x03, 0x00, 0x14, 0x00, 0x00,
	0x97, 0x0A, 0x00, 0x26, 0x00, 0x00, 0x00, 0x01, 0x80, 0x00, 0x00, 0x28, 0x2F, 0x00, 0x00, 0x29,
	0x3F, 0xF0, 0x08, 0x21, 0xD4, 0x02, 0x00, 0x28, 0x80, 0x30, 0x00, 0x16, 0x20, 0x01, 0x00, 0x03,
	0x00, 0x14, 0x00, 0x10, 0x9C, 0x0A, 0x00, 0x26, 0x00, 0x00, 0x80, 0x01, 0x80, 0x00, 0x00, 0x00,
	0x2F, 0x00, 0x00, 0x29, 0x43, 0xF0, 0x08, 0x21, 0xD4, 0x02, 0x12, 0x40, 0x80, 0x20, 0x00, 0x16,
	0x00, 0x00, 0x00, 0x03, 0x00, 0x14, 0x00, 0x00, 0xA1, 0x0A, 0x00, 0x26, 0x00, 0x00, 0x00, 0x02,
	0x80, 0x00, 0x00, 0x3C, 0x2F, 0x00, 0x00, 0x29, 0x47, 0xF0, 0x08, 0x21, 0xD4, 0x02, 0x00, 0x3C,
	0x80, 0x10, 0x00, 0x28, 0x00, 0x00, 0x00, 0x00, 0x00, 0x00, 0x00, 0x00, 0x00, 0x00, 0x00, 0x38,
	0x00, 0x00, 0x00, 0x00, 0x00, 0x00, 0x00, 0x00, 0x00, 0xC6, 0x3B, 0x16, 0x20, 0x01, 0x00, 0x03,
	0x00, 0x14, 0x00, 0x10, 0xA6, 0x0A, 0x00, 0x26, 0x00, 0x00, 0x80, 0x02, 0x80, 0x00, 0x00, 0x14,
	0x2F, 0x00, 0x00, 0x29, 0xF4, 0xA4, 0xF5, 0x20, 0x00, 0x00, 0x12, 0x54, 0x80, 0x30, 0x00, 0x16,
	0x00, 0x00, 0x00, 0x03, 0x00, 0x14, 0x00, 0x00, 0xAB, 0x0A, 0x00, 0x26, 0x00, 0x00, 0x00, 0x03,
	0x80, 0x00, 0x00, 0x28, 0x2F, 0x00, 0x00, 0x29, 0xF8, 0xA4, 0xF5, 0x20, 0x00, 0x00, 0x00, 0x28,
	0x80, 0x20, 0x00, 0x16, 0x20, 0x01, 0x00, 0x03, 0x00, 0x14, 0x00, 0x10, 0xB0, 0x0A, 0x00, 0x26,
	0x00, 0x00, 0x80, 0x03, 0x80, 0x00, 0x00, 0x00, 0x2F, 0x00, 0x00, 0x29, 0xFC, 0xA8, 0xF5, 0x20,
	0x00, 0x00, 0x12, 0x40, 0x80, 0x10, 0x00, 0x40, 0x7F, 0x4E, 0x00, 0x00, 0x00, 0x00, 0x00, 0x00,
	0x00, 0x00, 0x00, 0xDC, 0x00, 0xAC, 0x01, 0x1C, 0x60, 0x0A, 0x00, 0x00, 0x00, 0x40, 0x03, 0x26,
	0x00, 0x00, 0x00, 0x03, 0x00, 0x04, 0x00, 0x3C, 0x30, 0x00, 0x00, 0x7D, 0x98, 0xB2, 0xC1, 0x01,
	0x00, 0x00, 0x00, 0x3C, 0x00, 0x00, 0x00, 0x2E, 0x98, 0xD2, 0x00, 0x01, 0x18, 0x00, 0xC0, 0x01,
	0xA1, 0x00, 0x00, 0x2E, 0x10, 0xD3, 0x20, 0x01, 0x18, 0x00, 0xC0, 0x01, 0xA1, 0x00, 0x00, 0x2E,
	0x88, 0xD3, 0x40, 0x01, 0x18, 0x00, 0xC0, 0x01, 0xA1, 0x00, 0x00, 0x00, 0x00, 0x00, 0x00, 0x00,
	0x00, 0x00, 0x00, 0x00, 0x00, 0x00, 0x00, 0x00, 0x00, 0x14, 0x00, 0x00, 0x00, 0x00, 0x00, 0x00,
	0x00, 0x00, 0x00, 0x00, 0x00, 0x00, 0x00, 0x00, 0x00, 0x00, 0x00, 0x00, 0x00, 0x00, 0x00, 0x00,
	0x00, 0x14, 0x00, 0x00, 0x00, 0x00, 0x00, 0x00, 0x00, 0x00, 0x00, 0x0E, 0x00, 0xBC, 0x00, 0x00,
	0x00, 0x1E, 0x00, 0x00, 0x77, 0x01, 0x00, 0x28, 0x00, 0x00, 0x00, 0x00, 0x00, 0x00, 0x00, 0x00,
	0x00, 0x00, 0x00, 0x38, 0x00, 0x00, 0x00, 0x00, 0x00, 0x00, 0x00, 0x00, 0x00, 0xC4, 0x3B, 0x16,
	0x00, 0x00, 0x00, 0x03, 0x00, 0x0A, 0x00, 0x00, 0xB5, 0x0A, 0x00, 0x26, 0x00, 0x00, 0x00, 0x00,
	0x80, 0x00, 0x00, 0x14, 0x30, 0x00, 0x00, 0x29, 0xD3, 0xB4, 0x91, 0x21, 0x00, 0x00, 0x00, 0x14,
	0x80, 0x00, 0x00, 0x16, 0x20, 0x01, 0x00, 0x01, 0x00, 0x0A, 0x00, 0x10, 0xB8, 0x0A, 0x00, 0x26,
	0x00, 0x00, 0x80, 0x00, 0x80, 0x00, 0x00, 0x28, 0x30, 0x00, 0x00, 0x29, 0xE2, 0xB4, 0x91, 0x21,
	0x00, 0x00, 0x12, 0x68, 0x80, 0x00, 0x00, 0x16, 0x00, 0x00, 0x00, 0x03, 0x00, 0x0A, 0x00, 0x00,
	0xBA, 0x0A, 0x00, 0x26, 0x00, 0x00, 0x00, 0x01, 0x80, 0x00, 0x00, 0x00, 0x30, 0x00, 0x00, 0x29,
	0xF1, 0xB8, 0x91, 0x21, 0x00, 0x00, 0x00, 0x00, 0x80, 0x00, 0x00, 0x40, 0x09, 0x51, 0x00, 0x00,
	0x00, 0x00, 0x00, 0x00, 0x00, 0x00, 0x00, 0xDC, 0x00, 0xBC, 0x01, 0x18, 0x80, 0x09, 0x00, 0x00,
	0x00, 0x40, 0x03, 0x26, 0x00, 0x00, 0x00, 0x03, 0x00, 0x04, 0x00, 0x3C, 0x31, 0x00, 0x00, 0x7D,
	0x60, 0xC2, 0x81, 0x01, 0x00, 0x00, 0x00, 0x3C, 0x00, 0x00, 0x00, 0x2E, 0x60, 0xD6, 0x00, 0x00,
	0x18, 0x00, 0x80, 0x01, 0x00, 0x00, 0x00, 0x2E, 0x40, 0xD4, 0x20, 0x00, 0x18, 0x00, 0xC0, 0x01,
	0x00, 0x00, 0x00, 0x2E, 0x20, 0xD6, 0x40, 0x00, 0x18, 0x00, 0xC0, 0x01, 0x00, 0x00, 0x00, 0x00,
	0x00, 0x00, 0x00, 0x00, 0x00, 0x00, 0x00, 0x00, 0x00, 0x00, 0x00, 0x00, 0x00, 0x14, 0x00, 0x00,
	0x00, 0x00, 0x00, 0x00, 0x00, 0x00, 0x00, 0x06, 0x00, 0x00, 0x00, 0x00, 0x5C, 0x02, 0x00, 0x00,
	0xE0, 0x01, 0x00, 0x08, 0x00, 0x00, 0x00, 0x00, 0x00, 0x00, 0x00, 0x00, 0x00, 0x00, 0x00, 0x18,
	0x00, 0x00, 0x00, 0x00, 0x00, 0x00, 0x00, 0x00, 0x00, 0x00, 0x00, 0x0E, 0x00, 0xBC, 0x00, 0x00,
	0x00, 0x1E, 0x00, 0x00, 0x86, 0x01, 0x00, 0x28, 0x00, 0x00, 0x00, 0x00, 0x00, 0x00, 0x00, 0x00,
	0x00, 0x00, 0x00, 0x38, 0x00, 0x00, 0x00, 0x00, 0x00, 0x00, 0x00, 0x00, 0x00, 0xC4, 0x3B, 0x16,
	0x20, 0x01, 0x00, 0x03, 0x00, 0x0A, 0x00, 0x10, 0xB5, 0x0A, 0x00, 0x26, 0x00, 0x00, 0x00, 0x00,
	0x80, 0x00, 0x00, 0x14, 0x30, 0x00, 0x00, 0x29, 0xD3, 0xB4, 0x91, 0x21, 0x00, 0x00, 0x12, 0x54,
	0x80, 0x00, 0x00, 0x16, 0x00, 0x00, 0x00, 0x01, 0x00, 0x0A, 0x00, 0x00, 0xB8, 0x0A, 0x00, 0x26,
	0x00, 0x00, 0x80, 0x00, 0x80, 0x00, 0x00, 0x28, 0x30, 0x00, 0x00, 0x29, 0xE2, 0xB4, 0x91, 0x21,
	0x00, 0x00, 0x00, 0x28, 0x80, 0x00, 0x00, 0x16, 0x20, 0x01, 0x00, 0x03, 0x00, 0x0A, 0x00, 0x10,
	0xBA, 0x0A, 0x00, 0x26, 0x00, 0x00, 0x00, 0x01, 0x80, 0x00, 0x00, 0x00, 0x30, 0x00, 0x00, 0x29,
	0xF1, 0xB8, 0x91, 0x21, 0x00, 0x00, 0x12, 0x40, 0x80, 0x00, 0x00, 0x40, 0x09, 0x51, 0x00, 0x00,
	0x00, 0x00, 0x00, 0x00, 0x00, 0x00, 0x00, 0xDC, 0x00, 0xBC, 0x01, 0x18, 0x80, 0x09, 0x00, 0x00,
	0x00, 0x40, 0x03, 0x26, 0x00, 0x00, 0x00, 0x03, 0x00, 0x04, 0x00, 0x3C, 0x31, 0x00, 0x00, 0x7D,
	0x60, 0xC2, 0x81, 0x01, 0x00, 0x00, 0x00, 0x3C, 0x00, 0x00, 0x00, 0x2E, 0x60, 0xD6, 0x00, 0x00,
	0x18, 0x00, 0x80, 0x01, 0x2D, 0x00, 0x00, 0x2E, 0x40, 0xD4, 0x20, 0x00, 0x18, 0x00, 0xC0, 0x01,
	0x2D, 0x00, 0x00, 0x2E, 0x20, 0xD6, 0x40, 0x00, 0x18, 0x00, 0xC0, 0x01, 0x2D, 0x00, 0x00, 0x00,
	0x00, 0x00, 0x00, 0x00, 0x00, 0x00, 0x00, 0x00, 0x00, 0x00, 0x00, 0x00, 0x00, 0x14, 0x00, 0x00,
	0x00, 0x00, 0x00, 0x00, 0x00, 0x00, 0x00, 0x00, 0x00, 0x00, 0x00, 0x00, 0x00, 0x00, 0x00, 0x00,
	0x00, 0x00, 0x00, 0x00, 0x00, 0x14, 0x00, 0x00, 0x00, 0x00, 0x00, 0x00, 0x00, 0x00, 0x00, 0x0E,
	0x00, 0x54, 0x00, 0x00, 0x00, 0x78, 0x00, 0x00, 0xB1, 0x03, 0x00, 0x28, 0x00, 0x00, 0x00, 0x00,
	0x00, 0x00, 0x00, 0x00, 0x00, 0x00, 0x00, 0x38, 0x00, 0x00, 0x00, 0x00, 0x00, 0x00, 0x00, 0x00,
	0x00, 0xC4, 0x3B, 0x16, 0x00, 0x00, 0x00, 0x01, 0x00, 0x05, 0x00, 0x00, 0xBD, 0x0A, 0x00, 0x26,
	0x00, 0x00, 0x80, 0x01, 0x80, 0x00, 0x00, 0x14, 0x30, 0x00, 0x00, 0x29, 0xC4, 0xC4, 0x85, 0x20,
	0x00, 0x00, 0x00, 0x14, 0x80, 0x00, 0x00, 0x16, 0x20, 0x01, 0x00, 0x02, 0x00, 0x05, 0x00, 0x10,
	0xBE, 0x0A, 0x00, 0x26, 0x00, 0x00, 0x00, 0x02, 0x80, 0x00, 0x00, 0x28, 0x30, 0x00, 0x00, 0x29,
	0xD8, 0xC4, 0x85, 0x20, 0x00, 0x00, 0x12, 0x68, 0x80, 0x00, 0x00, 0x16, 0x00, 0x00, 0x00, 0x03,
	0x00, 0x05, 0x00, 0x00, 0xBF, 0x0A, 0x00, 0x26, 0x00, 0x00, 0x80, 0x02, 0x80, 0x00, 0x00, 0x00,
	0x30, 0x00, 0x00, 0x29, 0xEC, 0xC8, 0x85, 0x20, 0x00, 0x00, 0x00, 0x00, 0x80, 0x00, 0x00, 0x40,
	0xA8, 0x5E, 0x00, 0x00, 0x00, 0x00, 0x00, 0x00, 0x00, 0x00, 0x00, 0xDC, 0x00, 0xCC, 0x01, 0x18,
	0x00, 0x02, 0x00, 0x00, 0x00, 0x40, 0x03, 0x26, 0x00, 0x00, 0x00, 0x03, 0x00, 0x04, 0x00, 0x3C,
	0x32, 0x00, 0x00, 0x7D, 0x80, 0xD0, 0x81, 0x01, 0x00, 0x00, 0x00, 0x3C, 0x00, 0x00, 0x00, 0x2E,
	0x80, 0xD8, 0x00, 0x02, 0x18, 0x00, 0x80, 0x01, 0xAC, 0x00, 0x00, 0x2E, 0x00, 0xDB, 0x20, 0x02,
	0x18, 0x00, 0x80, 0x01, 0xAC, 0x00, 0x00, 0x2E, 0x80, 0xD9, 0x40, 0x02, 0x18, 0x00, 0xC0, 0x01,
	0xAC, 0x00, 0x00, 0x00, 0x00, 0x00, 0x00, 0x00, 0x00, 0x00, 0x00, 0x00, 0x00, 0x00, 0x00, 0x00,
	0x00, 0x14, 0x00, 0x00, 0x00, 0x00, 0x00, 0x00, 0x00, 0x00, 0x00, 0x0E, 0x00, 0x54, 0x00, 0x00,
	0x00, 0x78, 0x00, 0x00, 0xC5, 0x03, 0x00, 0x28, 0x00, 0x00, 0x00, 0x00, 0x00, 0x00, 0x00, 0x00,
	0x00, 0x00, 0x00, 0x38, 0x00, 0x00, 0x00, 0x00, 0x00, 0x00, 0x00, 0x00, 0x00, 0xC4, 0x3B, 0x16,
	0x20, 0x01, 0x00, 0x01, 0x00, 0x05, 0x00, 0x10, 0xBD, 0x0A, 0x00, 0x26, 0x00, 0x00, 0x80, 0x01,
	0x80, 0x00, 0x00, 0x14, 0x30, 0x00, 0x00, 0x29, 0xC4, 0xC4, 0x85, 0x20, 0x00, 0x00, 0x12, 0x54,
	0x80, 0x00, 0x00, 0x16, 0x00, 0x00, 0x00, 0x02, 0x00, 0x05, 0x00, 0x00, 0xBE, 0x0A, 0x00, 0x26,
	0x00, 0x00, 0x00, 0x02, 0x80, 0x00, 0x00, 0x28, 0x30, 0x00, 0x00, 0x29, 0xD8, 0xC4, 0x85, 0x20,
	0x00, 0x00, 0x00, 0x28, 0x80, 0x00, 0x00, 0x16, 0x20, 0x01, 0x00, 0x03, 0x00, 0x05, 0x00, 0x10,
	0xBF, 0x0A, 0x00, 0x26, 0x00, 0x00, 0x80, 0x02, 0x80, 0x00, 0x00, 0x00, 0x30, 0x00, 0x00, 0x29,
	0xEC, 0xC8, 0x85, 0x20, 0x00, 0x00, 0x12, 0x40, 0x80, 0x00, 0x00, 0x40, 0xA8, 0x5E, 0x00, 0x00,
	0x00, 0x00, 0x00, 0x00, 0x00, 0x00, 0x00, 0xDC, 0x00, 0xCC, 0x01, 0x18, 0x00, 0x02, 0x00, 0x00,
	0x00, 0x40, 0x03, 0x26, 0x00, 0x00, 0x00, 0x03, 0x00, 0x04, 0x00, 0x3C, 0x32, 0x00, 0x00, 0x7D,
	0x80, 0xD0, 0x81, 0x01, 0x00, 0x00, 0x00, 0x3C, 0x00, 0x00, 0x00, 0x2E, 0x80, 0xD8, 0x00, 0x02,
	0x18, 0x00, 0x80, 0x01, 0xE8, 0x00, 0x00, 0x2E, 0x00, 0xDB, 0x20, 0x02, 0x18, 0x00, 0x80, 0x01,
	0xE8, 0x00, 0x00, 0x2E, 0x80, 0xD9, 0x40, 0x02, 0x18, 0x00, 0xC0, 0x01, 0xE8, 0x00, 0x00, 0x00,
	0x00, 0x00, 0x00, 0x00, 0x00, 0x00, 0x00, 0x00, 0x00, 0x00, 0x00, 0x00, 0x00, 0x14, 0x00, 0x00,
	0x00, 0x00, 0x00, 0x00, 0x00, 0x00, 0x00, 0x0E, 0x00, 0x54, 0x00, 0x00, 0x00, 0x78, 0x00, 0x00,
	0xD9, 0x03, 0x00, 0x28, 0x00, 0x00, 0x00, 0x00, 0x00, 0x00, 0x00, 0x00, 0x00, 0x00, 0x00, 0x38,
	0x00, 0x00, 0x00, 0x00, 0x00, 0x00, 0x00, 0x00, 0x00, 0xC4, 0x3B, 0x16, 0x00, 0x00, 0x00, 0x01,
	0x00, 0x05, 0x00, 0x00, 0xBD, 0x0A, 0x00, 0x26, 0x00, 0x00, 0x80, 0x01, 0x80, 0x00, 0x00, 0x14,
	0x30, 0x00, 0x00, 0x29, 0xC4, 0xC4, 0x85, 0x20, 0x00, 0x00, 0x00, 0x14, 0x80, 0x00, 0x00, 0x16,
	0x20, 0x01, 0x00, 0x02, 0x00, 0x05, 0x00, 0x10, 0xBE, 0x0A, 0x00, 0x26, 0x00, 0x00, 0x00, 0x02,
	0x80, 0x00, 0x00, 0x28, 0x30, 0x00, 0x00, 0x29, 0xD8, 0xC4, 0x85, 0x20, 0x00, 0x00, 0x12, 0x68,
	0x80, 0x00, 0x00, 0x16, 0x00, 0x00, 0x00, 0x03, 0x00, 0x05, 0x00, 0x00, 0xBF, 0x0A, 0x00, 0x26,
	0x00, 0x00, 0x80, 0x02, 0x80, 0x00, 0x00, 0x00, 0x30, 0x00, 0x00, 0x29, 0xEC, 0xC8, 0x85, 0x20,
	0x00, 0x00, 0x00, 0x00, 0x80, 0x00, 0x00, 0x40, 0xA8, 0x5E, 0x00, 0x00, 0x00, 0x00, 0x00, 0x00,
	0x00, 0x00, 0x00, 0xDC, 0x00, 0xCC, 0x01, 0x18, 0x00, 0x02, 0x00, 0x00, 0x00, 0x40, 0x03, 0x26,
	0x00, 0x00, 0x00, 0x03, 0x00, 0x04, 0x00, 0x3C, 0x32, 0x00, 0x00, 0x7D, 0x80, 0xD0, 0x81, 0x01,
	0x00, 0x00, 0x00, 0x3C, 0x00, 0x00, 0x00, 0x2E, 0x80, 0xD8, 0x00, 0x02, 0x18, 0x00, 0x80, 0x01,
	0x24, 0x01, 0x00, 0x2E, 0x00, 0xDB, 0x20, 0x02, 0x18, 0x00, 0x80, 0x01, 0x24, 0x01, 0x00, 0x2E,
	0x80, 0xD9, 0x40, 0x02, 0x18, 0x00, 0xC0, 0x01, 0x24, 0x01, 0x00, 0x00, 0x00, 0x00, 0x00, 0x00,
	0x00, 0x00, 0x00, 0x00, 0x00, 0x00, 0x00, 0x00, 0x00, 0x14, 0x00, 0x00, 0x00, 0x00, 0x00, 0x00,
	0x00, 0x00, 0x00, 0x0E, 0x00, 0x54, 0x00, 0x00, 0x00, 0x78, 0x00, 0x00, 0xED, 0x03, 0x00, 0x28,
	0x00, 0x00, 0x00, 0x00, 0x00, 0x00, 0x00, 0x00, 0x00, 0x00, 0x00, 0x38, 0x00, 0x00, 0x00, 0x00,
	0x00, 0x00, 0x00, 0x00, 0x00, 0xC4, 0x3B, 0x16, 0x20, 0x01, 0x00, 0x01, 0x00, 0x05, 0x00, 0x10,
	0xBD, 0x0A, 0x00, 0x26, 0x00, 0x00, 0x80, 0x01, 0x80, 0x00, 0x00, 0x14, 0x30, 0x00, 0x00, 0x29,
	0xC4, 0xC4, 0x85, 0x20, 0x00, 0x00, 0x12, 0x54, 0x80, 0x00, 0x00, 0x16, 0x00, 0x00, 0x00, 0x02,
	0x00, 0x05, 0x00, 0x00, 0xBE, 0x0A, 0x00, 0x26, 0x00, 0x00, 0x00, 0x02, 0x80, 0x00, 0x00, 0x28,
	0x30, 0x00, 0x00, 0x29, 0xD8, 0xC4, 0x85, 0x20, 0x00, 0x00, 0x00, 0x28, 0x80, 0x00, 0x00, 0x16,
	0x20, 0x01, 0x00, 0x03, 0x00, 0x05, 0x00, 0x10, 0xBF, 0x0A, 0x00, 0x26, 0x00, 0x00, 0x80, 0x02,
	0x80, 0x00, 0x00, 0x00, 0x30, 0x00, 0x00, 0x29, 0xEC, 0xC8, 0x85, 0x20, 0x00, 0x00, 0x12, 0x40,
	0x80, 0x00, 0x00, 0x40, 0xA8, 0x5E, 0x00, 0x00, 0x00, 0x00, 0x00, 0x00, 0x00, 0x00, 0x00, 0xDC,
	0x00, 0xCC, 0x01, 0x18, 0x00, 0x02, 0x00, 0x00, 0x00, 0x40, 0x03, 0x26, 0x00, 0x00, 0x00, 0x03,
	0x00, 0x04, 0x00, 0x3C, 0x32, 0x00, 0x00, 0x7D, 0x80, 0xD0, 0x81, 0x01, 0x00, 0x00, 0x00, 0x3C,
	0x00, 0x00, 0x00, 0x2E, 0x80, 0xD8, 0x00, 0x02, 0x18, 0x00, 0x80, 0x01, 0x60, 0x01, 0x00, 0x2E,
	0x00, 0xDB, 0x20, 0x02, 0x18, 0x00, 0x80, 0x01, 0x60, 0x01, 0x00, 0x2E, 0x80, 0xD9, 0x40, 0x02,
	0x18, 0x00, 0xC0, 0x01, 0x60, 0x01, 0x00, 0x00, 0x00, 0x00, 0x00, 0x00, 0x00, 0x00, 0x00, 0x00,
	0x00, 0x00, 0x00, 0x00, 0x00, 0x14, 0x00, 0x00, 0x00, 0x00, 0x00, 0x00, 0x00, 0x00, 0x00, 0x0E,
	0x00, 0x54, 0x00, 0x00, 0x00, 0x78, 0x00, 0x00, 0x01, 0x04, 0x00, 0x28, 0x00, 0x00, 0x00, 0x00,
	0x00, 0x00, 0x00, 0x00, 0x00, 0x00, 0x00, 0x38, 0x00, 0x00, 0x00, 0x00, 0x00, 0x00, 0x00, 0x00,
	0x00, 0xC4, 0x3B, 0x16, 0x00, 0x00, 0x00, 0x01, 0x00, 0x05, 0x00, 0x00, 0xBD, 0x0A, 0x00, 0x26,
	0x00, 0x00, 0x80, 0x01, 0x80, 0x00, 0x00, 0x14, 0x30, 0x00, 0x00, 0x29, 0xC4, 0xC4, 0x85, 0x20,
	0x00, 0x00, 0x00, 0x14, 0x80, 0x00, 0x00, 0x16, 0x20, 0x01, 0x00, 0x02, 0x00, 0x05, 0x00, 0x10,
	0xBE, 0x0A, 0x00, 0x26, 0x00, 0x00, 0x00, 0x02, 0x80, 0x00, 0x00, 0x28, 0x30, 0x00, 0x00, 0x29,
	0xD8, 0xC4, 0x85, 0x20, 0x00, 0x00, 0x12, 0x68, 0x80, 0x00, 0x00, 0x16, 0x00, 0x00, 0x00, 0x03,
	0x00, 0x05, 0x00, 0x00, 0xBF, 0x0A, 0x00, 0x26, 0x00, 0x00, 0x80, 0x02, 0x80, 0x00, 0x00, 0x00,
	0x30, 0x00, 0x00, 0x29, 0xEC, 0xC8, 0x85, 0x20, 0x00, 0x00, 0x00, 0x00, 0x80, 0x00, 0x00, 0x40,
	0xA8, 0x5E, 0x00, 0x00, 0x00, 0x00, 0x00, 0x00, 0x00, 0x00, 0x00, 0xDC, 0x00, 0xCC, 0x01, 0x18,
	0x00, 0x02, 0x00, 0x00, 0x00, 0x40, 0x03, 0x26, 0x00, 0x00, 0x00, 0x03, 0x00, 0x04, 0x00, 0x3C,
	0x32, 0x00, 0x00, 0x7D, 0x80, 0xD0, 0x81, 0x01, 0x00, 0x00, 0x00, 0x3C, 0x00, 0x00, 0x00, 0x2E,
	0x80, 0xD8, 0x00, 0x02, 0x18, 0x00, 0x80, 0x01, 0x9C, 0x01, 0x00, 0x2E, 0x00, 0xDB, 0x20, 0x02,
	0x18, 0x00, 0x80, 0x01, 0x9C, 0x01, 0x00, 0x2E, 0x80, 0xD9, 0x40, 0x02, 0x18, 0x00, 0xC0, 0x01,
	0x9C, 0x01, 0x00, 0x00, 0x00, 0x00, 0x00, 0x00, 0x00, 0x00, 0x00, 0x00, 0x00, 0x00, 0x00, 0x00,
	0x00, 0x14, 0x00, 0x00, 0x00, 0x00, 0x00, 0x00, 0x00, 0x00, 0x00, 0x0E, 0x00, 0x54, 0x00, 0x00,
	0x00, 0x78, 0x00, 0x00, 0x15, 0x04, 0x00, 0x28, 0x00, 0x00, 0x00, 0x00, 0x00, 0x00, 0x00, 0x00,
	0x00, 0x00, 0x00, 0x38, 0x00, 0x00, 0x00, 0x00, 0x00, 0x00, 0x00, 0x00, 0x00, 0xC4, 0x3B, 0x16,
	0x20, 0x01, 0x00, 0x01, 0x00, 0x05, 0x00, 0x10, 0xBD, 0x0A, 0x00, 0x26, 0x00, 0x00, 0x80, 0x01,
	0x80, 0x00, 0x00, 0x14, 0x30, 0x00, 0x00, 0x29, 0xC4, 0xC4, 0x85, 0x20, 0x00, 0x00, 0x12, 0x54,
	0x80, 0x00, 0x00, 0x16, 0x00, 0x00, 0x00, 0x02, 0x00, 0x05, 0x00, 0x00, 0xBE, 0x0A, 0x00, 0x26,
	0x00, 0x00, 0x00, 0x02, 0x80, 0x00, 0x00, 0x28, 0x30, 0x00, 0x00, 0x29, 0xD8, 0xC4, 0x85, 0x20,
	0x00, 0x00, 0x00, 0x28, 0x80, 0x00, 0x00, 0x16, 0x20, 0x01, 0x00, 0x03, 0x00, 0x05, 0x00, 0x10,
	0xBF, 0x0A, 0x00, 0x26, 0x00, 0x00, 0x80, 0x02, 0x80, 0x00, 0x00, 0x00, 0x30, 0x00, 0x00, 0x29,
	0xEC, 0xC8, 0x85, 0x20, 0x00, 0x00, 0x12, 0x40, 0x80, 0x00, 0x00, 0x40, 0xA8, 0x5E, 0x00, 0x00,
	0x00, 0x00, 0x00, 0x00, 0x00, 0x00, 0x00, 0xDC, 0x00, 0xCC, 0x01, 0x18, 0x00, 0x02, 0x00, 0x00,
	0x00, 0x40, 0x03, 0x26, 0x00, 0x00, 0x00, 0x03, 0x00, 0x04, 0x00, 0x3C, 0x32, 0x00, 0x00, 0x7D,
	0x80, 0xD0, 0x81, 0x01, 0x00, 0x00, 0x00, 0x3C, 0x00, 0x00, 0x00, 0x2E, 0x80, 0xD8, 0x00, 0x02,
	0x18, 0x00, 0x80, 0x01, 0xD8, 0x01, 0x00, 0x2E, 0x00, 0xDB, 0x20, 0x02, 0x18, 0x00, 0x80, 0x01,
	0xD8, 0x01, 0x00, 0x2E, 0x80, 0xD9, 0x40, 0x02, 0x18, 0x00, 0xC0, 0x01, 0xD8, 0x01, 0x00, 0x00,
	0x00, 0x00, 0x00, 0x00, 0x00, 0x00, 0x00, 0x00, 0x00, 0x00, 0x00, 0x00, 0x00, 0x14, 0x00, 0x00,
	0x00, 0x00, 0x00, 0x00, 0x00, 0x00, 0x00, 0x08, 0x00, 0x00, 0x00, 0x00, 0x00, 0x00, 0x00, 0x00,
	0x00, 0x00, 0x00, 0x10, 0x00, 0x00, 0x00, 0x00, 0x00, 0x00, 0x00, 0x00, 0x00, 0x00, 0x00, 0x00,
	0x00, 0x00, 0x00, 0x00, 0x00, 0x00, 0x00, 0x00, 0x00, 0x00, 0x00, 0x66, 0x22, 0x02, 0x22, 0x02,
	0x00, 0x14, 0x08, 0x20, 0x00, 0x00, 0x00, 0x33, 0x22, 0x01, 0x01, 0x06, 0x00, 0x28, 0x03, 0x30,
	0x00, 0x00, 0x00, 0x03, 0x00, 0x50, 0x00, 0x01, 0x00, 0x0A, 0x08, 0x20, 0x00, 0x00, 0x00, 0x66,
	0x22, 0x00, 0x22, 0x02, 0x00, 0x14, 0x10, 0x30, 0x00, 0x00, 0x00, 0x33, 0x22, 0x00, 0x01, 0x03,
	0x00, 0x14, 0x08, 0x20, 0x00, 0x00, 0x00, 0x66, 0x22, 0x20, 0x22, 0x0A, 0x00, 0x28, 0x03, 0x30,
	0x00, 0x00, 0x00, 0x03, 0x00, 0xA0, 0x00, 0x03, 0x00, 0x14, 0x10, 0x30, 0x00, 0x00, 0x00, 0x03,
	0x00, 0x80, 0x02, 0x05, 0x00, 0x14, 0x08, 0x20, 0x00, 0x00, 0x00, 0x11, 0x11, 0x00, 0x00, 0x0C,
	0x00, 0x28, 0x03, 0x30, 0x00, 0x00, 0x00, 0x02, 0x00, 0x80, 0x02, 0x02, 0x00, 0x0A, 0x08, 0x20,
	0x00, 0x00, 0x00, 0x02, 0x00, 0xD0, 0x02, 0x05, 0x00, 0x14, 0x10, 0x30, 0x00, 0x00, 0x00, 0x33,
	0x11, 0x01, 0x11, 0x08, 0x00, 0x0A, 0x08, 0x20, 0x00, 0x00, 0x00, 0x02, 0x00, 0x20, 0x03, 0x08,
	0x00, 0x0A, 0x18, 0x30, 0x00, 0x00, 0x00, 0x33, 0x11, 0x00, 0x11, 0x08, 0x00, 0x0A, 0x04, 0x20,
	0x00, 0x00, 0x00, 0x33, 0x11, 0x10, 0x11, 0x09, 0x00, 0x0A, 0x08, 0x20, 0x00, 0x00, 0x00, 0x02,
	0x00, 0xE0, 0x01, 0x09, 0x00, 0x0A, 0x0C, 0x20, 0x00, 0x00, 0x00, 0x02, 0x00, 0x40, 0x01, 0x09,
	0x00, 0x0A, 0x04, 0x30, 0x00, 0x00, 0x00, 0x80, 0x02, 0x01, 0x00, 0x09, 0x00, 0x0A, 0x0C, 0x30,
	0x00, 0x00, 0x00, 0x05, 0x00, 0x50, 0x00, 0x0A, 0x00, 0x0A, 0x08, 0x20, 0x00, 0x00, 0x00, 0x02,
	0x00, 0x90, 0x01, 0x0A, 0x00, 0x0A, 0x0C, 0x20, 0x00, 0x00, 0x00, 0x20, 0x03, 0x01, 0x00, 0x0A,
	0x00, 0x0A, 0x04, 0x30, 0x00, 0x00, 0x00, 0x05, 0x00, 0x40, 0x01, 0x0A, 0x00, 0x0A, 0x0C, 0x30,
	0x00, 0x00, 0x00, 0x03, 0x00, 0x40, 0x01, 0x06, 0x00, 0x0A, 0x0C, 0x20, 0x00, 0x00, 0x00, 0x03,
	0x00, 0x08, 0x02, 0x04, 0x00, 0x0A, 0x10, 0x20, 0x00, 0x00, 0x00, 0x03, 0x00, 0xE0, 0x01, 0x04,
	0x00, 0x0A, 0x08, 0x20, 0x00, 0x00, 0x00, 0x03, 0x00, 0x30, 0x02, 0x04, 0x00, 0x0A, 0x18, 0x20,
	0x00, 0x00, 0x00, 0x0A, 0x00, 0x50, 0x00, 0x02, 0x00, 0x05, 0x08, 0x20, 0x00, 0x00, 0x00, 0x05,
	0x00, 0x68, 0x01, 0x04, 0x00, 0x0A, 0x18, 0x30, 0x00, 0x00, 0x00, 0x0A, 0x00, 0xA0, 0x00, 0x05,
	0x00, 0x0A, 0x10, 0x20, 0x00, 0x00, 0x00, 0x05, 0x00, 0xA0, 0x00, 0x05, 0x00, 0x0A, 0x08, 0x20,
	0x00, 0x00, 0x00, 0x05, 0x00, 0x04, 0x01, 0x05, 0x00, 0x0A, 0x18, 0x20, 0x00, 0x00, 0x00, 0x05,
	0x00, 0xF0, 0x00, 0x05, 0x00, 0x0A, 0x18, 0x30, 0x00, 0x00, 0x00, 0x14, 0x00, 0x28, 0x00, 0x08,
	0x00, 0x05, 0x08, 0x20, 0x00, 0x00, 0x00, 0x0A, 0x00, 0xB4, 0x00, 0x08, 0x00, 0x05, 0x28, 0x30,
	0x00, 0x00, 0x00, 0x14, 0x00, 0x3C, 0x00, 0x08, 0x00, 0x05, 0x04, 0x20, 0x00, 0x00, 0x00, 0x0A,
	0x00, 0x3C, 0x00, 0x0D, 0x00, 0x05, 0x08, 0x20, 0x00, 0x00, 0x00, 0x33, 0x11, 0x11, 0x11, 0x0D,
	0x00, 0x05, 0x14, 0x20, 0x00, 0x00, 0x00, 0x55, 0x11, 0x22, 0x22, 0x0D, 0x00, 0x05, 0x04, 0x30,
	0x00, 0x00, 0x00, 0x0A, 0x00, 0x28, 0x00, 0x0C, 0x00, 0x05, 0x08, 0x20, 0x00, 0x00, 0x00, 0x14,
	0x40, 0x00, 0x00, 0x0D, 0x00, 0x05, 0x14, 0x30, 0x00, 0x00, 0x00, 0x14, 0x00, 0x50, 0x00, 0x0C,
	0x00, 0x05, 0x04, 0x20, 0x00, 0x00, 0x00, 0x14, 0x00, 0x64, 0x00, 0x0E, 0x00, 0x05, 0x08, 0x20,
	0x00, 0x00, 0x00, 0x14, 0x00, 0x78, 0x00, 0x0E, 0x00, 0x05, 0x14, 0x20, 0x00, 0x00, 0x00, 0x05,
	0x00, 0x78, 0x00, 0x0E, 0x00, 0x05, 0x04, 0x30, 0x00, 0x00, 0x00, 0x28, 0x40, 0x00, 0x00, 0x0E,
	0x00, 0x05, 0x14, 0x30, 0x00, 0x00, 0x00, 0x05, 0x00, 0xE0, 0x01, 0x08, 0x00, 0x05, 0x14, 0x20,
	0x00, 0x00, 0x00, 0x0A, 0x00, 0xC8, 0x00, 0x08, 0x00, 0x05, 0x18, 0x20, 0x00, 0x00, 0x00, 0x0A,
	0x00, 0xF0, 0x00, 0x08, 0x00, 0x05, 0x28, 0x20, 0x00, 0x00, 0x00, 0x03, 0x00, 0xF0, 0x00, 0x04,
	0x80, 0x02, 0x08, 0x20, 0x00, 0x00, 0x00, 0x05, 0x00, 0x08, 0x02, 0x09, 0x00, 0x05, 0x28, 0x20,
	0x00, 0x00, 0x00, 0x0A, 0x00, 0x04, 0x01, 0x08, 0x80, 0x02, 0x08, 0x20, 0x00, 0x00, 0x00, 0x14,
	0x00, 0x46, 0x00, 0x08, 0x80, 0x02, 0x50, 0x30, 0x00, 0x00, 0x00, 0x78, 0x80, 0x00, 0x00, 0x0D,
	0x80, 0x02, 0x08, 0x20, 0x00, 0x00, 0x00, 0xE0, 0x81, 0x00, 0x00, 0x0D, 0x80, 0x02, 0x28, 0x20,
	0x00, 0x00, 0x00, 0x80, 0x82, 0x00, 0x00, 0x0C, 0x80, 0x02, 0x08, 0x20, 0x00, 0x00, 0x00, 0x00,
	0x00, 0x00, 0x00, 0x0D, 0x80, 0x02, 0x28, 0x30, 0x00, 0x00, 0x00, 0x00, 0x00, 0x00, 0x00, 0x08,
	0x80, 0x02, 0x28, 0x20, 0x00, 0x00, 0x00, 0x00, 0x00, 0x00, 0x00, 0x08, 0x80, 0x02, 0x50, 0x20,
	0x00, 0x00, 0x00, 0x00, 0x00, 0x00, 0x00, 0x04, 0x40, 0x01, 0x08, 0x20, 0x00, 0x00, 0x00, 0x00,
	0x00, 0x00, 0x00, 0x09, 0x80, 0x02, 0x50, 0x20, 0x00, 0x00, 0x00, 0x00, 0x00, 0x00, 0x00, 0x06,
	0x40, 0x01, 0x08, 0x20, 0x00, 0x00, 0x00, 0x00, 0x00, 0x00, 0x00, 0x06, 0x40, 0x01, 0xA0, 0x30,
	0x00, 0x00, 0x00, 0x00, 0x00, 0x00, 0x00, 0x0C, 0x40, 0x01, 0x08, 0x20, 0x00, 0x00, 0x00, 0x00,
	0x00, 0x00, 0x00, 0x0C, 0x40, 0x01, 0x50, 0x20, 0x00, 0x00, 0x00, 0x00, 0x00, 0x00, 0x00, 0x0C,
	0x40, 0x01, 0x50, 0x30, 0x00, 0x00, 0x00, 0x00, 0x00, 0x00, 0x00, 0x06, 0x40, 0x01, 0x50, 0x20,
	0x00, 0x00, 0x00, 0x00, 0x00, 0x00, 0x00, 0x06, 0x40, 0x01, 0xA0, 0x20, 0x00, 0x00, 0x00, 0x00,
	0x00, 0x00, 0x00, 0x04, 0x40, 0x01, 0x50, 0x20, 0x00, 0x00, 0x00, 0x00, 0x00, 0x00, 0x00, 0x04,
	0x40, 0x01, 0x40, 0x21, 0x00, 0x00, 0x00, 0x00, 0x00, 0x00, 0x00, 0x04, 0x40, 0x01, 0xA0, 0x30,
	0x00, 0x00, 0x00, 0x00, 0x00, 0x00, 0x00, 0x04, 0x80, 0x02, 0x50, 0x20, 0x00, 0x00, 0x00, 0x00,
	0x00, 0x00, 0x00, 0x05, 0x80, 0x02, 0x08, 0x20, 0x00, 0x00, 0x00, 0x00, 0x00, 0x00, 0x00, 0x05,
	0x80, 0x02, 0xA0, 0x20, 0x00, 0x00, 0x00, 0x00, 0x00, 0x00, 0x00, 0x05, 0x80, 0x02, 0x28, 0x30,
	0x00, 0x00, 0x00, 0x00, 0x00, 0x00, 0x00, 0x04, 0x80, 0x02, 0x28, 0x20, 0x00, 0x00, 0x00, 0x00,
	0x00, 0x00, 0x00, 0x06, 0x80, 0x02, 0x08, 0x20, 0x00, 0x00, 0x00, 0x00, 0x00, 0x00, 0x00, 0x06,
	0x80, 0x02, 0xA0, 0x20, 0x00, 0x00, 0x00, 0x00, 0x00, 0x00, 0x00, 0x06, 0x80, 0x02, 0x28, 0x30,
	0x00, 0x00, 0x00, 0x00, 0x00, 0x00, 0x00, 0x06, 0x80, 0x02, 0x28, 0x20, 0x00, 0x00, 0x00, 0x00,
	0x00, 0x00, 0x00, 0x0C, 0x80, 0x02, 0x28, 0x20, 0x00, 0x00, 0x00, 0x00, 0x00, 0x00, 0x00, 0x04,
	0x00, 0x05, 0x28, 0x20, 0x00, 0x00, 0x00, 0x00, 0x00, 0x00, 0x00, 0x05, 0x00, 0x05, 0x08, 0x20,
	0x00, 0x00, 0x00, 0x00, 0x00, 0x00, 0x00, 0x05, 0x00, 0x05, 0x50, 0x20, 0x00, 0x00, 0x00, 0x00,
	0x00, 0x00, 0x00, 0x05, 0x00, 0x05, 0x04, 0x30, 0x00, 0x00, 0x00, 0x00, 0x00, 0x00, 0x00, 0x05,
	0x00, 0x05, 0x14, 0x30, 0x00, 0x00, 0x00, 0x00, 0x00, 0x00, 0x00, 0x04, 0x00, 0x05, 0x08, 0x20,
	0x00, 0x00, 0x00, 0x00, 0x00, 0x00, 0x00, 0x04, 0x00, 0x05, 0x04, 0x20, 0x00, 0x00, 0x00, 0x00,
	0x00, 0x00, 0x00, 0x06, 0x00, 0x05, 0x08, 0x20, 0x00, 0x00, 0x00, 0x00, 0x00, 0x00, 0x00, 0x06,
	0x00, 0x05, 0x50, 0x20, 0x00, 0x00, 0x00, 0x00, 0x00, 0x00, 0x00, 0x06, 0x00, 0x05, 0x04, 0x30,
	0x00, 0x00, 0x00, 0x00, 0x00, 0x00, 0x00, 0x06, 0x00, 0x05, 0x14, 0x30, 0x00, 0x00, 0x00, 0x00,
	0x00, 0x00, 0x00, 0x06, 0x00, 0x05, 0x04, 0x20, 0x00, 0x00, 0x00, 0x00, 0x00, 0x00, 0x00, 0x06,
	0x00, 0x05, 0x14, 0x20, 0x00, 0x00, 0x00, 0x00, 0x00, 0x00, 0x00, 0x0C, 0x00, 0x05, 0x28, 0x30,
	0x00, 0x00, 0x00, 0x00, 0x00, 0x00, 0x00, 0x0D, 0x00, 0x05, 0x28, 0x30, 0x00, 0x00, 0x00, 0x00,
	0x00, 0x00, 0x00, 0x09, 0x80, 0x02, 0x08, 0x20, 0x00, 0x00, 0x00, 0x00, 0x00, 0x00, 0x00, 0x09,
	0x80, 0x02, 0x28, 0x30, 0x00, 0x00, 0x00, 0x00, 0x00, 0x00, 0x00, 0x0A, 0x80, 0x02, 0x08, 0x20,
	0x00, 0x00, 0x00, 0x00, 0x00, 0x00, 0x00, 0x0A, 0x80, 0x02, 0x50, 0x20, 0x00, 0x00, 0x00, 0x00,
	0x00, 0x00, 0x00, 0x0A, 0x80, 0x02, 0x28, 0x30, 0x00, 0x00, 0x00, 0x00, 0x00, 0x00, 0x00, 0x0C,
	0x80, 0x02, 0x50, 0x30, 0x00, 0x00, 0x00, 0x00, 0x00, 0x00, 0x00, 0x0D, 0x80, 0x02, 0x50, 0x30,
	0x00, 0x00, 0x00, 0x00, 0x00, 0x00, 0x00, 0x07, 0x40, 0x01, 0x08, 0x20, 0x00, 0x00, 0x00, 0x00,
	0x00, 0x00, 0x00, 0x07, 0x40, 0x01, 0xA0, 0x20, 0x00, 0x00, 0x00, 0x00, 0x00, 0x00, 0x00, 0x07,
	0x40, 0x01, 0x50, 0x30, 0x00, 0x00, 0x00, 0x00, 0x00, 0x00, 0x00, 0x06, 0x40, 0x01, 0x08, 0x00,
	0x00, 0x00, 0x00, 0x00, 0x00, 0x00, 0x00, 0x06, 0x40, 0x01, 0x02, 0x00, 0x00, 0x00, 0x00, 0x00,
	0x00, 0x00, 0x00, 0x06, 0x40, 0x01, 0x12, 0x00, 0x00, 0x00, 0x00, 0x00, 0x00, 0x00, 0x00, 0x06,
	0x40, 0x01, 0x12, 0x20, 0x00, 0x00, 0x00, 0x00, 0x00, 0x00, 0x00, 0x0C, 0x80, 0x02, 0x08, 0x00,
	0x00, 0x00, 0x00, 0x00, 0x00, 0x00, 0x00, 0x0C, 0x80, 0x02, 0x02, 0x00, 0x00, 0x00, 0x00, 0x00,
	0x00, 0x00, 0x00, 0x0C, 0x80, 0x02, 0x12, 0x00, 0x00, 0x00, 0x00, 0x00, 0x00, 0x00, 0x00, 0x0C,
	0x80, 0x02, 0x12, 0x20, 0x00, 0x00, 0x00, 0x00, 0x00, 0x00, 0x00, 0x08, 0x00, 0x05, 0x08, 0x00,
	0x00, 0x00, 0x00, 0x00, 0x00, 0x00, 0x00, 0x08, 0x00, 0x05, 0x02, 0x00, 0x00, 0x00, 0x00, 0x00,
	0x00, 0x00, 0x00, 0x08, 0x00, 0x05, 0x12, 0x00, 0x00, 0x00, 0x00, 0x00, 0x00, 0x00, 0x00, 0x08,
	0x00, 0x05, 0x12, 0x20, 0x00, 0x00, 0x00, 0x00, 0x00, 0x00, 0x00, 0x00, 0x00, 0x00, 0x00, 0x00,
	0x00, 0x00, 0x00, 0x1A, 0x30, 0x06, 0x00, 0x08, 0x80, 0x00, 0xD4, 0x01, 0x00, 0x00, 0xE7, 0x01,
	0x00, 0x06, 0x00, 0x00, 0x00, 0x00, 0x00, 0x08, 0x00, 0x00, 0x00, 0x00, 0x00, 0x08, 0x00, 0x00,
	0x00, 0x00, 0x00, 0x00, 0x00, 0x00, 0x00, 0x00, 0x00, 0x18, 0x00, 0x00, 0x00, 0x00, 0x00, 0x00,
	0x00, 0x00, 0x00, 0x00, 0x00, 0x22, 0x00, 0x28, 0x00, 0x30, 0x00, 0x38, 0xC0, 0x67, 0x40, 0x00,
	0x48, 0xC0, 0xE9, 0x2B, 0x50, 0x00, 0x58, 0x81, 0x10, 0x60, 0x97, 0x51, 0x4A, 0xED, 0x05, 0x0A,
	0x04, 0x08, 0x00, 0x10, 0x1A, 0x0A, 0x04, 0x08, 0x1A, 0x10, 0x32, 0x0A, 0x04, 0x08, 0x32, 0x10,
	0x4A, 0x0A, 0x04, 0x08, 0x4A, 0x10, 0x62, 0x0A, 0x04, 0x08, 0x62, 0x10, 0x7A, 0x0A, 0x05, 0x08,
	0x7A, 0x10, 0x92, 0x01, 0x0A, 0x06, 0x08, 0x92, 0x01, 0x10, 0xAA, 0x01, 0x0A, 0x06, 0x08, 0xAA,
	0x01, 0x10, 0xC2, 0x01, 0x0A, 0x06, 0x08, 0xC2, 0x01, 0x10, 0xDA, 0x01, 0x0A, 0x06, 0x08, 0xDA,
	0x01, 0x10, 0xF2, 0x01, 0x0A, 0x06, 0x08, 0xF2, 0x01, 0x10, 0x8A, 0x02, 0x0A, 0x06, 0x08, 0x8A,
	0x02, 0x10, 0xA2, 0x02, 0x0A, 0x06, 0x08, 0xA2, 0x02, 0x10, 0xBA, 0x02, 0x0A, 0x06, 0x08, 0xBA,
	0x02, 0x10, 0xD2, 0x02, 0x0A, 0x06, 0x08, 0xD2, 0x02, 0x10, 0xEA, 0x02, 0x0A, 0x06, 0x08, 0xEA,
	0x02, 0x10, 0x82, 0x03, 0x0A, 0x06, 0x08, 0x82, 0x03, 0x10, 0x9A, 0x03, 0x0A, 0x06, 0x08, 0x9A,
	0x03, 0x10, 0xB2, 0x03, 0x0A, 0x06, 0x08, 0xB2, 0x03, 0x10, 0xCA, 0x03, 0x0A, 0x06, 0x08, 0xCA,
	0x03, 0x10, 0xE2, 0x03, 0x0A, 0x06, 0x08, 0xE2, 0x03, 0x10, 0xFA, 0x03, 0x0A, 0x06, 0x08, 0xFA,
	0x03, 0x10, 0x95, 0x04, 0x0A, 0x06, 0x08, 0x95, 0x04, 0x10, 0xAD, 0x04, 0x0A, 0x06, 0x08, 0xAD,
	0x04, 0x10, 0xC5, 0x04, 0x0A, 0x06, 0x08, 0xC5, 0x04, 0x10, 0xDD, 0x04, 0x0A, 0x06, 0x08, 0xDD,
	0x04, 0x10, 0xF5, 0x04, 0x0A, 0x06, 0x08, 0xF5, 0x04, 0x10, 0x8D, 0x05, 0x0A, 0x06, 0x08, 0x8D,
	0x05, 0x10, 0xA5, 0x05, 0x0A, 0x06, 0x08, 0xA5, 0x05, 0x10, 0xBD, 0x05, 0x0A, 0x06, 0x08, 0xBD,
	0x05, 0x10, 0xD5, 0x05, 0x0A, 0x06, 0x08, 0xD5, 0x05, 0x10, 0xED, 0x05, 0x0A, 0x06, 0x08, 0xED,
	0x05, 0x10, 0x85, 0x06, 0x0A, 0x06, 0x08, 0x85, 0x06, 0x10, 0x9D, 0x06, 0x0A, 0x06, 0x08, 0x9D,
	0x06, 0x10, 0xB5, 0x06, 0x0A, 0x06, 0x08, 0xB5, 0x06, 0x10, 0xCD, 0x06, 0x0A, 0x06, 0x08, 0xCD,
	0x06, 0x10, 0xE5, 0x06, 0x0A, 0x06, 0x08, 0xE5, 0x06, 0x10, 0xFD, 0x06, 0x0A, 0x06, 0x08, 0xFD,
	0x06, 0x10, 0x95, 0x07, 0x0A, 0x06, 0x08, 0x95, 0x07, 0x10, 0xAD, 0x07, 0x0A, 0x06, 0x08, 0xAD,
	0x07, 0x10, 0xC5, 0x07, 0x0A, 0x06, 0x08, 0xC5, 0x07, 0x10, 0xDD, 0x07, 0x0A, 0x06, 0x08, 0xDD,
	0x07, 0x10, 0xF5, 0x07, 0x0A, 0x06, 0x08, 0xF5, 0x07, 0x10, 0x90, 0x08, 0x0A, 0x06, 0x08, 0x90,
	0x08, 0x10, 0xA8, 0x08, 0x0A, 0x06, 0x08, 0xA8, 0x08, 0x10, 0xC0, 0x08, 0x0A, 0x06, 0x08, 0xC0,
	0x08, 0x10, 0xD8, 0x08, 0x0A, 0x06, 0x08, 0xD8, 0x08, 0x10, 0xF0, 0x08, 0x0A, 0x06, 0x08, 0xF0,
	0x08, 0x10, 0x88, 0x09, 0x0A, 0x06, 0x08, 0x88, 0x09, 0x10, 0xA0, 0x09, 0x0A, 0x06, 0x08, 0xA0,
	0x09, 0x10, 0xB8, 0x09, 0x0A, 0x06, 0x08, 0xB8, 0x09, 0x10, 0xD0, 0x09, 0x0A, 0x06, 0x08, 0xD0,
	0x09, 0x10, 0xE8, 0x09, 0x0A, 0x06, 0x08, 0xE8, 0x09, 0x10, 0x80, 0x0A, 0x0A, 0x06, 0x08, 0x80,
	0x0A, 0x10, 0x98, 0x0A, 0x0A, 0x06, 0x08, 0x98, 0x0A, 0x10, 0xB0, 0x0A, 0x0A, 0x06, 0x08, 0xB0,
	0x0A, 0x10, 0xC8, 0x0A, 0x0A, 0x06, 0x08, 0xC8, 0x0A, 0x10, 0xE0, 0x0A, 0x0A, 0x06, 0x08, 0xE0,
	0x0A, 0x10, 0xF8, 0x0A, 0x0A, 0x06, 0x08, 0xF8, 0x0A, 0x10, 0x90, 0x0B, 0x0A, 0x06, 0x08, 0x90,
	0x0B, 0x10, 0xA8, 0x0B, 0x0A, 0x06, 0x08, 0xA8, 0x0B, 0x10, 0xC0, 0x0B, 0x0A, 0x06, 0x08, 0xC0,
	0x0B, 0x10, 0xD8, 0x0B, 0x0A, 0x06, 0x08, 0xD8, 0x0B, 0x10, 0xF0, 0x0B, 0x0A, 0x06, 0x08, 0xF0,
	0x0B, 0x10, 0x8B, 0x0C, 0x0A, 0x06, 0x08, 0x8B, 0x0C, 0x10, 0xA3, 0x0C, 0x0A, 0x06, 0x08, 0xA3,
	0x0C, 0x10, 0xBB, 0x0C, 0x0A, 0x06, 0x08, 0xBB, 0x0C, 0x10, 0xD3, 0x0C, 0x0A, 0x06, 0x08, 0xD3,
	0x0C, 0x10, 0xEB, 0x0C, 0x0A, 0x06, 0x08, 0xEB, 0x0C, 0x10, 0x83, 0x0D, 0x0A, 0x06, 0x08, 0x83,
	0x0D, 0x10, 0x9B, 0x0D, 0x0A, 0x06, 0x08, 0x9B, 0x0D, 0x10, 0xB3, 0x0D, 0x0A, 0x06, 0x08, 0xB3,
	0x0D, 0x10, 0xCB, 0x0D, 0x0A, 0x06, 0x08, 0xCB, 0x0D, 0x10, 0xE3, 0x0D, 0x0A, 0x06, 0x08, 0xE3,
	0x0D, 0x10, 0xFB, 0x0D, 0x0A, 0x06, 0x08, 0xFB, 0x0D, 0x10, 0x93, 0x0E, 0x0A, 0x06, 0x08, 0x93,
	0x0E, 0x10, 0xAB, 0x0E, 0x0A, 0x06, 0x08, 0xAB, 0x0E, 0x10, 0xC3, 0x0E, 0x0A, 0x06, 0x08, 0xC3,
	0x0E, 0x10, 0xDB, 0x0E, 0x0A, 0x06, 0x08, 0xDB, 0x0E, 0x10, 0xF3, 0x0E, 0x0A, 0x06, 0x08, 0xF3,
	0x0E, 0x10, 0x8B, 0x0F, 0x0A, 0x06, 0x08, 0x8B, 0x0F, 0x10, 0xA3, 0x0F, 0x0A, 0x06, 0x08, 0xA3,
	0x0F, 0x10, 0xBB, 0x0F, 0x0A, 0x06, 0x08, 0xBB, 0x0F, 0x10, 0xD3, 0x0F, 0x0A, 0x06, 0x08, 0xD3,
	0x0F, 0x10, 0xEB, 0x0F, 0x0A, 0x06, 0x08, 0xEB, 0x0F, 0x10, 0x86, 0x10, 0x0A, 0x06, 0x08, 0x86,
	0x10, 0x10, 0x9E, 0x10, 0x0A, 0x06, 0x08, 0x9E, 0x10, 0x10, 0xB6, 0x10, 0x0A, 0x06, 0x08, 0xB6,
	0x10, 0x10, 0xCE, 0x10, 0x0A, 0x06, 0x08, 0xCE, 0x10, 0x10, 0xE6, 0x10, 0x0A, 0x06, 0x08, 0xE6,
	0x10, 0x10, 0xFE, 0x10, 0x0A, 0x06, 0x08, 0xFE, 0x10, 0x10, 0x96, 0x11, 0x0A, 0x06, 0x08, 0x96,
	0x11, 0x10, 0xAE, 0x11, 0x0A, 0x06, 0x08, 0xAE, 0x11, 0x10, 0xC6, 0x11, 0x0A, 0x06, 0x08, 0xC6,
	0x11, 0x10, 0xDE, 0x11, 0x0A, 0x06, 0x08, 0xDE, 0x11, 0x10, 0xF6, 0x11, 0x4A, 0x60, 0x0A, 0x06,
	0x08, 0xF6, 0x11, 0x10, 0x84, 0x12, 0x0A, 0x06, 0x08, 0x84, 0x12, 0x10, 0x90, 0x12, 0x0A, 0x06,
	0x08, 0x90, 0x12, 0x10, 0x9C, 0x12, 0x0A, 0x06, 0x08, 0x9C, 0x12, 0x10, 0xA8, 0x12, 0x0A, 0x06,
	0x08, 0xA8, 0x12, 0x10, 0xB4, 0x12, 0x0A, 0x06, 0x08, 0xB4, 0x12, 0x10, 0xC0, 0x12, 0x0A, 0x06,
	0x08, 0xC0, 0x12, 0x10, 0xCC, 0x12, 0x0A, 0x06, 0x08, 0xCC, 0x12, 0x10, 0xD8, 0x12, 0x0A, 0x06,
	0x08, 0xD8, 0x12, 0x10, 0xE4, 0x12, 0x0A, 0x06, 0x08, 0xE4, 0x12, 0x10, 0xF0, 0x12, 0x0A, 0x06,
	0x08, 0xF0, 0x12, 0x10, 0xFC, 0x12, 0x0A, 0x06, 0x08, 0xFC, 0x12, 0x10, 0x88, 0x13, 0x4A, 0x60,
	0x0A, 0x06, 0x08, 0x88, 0x13, 0x10, 0x9F, 0x13, 0x0A, 0x06, 0x08, 0x9F, 0x13, 0x10, 0xB4, 0x13,
	0x0A, 0x06, 0x08, 0xB4, 0x13, 0x10, 0xC9, 0x13, 0x0A, 0x06, 0x08, 0xC9, 0x13, 0x10, 0xDE, 0x13,
	0x0A, 0x06, 0x08, 0xDE, 0x13, 0x10, 0xF3, 0x13, 0x0A, 0x06, 0x08, 0xF3, 0x13, 0x10, 0x8B, 0x14,
	0x0A, 0x06, 0x08, 0x8B, 0x14, 0x10, 0xA0, 0x14, 0x0A, 0x06, 0x08, 0xA0, 0x14, 0x10, 0xB5, 0x14,
	0x0A, 0x06, 0x08, 0xB5, 0x14, 0x10, 0xCA, 0x14, 0x0A, 0x06, 0x08, 0xCA, 0x14, 0x10, 0xDF, 0x14,
	0x0A, 0x06, 0x08, 0xDF, 0x14, 0x10, 0xF4, 0x14, 0x0A, 0x06, 0x08, 0xF4, 0x14, 0x10, 0x89, 0x15,
	0x4A, 0x80, 0x01, 0x0A, 0x06, 0x08, 0x89, 0x15, 0x10, 0x96, 0x15, 0x0A, 0x06, 0x08, 0x96, 0x15,
	0x10, 0xA1, 0x15, 0x0A, 0x06, 0x08, 0xA1, 0x15, 0x10, 0xAC, 0x15, 0x0A, 0x06, 0x08, 0xAC, 0x15,
	0x10, 0xB7, 0x15, 0x0A, 0x06, 0x08, 0xB7, 0x15, 0x10, 0xC2, 0x15, 0x0A, 0x06, 0x08, 0xC2, 0x15,
	0x10, 0xCD, 0x15, 0x0A, 0x06, 0x08, 0xCD, 0x15, 0x10, 0xD8, 0x15, 0x0A, 0x06, 0x08, 0xD8, 0x15,
	0x10, 0xE3, 0x15, 0x0A, 0x06, 0x08, 0xE3, 0x15, 0x10, 0xEE, 0x15, 0x0A, 0x06, 0x08, 0xEE, 0x15,
	0x10, 0xF9, 0x15, 0x0A, 0x06, 0x08, 0xF9, 0x15, 0x10, 0x84, 0x16, 0x0A, 0x06, 0x08, 0x84, 0x16,
	0x10, 0x8F, 0x16, 0x0A, 0x06, 0x08, 0x8F, 0x16, 0x10, 0x9A, 0x16, 0x0A, 0x06, 0x08, 0x9A, 0x16,
	0x10, 0xA5, 0x16, 0x0A, 0x06, 0x08, 0xA5, 0x16, 0x10, 0xB0, 0x16, 0x0A, 0x06, 0x08, 0xB0, 0x16,
	0x10, 0xBB, 0x16, 0x4A, 0x60, 0x0A, 0x06, 0x08, 0xBB, 0x16, 0x10, 0xC9, 0x16, 0x0A, 0x06, 0x08,
	0xC9, 0x16, 0x10, 0xD5, 0x16, 0x0A, 0x06, 0x08, 0xD5, 0x16, 0x10, 0xE1, 0x16, 0x0A, 0x06, 0x08,
	0xE1, 0x16, 0x10, 0xED, 0x16, 0x0A, 0x06, 0x08, 0xED, 0x16, 0x10, 0xF9, 0x16, 0x0A, 0x06, 0x08,
	0xF9, 0x16, 0x10, 0x85, 0x17, 0x0A, 0x06, 0x08, 0x85, 0x17, 0x10, 0x91, 0x17, 0x0A, 0x06, 0x08,
	0x91, 0x17, 0x10, 0x9D, 0x17, 0x0A, 0x06, 0x08, 0x9D, 0x17, 0x10, 0xA9, 0x17, 0x0A, 0x06, 0x08,
	0xA9, 0x17, 0x10, 0xB5, 0x17, 0x0A, 0x06, 0x08, 0xB5, 0x17, 0x10, 0xC1, 0x17, 0x0A, 0x06, 0x08,
	0xC1, 0x17, 0x10, 0xCD, 0x17, 0x4A, 0xC0, 0x01, 0x0A, 0x06, 0x08, 0xCD, 0x17, 0x10, 0xF9, 0x17,
	0x0A, 0x06, 0x08, 0xF9, 0x17, 0x10, 0xA6, 0x18, 0x0A, 0x06, 0x08, 0xA6, 0x18, 0x10, 0xD0, 0x18,
	0x0A, 0x06, 0x08, 0xD0, 0x18, 0x10, 0xFA, 0x18, 0x0A, 0x06, 0x08, 0xFA, 0x18, 0x10, 0xA4, 0x19,
	0x0A, 0x06, 0x08, 0xA4, 0x19, 0x10, 0xCE, 0x19, 0x0A, 0x06, 0x08, 0xCE, 0x19, 0x10, 0xF8, 0x19,
	0x0A, 0x06, 0x08, 0xF8, 0x19, 0x10, 0xA2, 0x1A, 0x0A, 0x06, 0x08, 0xA2, 0x1A, 0x10, 0xCC, 0x1A,
	0x0A, 0x06, 0x08, 0xCC, 0x1A, 0x10, 0xF6, 0x1A, 0x0A, 0x06, 0x08, 0xF6, 0x1A, 0x10, 0xA0, 0x1B,
	0x0A, 0x06, 0x08, 0xA0, 0x1B, 0x10, 0xCA, 0x1B, 0x0A, 0x06, 0x08, 0xCA, 0x1B, 0x10, 0xF4, 0x1B,
	0x0A, 0x06, 0x08, 0xF4, 0x1B, 0x10, 0xA1, 0x1C, 0x0A, 0x06, 0x08, 0xA1, 0x1C, 0x10, 0xCB, 0x1C,
	0x0A, 0x06, 0x08, 0xCB, 0x1C, 0x10, 0xF5, 0x1C, 0x0A, 0x06, 0x08, 0xF5, 0x1C, 0x10, 0x9F, 0x1D,
	0x0A, 0x06, 0x08, 0x9F, 0x1D, 0x10, 0xC9, 0x1D, 0x0A, 0x06, 0x08, 0xC9, 0x1D, 0x10, 0xF3, 0x1D,
	0x0A, 0x06, 0x08, 0xF3, 0x1D, 0x10, 0x9D, 0x1E, 0x0A, 0x06, 0x08, 0x9D, 0x1E, 0x10, 0xC7, 0x1E,
	0x0A, 0x06, 0x08, 0xC7, 0x1E, 0x10, 0xF1, 0x1E, 0x0A, 0x06, 0x08, 0xF1, 0x1E, 0x10, 0x9B, 0x1F,
	0x0A, 0x06, 0x08, 0x9B, 0x1F, 0x10, 0xC5, 0x1F, 0x4A, 0x30, 0x0A, 0x06, 0x08, 0xC5, 0x1F, 0x10,
	0xD6, 0x1F, 0x0A, 0x06, 0x08, 0xD6, 0x1F, 0x10, 0xE5, 0x1F, 0x0A, 0x06, 0x08, 0xE5, 0x1F, 0x10,
	0xF4, 0x1F, 0x0A, 0x06, 0x08, 0xF4, 0x1F, 0x10, 0x86, 0x20, 0x0A, 0x06, 0x08, 0x86, 0x20, 0x10,
	0x95, 0x20, 0x0A, 0x06, 0x08, 0x95, 0x20, 0x10, 0xA4, 0x20, 0x4A, 0x20, 0x0A, 0x06, 0x08, 0xA4,
	0x20, 0x10, 0xC1, 0x20, 0x0A, 0x06, 0x08, 0xC1, 0x20, 0x10, 0xDC, 0x20, 0x0A, 0x06, 0x08, 0xDC,
	0x20, 0x10, 0xF7, 0x20, 0x0A, 0x06, 0x08, 0xF7, 0x20, 0x10, 0x92, 0x21, 0x4A, 0x30, 0x0A, 0x06,
	0x08, 0x92, 0x21, 0x10, 0x9D, 0x21, 0x0A, 0x06, 0x08, 0x9D, 0x21, 0x10, 0xA6, 0x21, 0x0A, 0x06,
	0x08, 0xA6, 0x21, 0x10, 0xAF, 0x21, 0x0A, 0x06, 0x08, 0xAF, 0x21, 0x10, 0xB8, 0x21, 0x0A, 0x06,
	0x08, 0xB8, 0x21, 0x10, 0xC1, 0x21, 0x0A, 0x06, 0x08, 0xC1, 0x21, 0x10, 0xCA, 0x21, 0x4A, 0x20,
	0x0A, 0x06, 0x08, 0xCA, 0x21, 0x10, 0xE7, 0x21, 0x0A, 0x06, 0x08, 0xE7, 0x21, 0x10, 0x82, 0x22,
	0x0A, 0x06, 0x08, 0x82, 0x22, 0x10, 0x9D, 0x22, 0x0A, 0x06, 0x08, 0x9D, 0x22, 0x10, 0xB8, 0x22,
	0x4A, 0x30, 0x0A, 0x06, 0x08, 0xB8, 0x22, 0x10, 0xC3, 0x22, 0x0A, 0x06, 0x08, 0xC3, 0x22, 0x10,
	0xCC, 0x22, 0x0A, 0x06, 0x08, 0xCC, 0x22, 0x10, 0xD5, 0x22, 0x0A, 0x06, 0x08, 0xD5, 0x22, 0x10,
	0xDE, 0x22, 0x0A, 0x06, 0x08, 0xDE, 0x22, 0x10, 0xE7, 0x22, 0x0A, 0x06, 0x08, 0xE7, 0x22, 0x10,
	0xF0, 0x22, 0x4A, 0x30, 0x0A, 0x06, 0x08, 0xF0, 0x22, 0x10, 0x83, 0x23, 0x0A, 0x06, 0x08, 0x83,
	0x23, 0x10, 0x94, 0x23, 0x0A, 0x06, 0x08, 0x94, 0x23, 0x10, 0xA5, 0x23, 0x0A, 0x06, 0x08, 0xA5,
	0x23, 0x10, 0xB6, 0x23, 0x0A, 0x06, 0x08, 0xB6, 0x23, 0x10, 0xC7, 0x23, 0x0A, 0x06, 0x08, 0xC7,
	0x23, 0x10, 0xD8, 0x23, 0x4A, 0x30, 0x0A, 0x06, 0x08, 0xD8, 0x23, 0x10, 0xFD, 0x23, 0x0A, 0x06,
	0x08, 0x80, 0x24, 0x10, 0xA3, 0x24, 0x0A, 0x06, 0x08, 0xA3, 0x24, 0x10, 0xC6, 0x24, 0x0A, 0x06,
	0x08, 0xC6, 0x24, 0x10, 0xE9, 0x24, 0x0A, 0x06, 0x08, 0xE9, 0x24, 0x10, 0x8C, 0x25, 0x0A, 0x06,
	0x08, 0x8C, 0x25, 0x10, 0xAF, 0x25, 0x4A, 0x30, 0x0A, 0x06, 0x08, 0xAF, 0x25, 0x10, 0xD5, 0x25,
	0x0A, 0x06, 0x08, 0xD5, 0x25, 0x10, 0xF9, 0x25, 0x0A, 0x06, 0x08, 0xF9, 0x25, 0x10, 0x9D, 0x26,
	0x0A, 0x06, 0x08, 0x9D, 0x26, 0x10, 0xC1, 0x26, 0x0A, 0x06, 0x08, 0xC1, 0x26, 0x10, 0xE5, 0x26,
	0x0A, 0x06, 0x08, 0xE5, 0x26, 0x10, 0x89, 0x27, 0x4A, 0x18, 0x0A, 0x06, 0x08, 0x89, 0x27, 0x10,
	0xA0, 0x27, 0x0A, 0x06, 0x08, 0xA0, 0x27, 0x10, 0xB5, 0x27, 0x0A, 0x06, 0x08, 0xB5, 0x27, 0x10,
	0xCA, 0x27, 0x4A, 0x10, 0x0A, 0x06, 0x08, 0xCA, 0x27, 0x10, 0xF2, 0x27, 0x0A, 0x06, 0x08, 0xF2,
	0x27, 0x10, 0x9B, 0x28, 0x4A, 0x18, 0x0A, 0x06, 0x08, 0x9B, 0x28, 0x10, 0xA4, 0x28, 0x0A, 0x06,
	0x08, 0xA4, 0x28, 0x10, 0xAB, 0x28, 0x0A, 0x06, 0x08, 0xAB, 0x28, 0x10, 0xB2, 0x28, 0x4A, 0x10,
	0x0A, 0x06, 0x08, 0xB2, 0x28, 0x10, 0xDA, 0x28, 0x0A, 0x06, 0x08, 0xDA, 0x28, 0x10, 0x80, 0x29,
	0x4A, 0x18, 0x0A, 0x06, 0x08, 0x80, 0x29, 0x10, 0x89, 0x29, 0x0A, 0x06, 0x08, 0x89, 0x29, 0x10,
	0x90, 0x29, 0x0A, 0x06, 0x08, 0x90, 0x29, 0x10, 0x97, 0x29, 0x4A, 0x10, 0x0A, 0x06, 0x08, 0x97,
	0x29, 0x10, 0xBF, 0x29, 0x0A, 0x06, 0x08, 0xBF, 0x29, 0x10, 0xE5, 0x29, 0x4A, 0x18, 0x0A, 0x06,
	0x08, 0xE5, 0x29, 0x10, 0xF0, 0x29, 0x0A, 0x06, 0x08, 0xF0, 0x29, 0x10, 0xF9, 0x29, 0x0A, 0x06,
	0x08, 0xF9, 0x29, 0x10, 0x82, 0x2A, 0x4A, 0x18, 0x0A, 0x06, 0x08, 0x82, 0x2A, 0x10, 0x9B, 0x2A,
	0x0A, 0x06, 0x08, 0x9B, 0x2A, 0x10, 0xB2, 0x2A, 0x0A, 0x06, 0x08, 0xB2, 0x2A, 0x10, 0xC9, 0x2A,
	0x4A, 0x18, 0x0A, 0x06, 0x08, 0xC9, 0x2A, 0x10, 0xF2, 0x2A, 0x0A, 0x06, 0x08, 0xF2, 0x2A, 0x10,
	0x99, 0x2B, 0x0A, 0x06, 0x08, 0x99, 0x2B, 0x10, 0xC0, 0x2B, 0x4A, 0x18, 0x0A, 0x06, 0x08, 0xC0,
	0x2B, 0x10, 0x87, 0x2C, 0x0A, 0x06, 0x08, 0x87, 0x2C, 0x10, 0xC9, 0x2C, 0x0A, 0x06, 0x08, 0xC9,
	0x2C, 0x10, 0x8B, 0x2D, 0x4A, 0x10, 0x0A, 0x06, 0x08, 0x8B, 0x2D, 0x10, 0xB1, 0x2D, 0x0A, 0x06,
	0x08, 0xB1, 0x2D, 0x10, 0xD5, 0x2D, 0x4A, 0x10, 0x0A, 0x06, 0x08, 0x97, 0x2E, 0x10, 0xA0, 0x2E,
	0x0A, 0x06, 0x08, 0xA0, 0x2E, 0x10, 0xA7, 0x2E, 0x4A, 0x10, 0x0A, 0x06, 0x08, 0xA7, 0x2E, 0x10,
	0xCF, 0x2E, 0x0A, 0x06, 0x08, 0xCF, 0x2E, 0x10, 0xF5, 0x2E, 0x4A, 0x10, 0x0A, 0x06, 0x08, 0xF5,
	0x2E, 0x10, 0xDC, 0x2F, 0x0A, 0x06, 0x08, 0xDC, 0x2F, 0x10, 0xC4, 0x30, 0x4A, 0x18, 0x0A, 0x06,
	0x08, 0xD4, 0x30, 0x10, 0xBF, 0x31, 0x0A, 0x06, 0x08, 0xBF, 0x31, 0x10, 0xA8, 0x32, 0x0A, 0x06,
	0x08, 0xA8, 0x32, 0x10, 0x91, 0x33, 0x4A, 0x18, 0x0A, 0x06, 0x08, 0x91, 0x33, 0x10, 0xBC, 0x34,
	0x0A, 0x06, 0x08, 0xBC, 0x34, 0x10, 0xE2, 0x35, 0x0A, 0x06, 0x08, 0xE2, 0x35, 0x10, 0x88, 0x37,
	0x4A, 0x30, 0x0A, 0x06, 0x08, 0x88, 0x37, 0x10, 0x91, 0x37, 0x0A, 0x06, 0x08, 0x91, 0x37, 0x10,
	0x98, 0x37, 0x0A, 0x06, 0x08, 0x98, 0x37, 0x10, 0x9F, 0x37, 0x0A, 0x06, 0x08, 0x9F, 0x37, 0x10,
	0xA6, 0x37, 0x0A, 0x06, 0x08, 0xA6, 0x37, 0x10, 0xAD, 0x37, 0x0A, 0x06, 0x08, 0xAD, 0x37, 0x10,
	0xB4, 0x37, 0x4A, 0x30, 0x0A, 0x06, 0x08, 0xB4, 0x37, 0x10, 0xEF, 0x37, 0x0A, 0x06, 0x08, 0xEF,
	0x37, 0x10, 0xAB, 0x38, 0x0A, 0x06, 0x08, 0xAB, 0x38, 0x10, 0xE4, 0x38, 0x0A, 0x06, 0x08, 0xE4,
	0x38, 0x10, 0x9D, 0x39, 0x0A, 0x06, 0x08, 0x9D, 0x39, 0x10, 0xD6, 0x39, 0x0A, 0x06, 0x08, 0xD6,
	0x39, 0x10, 0x8F, 0x3A, 0x4A, 0x20, 0x0A, 0x06, 0x08, 0x8F, 0x3A, 0x10, 0xA8, 0x3A, 0x0A, 0x06,
	0x08, 0xA8, 0x3A, 0x10, 0xBF, 0x3A, 0x0A, 0x06, 0x08, 0xBF, 0x3A, 0x10, 0xD6, 0x3A, 0x0A, 0x06,
	0x08, 0xD6, 0x3A, 0x10, 0xED, 0x3A, 0x4A, 0x18, 0x0A, 0x06, 0x08, 0xED, 0x3A, 0x10, 0xA7, 0x3B,
	0x0A, 0x06, 0x08, 0xA7, 0x3B, 0x10, 0xDF, 0x3B, 0x0A, 0x06, 0x08, 0xDF, 0x3B, 0x10, 0x9A, 0x3C,
	0x4A, 0x20, 0x0A, 0x06, 0x08, 0x9A, 0x3C, 0x10, 0x98, 0x3D, 0x0A, 0x06, 0x08, 0x98, 0x3D, 0x10,
	0x94, 0x3E, 0x0A, 0x06, 0x08, 0x94, 0x3E, 0x10, 0x90, 0x3F, 0x0A, 0x06, 0x08, 0x90, 0x3F, 0x10,
	0x8F, 0x40, 0x4A, 0x30, 0x0A, 0x06, 0x08, 0x8F, 0x40, 0x10, 0x97, 0x40, 0x0A, 0x06, 0x08, 0x97,
	0x40, 0x10, 0x9D, 0x40, 0x0A, 0x06, 0x08, 0x9D, 0x40, 0x10, 0xA3, 0x40, 0x0A, 0x06, 0x08, 0xA3,
	0x40, 0x10, 0xA9, 0x40, 0x0A, 0x06, 0x08, 0xA9, 0x40, 0x10, 0xAF, 0x40, 0x0A, 0x06, 0x08, 0xAF,
	0x40, 0x10, 0xB5, 0x40, 0x4A, 0x10, 0x0A, 0x06, 0x08, 0xB5, 0x40, 0x10, 0xBD, 0x40, 0x0A, 0x06,
	0x08, 0xBD, 0x40, 0x10, 0xC3, 0x40, 0x4A, 0x30, 0x0A, 0x06, 0x08, 0xC7, 0x40, 0x10, 0xCF, 0x40,
	0x0A, 0x06, 0x08, 0xCF, 0x40, 0x10, 0xD5, 0x40, 0x0A, 0x06, 0x08, 0xD5, 0x40, 0x10, 0xDB, 0x40,
	0x0A, 0x06, 0x08, 0xDB, 0x40, 0x10, 0xE1, 0x40, 0x0A, 0x06, 0x08, 0xE1, 0x40, 0x10, 0xE7, 0x40,
	0x0A, 0x06, 0x08, 0xE7, 0x40, 0x10, 0xED, 0x40, 0x4A, 0x60, 0x0A, 0x06, 0x08, 0xED, 0x40, 0x10,
	0xF6, 0x40, 0x0A, 0x06, 0x08, 0xF6, 0x40, 0x10, 0xFD, 0x40, 0x0A, 0x06, 0x08, 0xFD, 0x40, 0x10,
	0x84, 0x41, 0x0A, 0x06, 0x08, 0x84, 0x41, 0x10, 0x8B, 0x41, 0x0A, 0x06, 0x08, 0x8B, 0x41, 0x10,
	0x92, 0x41, 0x0A, 0x06, 0x08, 0x92, 0x41, 0x10, 0x99, 0x41, 0x0A, 0x06, 0x08, 0x99, 0x41, 0x10,
	0xA0, 0x41, 0x0A, 0x06, 0x08, 0xA0, 0x41, 0x10, 0xA7, 0x41, 0x0A, 0x06, 0x08, 0xA7, 0x41, 0x10,
	0xAE, 0x41, 0x0A, 0x06, 0x08, 0xAE, 0x41, 0x10, 0xB5, 0x41, 0x0A, 0x06, 0x08, 0xB5, 0x41, 0x10,
	0xBC, 0x41, 0x0A, 0x06, 0x08, 0xBC, 0x41, 0x10, 0xC3, 0x41, 0x4A, 0x60, 0x0A, 0x06, 0x08, 0xC3,
	0x41, 0x10, 0xEA, 0x41, 0x0A, 0x06, 0x08, 0xEA, 0x41, 0x10, 0x8F, 0x42, 0x0A, 0x06, 0x08, 0x8F,
	0x42, 0x10, 0xB4, 0x42, 0x0A, 0x06, 0x08, 0xB4, 0x42, 0x10, 0xD9, 0x42, 0x0A, 0x06, 0x08, 0xD9,
	0x42, 0x10, 0xFE, 0x42, 0x0A, 0x06, 0x08, 0xFE, 0x42, 0x10, 0xA3, 0x43, 0x0A, 0x06, 0x08, 0xA3,
	0x43, 0x10, 0xC8, 0x43, 0x0A, 0x06, 0x08, 0xC8, 0x43, 0x10, 0xED, 0x43, 0x0A, 0x06, 0x08, 0xED,
	0x43, 0x10, 0x95, 0x44, 0x0A, 0x06, 0x08, 0x95, 0x44, 0x10, 0xBA, 0x44, 0x0A, 0x06, 0x08, 0xBA,
	0x44, 0x10, 0xDF, 0x44, 0x0A, 0x06, 0x08, 0xDF, 0x44, 0x10, 0x84, 0x45, 0x4A, 0x40, 0x0A, 0x06,
	0x08, 0x84, 0x45, 0x10, 0x97, 0x45, 0x0A, 0x06, 0x08, 0x97, 0x45, 0x10, 0xA8, 0x45, 0x0A, 0x06,
	0x08, 0xA8, 0x45, 0x10, 0xB9, 0x45, 0x0A, 0x06, 0x08, 0xB9, 0x45, 0x10, 0xCA, 0x45, 0x0A, 0x06,
	0x08, 0xCA, 0x45, 0x10, 0xDB, 0x45, 0x0A, 0x06, 0x08, 0xDB, 0x45, 0x10, 0xEC, 0x45, 0x0A, 0x06,
	0x08, 0xEC, 0x45, 0x10, 0xFD, 0x45, 0x0A, 0x06, 0x08, 0xFD, 0x45, 0x10, 0x8E, 0x46, 0x4A, 0x30,
	0x0A, 0x06, 0x08, 0x8E, 0x46, 0x10, 0xB3, 0x46, 0x0A, 0x06, 0x08, 0xB3, 0x46, 0x10, 0xD6, 0x46,
	0x0A, 0x06, 0x08, 0xD6, 0x46, 0x10, 0xF9, 0x46, 0x0A, 0x06, 0x08, 0xF9, 0x46, 0x10, 0x9C, 0x47,
	0x0A, 0x06, 0x08, 0x9C, 0x47, 0x10, 0xBF, 0x47, 0x0A, 0x06, 0x08, 0xBF, 0x47, 0x10, 0xE2, 0x47,
	0x4A, 0x20, 0x0A, 0x06, 0x08, 0xE2, 0x47, 0x10, 0xFB, 0x47, 0x0A, 0x06, 0x08, 0xFB, 0x47, 0x10,
	0x95, 0x48, 0x0A, 0x06, 0x08, 0x95, 0x48, 0x10, 0xAC, 0x48, 0x0A, 0x06, 0x08, 0xAC, 0x48, 0x10,
	0xC3, 0x48, 0x4A, 0x18, 0x0A, 0x06, 0x08, 0xC3, 0x48, 0x10, 0xCC, 0x48, 0x0A, 0x06, 0x08, 0xCC,
	0x48, 0x10, 0xD3, 0x48, 0x0A, 0x06, 0x08, 0xD3, 0x48, 0x10, 0xDA, 0x48, 0x4A, 0x18, 0x0A, 0x06,
	0x08, 0xDA, 0x48, 0x10, 0x93, 0x49, 0x0A, 0x06, 0x08, 0x93, 0x49, 0x10, 0xCA, 0x49, 0x0A, 0x06,
	0x08, 0xCA, 0x49, 0x10, 0x81, 0x4A, 0x4A, 0x18, 0x0A, 0x06, 0x08, 0x81, 0x4A, 0x10, 0x9A, 0x4A,
	0x0A, 0x06, 0x08, 0x9A, 0x4A, 0x10, 0xB1, 0x4A, 0x0A, 0x06, 0x08, 0xB1, 0x4A, 0x10, 0xC8, 0x4A,
	0x4A, 0x18, 0x0A, 0x06, 0x08, 0xC8, 0x4A, 0x10, 0xF1, 0x4A, 0x0A, 0x06, 0x08, 0xF1, 0x4A, 0x10,
	0x98, 0x4B, 0x0A, 0x06, 0x08, 0x98, 0x4B, 0x10, 0xBF, 0x4B, 0x4A, 0x10, 0x0A, 0x06, 0x08, 0xBF,
	0x4B, 0x10, 0xE5, 0x4B, 0x0A, 0x06, 0x08, 0xE5, 0x4B, 0x10, 0x8C, 0x4C, 0x4A, 0x10, 0x0A, 0x06,
	0x08, 0x8C, 0x4C, 0x10, 0x95, 0x4C, 0x0A, 0x06, 0x08, 0x95, 0x4C, 0x10, 0x9C, 0x4C, 0x4A, 0x10,
	0x0A, 0x06, 0x08, 0x9C, 0x4C, 0x10, 0x84, 0x4D, 0x0A, 0x06, 0x08, 0x84, 0x4D, 0x10, 0xEA, 0x4D,
	0x4A, 0x10, 0x0A, 0x06, 0x08, 0xEA, 0x4D, 0x10, 0x92, 0x4E, 0x0A, 0x06, 0x08, 0x92, 0x4E, 0x10,
	0xB8, 0x4E, 0x4A, 0x10, 0x0A, 0x06, 0x08, 0xB8, 0x4E, 0x10, 0x90, 0x4F, 0x0A, 0x06, 0x08, 0x90,
	0x4F, 0x10, 0xE6, 0x4F, 0x4A, 0x10, 0x0A, 0x06, 0x08, 0xE6, 0x4F, 0x10, 0xFD, 0x4F, 0x0A, 0x06,
	0x08, 0x80, 0x50, 0x10, 0x95, 0x50, 0x4A, 0x30, 0x0A, 0x06, 0x08, 0x95, 0x50, 0x10, 0xAC, 0x50,
	0x0A, 0x06, 0x08, 0xAC, 0x50, 0x10, 0xC1, 0x50, 0x0A, 0x06, 0x08, 0xC1, 0x50, 0x10, 0xD6, 0x50,
	0x0A, 0x06, 0x08, 0xD6, 0x50, 0x10, 0xEB, 0x50, 0x0A, 0x06, 0x08, 0xEB, 0x50, 0x10, 0x80, 0x51,
	0x0A, 0x06, 0x08, 0x80, 0x51, 0x10, 0x95, 0x51, 0x50, 0x5F, 0x58, 0x84, 0x80, 0x80, 0x08, 0x58,
	0x84, 0x80, 0x80, 0x01, 0x58, 0x82, 0x80, 0xC0, 0x04, 
};

#endif /*  bodydetect_cfg_dt57.cfg converted to HEX.h file!!!  */
