#include <linux/clk.h>
#include <linux/types.h>
#include <linux/io.h>
#include <drm/drmP.h>
#include <linux/gpio.h>
#include "nema_dc_mipi.h"


struct gpio_desc *lcd_backlight;

const char lcd_screen_rgb565[32768] = {
0xeb,0x42,0xe3,0x62,0xeb,0x42,0xe3,0x62,0xeb,0x42,0xe3,0x62,0xeb,0x42,0xe3,0x62,
0xe3,0x42,0xe3,0x63,0xe3,0x42,0xe3,0x63,0xe3,0x42,0xe3,0x62,0xe3,0x42,0xe3,0x42,
0xe3,0x42,0xe3,0x42,0xe3,0x42,0xe3,0x42,0xe3,0x41,0xe3,0xa3,0xeb,0xc2,0xe3,0xe3,
0xeb,0xc2,0xe3,0xe3,0xeb,0xe2,0xe3,0xe3,0xeb,0xe2,0xe3,0xe3,0xeb,0xe2,0xe3,0xe3,
0xeb,0xe2,0xe3,0xe3,0xeb,0xe2,0xe3,0xe3,0xeb,0xe2,0xe3,0xe3,0xeb,0xe2,0xe4,0x03,
0xeb,0xe2,0xdb,0xa2,0xe3,0x01,0xdb,0x02,0xe3,0x01,0xdb,0x02,0xdb,0x01,0xdb,0x22,
0xe3,0x21,0xdb,0x22,0xdb,0x21,0xdb,0x42,0xe3,0x41,0xdb,0x62,0xe3,0x41,0xdb,0x62,
0xe3,0x61,0xdb,0x62,0xe3,0x61,0xdb,0x62,0xe3,0x61,0xdb,0x82,0xda,0xe2,0xca,0xc1,
0xd2,0x81,0xca,0xa2,0xd2,0xa1,0xca,0xa2,0xd2,0xa1,0xca,0xa1,0xd2,0xa1,0xca,0xa1,
0xd2,0xa1,0xca,0xc2,0xd2,0xa1,0xca,0xc2,0xd2,0xa1,0xca,0xc2,0xd2,0xa1,0xca,0xc2,
0xd2,0xc1,0xca,0xc1,0xd2,0xc1,0xca,0xe2,0xd2,0xe1,0xd3,0x02,0xd2,0xe1,0xcb,0x02,
0xd2,0xe1,0xcb,0x02,0xd2,0xe1,0xd2,0xe2,0xd2,0xe1,0xcb,0x02,0xd2,0xe1,0xcb,0x02,
0xd2,0xe1,0xca,0xe1,0xd2,0xe1,0xca,0xe2,0xd2,0xe1,0xd3,0x42,0xe4,0x22,0xe4,0x42,
0xec,0x42,0xe4,0x42,0xec,0x42,0xe4,0x42,0xec,0x42,0xe4,0x62,0xec,0x42,0xe4,0x42,
0xec,0x42,0xe4,0x42,0xec,0x42,0xe4,0x62,0xec,0x41,0xe4,0x62,0xec,0x41,0xe4,0x42,
0xec,0x41,0xe4,0x62,0xec,0x41,0xe4,0x62,0xec,0x41,0xe4,0x62,0xe4,0x62,0xd4,0x21,
0xe3,0x43,0xe3,0x42,0xe3,0x63,0xe3,0x42,0xe3,0x63,0xe3,0x42,0xe3,0x63,0xe3,0x42,
0xe3,0x43,0xe3,0x42,0xe3,0x43,0xe3,0x42,0xe3,0x43,0xe3,0x42,0xdb,0x43,0xe3,0x22,
0xdb,0x43,0xe3,0x22,0xdb,0x43,0xe3,0x22,0xdb,0xa2,0xeb,0xa3,0xe3,0xc3,0xe3,0xc2,
0xe3,0xe3,0xeb,0xc2,0xe3,0xe3,0xeb,0xc2,0xe3,0xe3,0xe3,0xc2,0xe3,0xe3,0xe3,0xc2,
0xe3,0xe3,0xeb,0xe2,0xe3,0xe3,0xe3,0xc2,0xe3,0xe3,0xeb,0xe2,0xe3,0xe3,0xe3,0xe2,
0xe3,0x63,0xdb,0x01,0xd2,0xe2,0xda,0xe1,0xdb,0x02,0xda,0xe2,0xdb,0x02,0xdb,0x01,
0xdb,0x22,0xdb,0x01,0xdb,0x22,0xdb,0x21,0xdb,0x42,0xdb,0x42,0xdb,0x42,0xe3,0x42,
0xdb,0x62,0xe3,0x42,0xdb,0x62,0xdb,0x42,0xdb,0x63,0xdb,0x01,0xca,0xa2,0xd2,0x81,
0xca,0xa2,0xca,0x81,0xca,0xa2,0xca,0x81,0xca,0xa2,0xd2,0xa1,0xca,0xa2,0xd2,0xa1,
0xca,0xa2,0xca,0xa1,0xca,0xc2,0xd2,0xa1,0xca,0xc2,0xd2,0xa1,0xca,0xa2,0xd2,0xa1,
0xca,0xc2,0xd2,0xc1,0xca,0xc2,0xd2,0xe1,0xca,0xe2,0xd2,0xe1,0xcb,0x02,0xd2,0xe1,
0xcb,0x02,0xd2,0xe1,0xca,0xe2,0xd2,0xc1,0xca,0xe2,0xd2,0xe1,0xca,0xe2,0xd2,0xe1,
0xca,0xe2,0xca,0xc1,0xca,0xe2,0xca,0xc1,0xcb,0x61,0xe3,0xe3,0xe4,0x42,0xe4,0x42,
0xe4,0x42,0xe4,0x42,0xe4,0x42,0xe4,0x42,0xe4,0x42,0xec,0x42,0xe4,0x42,0xe4,0x42,
0xe4,0x42,0xe4,0x42,0xe4,0x42,0xe4,0x42,0xe4,0x42,0xe4,0x42,0xe4,0x42,0xec,0x42,
0xe4,0x42,0xec,0x42,0xe4,0x42,0xec,0x42,0xe4,0x42,0xec,0x42,0xe4,0xe3,0xe4,0xc2,
0xeb,0x42,0xe3,0x62,0xeb,0x42,0xe3,0x62,0xeb,0x42,0xe3,0x62,0xe3,0x42,0xe3,0x62,
0xe3,0x42,0xe3,0x63,0xe3,0x42,0xe3,0x63,0xe3,0x42,0xe3,0x62,0xe3,0x42,0xe3,0x42,
0xe3,0x42,0xe3,0x42,0xe3,0x41,0xe3,0xa3,0xeb,0xc2,0xe3,0xe3,0xeb,0xc2,0xe3,0xe3,
0xeb,0xc2,0xe3,0xe3,0xeb,0xc2,0xe3,0xe3,0xeb,0xe2,0xe3,0xe3,0xeb,0xe2,0xe3,0xe3,
0xeb,0xe2,0xe3,0xe3,0xeb,0xe2,0xe3,0xe3,0xeb,0xe2,0xe3,0xe3,0xeb,0xe2,0xdb,0x81,
0xda,0xe1,0xdb,0x02,0xda,0xe1,0xdb,0x02,0xdb,0x01,0xdb,0x02,0xdb,0x01,0xdb,0x22,
0xe3,0x21,0xdb,0x22,0xdb,0x21,0xdb,0x42,0xe3,0x41,0xdb,0x62,0xe3,0x41,0xdb,0x62,
0xe3,0x41,0xdb,0x62,0xe3,0x61,0xdb,0x62,0xda,0xe1,0xca,0xc1,0xd2,0xa1,0xca,0xa2,
0xd2,0xa1,0xca,0xc2,0xd2,0xa1,0xca,0xc2,0xd2,0xa1,0xca,0xc2,0xd2,0xa1,0xca,0xc2,
0xd2,0xa1,0xca,0xc2,0xd2,0xa1,0xca,0xc2,0xd2,0xc1,0xca,0xc1,0xd2,0xc1,0xca,0xc2,
0xd2,0xc1,0xca,0xe2,0xd2,0xe1,0xd3,0x02,0xd2,0xe1,0xd3,0x02,0xd2,0xe1,0xcb,0x02,
0xd2,0xe1,0xcb,0x02,0xd2,0xe1,0xd2,0xe2,0xd2,0xe1,0xcb,0x02,0xd2,0xe1,0xcb,0x02,
0xd2,0xe1,0xca,0xe1,0xd2,0xe1,0xd3,0x42,0xe4,0x22,0xe4,0x43,0xec,0x42,0xe4,0x42,
0xec,0x41,0xe4,0x42,0xec,0x41,0xe4,0x42,0xec,0x42,0xe4,0x42,0xec,0x22,0xe4,0x42,
0xec,0x42,0xe4,0x42,0xec,0x42,0xe4,0x42,0xec,0x41,0xe4,0x42,0xec,0x41,0xe4,0x42,
0xec,0x41,0xe4,0x42,0xec,0x41,0xe4,0x42,0xe4,0x61,0xec,0xc3,0xf5,0x23,0xed,0x24,
0xe3,0x43,0xe3,0x42,0xe3,0x63,0xe3,0x42,0xe3,0x63,0xe3,0x42,0xe3,0x43,0xe3,0x42,
0xe3,0x43,0xe3,0x42,0xe3,0x43,0xe3,0x42,0xe3,0x43,0xe3,0x42,0xdb,0x43,0xe3,0x22,
0xdb,0x43,0xe3,0x22,0xdb,0xa2,0xeb,0xa3,0xe3,0xc3,0xe3,0xc2,0xe3,0xc3,0xe3,0xc2,
0xe3,0xc3,0xe3,0xc2,0xe3,0xc3,0xeb,0xc2,0xe3,0xe3,0xe3,0xc2,0xe3,0xe3,0xe3,0xc2,
0xe3,0xe3,0xe3,0xc2,0xe3,0xe3,0xe3,0xc2,0xe3,0xe3,0xe3,0xe2,0xdb,0x63,0xdb,0x01,
0xd2,0xe2,0xda,0xe1,0xdb,0x02,0xda,0xe1,0xdb,0x02,0xdb,0x02,0xdb,0x22,0xdb,0x02,
0xdb,0x22,0xdb,0x21,0xdb,0x42,0xdb,0x22,0xdb,0x42,0xdb,0x42,0xdb,0x42,0xdb,0x42,
0xdb,0x62,0xdb,0x42,0xdb,0x62,0xd3,0x01,0xca,0xa2,0xca,0x81,0xca,0xa2,0xca,0x81,
0xca,0xa2,0xd2,0xa1,0xca,0xa2,0xd2,0xa1,0xca,0xa2,0xd2,0xa1,0xca,0xc2,0xd2,0xa1,
0xca,0xc2,0xd2,0xa1,0xca,0xc2,0xd2,0xa2,0xca,0xc2,0xd2,0xc1,0xca,0xc2,0xd2,0xc1,
0xca,0xe2,0xd2,0xe1,0xcb,0x02,0xd2,0xe2,0xca,0xe2,0xd2,0xe1,0xcb,0x02,0xd2,0xe1,
0xcb,0x02,0xd2,0xe1,0xca,0xe2,0xd2,0xe1,0xca,0xe2,0xd2,0xe1,0xca,0xe2,0xd2,0xe1,
0xca,0xe2,0xd2,0xe1,0xcb,0x61,0xe3,0xe3,0xe4,0x43,0xe4,0x22,0xe4,0x42,0xe4,0x42,
0xe4,0x23,0xe4,0x22,0xe4,0x42,0xe4,0x22,0xe4,0x42,0xe4,0x42,0xe4,0x43,0xe4,0x22,
0xe4,0x43,0xe4,0x22,0xe4,0x42,0xe4,0x42,0xe4,0x42,0xe4,0x42,0xe4,0x42,0xec,0x22,
0xe4,0x42,0xe4,0x42,0xe4,0x42,0xec,0x42,0xe4,0xe2,0xed,0x03,0xed,0x24,0xf5,0x03,
0xeb,0x42,0xe3,0x62,0xeb,0x42,0xe3,0x62,0xeb,0x42,0xe3,0x62,0xe3,0x42,0xe3,0x62,
0xe3,0x42,0xe3,0x63,0xe3,0x42,0xe3,0x63,0xe3,0x42,0xe3,0x42,0xe3,0x42,0xe3,0x42,
0xe3,0x41,0xe3,0x83,0xeb,0xc2,0xe3,0xe3,0xeb,0xc2,0xe3,0xe3,0xeb,0xc2,0xe3,0xe3,
0xeb,0xc2,0xe3,0xe3,0xeb,0xc2,0xe3,0xe3,0xeb,0xc2,0xe3,0xe3,0xeb,0xe2,0xe3,0xe3,
0xeb,0xc2,0xe3,0xe3,0xeb,0xe2,0xe3,0xe3,0xeb,0xc2,0xdb,0x82,0xda,0xe1,0xdb,0x02,
0xda,0xe1,0xdb,0x02,0xda,0xe1,0xdb,0x02,0xdb,0x01,0xdb,0x22,0xdb,0x21,0xdb,0x42,
0xe3,0x21,0xdb,0x42,0xe3,0x21,0xdb,0x42,0xe3,0x41,0xdb,0x62,0xe3,0x41,0xdb,0x62,
0xe3,0x61,0xdb,0x62,0xda,0xe1,0xca,0xc1,0xd2,0xa1,0xca,0xc2,0xd2,0xa1,0xca,0xc2,
0xd2,0xa1,0xca,0xc2,0xd2,0xa1,0xca,0xc2,0xd2,0xa1,0xca,0xc2,0xd2,0xa1,0xca,0xc2,
0xd2,0xc1,0xca,0xc2,0xd2,0xc1,0xca,0xc2,0xd2,0xc1,0xca,0xc2,0xd2,0xc1,0xca,0xe2,
0xd2,0xe1,0xd3,0x02,0xd3,0x01,0xd3,0x02,0xd2,0xe1,0xd3,0x02,0xd2,0xe1,0xcb,0x02,
0xd2,0xe1,0xd2,0xe2,0xd2,0xe1,0xcb,0x02,0xd2,0xe1,0xcb,0x02,0xd2,0xe1,0xcb,0x02,
0xd2,0xe1,0xd3,0x42,0xe4,0x01,0xe4,0x42,0xec,0x22,0xe4,0x42,0xec,0x22,0xe4,0x42,
0xec,0x22,0xe4,0x42,0xec,0x41,0xe4,0x42,0xec,0x41,0xe4,0x42,0xec,0x22,0xe4,0x42,
0xec,0x22,0xe4,0x42,0xec,0x42,0xe4,0x42,0xec,0x42,0xe4,0x42,0xec,0x21,0xe4,0x42,
0xec,0x42,0xe4,0x42,0xe4,0x61,0xec,0xc3,0xf5,0x02,0xed,0x23,0xf5,0x03,0xed,0x24,
0xe3,0x63,0xe3,0x42,0xe3,0x63,0xe3,0x42,0xe3,0x63,0xe3,0x42,0xe3,0x43,0xe3,0x42,
0xe3,0x43,0xe3,0x42,0xe3,0x43,0xe3,0x42,0xe3,0x43,0xe3,0x22,0xdb,0x43,0xe3,0x22,
0xe3,0x83,0xeb,0xa3,0xe3,0xc3,0xe3,0xa3,0xe3,0xc3,0xe3,0xa2,0xe3,0xc3,0xeb,0xa3,
0xe3,0xc3,0xe3,0xc2,0xe3,0xc3,0xe3,0xc2,0xe3,0xc3,0xe3,0xc2,0xe3,0xc3,0xe3,0xc2,
0xe3,0xe3,0xe3,0xc2,0xe3,0xe3,0xe3,0xc2,0xe3,0x43,0xda,0xe1,0xd2,0xe2,0xda,0xe1,
0xdb,0x02,0xda,0xe1,0xdb,0x02,0xdb,0x01,0xdb,0x22,0xdb,0x02,0xdb,0x22,0xdb,0x22,
0xdb,0x42,0xdb,0x22,0xdb,0x42,0xdb,0x22,0xdb,0x62,0xdb,0x42,0xdb,0x62,0xdb,0x42,
0xdb,0x43,0xd2,0xe1,0xca,0xa2,0xd2,0xa1,0xca,0xa2,0xd2,0xa1,0xca,0xa2,0xd2,0xa1,
0xca,0xc2,0xd2,0xa1,0xca,0xc2,0xd2,0xa1,0xca,0xc2,0xd2,0xa1,0xca,0xc2,0xd2,0xa2,
0xca,0xc2,0xd2,0xc1,0xca,0xc2,0xd2,0xc1,0xca,0xe2,0xd2,0xc1,0xca,0xe2,0xd2,0xe1,
0xd3,0x02,0xd2,0xe2,0xd3,0x02,0xd2,0xe1,0xca,0xe2,0xd2,0xe1,0xcb,0x02,0xd2,0xe1,
0xca,0xe2,0xd2,0xc1,0xca,0xe2,0xd2,0xe1,0xca,0xe2,0xd2,0xe1,0xca,0xe2,0xd2,0xe1,
0xcb,0x61,0xe3,0xe3,0xe4,0x23,0xe4,0x02,0xe4,0x43,0xe4,0x22,0xe4,0x43,0xe4,0x22,
0xe4,0x23,0xe4,0x22,0xe4,0x23,0xe4,0x22,0xe4,0x42,0xe4,0x22,0xe4,0x23,0xe4,0x22,
0xe4,0x43,0xe4,0x22,0xe4,0x42,0xe4,0x22,0xe4,0x42,0xe4,0x22,0xe4,0x42,0xe4,0x22,
0xe4,0x42,0xec,0x42,0xe4,0xe2,0xec,0xe2,0xed,0x03,0xed,0x02,0xed,0x03,0xed,0x03,
0xeb,0x42,0xe3,0x62,0xeb,0x42,0xe3,0x62,0xeb,0x42,0xe3,0x62,0xe3,0x42,0xe3,0x63,
0xe3,0x42,0xe3,0x63,0xe3,0x42,0xe3,0x62,0xe3,0x42,0xe3,0x42,0xe3,0x42,0xe3,0x83,
0xeb,0xa2,0xe3,0xc3,0xeb,0xa2,0xe3,0xc3,0xeb,0xa2,0xe3,0xc3,0xeb,0xa2,0xe3,0xc3,
0xeb,0xc2,0xe3,0xe3,0xeb,0xc2,0xe3,0xe3,0xeb,0xc2,0xe3,0xe3,0xeb,0xc2,0xe3,0xe3,
0xeb,0xc2,0xe3,0xe3,0xeb,0xc3,0xdb,0x62,0xda,0xc1,0xda,0xe2,0xda,0xe1,0xdb,0x02,
0xdb,0x01,0xdb,0x02,0xdb,0x01,0xdb,0x22,0xdb,0x21,0xdb,0x42,0xe3,0x21,0xdb,0x42,
0xe3,0x21,0xdb,0x42,0xe3,0x41,0xdb,0x62,0xe3,0x41,0xdb,0x62,0xe3,0x61,0xdb,0x62,
0xda,0xe2,0xca,0xc1,0xd2,0xa1,0xd2,0xa2,0xd2,0xa1,0xca,0xc2,0xd2,0xa1,0xca,0xc2,
0xd2,0xa1,0xca,0xc2,0xd2,0xa1,0xca,0xc2,0xd2,0xa1,0xd2,0xc2,0xd2,0xc1,0xca,0xc2,
0xd2,0xc1,0xca,0xc2,0xd2,0xc1,0xca,0xe2,0xd2,0xc1,0xd2,0xe2,0xd2,0xe1,0xd3,0x02,
0xd2,0xe1,0xd3,0x02,0xd2,0xe1,0xd3,0x02,0xd2,0xe1,0xd3,0x02,0xd2,0xe1,0xcb,0x02,
0xd2,0xe1,0xd2,0xe2,0xd2,0xe1,0xcb,0x02,0xd2,0xe1,0xcb,0x02,0xd2,0xe1,0xd3,0x42,
0xe4,0x01,0xe4,0x42,0xec,0x22,0xe4,0x22,0xec,0x22,0xe4,0x42,0xec,0x22,0xe4,0x42,
0xec,0x22,0xe4,0x42,0xec,0x22,0xe4,0x42,0xec,0x22,0xe4,0x42,0xec,0x22,0xe4,0x42,
0xec,0x22,0xe4,0x42,0xec,0x41,0xe4,0x42,0xec,0x21,0xe4,0x42,0xec,0x41,0xe4,0x42,
0xe4,0x61,0xec,0xc3,0xf5,0x02,0xed,0x22,0xed,0x02,0xed,0x22,0xed,0x03,0xed,0x23,
0xe3,0x63,0xe3,0x42,0xe3,0x63,0xe3,0x42,0xe3,0x63,0xe3,0x42,0xe3,0x43,0xe3,0x42,
0xe3,0x43,0xe3,0x42,0xe3,0x43,0xe3,0x42,0xe3,0x43,0xe3,0x22,0xdb,0x83,0xeb,0xa3,
0xe3,0xc3,0xe3,0xa2,0xe3,0xc3,0xe3,0xa2,0xe3,0xc3,0xe3,0xa2,0xe3,0xc3,0xe3,0xa2,
0xe3,0xc3,0xe3,0xc2,0xe3,0xc3,0xe3,0xc2,0xe3,0xc3,0xe3,0xc2,0xe3,0xc3,0xe3,0xc2,
0xe3,0xe3,0xe3,0xc2,0xe3,0x43,0xda,0xe1,0xd2,0xe2,0xda,0xe1,0xdb,0x02,0xda,0xe2,
0xd3,0x02,0xdb,0x01,0xdb,0x02,0xdb,0x02,0xdb,0x22,0xdb,0x22,0xdb,0x42,0xdb,0x22,
0xdb,0x42,0xdb,0x22,0xdb,0x42,0xdb,0x22,0xdb,0x62,0xdb,0x42,0xdb,0x63,0xd3,0x01,
0xca,0xc2,0xd2,0xa1,0xca,0xc2,0xd2,0xa1,0xca,0xc2,0xd2,0xa1,0xca,0xa2,0xd2,0xa1,
0xca,0xc2,0xd2,0xa1,0xca,0xc2,0xd2,0xa2,0xca,0xc2,0xd2,0xc1,0xca,0xc2,0xd2,0xc1,
0xca,0xc2,0xd2,0xc1,0xca,0xc2,0xd2,0xc1,0xca,0xe2,0xd2,0xe1,0xd3,0x02,0xd2,0xe2,
0xd3,0x02,0xd2,0xe2,0xd3,0x02,0xd2,0xe1,0xca,0xe2,0xd2,0xe1,0xcb,0x02,0xd2,0xe1,
0xca,0xe2,0xd2,0xc1,0xca,0xe2,0xd2,0xe1,0xca,0xe2,0xd2,0xe1,0xd3,0x61,0xe3,0xe3,
0xe4,0x23,0xe4,0x22,0xe4,0x23,0xe4,0x22,0xe4,0x23,0xe4,0x22,0xe4,0x43,0xe4,0x22,
0xe4,0x22,0xe4,0x02,0xe4,0x43,0xe4,0x22,0xe4,0x23,0xe4,0x22,0xe4,0x43,0xe4,0x22,
0xe4,0x23,0xe4,0x22,0xe4,0x42,0xe4,0x22,0xe4,0x42,0xe4,0x22,0xe4,0x42,0xe4,0x42,
0xe4,0xc2,0xec,0xe2,0xed,0x03,0xed,0x02,0xed,0x03,0xed,0x02,0xed,0x04,0xf5,0x03,
0xeb,0x42,0xe3,0x62,0xeb,0x42,0xe3,0x62,0xeb,0x42,0xe3,0x62,0xe3,0x42,0xe3,0x63,
0xe3,0x42,0xe3,0x63,0xe3,0x42,0xe3,0x62,0xe3,0x42,0xe3,0x83,0xeb,0xa2,0xe3,0xc3,
0xeb,0xa2,0xe3,0xc3,0xeb,0xa2,0xe3,0xc3,0xeb,0xa2,0xe3,0xc3,0xeb,0xa2,0xe3,0xc3,
0xeb,0xc2,0xe3,0xc2,0xeb,0xc2,0xe3,0xc2,0xeb,0xa2,0xe3,0xc3,0xeb,0xc2,0xe3,0xc2,
0xeb,0xa2,0xdb,0x62,0xda,0xc1,0xda,0xe2,0xda,0xe1,0xdb,0x02,0xdb,0x01,0xdb,0x22,
0xe3,0x01,0xdb,0x22,0xdb,0x21,0xdb,0x42,0xdb,0x21,0xdb,0x42,0xe3,0x21,0xdb,0x42,
0xe3,0x21,0xdb,0x42,0xe3,0x41,0xdb,0x62,0xe3,0x61,0xdb,0x62,0xda,0xe2,0xca,0xc1,
0xd2,0xa1,0xd2,0xc2,0xd2,0xa1,0xd2,0xc2,0xd2,0xa1,0xca,0xc2,0xd2,0xa1,0xca,0xc2,
0xd2,0xc1,0xd2,0xc2,0xd2,0xc1,0xd2,0xe2,0xd2,0xc1,0xca,0xc2,0xd2,0xc1,0xd2,0xe2,
0xd2,0xc1,0xd2,0xe2,0xd2,0xc1,0xd2,0xe2,0xd2,0xe1,0xd3,0x02,0xd2,0xe1,0xd3,0x02,
0xd2,0xe1,0xd3,0x02,0xd2,0xe1,0xd3,0x02,0xd2,0xe1,0xd3,0x02,0xd2,0xe1,0xcb,0x02,
0xd2,0xe1,0xd2,0xe2,0xd2,0xe1,0xcb,0x02,0xd2,0xe1,0xdb,0x63,0xe4,0x01,0xe4,0x22,
0xec,0x22,0xe4,0x22,0xec,0x22,0xe4,0x22,0xe4,0x22,0xe4,0x42,0xec,0x22,0xe4,0x22,
0xec,0x22,0xe4,0x22,0xe4,0x22,0xe4,0x42,0xec,0x22,0xe4,0x42,0xec,0x22,0xe4,0x22,
0xec,0x22,0xe4,0x42,0xec,0x41,0xe4,0x42,0xec,0x21,0xe4,0x42,0xe4,0x41,0xec,0xa3,
0xed,0x02,0xed,0x02,0xec,0xe2,0xed,0x03,0xed,0x02,0xed,0x02,0xed,0x03,0xed,0x23,
0xe3,0x63,0xe3,0x42,0xe3,0x63,0xe3,0x42,0xe3,0x63,0xe3,0x42,0xe3,0x43,0xe3,0x42,
0xe3,0x43,0xe3,0x42,0xe3,0x43,0xe3,0x42,0xdb,0x83,0xeb,0xa3,0xe3,0xa3,0xe3,0xa2,
0xe3,0xa3,0xe3,0xa2,0xe3,0xc3,0xe3,0xa2,0xe3,0xa3,0xe3,0xa3,0xe3,0xa3,0xe3,0xa2,
0xe3,0xc3,0xe3,0xa2,0xe3,0xc3,0xe3,0xa2,0xe3,0xc3,0xe3,0xa2,0xe3,0xc3,0xe3,0xa2,
0xdb,0x43,0xda,0xe1,0xda,0xe2,0xda,0xc1,0xd2,0xe2,0xda,0xe1,0xdb,0x02,0xdb,0x01,
0xd3,0x22,0xdb,0x22,0xdb,0x22,0xdb,0x21,0xdb,0x22,0xdb,0x22,0xdb,0x42,0xdb,0x22,
0xdb,0x42,0xdb,0x22,0xdb,0x42,0xdb,0x42,0xdb,0x63,0xd3,0x01,0xca,0xa2,0xd2,0x81,
0xca,0xc2,0xd2,0xa1,0xca,0xc2,0xd2,0xa1,0xca,0xc2,0xd2,0xa1,0xca,0xc2,0xd2,0xc1,
0xca,0xc2,0xd2,0xc1,0xca,0xc2,0xd2,0xc1,0xca,0xc2,0xd2,0xc1,0xca,0xc2,0xd2,0xc2,
0xca,0xe2,0xd2,0xc2,0xca,0xe2,0xd2,0xe2,0xd3,0x02,0xd2,0xe1,0xd3,0x02,0xd2,0xe2,
0xd3,0x02,0xd2,0xe2,0xca,0xe2,0xd2,0xe1,0xcb,0x02,0xd2,0xe1,0xcb,0x02,0xd2,0xe1,
0xca,0xe2,0xd2,0xc1,0xca,0xe2,0xd2,0xc1,0xd3,0x61,0xe3,0xe3,0xe4,0x23,0xe4,0x22,
0xe4,0x23,0xe4,0x02,0xe4,0x23,0xe4,0x02,0xe4,0x23,0xe4,0x22,0xe4,0x22,0xe4,0x02,
0xe4,0x22,0xe4,0x02,0xe4,0x22,0xe4,0x02,0xe4,0x43,0xe4,0x22,0xe4,0x22,0xe4,0x02,
0xe4,0x22,0xe4,0x22,0xe4,0x42,0xe4,0x22,0xe4,0x22,0xec,0x22,0xe4,0xc2,0xec,0xc2,
0xe4,0xe3,0xec,0xe2,0xe5,0x03,0xec,0xe2,0xe5,0x03,0xec,0xe2,0xe5,0x03,0xed,0x03,
0xeb,0x42,0xe3,0x62,0xeb,0x42,0xe3,0x62,0xe3,0x42,0xe3,0x62,0xe3,0x42,0xe3,0x63,
0xe3,0x42,0xe3,0x63,0xe3,0x62,0xe3,0x83,0xeb,0xa2,0xe3,0xa3,0xeb,0xa2,0xe3,0xc3,
0xeb,0xa2,0xe3,0xc3,0xeb,0xa2,0xe3,0xc3,0xeb,0xa2,0xe3,0xc3,0xe3,0xa2,0xe3,0xc3,
0xe3,0xa2,0xe3,0xc3,0xeb,0xa2,0xe3,0xc3,0xe3,0xa2,0xe3,0xc3,0xeb,0xa2,0xdb,0x62,
0xda,0xc1,0xda,0xe2,0xda,0xc1,0xda,0xe2,0xda,0xe1,0xdb,0x02,0xe3,0x01,0xdb,0x22,
0xdb,0x21,0xdb,0x42,0xe3,0x21,0xdb,0x42,0xe3,0x22,0xdb,0x42,0xe3,0x21,0xdb,0x42,
0xe3,0x21,0xdb,0x42,0xe3,0x61,0xdb,0x62,0xdb,0x02,0xca,0xc1,0xd2,0xa1,0xca,0xc2,
0xd2,0xa1,0xd2,0xc2,0xd2,0xc1,0xd2,0xc2,0xd2,0xc1,0xd2,0xc2,0xd2,0xc1,0xd2,0xc2,
0xd2,0xc1,0xca,0xc2,0xd2,0xc1,0xd2,0xe2,0xd2,0xc1,0xd2,0xe2,0xd2,0xc1,0xd2,0xe2,
0xd2,0xe1,0xd3,0x02,0xd2,0xe1,0xd3,0x02,0xd2,0xe1,0xd3,0x02,0xd2,0xe1,0xd3,0x02,
0xd2,0xe1,0xd3,0x02,0xd2,0xe1,0xd3,0x02,0xd2,0xe1,0xcb,0x02,0xd2,0xe1,0xcb,0x02,
0xd2,0xe1,0xd2,0xe2,0xd2,0xe1,0xd3,0x42,0xe4,0x01,0xe4,0x22,0xe4,0x22,0xe4,0x22,
0xe4,0x02,0xe4,0x22,0xec,0x22,0xe4,0x22,0xe4,0x22,0xe4,0x42,0xec,0x22,0xe4,0x22,
0xec,0x22,0xe4,0x22,0xec,0x22,0xe4,0x22,0xec,0x22,0xe4,0x22,0xec,0x22,0xe4,0x22,
0xec,0x22,0xe4,0x22,0xe4,0x22,0xe4,0x42,0xe4,0x41,0xec,0x82,0xec,0xe2,0xed,0x02,
0xec,0xe2,0xed,0x02,0xec,0xe2,0xed,0x02,0xed,0x02,0xed,0x03,0xec,0xe2,0xed,0x03,
0xe3,0x63,0xe3,0x42,0xe3,0x63,0xe3,0x42,0xe3,0x43,0xe3,0x42,0xe3,0x43,0xe3,0x42,
0xe3,0x43,0xe3,0x42,0xdb,0x83,0xeb,0xa3,0xe3,0xa3,0xeb,0xa2,0xe3,0xa3,0xeb,0xa2,
0xe3,0xa3,0xe3,0xa2,0xe3,0xa3,0xe3,0xa2,0xe3,0xa3,0xe3,0xa3,0xe3,0xa3,0xe3,0xa2,
0xe3,0xa3,0xe3,0xa2,0xe3,0xc3,0xe3,0xa2,0xe3,0xa3,0xe3,0xa2,0xdb,0x43,0xda,0xe1,
0xda,0xe2,0xda,0xc1,0xd2,0xe2,0xda,0xc1,0xd3,0x02,0xdb,0x02,0xdb,0x22,0xdb,0x22,
0xdb,0x22,0xdb,0x21,0xdb,0x22,0xdb,0x22,0xdb,0x42,0xdb,0x22,0xdb,0x42,0xdb,0x22,
0xdb,0x42,0xdb,0x22,0xdb,0x43,0xd2,0xe1,0xca,0xa2,0xd2,0xa1,0xca,0xc2,0xd2,0xa1,
0xca,0xc2,0xd2,0xa2,0xca,0xc2,0xd2,0xc1,0xca,0xc2,0xd2,0xc1,0xca,0xc2,0xd2,0xc1,
0xca,0xc2,0xd2,0xc1,0xca,0xc2,0xd2,0xc1,0xca,0xc2,0xd2,0xc2,0xca,0xe2,0xd2,0xc2,
0xca,0xe2,0xd2,0xe2,0xd3,0x02,0xd2,0xe1,0xd3,0x02,0xd2,0xe2,0xd3,0x02,0xd2,0xe2,
0xd3,0x02,0xd2,0xe2,0xca,0xe2,0xd2,0xe1,0xcb,0x02,0xd2,0xe1,0xcb,0x02,0xd2,0xe1,
0xca,0xe2,0xd2,0xc1,0xcb,0x61,0xe3,0xc3,0xe4,0x22,0xe4,0x02,0xe4,0x22,0xe4,0x02,
0xe4,0x22,0xe4,0x02,0xdc,0x22,0xe4,0x02,0xe4,0x23,0xe4,0x02,0xe4,0x22,0xe4,0x02,
0xe4,0x22,0xe4,0x02,0xe4,0x22,0xe4,0x02,0xe4,0x22,0xe4,0x02,0xe4,0x22,0xe4,0x02,
0xe4,0x22,0xe4,0x02,0xdc,0x22,0xe4,0x22,0xe4,0xa2,0xec,0xc2,0xe4,0xe3,0xec,0xe2,
0xe5,0x03,0xec,0xe2,0xe4,0xe3,0xec,0xe2,0xe4,0xe3,0xec,0xe2,0xec,0xe3,0xec,0xe3,
0xeb,0x42,0xe3,0x62,0xeb,0x42,0xe3,0x62,0xe3,0x42,0xe3,0x63,0xe3,0x42,0xe3,0x63,
0xe3,0x42,0xe3,0x83,0xeb,0xa2,0xe3,0xa3,0xeb,0xa2,0xe3,0xa3,0xeb,0xa2,0xe3,0xa3,
0xeb,0xa2,0xe3,0xa2,0xeb,0xa2,0xe3,0xa2,0xeb,0xa2,0xe3,0xc3,0xeb,0xa2,0xe3,0xc3,
0xe3,0xa2,0xe3,0xc3,0xeb,0xa2,0xe3,0xc3,0xeb,0xa2,0xdb,0x42,0xda,0xc1,0xda,0xe2,
0xda,0xc1,0xda,0xe2,0xda,0xe1,0xdb,0x02,0xe3,0x01,0xdb,0x22,0xdb,0x21,0xdb,0x22,
0xe3,0x21,0xdb,0x42,0xe3,0x21,0xdb,0x42,0xe3,0x21,0xdb,0x42,0xe3,0x21,0xdb,0x42,
0xe3,0x41,0xdb,0x62,0xdb,0x02,0xca,0xc1,0xd2,0xa1,0xd2,0xc2,0xd2,0xa1,0xd2,0xc2,
0xd2,0xc1,0xd2,0xc2,0xd2,0xc1,0xd2,0xe2,0xd2,0xc1,0xd2,0xe2,0xd2,0xc1,0xd2,0xe2,
0xd2,0xc1,0xd2,0xe2,0xd2,0xc1,0xd2,0xe2,0xd2,0xc1,0xd2,0xe2,0xd2,0xc1,0xd3,0x02,
0xdb,0x01,0xd3,0x02,0xd2,0xe1,0xd3,0x02,0xd2,0xe1,0xd3,0x02,0xd2,0xe1,0xd3,0x02,
0xd2,0xe1,0xd3,0x02,0xd2,0xe1,0xd3,0x02,0xd2,0xe1,0xcb,0x02,0xd2,0xe1,0xd2,0xe2,
0xd3,0x01,0xd3,0x42,0xe4,0x01,0xe4,0x22,0xe4,0x02,0xe4,0x22,0xe4,0x02,0xe4,0x22,
0xe4,0x01,0xe4,0x22,0xe4,0x02,0xe4,0x22,0xe4,0x22,0xe4,0x22,0xe4,0x02,0xe4,0x22,
0xe4,0x22,0xe4,0x22,0xe4,0x22,0xe4,0x22,0xec,0x22,0xe4,0x22,0xe4,0x22,0xe4,0x22,
0xec,0x22,0xe4,0x22,0xe4,0x41,0xec,0xa3,0xec,0xc2,0xec,0xe2,0xec,0xc2,0xec,0xe3,
0xec,0xe2,0xed,0x02,0xec,0xe2,0xed,0x02,0xec,0xe2,0xed,0x02,0xec,0xe3,0xed,0x04,
0xe3,0x63,0xe3,0x42,0xe3,0x63,0xe3,0x42,0xe3,0x43,0xe3,0x42,0xe3,0x43,0xe3,0x42,
0xdb,0x62,0xeb,0x82,0xe3,0xa3,0xe3,0x82,0xe3,0xa3,0xe3,0x82,0xe3,0xa3,0xe3,0x82,
0xe3,0xa3,0xe3,0xa2,0xe3,0xa3,0xe3,0xa2,0xe3,0xa3,0xe3,0xa2,0xe3,0xa3,0xe3,0xa2,
0xe3,0xa3,0xe3,0xa2,0xe3,0xa3,0xe3,0xa2,0xdb,0x23,0xda,0xc1,0xd2,0xe2,0xda,0xc1,
0xd2,0xe2,0xda,0xc1,0xd3,0x02,0xdb,0x02,0xdb,0x22,0xdb,0x02,0xdb,0x22,0xdb,0x21,
0xdb,0x22,0xdb,0x22,0xdb,0x22,0xdb,0x22,0xdb,0x42,0xdb,0x22,0xdb,0x42,0xdb,0x22,
0xdb,0x43,0xda,0xe1,0xca,0xa2,0xd2,0xa2,0xd2,0xc2,0xd2,0xa1,0xca,0xc2,0xd2,0xc1,
0xca,0xc2,0xd2,0xc1,0xca,0xc2,0xd2,0xc1,0xca,0xc2,0xd2,0xc1,0xca,0xc2,0xd2,0xc1,
0xca,0xe2,0xd2,0xc2,0xca,0xe2,0xd2,0xc2,0xca,0xe2,0xd2,0xc1,0xca,0xe2,0xd2,0xe2,
0xd3,0x02,0xd2,0xe2,0xd3,0x02,0xd2,0xe1,0xd3,0x02,0xd2,0xe2,0xd3,0x02,0xd2,0xe2,
0xd3,0x02,0xd2,0xe1,0xca,0xe2,0xd2,0xe1,0xcb,0x02,0xd2,0xe1,0xca,0xe2,0xd2,0xe1,
0xcb,0x61,0xe3,0xc3,0xdc,0x03,0xe4,0x02,0xe4,0x22,0xe4,0x02,0xe4,0x22,0xe4,0x02,
0xdc,0x02,0xe4,0x02,0xe4,0x22,0xe4,0x02,0xdc,0x22,0xe4,0x02,0xe4,0x22,0xe4,0x02,
0xe4,0x22,0xe4,0x02,0xdc,0x22,0xe4,0x02,0xe4,0x22,0xe4,0x02,0xdc,0x22,0xe4,0x02,
0xe4,0x22,0xe4,0x02,0xe4,0xa2,0xec,0xc2,0xe4,0xc3,0xec,0xc2,0xe4,0xc3,0xec,0xc2,
0xe4,0xe3,0xec,0xe2,0xe4,0xe3,0xec,0xe2,0xe4,0xe3,0xec,0xe2,0xe4,0xe3,0xec,0xe3,
0xeb,0x42,0xe3,0x62,0xeb,0x42,0xe3,0x62,0xe3,0x42,0xe3,0x63,0xe3,0x42,0xe3,0x83,
0xeb,0x82,0xe3,0xa3,0xeb,0xa2,0xe3,0xa3,0xeb,0xa2,0xe3,0xa3,0xeb,0xa2,0xe3,0xa3,
0xeb,0xa2,0xe3,0xa3,0xe3,0xa2,0xe3,0xa3,0xe3,0xa2,0xe3,0xa3,0xeb,0xa2,0xe3,0xc3,
0xeb,0xa2,0xe3,0xc3,0xeb,0x82,0xdb,0x42,0xda,0xc1,0xda,0xe2,0xda,0xc1,0xda,0xe2,
0xda,0xe1,0xdb,0x02,0xdb,0x01,0xdb,0x22,0xdb,0x21,0xdb,0x22,0xdb,0x21,0xdb,0x22,
0xdb,0x21,0xdb,0x42,0xdb,0x21,0xdb,0x42,0xe3,0x21,0xdb,0x42,0xe3,0x21,0xdb,0x42,
0xda,0xe1,0xd2,0xc1,0xd2,0xc1,0xd2,0xc2,0xd2,0xc1,0xd2,0xc2,0xd2,0xc1,0xd2,0xc2,
0xd2,0xc1,0xd2,0xe2,0xd2,0xc1,0xd2,0xe2,0xd2,0xc1,0xd2,0xe2,0xd2,0xc1,0xd2,0xe2,
0xd2,0xc1,0xd2,0xe2,0xd2,0xc1,0xd2,0xe2,0xd2,0xc1,0xd2,0xe2,0xdb,0x01,0xd3,0x02,
0xdb,0x01,0xd3,0x02,0xd2,0xe1,0xd3,0x02,0xd2,0xe1,0xd3,0x02,0xd2,0xe1,0xd3,0x02,
0xd2,0xe1,0xd3,0x02,0xd2,0xe1,0xd3,0x02,0xd2,0xe1,0xcb,0x02,0xd2,0xe1,0xd3,0x42,
0xe3,0xe1,0xe4,0x22,0xe4,0x02,0xe4,0x22,0xe4,0x01,0xe4,0x22,0xe4,0x02,0xe4,0x22,
0xe4,0x02,0xe4,0x22,0xe4,0x02,0xe4,0x22,0xe4,0x01,0xe4,0x22,0xe4,0x02,0xe4,0x22,
0xe4,0x02,0xe4,0x22,0xe4,0x22,0xe4,0x22,0xe4,0x02,0xe4,0x22,0xe4,0x02,0xe4,0x22,
0xe4,0x41,0xec,0x83,0xec,0xc2,0xe4,0xe2,0xec,0xc2,0xe4,0xe2,0xec,0xc2,0xec,0xe2,
0xec,0xc2,0xec,0xe2,0xec,0xc2,0xec,0xe2,0xec,0xe2,0xed,0x02,0xec,0xc2,0xed,0x03,
0xe3,0x63,0xe3,0x42,0xe3,0x63,0xe3,0x42,0xe3,0x43,0xe3,0x42,0xdb,0x63,0xe3,0x83,
0xe3,0x83,0xeb,0x82,0xe3,0x83,0xe3,0x82,0xe3,0xa3,0xe3,0x82,0xe3,0xa3,0xe3,0x82,
0xe3,0xa3,0xe3,0x82,0xe3,0xa3,0xe3,0x82,0xe3,0xa3,0xe3,0x82,0xe3,0xa3,0xe3,0xa2,
0xe3,0xa3,0xe3,0x82,0xdb,0x03,0xda,0xc1,0xd2,0xc2,0xda,0xc1,0xd2,0xe2,0xda,0xe2,
0xdb,0x02,0xdb,0x02,0xd3,0x22,0xdb,0x01,0xdb,0x22,0xdb,0x02,0xdb,0x22,0xdb,0x22,
0xdb,0x22,0xdb,0x22,0xdb,0x22,0xdb,0x22,0xdb,0x42,0xdb,0x22,0xdb,0x43,0xd2,0xe1,
0xd2,0xc2,0xd2,0xa1,0xd2,0xc2,0xd2,0xa1,0xca,0xc2,0xd2,0xc1,0xca,0xc2,0xd2,0xc1,
0xca,0xc2,0xd2,0xc1,0xca,0xc2,0xd2,0xc2,0xca,0xe2,0xd2,0xc2,0xd2,0xe2,0xd2,0xc2,
0xca,0xe2,0xd2,0xc1,0xd2,0xe2,0xd2,0xc1,0xd3,0x02,0xd2,0xe1,0xd3,0x02,0xd2,0xe1,
0xd3,0x02,0xd2,0xe2,0xd3,0x02,0xd2,0xe1,0xd3,0x02,0xd2,0xe2,0xd3,0x02,0xd2,0xe2,
0xd3,0x02,0xd2,0xe1,0xca,0xe2,0xd2,0xe1,0xca,0xe2,0xd2,0xe1,0xcb,0x61,0xe3,0xc3,
0xdc,0x03,0xe4,0x02,0xdc,0x03,0xe4,0x02,0xdc,0x03,0xe4,0x02,0xdc,0x03,0xe4,0x02,
0xdc,0x03,0xe4,0x02,0xdc,0x03,0xe4,0x02,0xdc,0x22,0xe4,0x02,0xdc,0x02,0xe4,0x02,
0xe4,0x22,0xe4,0x02,0xe4,0x22,0xe4,0x02,0xdc,0x02,0xe4,0x02,0xdc,0x02,0xe4,0x02,
0xe4,0xa2,0xec,0xa2,0xe4,0xc3,0xec,0xc2,0xe4,0xc2,0xec,0xc2,0xe4,0xc3,0xec,0xc2,
0xe4,0xc3,0xec,0xc2,0xe4,0xc3,0xec,0xc2,0xe4,0xe3,0xec,0xc2,0xe4,0xe3,0xec,0xe3,
0xeb,0x42,0xe3,0x62,0xe3,0x42,0xe3,0x63,0xe3,0x42,0xe3,0x63,0xeb,0x82,0xe3,0xa3,
0xeb,0x82,0xe3,0xa3,0xeb,0x82,0xe3,0xa3,0xeb,0x82,0xe3,0xa3,0xeb,0x82,0xe3,0xa3,
0xeb,0xa2,0xe3,0xa3,0xeb,0x82,0xe3,0xa3,0xe3,0xa2,0xe3,0xa3,0xe3,0xa2,0xe3,0xa2,
0xeb,0x82,0xdb,0x21,0xda,0xc1,0xda,0xe2,0xda,0xc1,0xda,0xe2,0xdb,0x01,0xdb,0x02,
0xdb,0x01,0xdb,0x22,0xe3,0x01,0xdb,0x22,0xdb,0x21,0xdb,0x22,0xdb,0x21,0xdb,0x42,
0xe3,0x21,0xdb,0x42,0xdb,0x21,0xdb,0x42,0xe3,0x41,0xdb,0x42,0xda,0xe1,0xd2,0xc1,
0xd2,0xc1,0xd2,0xc2,0xd2,0xc1,0xd2,0xe2,0xd2,0xc1,0xd2,0xc2,0xd2,0xc1,0xd2,0xe2,
0xd2,0xc1,0xd2,0xe2,0xd2,0xc1,0xd2,0xe2,0xd2,0xc1,0xd2,0xe2,0xd2,0xc1,0xd2,0xe2,
0xd2,0xe1,0xd2,0xe2,0xd2,0xe1,0xd3,0x02,0xdb,0x01,0xd3,0x02,0xdb,0x01,0xd3,0x02,
0xdb,0x01,0xd3,0x02,0xd2,0xe1,0xd3,0x02,0xd2,0xe1,0xd3,0x02,0xd2,0xe1,0xd3,0x02,
0xd2,0xe1,0xd3,0x02,0xd2,0xe1,0xd3,0x02,0xd2,0xe1,0xd3,0x42,0xe3,0xe1,0xe4,0x22,
0xe4,0x02,0xe4,0x02,0xe4,0x02,0xe4,0x22,0xe4,0x02,0xe4,0x22,0xe4,0x02,0xe4,0x22,
0xe4,0x02,0xe4,0x22,0xe4,0x02,0xe4,0x22,0xe4,0x01,0xe4,0x22,0xe4,0x01,0xe4,0x22,
0xe4,0x01,0xe4,0x22,0xe4,0x01,0xe4,0x22,0xe4,0x01,0xe4,0x22,0xe4,0x41,0xe4,0x83,
0xec,0xc2,0xe4,0xc2,0xec,0xc2,0xe4,0xc2,0xec,0xc2,0xe4,0xc2,0xec,0xc2,0xe4,0xe2,
0xec,0xc2,0xec,0xc2,0xec,0xc2,0xec,0xc2,0xec,0xe2,0xed,0x02,0xec,0x63,0xdc,0x42,
0xe3,0x63,0xe3,0x42,0xe3,0x43,0xe3,0x42,0xdb,0x63,0xe3,0x62,0xe3,0x83,0xe3,0x62,
0xe3,0x83,0xe3,0x82,0xe3,0x83,0xe3,0x82,0xe3,0xa3,0xe3,0x82,0xe3,0xa3,0xe3,0x82,
0xe3,0xa3,0xe3,0x82,0xe3,0xa3,0xe3,0x82,0xdb,0xa3,0xe3,0x82,0xdb,0xa3,0xe3,0x82,
0xdb,0x03,0xda,0xc1,0xd2,0xc2,0xda,0xc1,0xd2,0xe2,0xda,0xe2,0xdb,0x02,0xdb,0x02,
0xd3,0x22,0xdb,0x02,0xdb,0x22,0xdb,0x02,0xdb,0x22,0xdb,0x22,0xdb,0x22,0xdb,0x22,
0xdb,0x22,0xdb,0x22,0xdb,0x42,0xdb,0x22,0xdb,0x43,0xdb,0x01,0xd2,0xc2,0xd2,0xa1,
0xd2,0xc2,0xd2,0xa1,0xca,0xc2,0xd2,0xc1,0xca,0xc2,0xd2,0xc1,0xca,0xc2,0xd2,0xc1,
0xca,0xc2,0xd2,0xc2,0xca,0xe2,0xd2,0xc2,0xd2,0xe2,0xd2,0xc1,0xd2,0xe2,0xd2,0xc1,
0xd2,0xe2,0xd2,0xe2,0xd3,0x02,0xd2,0xe1,0xd3,0x02,0xd2,0xe1,0xd3,0x02,0xd2,0xe1,
0xd3,0x02,0xd2,0xe2,0xd3,0x02,0xd2,0xe2,0xd3,0x02,0xd2,0xe2,0xd3,0x02,0xd2,0xe2,
0xd3,0x02,0xd2,0xe1,0xca,0xe2,0xd2,0xe1,0xcb,0x61,0xe3,0xc3,0xdc,0x03,0xe3,0xe2,
0xdc,0x02,0xe3,0xe2,0xdc,0x03,0xe4,0x02,0xdc,0x03,0xe4,0x02,0xdc,0x02,0xe4,0x02,
0xdc,0x03,0xe4,0x02,0xdc,0x03,0xe4,0x02,0xdc,0x02,0xe4,0x02,0xdc,0x02,0xe4,0x02,
0xdc,0x02,0xe4,0x02,0xdc,0x02,0xe4,0x02,0xdc,0x02,0xe4,0x02,0xe4,0x82,0xec,0xa2,
0xe4,0xc3,0xec,0xa2,0xe4,0xc3,0xec,0xa2,0xe4,0xc3,0xec,0xa2,0xe4,0xc2,0xec,0xc2,
0xe4,0xc3,0xec,0xa2,0xe4,0xc3,0xec,0xc2,0xe4,0xe3,0xe4,0xa1,0xd3,0x82,0xdb,0xa3,
0xeb,0x42,0xe3,0x62,0xe3,0x42,0xe3,0x62,0xeb,0x82,0xe3,0x83,0xeb,0x82,0xe3,0x82,
0xeb,0x82,0xe3,0x82,0xeb,0x82,0xe3,0x83,0xe3,0x82,0xe3,0xa3,0xeb,0x82,0xe3,0xa3,
0xeb,0x82,0xe3,0xa3,0xeb,0x82,0xe3,0xa3,0xe3,0xa2,0xe3,0xa3,0xeb,0x62,0xdb,0x21,
0xda,0xc1,0xda,0xe2,0xda,0xc1,0xda,0xe2,0xdb,0x01,0xdb,0x22,0xe3,0x01,0xdb,0x22,
0xdb,0x01,0xdb,0x22,0xdb,0x21,0xdb,0x22,0xdb,0x21,0xdb,0x22,0xdb,0x21,0xdb,0x42,
0xdb,0x21,0xdb,0x42,0xe3,0x21,0xdb,0x42,0xda,0xe2,0xd2,0xc1,0xda,0xc1,0xd2,0xc2,
0xd2,0xc1,0xd2,0xe2,0xd2,0xc1,0xd2,0xe2,0xd2,0xc1,0xd2,0xe2,0xd2,0xc1,0xd2,0xe2,
0xd2,0xc1,0xd2,0xe2,0xd2,0xe1,0xd2,0xe2,0xd2,0xe1,0xd2,0xe2,0xd2,0xe1,0xd3,0x02,
0xd2,0xe1,0xd3,0x02,0xdb,0x01,0xd3,0x02,0xdb,0x01,0xd3,0x02,0xdb,0x01,0xd3,0x02,
0xd2,0xe1,0xd3,0x02,0xd2,0xe1,0xd3,0x02,0xd2,0xe1,0xd3,0x02,0xd2,0xe1,0xd3,0x02,
0xd2,0xe1,0xd3,0x02,0xd2,0xe1,0xd3,0x42,0xe3,0xe2,0xe4,0x03,0xe4,0x02,0xe4,0x02,
0xe4,0x02,0xe4,0x02,0xe4,0x02,0xe4,0x02,0xe4,0x02,0xe4,0x02,0xe4,0x02,0xe4,0x02,
0xe4,0x02,0xe4,0x22,0xe4,0x02,0xe4,0x22,0xe4,0x01,0xe4,0x02,0xe4,0x02,0xe4,0x02,
0xe4,0x01,0xe4,0x22,0xe4,0x01,0xe4,0x02,0xe4,0x21,0xe4,0x83,0xec,0xa2,0xe4,0xc3,
0xec,0xa2,0xe4,0xc2,0xec,0xa2,0xe4,0xc2,0xec,0xa2,0xe4,0xc2,0xec,0xc2,0xe4,0xc2,
0xec,0xc2,0xe4,0xc2,0xec,0xc2,0xec,0xc2,0xec,0x63,0xd3,0xa0,0xd3,0x41,0xdb,0xc3,
0xe3,0x63,0xe3,0x42,0xdb,0x63,0xe3,0x62,0xe3,0x83,0xe3,0x62,0xe3,0x83,0xe3,0x62,
0xe3,0x83,0xe3,0x62,0xe3,0x83,0xe3,0x62,0xe3,0x83,0xe3,0x83,0xe3,0xa3,0xe3,0x82,
0xe3,0xa3,0xe3,0x83,0xe3,0xa3,0xe3,0x82,0xe3,0xa3,0xe3,0x82,0xdb,0x02,0xda,0xc1,
0xd2,0xc2,0xda,0xc1,0xd2,0xe2,0xda,0xe2,0xdb,0x02,0xdb,0x02,0xdb,0x02,0xdb,0x02,
0xdb,0x22,0xdb,0x02,0xd3,0x22,0xdb,0x22,0xdb,0x22,0xdb,0x22,0xdb,0x22,0xdb,0x22,
0xdb,0x42,0xdb,0x21,0xdb,0x43,0xdb,0x01,0xd2,0xc2,0xd2,0xc1,0xd2,0xc2,0xd2,0xc1,
0xca,0xc2,0xd2,0xc2,0xd2,0xe2,0xd2,0xc2,0xd2,0xe2,0xd2,0xc2,0xd2,0xe2,0xd2,0xc2,
0xd2,0xe2,0xd2,0xc1,0xd2,0xe2,0xd2,0xc1,0xd2,0xe2,0xd2,0xc1,0xd3,0x02,0xd2,0xe2,
0xd3,0x02,0xd2,0xe1,0xd3,0x02,0xd2,0xe1,0xd3,0x02,0xd2,0xe1,0xd3,0x02,0xd2,0xe1,
0xd3,0x02,0xd2,0xe2,0xd3,0x02,0xd2,0xe2,0xd3,0x02,0xd2,0xe2,0xd3,0x02,0xd2,0xe2,
0xcb,0x02,0xd2,0xe2,0xd3,0x41,0xe3,0xc3,0xdc,0x03,0xe3,0xe2,0xe4,0x02,0xe3,0xe2,
0xdc,0x02,0xe3,0xe2,0xdc,0x02,0xe3,0xe2,0xdc,0x02,0xe3,0xe2,0xdc,0x02,0xe3,0xe2,
0xdc,0x02,0xe4,0x02,0xdc,0x03,0xe4,0x02,0xdc,0x02,0xe3,0xe2,0xdc,0x02,0xe3,0xe2,
0xdc,0x02,0xe3,0xe2,0xdc,0x02,0xe4,0x02,0xe4,0x82,0xec,0x82,0xe4,0xc3,0xec,0xa2,
0xe4,0xa2,0xec,0xa2,0xe4,0xc3,0xec,0xa2,0xe4,0xc3,0xec,0xa2,0xe4,0xc3,0xec,0xa2,
0xe4,0xc3,0xec,0xa2,0xe4,0xc3,0xe4,0x82,0xd3,0x62,0xd3,0x21,0xcb,0x42,0xdb,0xa3,
0xe3,0x42,0xe3,0x62,0xe3,0x62,0xe3,0x83,0xeb,0x82,0xe3,0x83,0xeb,0x82,0xe3,0x83,
0xeb,0x82,0xe3,0x83,0xeb,0x82,0xe3,0x83,0xeb,0x82,0xe3,0x83,0xeb,0x82,0xe3,0xa3,
0xe3,0x82,0xe3,0xa3,0xeb,0x82,0xe3,0xa2,0xeb,0x62,0xdb,0x21,0xda,0xc1,0xda,0xe2,
0xda,0xc1,0xda,0xe2,0xda,0xe1,0xdb,0x02,0xdb,0x01,0xdb,0x22,0xdb,0x01,0xdb,0x22,
0xe3,0x01,0xdb,0x22,0xdb,0x21,0xdb,0x22,0xdb,0x21,0xdb,0x22,0xe3,0x21,0xdb,0x42,
0xe3,0x21,0xdb,0x42,0xda,0xe2,0xd2,0xc1,0xda,0xc1,0xd2,0xc2,0xda,0xc1,0xd2,0xc2,
0xd2,0xc1,0xd2,0xe2,0xd2,0xc1,0xd2,0xe2,0xd2,0xc1,0xd2,0xe2,0xd2,0xc1,0xd2,0xe2,
0xda,0xe1,0xd3,0x02,0xd2,0xe1,0xd2,0xe2,0xd2,0xe1,0xd3,0x02,0xd2,0xe1,0xd3,0x02,
0xdb,0x01,0xd3,0x02,0xdb,0x01,0xd3,0x02,0xdb,0x01,0xd3,0x02,0xdb,0x01,0xd3,0x02,
0xd2,0xe1,0xd3,0x02,0xd2,0xe1,0xd3,0x02,0xd2,0xe1,0xd3,0x02,0xd3,0x01,0xd3,0x02,
0xd2,0xe1,0xd3,0x42,0xe3,0xe2,0xe4,0x03,0xe3,0xe2,0xdc,0x02,0xe3,0xe2,0xdc,0x02,
0xe3,0xe1,0xe4,0x02,0xe4,0x02,0xe4,0x02,0xe3,0xe2,0xdc,0x02,0xe4,0x02,0xe4,0x02,
0xe4,0x02,0xe4,0x02,0xe4,0x02,0xe4,0x02,0xe4,0x02,0xe4,0x02,0xe4,0x02,0xe4,0x02,
0xe4,0x02,0xe4,0x02,0xe4,0x21,0xe4,0x63,0xec,0x82,0xe4,0xa2,0xec,0xa2,0xe4,0xc2,
0xec,0xa2,0xe4,0xc2,0xec,0xa2,0xe4,0xc2,0xec,0xa2,0xe4,0xc2,0xec,0xa2,0xe4,0xc2,
0xec,0xa2,0xe4,0xc2,0xec,0x63,0xcb,0xa0,0xd3,0x21,0xcb,0x42,0xd3,0x41,0xdb,0xc3,
0xe3,0x43,0xe3,0x42,0xe3,0x63,0xe3,0x62,0xe3,0x83,0xe3,0x62,0xe3,0x83,0xe3,0x62,
0xe3,0x83,0xe3,0x62,0xe3,0x83,0xe3,0x62,0xe3,0x83,0xe3,0x62,0xe3,0x83,0xe3,0x82,
0xe3,0x83,0xe3,0x82,0xe3,0xa3,0xe3,0x62,0xda,0xe2,0xda,0xc1,0xd2,0xe2,0xda,0xc1,
0xd2,0xe2,0xda,0xe2,0xdb,0x02,0xdb,0x02,0xdb,0x02,0xdb,0x02,0xdb,0x02,0xdb,0x02,
0xd3,0x22,0xdb,0x01,0xdb,0x22,0xdb,0x22,0xdb,0x22,0xdb,0x22,0xdb,0x22,0xdb,0x22,
0xdb,0x43,0xdb,0x01,0xd2,0xc2,0xd2,0xc1,0xd2,0xc2,0xd2,0xc1,0xd2,0xc2,0xd2,0xc2,
0xd2,0xe2,0xd2,0xc2,0xd2,0xe2,0xd2,0xc1,0xd2,0xe2,0xd2,0xc1,0xd2,0xe2,0xd2,0xe2,
0xd2,0xe2,0xd2,0xe2,0xd2,0xe2,0xd2,0xe1,0xd2,0xe2,0xd2,0xe1,0xd3,0x02,0xd3,0x02,
0xd3,0x02,0xd2,0xe1,0xd3,0x02,0xd2,0xe1,0xd3,0x02,0xd2,0xe1,0xd3,0x02,0xd2,0xe2,
0xd3,0x02,0xd2,0xe1,0xd3,0x02,0xd2,0xe2,0xd3,0x02,0xd2,0xe2,0xcb,0x02,0xd2,0xe2,
0xd3,0x41,0xe3,0xa3,0xdb,0xe3,0xe3,0xe2,0xdb,0xe3,0xe3,0xe2,0xdb,0xe3,0xe3,0xe2,
0xdc,0x02,0xe3,0xe2,0xdc,0x02,0xe3,0xe2,0xdb,0xe3,0xe3,0xe2,0xdb,0xe3,0xe3,0xe2,
0xdc,0x02,0xe3,0xe2,0xdc,0x02,0xe3,0xe2,0xdc,0x02,0xe3,0xe2,0xdc,0x02,0xe3,0xe2,
0xdc,0x02,0xe4,0x02,0xe4,0x82,0xec,0x82,0xe4,0xa3,0xec,0x82,0xe4,0xa3,0xec,0x82,
0xe4,0xa2,0xe4,0xa2,0xe4,0xa3,0xec,0x82,0xe4,0xc3,0xec,0xa2,0xe4,0xc3,0xec,0xa2,
0xe4,0xa3,0xe4,0x41,0xd3,0x62,0xd3,0x21,0xcb,0x42,0xd3,0x21,0xcb,0x42,0xdb,0xa3,
0xe3,0x42,0xe3,0x62,0xeb,0x62,0xe3,0x83,0xeb,0x62,0xe3,0x83,0xe3,0x62,0xe3,0x83,
0xe3,0x62,0xe3,0x83,0xe3,0x62,0xe3,0x83,0xe3,0x62,0xe3,0x83,0xe3,0x82,0xe3,0xa3,
0xe3,0x82,0xe3,0xa3,0xeb,0x62,0xd3,0x21,0xda,0xc1,0xda,0xe2,0xda,0xc1,0xda,0xe2,
0xda,0xe1,0xdb,0x02,0xda,0xe1,0xdb,0x02,0xdb,0x01,0xdb,0x22,0xdb,0x01,0xdb,0x02,
0xdb,0x21,0xdb,0x22,0xdb,0x21,0xdb,0x22,0xdb,0x21,0xdb,0x22,0xe3,0x21,0xdb,0x42,
0xda,0xe2,0xd2,0xc1,0xda,0xc1,0xd2,0xc2,0xda,0xc1,0xd2,0xe2,0xda,0xc1,0xd2,0xe2,
0xd2,0xc1,0xd2,0xe2,0xda,0xe1,0xd2,0xe2,0xda,0xe1,0xd2,0xe2,0xda,0xe1,0xd3,0x02,
0xda,0xe1,0xd3,0x02,0xda,0xe1,0xd3,0x02,0xda,0xe1,0xd3,0x02,0xdb,0x01,0xd3,0x22,
0xda,0xe1,0xd3,0x02,0xdb,0x01,0xd3,0x02,0xdb,0x01,0xd3,0x02,0xdb,0x01,0xd3,0x02,
0xd2,0xe1,0xd3,0x02,0xd2,0xe1,0xd3,0x02,0xd2,0xe1,0xd3,0x02,0xd3,0x01,0xd3,0x42,
0xe3,0xc2,0xe4,0x03,0xe3,0xe2,0xe4,0x02,0xe3,0xe2,0xe4,0x02,0xe3,0xe2,0xe4,0x02,
0xe3,0xe1,0xe4,0x02,0xe3,0xe1,0xdc,0x02,0xe3,0xe2,0xdc,0x02,0xe3,0xe2,0xdc,0x02,
0xe4,0x02,0xe4,0x02,0xe4,0x02,0xdc,0x02,0xe3,0xe1,0xe4,0x02,0xe4,0x02,0xe4,0x02,
0xe4,0x01,0xe4,0x63,0xec,0x82,0xe4,0xa2,0xec,0x82,0xe4,0xa2,0xec,0x82,0xe4,0xa2,
0xec,0xa2,0xe4,0xc2,0xec,0xa2,0xe4,0xa2,0xec,0xa2,0xe4,0xc3,0xec,0xa2,0xe4,0xc3,
0xec,0x43,0xcb,0xa1,0xd3,0x21,0xcb,0x42,0xd3,0x21,0xcb,0x42,0xd3,0x41,0xdb,0xc3,
0xe3,0x43,0xe3,0x42,0xe3,0x63,0xe3,0x62,0xe3,0x83,0xe3,0x62,0xe3,0x83,0xe3,0x62,
0xe3,0x83,0xe3,0x62,0xe3,0x83,0xe3,0x62,0xe3,0x83,0xe3,0x62,0xe3,0x83,0xe3,0x62,
0xe3,0x83,0xe3,0x62,0xda,0xe2,0xda,0xc1,0xd2,0xc2,0xda,0xc1,0xd2,0xe2,0xda,0xc1,
0xd3,0x02,0xda,0xe1,0xdb,0x02,0xdb,0x02,0xdb,0x02,0xdb,0x02,0xd3,0x22,0xdb,0x02,
0xd3,0x22,0xdb,0x01,0xdb,0x22,0xdb,0x22,0xdb,0x22,0xdb,0x22,0xdb,0x23,0xdb,0x01,
0xd2,0xc2,0xd2,0xc1,0xd2,0xc2,0xd2,0xc2,0xd2,0xc2,0xd2,0xc2,0xd2,0xe2,0xd2,0xc1,
0xd2,0xe2,0xd2,0xc1,0xd2,0xe2,0xd2,0xc1,0xd2,0xe2,0xd2,0xe2,0xd2,0xe2,0xd2,0xe2,
0xd2,0xe2,0xd2,0xe2,0xd3,0x02,0xd2,0xe1,0xd3,0x02,0xda,0xe2,0xd3,0x02,0xd3,0x02,
0xd3,0x02,0xd2,0xe1,0xd3,0x02,0xd2,0xe1,0xd3,0x02,0xd2,0xe1,0xd3,0x02,0xd2,0xe2,
0xd3,0x02,0xd2,0xe1,0xd3,0x02,0xd2,0xe2,0xcb,0x02,0xd2,0xe1,0xcb,0x61,0xe3,0xc3,
0xdb,0xe2,0xe3,0xe2,0xdb,0xe2,0xe3,0xe2,0xdb,0xe3,0xe3,0xe2,0xdb,0xe2,0xe3,0xe2,
0xdb,0xe3,0xe3,0xe2,0xdc,0x02,0xe3,0xe2,0xdb,0xe3,0xe3,0xe2,0xdb,0xe3,0xe3,0xe2,
0xdb,0xe3,0xe3,0xe2,0xdc,0x02,0xe3,0xe2,0xdc,0x02,0xe3,0xe2,0xdc,0x02,0xe3,0xe2,
0xe4,0x62,0xec,0x82,0xe4,0xa3,0xe4,0x82,0xe4,0x83,0xec,0x82,0xe4,0xa3,0xec,0x82,
0xe4,0xa3,0xec,0x82,0xe4,0xa3,0xec,0x82,0xe4,0xa3,0xec,0xa2,0xe4,0xa3,0xe4,0x41,
0xd3,0x62,0xd3,0x21,0xcb,0x42,0xd3,0x21,0xcb,0x22,0xd3,0x21,0xcb,0x42,0xdb,0xa3,
0xe3,0x42,0xe3,0x62,0xe3,0x62,0xe3,0x63,0xe3,0x62,0xe3,0x82,0xe3,0x62,0xe3,0x82,
0xe3,0x62,0xe3,0x82,0xe3,0x62,0xe3,0x83,0xe3,0x62,0xe3,0x83,0xe3,0x62,0xe3,0x83,
0xe3,0x42,0xdb,0x01,0xda,0xc1,0xda,0xe2,0xda,0xc1,0xda,0xe2,0xda,0xe1,0xdb,0x02,
0xdb,0x01,0xdb,0x02,0xdb,0x01,0xdb,0x02,0xdb,0x01,0xdb,0x02,0xe3,0x01,0xdb,0x22,
0xdb,0x21,0xdb,0x22,0xdb,0x21,0xdb,0x42,0xe3,0x21,0xdb,0x42,0xda,0xe1,0xd2,0xc1,
0xda,0xc1,0xd2,0xe2,0xda,0xc1,0xd2,0xe2,0xda,0xc1,0xd2,0xe2,0xda,0xe1,0xd2,0xe2,
0xda,0xe1,0xd3,0x02,0xda,0xe1,0xd3,0x02,0xda,0xe1,0xd3,0x02,0xda,0xe1,0xd3,0x02,
0xda,0xe1,0xd3,0x02,0xda,0xe1,0xd3,0x02,0xdb,0x01,0xd3,0x02,0xdb,0x01,0xd3,0x22,
0xdb,0x01,0xd3,0x02,0xdb,0x01,0xd3,0x02,0xdb,0x01,0xd3,0x02,0xd2,0xe1,0xd3,0x02,
0xd2,0xe1,0xd3,0x02,0xd2,0xe1,0xd3,0x02,0xd3,0x01,0xd3,0x62,0xe3,0xe2,0xe3,0xe2,
0xe3,0xe2,0xe3,0xe2,0xe3,0xe2,0xe3,0xe2,0xe3,0xe2,0xe3,0xe2,0xe3,0xe2,0xe3,0xe2,
0xe3,0xe2,0xe3,0xe2,0xe3,0xe2,0xdc,0x02,0xe3,0xe2,0xe4,0x02,0xe3,0xe2,0xdc,0x02,
0xe3,0xe2,0xdc,0x02,0xe3,0xe1,0xdc,0x02,0xe3,0xe1,0xe4,0x02,0xe4,0x01,0xe4,0x63,
0xec,0x82,0xe4,0xa2,0xec,0x82,0xe4,0x82,0xec,0x82,0xe4,0xa2,0xec,0xa2,0xe4,0xa2,
0xec,0x82,0xe4,0xa2,0xec,0x82,0xe4,0xa2,0xec,0xa2,0xe4,0xa2,0xec,0x23,0xcb,0x81,
0xd3,0x21,0xd3,0x42,0xd3,0x21,0xcb,0x42,0xd3,0x21,0xd3,0x42,0xd3,0x21,0xdb,0xc3,
0xe3,0x43,0xe3,0x42,0xe3,0x63,0xe3,0x62,0xe3,0x63,0xe3,0x62,0xe3,0x63,0xe3,0x62,
0xe3,0x63,0xe3,0x62,0xdb,0x63,0xe3,0x62,0xe3,0x83,0xe3,0x62,0xe3,0x83,0xe3,0x62,
0xda,0xe2,0xda,0xc1,0xd2,0xc2,0xda,0xc1,0xd2,0xe2,0xda,0xc1,0xd2,0xe2,0xda,0xc1,
0xd3,0x02,0xda,0xe1,0xdb,0x02,0xda,0xe2,0xdb,0x02,0xdb,0x02,0xdb,0x22,0xdb,0x02,
0xdb,0x22,0xdb,0x22,0xd3,0x22,0xdb,0x22,0xdb,0x22,0xdb,0x01,0xd2,0xc2,0xd2,0xc2,
0xd2,0xc2,0xd2,0xc2,0xd2,0xc2,0xda,0xc2,0xd2,0xe2,0xd2,0xc1,0xd2,0xe2,0xd2,0xc1,
0xd2,0xe2,0xd2,0xe2,0xd2,0xe2,0xd2,0xe2,0xd2,0xe2,0xd2,0xe2,0xd3,0x02,0xda,0xe2,
0xd3,0x02,0xd2,0xe1,0xd3,0x02,0xda,0xe2,0xd3,0x02,0xda,0xe2,0xd3,0x02,0xd3,0x02,
0xd3,0x02,0xd2,0xe1,0xd3,0x02,0xd2,0xe1,0xd3,0x02,0xd2,0xe1,0xd3,0x02,0xd2,0xe2,
0xd3,0x02,0xd2,0xe2,0xd3,0x02,0xd2,0xe1,0xd3,0x62,0xe3,0xa3,0xdb,0xe3,0xe3,0xe2,
0xdb,0xe3,0xe3,0xe2,0xdb,0xe2,0xe3,0xe2,0xdb,0xe2,0xe3,0xc2,0xdb,0xe2,0xe3,0xe2,
0xdb,0xe2,0xe3,0xe2,0xdb,0xe2,0xe3,0xe2,0xdb,0xe2,0xe3,0xe2,0xdb,0xe2,0xe3,0xe2,
0xdb,0xe3,0xe3,0xe2,0xdc,0x02,0xe3,0xe2,0xdc,0x02,0xe3,0xe2,0xdc,0x62,0xe4,0x62,
0xe4,0x83,0xe4,0x62,0xe4,0x83,0xe4,0x62,0xe4,0x83,0xe4,0x82,0xe4,0xa2,0xec,0x82,
0xe4,0xa2,0xe4,0x82,0xe4,0x83,0xe4,0x82,0xe4,0x83,0xe4,0x41,0xd3,0x62,0xd3,0x21,
0xcb,0x42,0xd3,0x21,0xcb,0x42,0xd3,0x21,0xcb,0x22,0xd3,0x21,0xcb,0x42,0xdb,0xa3,
0xe3,0x42,0xe3,0x63,0xe3,0x62,0xe3,0x62,0xe3,0x62,0xe3,0x63,0xe3,0x62,0xe3,0x63,
0xe3,0x62,0xe3,0x82,0xe3,0x62,0xe3,0x82,0xe3,0x62,0xe3,0x83,0xe3,0x42,0xdb,0x02,
0xda,0xc1,0xda,0xe2,0xda,0xc1,0xda,0xe2,0xda,0xe1,0xda,0xe2,0xda,0xe1,0xda,0xe2,
0xdb,0x01,0xdb,0x22,0xdb,0x01,0xdb,0x22,0xdb,0x01,0xdb,0x02,0xdb,0x21,0xdb,0x22,
0xdb,0x21,0xdb,0x42,0xdb,0x21,0xdb,0x42,0xda,0xe1,0xd2,0xe2,0xda,0xc1,0xd2,0xe2,
0xda,0xc1,0xd2,0xe2,0xda,0xc1,0xd2,0xe2,0xda,0xe1,0xd2,0xe2,0xda,0xe1,0xd3,0x02,
0xda,0xe1,0xd3,0x02,0xda,0xe1,0xd3,0x02,0xda,0xe1,0xd3,0x02,0xda,0xe1,0xd3,0x02,
0xda,0xe1,0xd3,0x02,0xdb,0x01,0xd3,0x02,0xdb,0x01,0xd3,0x22,0xdb,0x01,0xd3,0x02,
0xdb,0x01,0xd3,0x02,0xdb,0x01,0xd3,0x02,0xdb,0x01,0xd3,0x02,0xd2,0xe1,0xd3,0x02,
0xd2,0xe1,0xd3,0x02,0xd3,0x01,0xd3,0x42,0xe3,0xc2,0xe3,0xe2,0xe3,0xe2,0xe3,0xe2,
0xe3,0xe2,0xe3,0xe2,0xe3,0xe2,0xe3,0xe2,0xe3,0xe1,0xdb,0xe2,0xe3,0xe1,0xe3,0xe2,
0xe3,0xe2,0xe3,0xe2,0xe3,0xe2,0xdb,0xe2,0xe3,0xe2,0xe3,0xe2,0xe3,0xe2,0xdb,0xe2,
0xe3,0xe2,0xdc,0x02,0xe3,0xe1,0xdc,0x02,0xe4,0x01,0xe4,0x42,0xec,0x82,0xe4,0x82,
0xec,0x82,0xe4,0x82,0xec,0x82,0xe4,0x82,0xec,0x82,0xe4,0xa3,0xec,0x82,0xe4,0xa2,
0xec,0x82,0xe4,0xa2,0xec,0x82,0xe4,0xa2,0xe4,0x23,0xcb,0x81,0xd3,0x21,0xd3,0x22,
0xd3,0x21,0xcb,0x42,0xd3,0x21,0xcb,0x41,0xd3,0x21,0xcb,0x41,0xd3,0x21,0xdb,0xa3,
0xe3,0x43,0xe3,0x42,0xdb,0x63,0xe3,0x42,0xdb,0x63,0xe3,0x42,0xdb,0x63,0xe3,0x62,
0xe3,0x63,0xe3,0x62,0xe3,0x63,0xe3,0x62,0xdb,0x63,0xe3,0x42,0xda,0xe2,0xda,0xc1,
0xd2,0xc2,0xda,0xc2,0xd2,0xe2,0xda,0xc1,0xd2,0xe2,0xda,0xc1,0xd2,0xe2,0xda,0xc1,
0xd3,0x02,0xda,0xe2,0xdb,0x02,0xdb,0x02,0xdb,0x02,0xdb,0x02,0xd3,0x22,0xdb,0x02,
0xdb,0x22,0xdb,0x22,0xdb,0x23,0xdb,0x01,0xd2,0xc2,0xd2,0xc2,0xd2,0xc2,0xda,0xc2,
0xd2,0xe2,0xd2,0xc2,0xd2,0xe2,0xda,0xc1,0xd2,0xe2,0xd2,0xe2,0xd2,0xe2,0xd2,0xe2,
0xd2,0xe2,0xd2,0xe2,0xd3,0x02,0xd2,0xe2,0xd3,0x02,0xd2,0xe1,0xd3,0x02,0xda,0xe2,
0xd3,0x02,0xda,0xe2,0xd3,0x02,0xda,0xe2,0xd3,0x02,0xd3,0x02,0xd3,0x02,0xd2,0xe1,
0xd3,0x02,0xd2,0xe1,0xd3,0x02,0xd2,0xe1,0xd3,0x02,0xd2,0xe1,0xd3,0x02,0xd2,0xe2,
0xd3,0x02,0xd2,0xe1,0xd3,0x62,0xe3,0xa3,0xdb,0xe3,0xe3,0xe2,0xdb,0xe3,0xe3,0xc2,
0xdb,0xe3,0xe3,0xc2,0xdb,0xe3,0xe3,0xe2,0xdb,0xe2,0xe3,0xc2,0xdb,0xe2,0xe3,0xc2,
0xdb,0xe2,0xe3,0xe2,0xdb,0xe2,0xe3,0xe2,0xdb,0xe2,0xe3,0xe2,0xdb,0xe2,0xe3,0xe2,
0xdb,0xe2,0xe3,0xe2,0xdb,0xe2,0xe3,0xe2,0xdc,0x62,0xe4,0x62,0xe4,0x83,0xe4,0x62,
0xe4,0x83,0xe4,0x62,0xe4,0x83,0xe4,0x62,0xe4,0x83,0xe4,0x82,0xe4,0xa2,0xe4,0x82,
0xe4,0x83,0xe4,0x82,0xe4,0x83,0xe4,0x42,0xd3,0x62,0xd3,0x21,0xcb,0x22,0xd3,0x21,
0xcb,0x22,0xd3,0x21,0xcb,0x42,0xd3,0x21,0xcb,0x22,0xd3,0x21,0xcb,0x42,0xdb,0xa3,
0xe3,0x42,0xe3,0x62,0xe3,0x62,0xe3,0x62,0xe3,0x62,0xe3,0x62,0xe3,0x62,0xe3,0x62,
0xe3,0x62,0xe3,0x63,0xe3,0x62,0xe3,0x82,0xe3,0x42,0xd3,0x01,0xda,0xc1,0xda,0xc2,
0xda,0xc1,0xda,0xe2,0xda,0xe1,0xda,0xe2,0xda,0xe1,0xda,0xe2,0xda,0xe1,0xdb,0x02,
0xdb,0x01,0xdb,0x22,0xdb,0x01,0xdb,0x22,0xdb,0x01,0xdb,0x22,0xdb,0x21,0xdb,0x22,
0xdb,0x21,0xdb,0x22,0xda,0xe2,0xd2,0xe2,0xda,0xc1,0xd2,0xe2,0xda,0xe1,0xd2,0xe2,
0xda,0xe1,0xd2,0xe2,0xda,0xe1,0xd2,0xe2,0xda,0xe1,0xd3,0x02,0xda,0xe1,0xd3,0x02,
0xda,0xe1,0xd3,0x02,0xda,0xe1,0xd3,0x02,0xdb,0x01,0xd3,0x02,0xdb,0x01,0xd3,0x22,
0xdb,0x01,0xd3,0x02,0xdb,0x01,0xd3,0x02,0xdb,0x01,0xd3,0x22,0xda,0xe1,0xd3,0x02,
0xdb,0x01,0xd3,0x02,0xdb,0x01,0xd3,0x02,0xdb,0x01,0xd3,0x02,0xd2,0xe1,0xd3,0x02,
0xd3,0x01,0xd3,0x42,0xe3,0xc2,0xe3,0xe2,0xe3,0xe2,0xdb,0xe2,0xe3,0xc2,0xdb,0xe2,
0xe3,0xe2,0xdb,0xe2,0xe3,0xe2,0xdb,0xe2,0xe3,0xe2,0xdb,0xe2,0xe3,0xe1,0xdb,0xe2,
0xe3,0xe1,0xdb,0xe2,0xe3,0xe2,0xdb,0xe2,0xe3,0xe1,0xdb,0xe2,0xe3,0xe2,0xdb,0xe2,
0xe3,0xe2,0xdb,0xe2,0xe4,0x01,0xe4,0x42,0xec,0x62,0xe4,0x62,0xec,0x62,0xe4,0x82,
0xec,0x62,0xe4,0x82,0xec,0x62,0xe4,0x82,0xec,0x62,0xe4,0x82,0xec,0x82,0xe4,0x82,
0xec,0x82,0xe4,0x82,0xe4,0x23,0xcb,0x81,0xd3,0x21,0xcb,0x42,0xd3,0x21,0xd3,0x22,
0xd3,0x21,0xd3,0x22,0xd3,0x21,0xcb,0x41,0xd3,0x21,0xcb,0x41,0xd3,0x21,0xdb,0xc3,
0xe3,0x43,0xe3,0x42,0xdb,0x63,0xe3,0x42,0xdb,0x63,0xe3,0x42,0xdb,0x63,0xe3,0x42,
0xdb,0x63,0xe3,0x62,0xe3,0x63,0xe3,0x22,0xda,0xe2,0xda,0xc1,0xda,0xe2,0xda,0xc2,
0xd2,0xe2,0xda,0xc1,0xd2,0xe2,0xda,0xc1,0xd2,0xe2,0xda,0xc1,0xda,0xe2,0xda,0xe2,
0xdb,0x02,0xdb,0x02,0xdb,0x02,0xdb,0x02,0xdb,0x02,0xdb,0x02,0xd3,0x22,0xdb,0x22,
0xdb,0x22,0xdb,0x01,0xd2,0xe2,0xd2,0xc1,0xd2,0xe2,0xda,0xc2,0xd2,0xe2,0xda,0xc2,
0xd2,0xe2,0xda,0xc2,0xd2,0xe2,0xd2,0xe2,0xd2,0xe2,0xd2,0xe2,0xd2,0xe2,0xd2,0xe2,
0xd3,0x02,0xda,0xe1,0xd3,0x02,0xda,0xe2,0xd3,0x02,0xda,0xe2,0xd3,0x02,0xdb,0x02,
0xd3,0x02,0xda,0xe2,0xd3,0x02,0xda,0xe2,0xd3,0x02,0xd3,0x02,0xd3,0x02,0xd2,0xe1,
0xd3,0x02,0xd2,0xe1,0xd3,0x02,0xd2,0xe1,0xd3,0x02,0xd2,0xe2,0xd3,0x02,0xd2,0xe1,
0xd3,0x41,0xe3,0xa2,0xdb,0xe2,0xe3,0xc2,0xdb,0xe3,0xe3,0xc2,0xdb,0xe2,0xe3,0xc2,
0xdb,0xe3,0xe3,0xc2,0xdb,0xe3,0xe3,0xc2,0xdb,0xe3,0xe3,0xc2,0xdb,0xe3,0xe3,0xc2,
0xdb,0xe2,0xe3,0xc2,0xdb,0xe2,0xdb,0xc2,0xdb,0xe2,0xe3,0xc2,0xdb,0xe2,0xe3,0xe2,
0xdb,0xe2,0xe3,0xe2,0xdc,0x42,0xe4,0x42,0xe4,0x63,0xe4,0x42,0xe4,0x62,0xe4,0x62,
0xe4,0x83,0xe4,0x62,0xe4,0x83,0xe4,0x62,0xe4,0x82,0xe4,0x62,0xe4,0x82,0xe4,0x82,
0xe4,0x83,0xe4,0x21,0xd3,0x62,0xd3,0x21,0xcb,0x42,0xd3,0x21,0xcb,0x22,0xd3,0x21,
0xcb,0x22,0xd3,0x21,0xcb,0x22,0xd3,0x21,0xcb,0x22,0xd3,0x21,0xcb,0x42,0xdb,0xa3,
0xe3,0x42,0xe3,0x62,0xeb,0x42,0xe3,0x62,0xeb,0x42,0xe3,0x62,0xe3,0x62,0xe3,0x62,
0xe3,0x62,0xe3,0x63,0xe3,0x22,0xda,0xe1,0xda,0xc1,0xda,0xe2,0xda,0xc1,0xda,0xe2,
0xda,0xc1,0xda,0xe2,0xda,0xe1,0xda,0xe2,0xda,0xe1,0xdb,0x02,0xda,0xe1,0xdb,0x02,
0xdb,0x01,0xdb,0x22,0xdb,0x01,0xdb,0x22,0xdb,0x21,0xdb,0x22,0xdb,0x21,0xdb,0x22,
0xda,0xe1,0xd2,0xe1,0xda,0xc1,0xd2,0xe2,0xda,0xc1,0xd2,0xe2,0xda,0xe1,0xd3,0x02,
0xda,0xe1,0xd3,0x02,0xda,0xe1,0xd3,0x02,0xda,0xe1,0xd3,0x02,0xda,0xe1,0xd3,0x02,
0xdb,0x01,0xd3,0x02,0xdb,0x01,0xd3,0x02,0xdb,0x01,0xd3,0x22,0xdb,0x01,0xd3,0x22,
0xdb,0x01,0xd3,0x02,0xdb,0x01,0xd3,0x02,0xdb,0x01,0xd3,0x22,0xda,0xe1,0xd3,0x02,
0xdb,0x01,0xd3,0x02,0xdb,0x01,0xd3,0x02,0xdb,0x01,0xd3,0x02,0xd3,0x01,0xd3,0x42,
0xe3,0xc1,0xdb,0xe2,0xe3,0xc2,0xdb,0xe2,0xe3,0xe2,0xdb,0xe2,0xe3,0xc2,0xdb,0xe2,
0xe3,0xc2,0xdb,0xe2,0xe3,0xe2,0xdb,0xe2,0xe3,0xe2,0xdb,0xe2,0xe3,0xe2,0xdb,0xe2,
0xe3,0xe1,0xdb,0xe2,0xe3,0xe2,0xdb,0xe2,0xe3,0xe2,0xdb,0xe2,0xe3,0xe2,0xdb,0xe2,
0xe3,0xe1,0xe4,0x42,0xe4,0x41,0xe4,0x62,0xe4,0x61,0xe4,0x62,0xe4,0x61,0xe4,0x82,
0xec,0x62,0xe4,0x82,0xec,0x62,0xe4,0x82,0xec,0x62,0xe4,0x82,0xec,0x61,0xe4,0x82,
0xe4,0x23,0xcb,0x81,0xd3,0x21,0xd3,0x22,0xd3,0x21,0xcb,0x42,0xd3,0x21,0xd3,0x22,
0xd3,0x21,0xcb,0x42,0xd3,0x21,0xd3,0x21,0xd3,0x21,0xcb,0x41,0xd3,0x21,0xdb,0xc3,
0xe3,0x43,0xe3,0x42,0xe3,0x43,0xe3,0x42,0xdb,0x63,0xe3,0x42,0xdb,0x63,0xe3,0x42,
0xdb,0x63,0xdb,0x22,0xd2,0xc2,0xda,0xc1,0xd2,0xc2,0xda,0xc2,0xd2,0xc2,0xda,0xc2,
0xd2,0xe2,0xda,0xc1,0xd2,0xe2,0xda,0xc1,0xd2,0xe2,0xda,0xe2,0xd3,0x02,0xda,0xe2,
0xdb,0x02,0xdb,0x02,0xdb,0x02,0xda,0xe2,0xd3,0x22,0xdb,0x02,0xdb,0x22,0xdb,0x01,
0xd2,0xe2,0xda,0xc1,0xd2,0xe2,0xda,0xc2,0xd2,0xe2,0xd2,0xe2,0xd2,0xe2,0xda,0xe2,
0xd2,0xe2,0xda,0xc2,0xd3,0x02,0xda,0xe2,0xd3,0x02,0xda,0xe2,0xd3,0x02,0xda,0xe2,
0xd3,0x02,0xda,0xe2,0xd3,0x02,0xdb,0x02,0xd3,0x02,0xdb,0x02,0xd3,0x02,0xda,0xe2,
0xd3,0x02,0xda,0xe2,0xd3,0x02,0xd3,0x02,0xd3,0x02,0xd2,0xe1,0xd3,0x02,0xd2,0xe1,
0xd3,0x02,0xd2,0xe1,0xd3,0x02,0xd2,0xe1,0xd3,0x02,0xd2,0xe1,0xd3,0x42,0xe3,0xa3,
0xdb,0xc3,0xe3,0xc2,0xdb,0xe3,0xe3,0xc2,0xdb,0xe3,0xe3,0xc2,0xdb,0xc3,0xe3,0xc2,
0xdb,0xe3,0xe3,0xc2,0xdb,0xe3,0xe3,0xc2,0xdb,0xe2,0xe3,0xc2,0xdb,0xe3,0xe3,0xc2,
0xdb,0xe3,0xe3,0xc2,0xdb,0xe3,0xe3,0xc2,0xdb,0xe3,0xe3,0xc2,0xdb,0xe2,0xe3,0xe2,
0xdc,0x42,0xe4,0x42,0xdc,0x42,0xe4,0x42,0xe4,0x62,0xe4,0x42,0xdc,0x62,0xe4,0x42,
0xdc,0x62,0xe4,0x62,0xe4,0x62,0xe4,0x62,0xe4,0x82,0xe4,0x62,0xe4,0x62,0xdc,0x21,
0xd3,0x62,0xd3,0x21,0xcb,0x22,0xd3,0x21,0xcb,0x22,0xd3,0x21,0xcb,0x22,0xd3,0x21,
0xcb,0x22,0xd3,0x21,0xcb,0x22,0xd3,0x21,0xcb,0x22,0xd3,0x01,0xcb,0x22,0xdb,0x83,
0xe3,0x42,0xe3,0x62,0xe3,0x42,0xe3,0x62,0xe3,0x42,0xe3,0x62,0xe3,0x42,0xe3,0x62,
0xe3,0x22,0xd2,0xe1,0xda,0xc1,0xda,0xe2,0xda,0xc1,0xda,0xe2,0xda,0xc1,0xda,0xe2,
0xda,0xe1,0xda,0xe2,0xda,0xe1,0xda,0xe2,0xda,0xe1,0xdb,0x02,0xda,0xe1,0xdb,0x02,
0xdb,0x01,0xdb,0x22,0xdb,0x01,0xdb,0x22,0xdb,0x21,0xdb,0x22,0xda,0xe1,0xd2,0xe1,
0xda,0xe1,0xd2,0xe2,0xda,0xe1,0xd2,0xe2,0xda,0xe1,0xd3,0x02,0xda,0xe1,0xd3,0x02,
0xda,0xe1,0xd3,0x02,0xda,0xe1,0xd3,0x02,0xdb,0x01,0xd3,0x02,0xdb,0x01,0xd3,0x02,
0xdb,0x01,0xd3,0x02,0xdb,0x01,0xd3,0x22,0xdb,0x01,0xd3,0x22,0xdb,0x01,0xd3,0x02,
0xdb,0x01,0xd3,0x02,0xdb,0x01,0xd3,0x22,0xdb,0x01,0xd3,0x02,0xdb,0x01,0xd3,0x02,
0xdb,0x01,0xd3,0x02,0xdb,0x01,0xd3,0x02,0xd3,0x01,0xd3,0x42,0xe3,0xa1,0xdb,0xc2,
0xe3,0xc2,0xdb,0xe2,0xe3,0xc2,0xdb,0xe2,0xe3,0xc2,0xdb,0xe2,0xe3,0xc2,0xdb,0xe2,
0xe3,0xc2,0xdb,0xe2,0xe3,0xc2,0xdb,0xe2,0xe3,0xc2,0xdb,0xe2,0xe3,0xc2,0xdb,0xe2,
0xe3,0xe2,0xdb,0xe2,0xe3,0xc2,0xdb,0xe2,0xe3,0xe2,0xdb,0xe2,0xe3,0xe1,0xe4,0x22,
0xe4,0x42,0xe4,0x62,0xe4,0x42,0xe4,0x62,0xe4,0x62,0xe4,0x62,0xe4,0x42,0xe4,0x62,
0xe4,0x42,0xe4,0x62,0xe4,0x62,0xe4,0x82,0xe4,0x61,0xe4,0x82,0xe4,0x02,0xcb,0x81,
0xd3,0x21,0xd3,0x21,0xd3,0x21,0xd3,0x21,0xd3,0x21,0xd3,0x22,0xd3,0x21,0xd3,0x22,
0xd3,0x21,0xcb,0x42,0xd3,0x21,0xcb,0x41,0xd3,0x21,0xcb,0x21,0xd3,0x21,0xdb,0xa3,
0xe3,0x43,0xe3,0x42,0xdb,0x43,0xe3,0x22,0xdb,0x43,0xe3,0x42,0xe3,0x43,0xe3,0x22,
0xda,0xc2,0xda,0xa1,0xd2,0xc2,0xda,0xc1,0xd2,0xc2,0xda,0xc2,0xd2,0xe2,0xda,0xc2,
0xd2,0xe2,0xda,0xc2,0xd2,0xe2,0xda,0xe2,0xda,0xe2,0xda,0xe2,0xd3,0x02,0xda,0xe2,
0xdb,0x02,0xdb,0x02,0xd3,0x22,0xdb,0x02,0xdb,0x22,0xda,0xe1,0xd2,0xe2,0xda,0xc2,
0xd2,0xe2,0xda,0xc2,0xd2,0xe2,0xda,0xc2,0xd2,0xe2,0xda,0xe2,0xd3,0x02,0xda,0xe2,
0xd3,0x02,0xda,0xe1,0xd3,0x02,0xda,0xe2,0xd3,0x02,0xda,0xe2,0xd3,0x02,0xda,0xe2,
0xd3,0x02,0xdb,0x02,0xd3,0x02,0xdb,0x02,0xd3,0x02,0xdb,0x02,0xd3,0x02,0xda,0xe2,
0xd3,0x02,0xda,0xe2,0xd3,0x02,0xd3,0x02,0xd3,0x02,0xd2,0xe1,0xd3,0x02,0xd2,0xe1,
0xd3,0x02,0xd2,0xe1,0xd3,0x02,0xd2,0xe2,0xd3,0x42,0xe3,0x82,0xdb,0xc2,0xe3,0xa2,
0xdb,0xc2,0xe3,0xa2,0xdb,0xe3,0xe3,0xc2,0xdb,0xe3,0xe3,0xc2,0xdb,0xe3,0xe3,0xc2,
0xdb,0xe3,0xe3,0xc2,0xdb,0xc2,0xe3,0xc2,0xdb,0xe2,0xe3,0xc2,0xdb,0xe2,0xe3,0xc2,
0xdb,0xe2,0xe3,0xc2,0xdb,0xe2,0xe3,0xc2,0xdb,0xe2,0xe3,0xe2,0xdc,0x22,0xe4,0x42,
0xdc,0x42,0xe4,0x42,0xdc,0x42,0xe4,0x42,0xdc,0x63,0xe4,0x42,0xe4,0x63,0xe4,0x42,
0xe4,0x63,0xe4,0x42,0xdc,0x63,0xe4,0x62,0xe4,0x63,0xdc,0x21,0xd3,0x62,0xd3,0x21,
0xcb,0x22,0xd3,0x21,0xcb,0x22,0xd3,0x21,0xcb,0x22,0xd3,0x21,0xcb,0x22,0xd3,0x21,
0xcb,0x22,0xd3,0x21,0xcb,0x22,0xd3,0x21,0xcb,0x22,0xd3,0x01,0xcb,0x22,0xdb,0x83,
0xe3,0x42,0xe3,0x42,0xe3,0x42,0xe3,0x42,0xe3,0x42,0xdb,0x62,0xe3,0x02,0xda,0xc1,
0xda,0xc1,0xda,0xc2,0xda,0xc1,0xda,0xe2,0xda,0xc1,0xda,0xe2,0xda,0xc1,0xda,0xe2,
0xda,0xc1,0xda,0xe2,0xda,0xe1,0xdb,0x02,0xda,0xe1,0xdb,0x02,0xdb,0x01,0xdb,0x02,
0xdb,0x01,0xdb,0x22,0xdb,0x21,0xdb,0x22,0xda,0xe1,0xd2,0xe1,0xda,0xe1,0xd2,0xe2,
0xda,0xe1,0xd2,0xe2,0xda,0xe1,0xdb,0x02,0xda,0xe1,0xd3,0x02,0xda,0xe1,0xd3,0x02,
0xda,0xe1,0xd3,0x02,0xdb,0x01,0xd3,0x02,0xdb,0x01,0xd3,0x22,0xdb,0x01,0xd3,0x22,
0xdb,0x01,0xd3,0x22,0xdb,0x01,0xd3,0x22,0xdb,0x01,0xd3,0x22,0xdb,0x01,0xd3,0x02,
0xdb,0x01,0xd3,0x02,0xdb,0x01,0xd3,0x22,0xda,0xe1,0xd3,0x02,0xdb,0x01,0xd3,0x02,
0xdb,0x01,0xd3,0x02,0xd3,0x01,0xd3,0x42,0xe3,0xa1,0xdb,0xc2,0xe3,0xa1,0xdb,0xc2,
0xe3,0xc2,0xdb,0xc2,0xe3,0xc2,0xdb,0xe2,0xe3,0xc2,0xdb,0xc2,0xe3,0xc2,0xdb,0xe2,
0xe3,0xc2,0xdb,0xe2,0xe3,0xc2,0xdb,0xc2,0xe3,0xc1,0xdb,0xe2,0xe3,0xc2,0xdb,0xe2,
0xe3,0xc2,0xdb,0xe2,0xe3,0xc2,0xdb,0xe2,0xe3,0xe1,0xe4,0x22,0xe4,0x42,0xe4,0x42,
0xe4,0x42,0xe4,0x42,0xe4,0x42,0xe4,0x42,0xe4,0x42,0xe4,0x62,0xe4,0x42,0xe4,0x62,
0xe4,0x42,0xe4,0x62,0xe4,0x61,0xe4,0x62,0xe4,0x02,0xcb,0x81,0xd3,0x21,0xd3,0x22,
0xd3,0x21,0xd3,0x21,0xd3,0x21,0xcb,0x41,0xd3,0x21,0xd3,0x21,0xd3,0x21,0xd3,0x22,
0xd3,0x21,0xcb,0x42,0xd3,0x21,0xcb,0x41,0xd3,0x21,0xcb,0x21,0xd3,0x21,0xdb,0xa3,
0xdb,0x43,0xe3,0x22,0xdb,0x43,0xe3,0x22,0xdb,0x43,0xdb,0x02,0xd2,0xc2,0xda,0xa2,
0xd2,0xc2,0xda,0xc1,0xd2,0xc2,0xda,0xc1,0xd2,0xc2,0xda,0xc1,0xda,0xe2,0xda,0xc2,
0xd2,0xe2,0xda,0xc2,0xd2,0xe2,0xda,0xe2,0xd3,0x02,0xda,0xe2,0xdb,0x02,0xda,0xe2,
0xdb,0x02,0xda,0xe2,0xd3,0x22,0xda,0xe2,0xd2,0xe2,0xda,0xc2,0xd2,0xe2,0xda,0xc2,
0xd2,0xe2,0xda,0xc2,0xd2,0xe2,0xda,0xe1,0xd3,0x02,0xda,0xe2,0xd3,0x02,0xda,0xe2,
0xd3,0x02,0xda,0xe2,0xd3,0x02,0xda,0xe2,0xd3,0x02,0xdb,0x02,0xd3,0x02,0xdb,0x02,
0xd3,0x02,0xdb,0x02,0xd3,0x02,0xdb,0x02,0xd3,0x22,0xdb,0x02,0xd3,0x02,0xda,0xe2,
0xd3,0x02,0xda,0xe2,0xd3,0x02,0xd3,0x02,0xd3,0x02,0xd2,0xe1,0xd3,0x02,0xd2,0xe1,
0xd3,0x02,0xd2,0xe1,0xd3,0x62,0xdb,0x82,0xdb,0xc2,0xdb,0xa2,0xdb,0xc2,0xdb,0xa2,
0xdb,0xc2,0xe3,0xa2,0xdb,0xc2,0xe3,0xa2,0xdb,0xc2,0xe3,0xa2,0xdb,0xc2,0xe3,0xc2,
0xdb,0xe3,0xdb,0xc2,0xdb,0xc2,0xe3,0xa2,0xdb,0xc2,0xdb,0xc2,0xdb,0xc2,0xe3,0xc2,
0xdb,0xe2,0xdb,0xc2,0xdb,0xc2,0xe3,0xc2,0xdc,0x22,0xe4,0x22,0xe4,0x43,0xe4,0x22,
0xe4,0x43,0xe4,0x22,0xe4,0x43,0xe4,0x22,0xdc,0x42,0xe4,0x42,0xdc,0x42,0xe4,0x42,
0xdc,0x42,0xe4,0x42,0xe4,0x43,0xe4,0x01,0xd3,0x62,0xd3,0x21,0xcb,0x22,0xd3,0x21,
0xcb,0x22,0xd3,0x21,0xcb,0x22,0xd3,0x21,0xcb,0x22,0xd3,0x21,0xcb,0x22,0xd3,0x01,
0xcb,0x22,0xd3,0x01,0xcb,0x22,0xd3,0x21,0xcb,0x22,0xd3,0x01,0xcb,0x22,0xdb,0xa3,
0xe3,0x42,0xe3,0x42,0xe3,0x42,0xe3,0x42,0xe3,0x02,0xda,0xe1,0xda,0xc1,0xda,0xc2,
0xda,0xc1,0xda,0xe2,0xda,0xc1,0xda,0xe2,0xda,0xc1,0xda,0xe2,0xda,0xc1,0xda,0xe2,
0xda,0xe1,0xda,0xe2,0xda,0xe1,0xdb,0x02,0xda,0xe1,0xdb,0x02,0xdb,0x01,0xdb,0x02,
0xdb,0x01,0xdb,0x22,0xda,0xe2,0xd2,0xe2,0xda,0xe1,0xdb,0x02,0xda,0xe1,0xdb,0x02,
0xda,0xe1,0xdb,0x02,0xda,0xe1,0xd3,0x02,0xda,0xe1,0xd3,0x02,0xdb,0x01,0xd3,0x02,
0xdb,0x01,0xdb,0x22,0xdb,0x01,0xd3,0x22,0xdb,0x01,0xd3,0x22,0xdb,0x01,0xd3,0x22,
0xdb,0x01,0xd3,0x22,0xdb,0x01,0xd3,0x22,0xdb,0x01,0xd3,0x22,0xdb,0x01,0xd3,0x02,
0xdb,0x01,0xd3,0x02,0xdb,0x01,0xd3,0x22,0xdb,0x01,0xd3,0x02,0xdb,0x01,0xd3,0x02,
0xdb,0x01,0xdb,0x22,0xe3,0xa2,0xdb,0xc2,0xe3,0xa1,0xdb,0xc2,0xe3,0xa1,0xdb,0xc2,
0xe3,0xa1,0xdb,0xc2,0xe3,0xc2,0xdb,0xc2,0xe3,0xc2,0xdb,0xc2,0xe3,0xc2,0xdb,0xe2,
0xe3,0xc2,0xdb,0xe2,0xe3,0xc2,0xdb,0xc2,0xe3,0xc2,0xdb,0xc2,0xe3,0xc1,0xdb,0xe2,
0xe3,0xc2,0xdb,0xe2,0xe3,0xc1,0xe4,0x03,0xe4,0x22,0xdc,0x42,0xe4,0x42,0xe4,0x42,
0xe4,0x42,0xe4,0x42,0xe4,0x42,0xe4,0x42,0xe4,0x41,0xe4,0x62,0xe4,0x42,0xe4,0x42,
0xe4,0x42,0xe4,0x62,0xe3,0xe2,0xcb,0x81,0xd3,0x21,0xd3,0x21,0xd3,0x21,0xd3,0x21,
0xd3,0x21,0xcb,0x22,0xd3,0x21,0xcb,0x41,0xd3,0x21,0xd3,0x22,0xd3,0x21,0xcb,0x22,
0xd3,0x21,0xcb,0x21,0xd3,0x21,0xcb,0x41,0xd3,0x21,0xcb,0x21,0xd3,0x21,0xdb,0xa3,
0xdb,0x43,0xe3,0x22,0xdb,0x43,0xdb,0x01,0xd2,0xc2,0xda,0xa1,0xd2,0xc2,0xda,0xc2,
0xd2,0xc2,0xda,0xa1,0xd2,0xc2,0xda,0xc1,0xd2,0xc2,0xda,0xc2,0xd2,0xe2,0xda,0xc1,
0xd2,0xe2,0xda,0xc1,0xd3,0x02,0xda,0xe1,0xd3,0x02,0xda,0xe2,0xdb,0x02,0xda,0xe2,
0xdb,0x02,0xda,0xe1,0xd2,0xe2,0xda,0xe2,0xd2,0xe2,0xda,0xe2,0xd2,0xe2,0xda,0xe1,
0xd2,0xe2,0xda,0xe2,0xd3,0x02,0xda,0xe2,0xd3,0x02,0xda,0xe2,0xd3,0x02,0xdb,0x02,
0xd3,0x02,0xdb,0x02,0xd3,0x22,0xdb,0x02,0xd3,0x22,0xdb,0x02,0xd3,0x02,0xdb,0x02,
0xd3,0x02,0xdb,0x02,0xd3,0x02,0xdb,0x02,0xd3,0x02,0xda,0xe2,0xd3,0x02,0xda,0xe2,
0xd3,0x02,0xd3,0x02,0xd3,0x02,0xd2,0xe1,0xd3,0x02,0xd2,0xe1,0xd3,0x02,0xd2,0xe2,
0xd3,0x62,0xe3,0x82,0xdb,0xc2,0xdb,0xa2,0xdb,0xa2,0xdb,0xa2,0xdb,0xc2,0xdb,0xa2,
0xdb,0xc2,0xdb,0xa2,0xdb,0xc2,0xdb,0xa2,0xdb,0xc2,0xdb,0xa2,0xdb,0xc2,0xdb,0xc2,
0xdb,0xc2,0xdb,0xa2,0xdb,0xc2,0xe3,0xa2,0xdb,0xc2,0xdb,0xc2,0xdb,0xc2,0xdb,0xc2,
0xdb,0xc2,0xe3,0xc2,0xdc,0x02,0xe4,0x22,0xdc,0x43,0xe4,0x22,0xdc,0x42,0xe4,0x22,
0xdc,0x42,0xe4,0x22,0xe4,0x43,0xe4,0x22,0xdc,0x43,0xe4,0x22,0xe4,0x43,0xe4,0x22,
0xe4,0x43,0xdb,0xe1,0xd3,0x42,0xd3,0x21,0xcb,0x22,0xd3,0x21,0xcb,0x22,0xd3,0x21,
0xcb,0x22,0xd3,0x01,0xcb,0x22,0xd3,0x01,0xcb,0x22,0xd3,0x01,0xcb,0x22,0xd3,0x01,
0xcb,0x22,0xcb,0x21,0xcb,0x22,0xcb,0x21,0xcb,0x22,0xd3,0x01,0xcb,0x22,0xdb,0x83,
0xe3,0x42,0xe3,0x42,0xe3,0x02,0xda,0xc1,0xda,0xc1,0xda,0xc2,0xda,0xc1,0xd2,0xc2,
0xda,0xc1,0xda,0xc2,0xda,0xc1,0xda,0xe2,0xda,0xc1,0xda,0xe2,0xda,0xc1,0xda,0xe2,
0xda,0xe1,0xda,0xe2,0xda,0xe1,0xdb,0x02,0xda,0xe1,0xdb,0x02,0xdb,0x01,0xdb,0x02,
0xda,0xe1,0xdb,0x02,0xda,0xe1,0xdb,0x02,0xda,0xe1,0xdb,0x02,0xda,0xe1,0xdb,0x02,
0xdb,0x01,0xd3,0x02,0xdb,0x01,0xd3,0x02,0xdb,0x01,0xd3,0x02,0xdb,0x01,0xdb,0x22,
0xdb,0x01,0xd3,0x22,0xdb,0x21,0xdb,0x22,0xdb,0x21,0xd3,0x22,0xdb,0x01,0xd3,0x22,
0xdb,0x01,0xd3,0x22,0xdb,0x01,0xd3,0x22,0xdb,0x01,0xd3,0x02,0xdb,0x01,0xd3,0x02,
0xdb,0x01,0xd3,0x22,0xdb,0x01,0xd3,0x02,0xdb,0x01,0xd3,0x02,0xdb,0x01,0xdb,0x42,
0xe3,0xa2,0xdb,0xc2,0xe3,0xa2,0xdb,0xa2,0xe3,0xa2,0xdb,0xa2,0xe3,0xa2,0xdb,0xc2,
0xe3,0xa1,0xdb,0xc2,0xe3,0xa2,0xdb,0xc2,0xe3,0xa2,0xdb,0xc2,0xe3,0xa2,0xdb,0xc2,
0xe3,0xc2,0xdb,0xc2,0xe3,0xa1,0xdb,0xc2,0xe3,0xc2,0xdb,0xe2,0xe3,0xc2,0xdb,0xe2,
0xe3,0xc1,0xe4,0x02,0xe4,0x22,0xe4,0x42,0xe4,0x22,0xe4,0x42,0xe4,0x22,0xdc,0x42,
0xe4,0x22,0xe4,0x42,0xe4,0x42,0xe4,0x42,0xe4,0x42,0xe4,0x42,0xe4,0x22,0xdc,0x42,
0xe3,0xc2,0xcb,0x61,0xd3,0x21,0xd3,0x21,0xd3,0x21,0xd3,0x21,0xd3,0x21,0xd3,0x21,
0xd3,0x21,0xcb,0x22,0xd3,0x21,0xcb,0x22,0xd3,0x21,0xcb,0x22,0xd3,0x21,0xcb,0x22,
0xd3,0x21,0xcb,0x21,0xd3,0x21,0xcb,0x21,0xd3,0x21,0xcb,0x22,0xd3,0x21,0xdb,0xa3,
0xdb,0x43,0xdb,0x01,0xd2,0xc2,0xda,0xa2,0xd2,0xc2,0xda,0xa2,0xd2,0xc2,0xda,0xc2,
0xd2,0xc2,0xda,0xc1,0xd2,0xc2,0xda,0xc1,0xd2,0xe2,0xda,0xc1,0xd2,0xe2,0xda,0xc1,
0xd2,0xe2,0xda,0xc1,0xd3,0x02,0xda,0xe2,0xd3,0x02,0xda,0xe2,0xd2,0xe2,0xda,0xc2,
0xd2,0xe2,0xda,0xe2,0xd2,0xe2,0xda,0xe1,0xd2,0xe2,0xda,0xe2,0xd2,0xe2,0xda,0xe2,
0xd3,0x02,0xda,0xe2,0xd3,0x02,0xdb,0x02,0xd3,0x02,0xdb,0x02,0xd3,0x02,0xdb,0x02,
0xd3,0x22,0xdb,0x02,0xd3,0x22,0xdb,0x02,0xd3,0x22,0xdb,0x02,0xd3,0x02,0xdb,0x02,
0xd3,0x02,0xdb,0x02,0xd3,0x02,0xdb,0x02,0xd3,0x02,0xda,0xe2,0xd3,0x02,0xda,0xe2,
0xd3,0x02,0xd3,0x02,0xd3,0x02,0xd2,0xe1,0xd3,0x02,0xd2,0xe1,0xd3,0x42,0xe3,0x82,
0xdb,0xa2,0xdb,0xa2,0xdb,0xa2,0xdb,0xa2,0xdb,0xa2,0xdb,0xa2,0xdb,0xa2,0xdb,0xa2,
0xdb,0xc2,0xdb,0xa2,0xdb,0xa3,0xdb,0xa2,0xdb,0xc2,0xdb,0xa2,0xdb,0xc2,0xdb,0xa2,
0xdb,0xc2,0xdb,0xa2,0xdb,0xc2,0xdb,0xa2,0xdb,0xc2,0xdb,0xc2,0xdb,0xc2,0xe3,0xc2,
0xdc,0x02,0xe4,0x02,0xdc,0x22,0xe4,0x22,0xdc,0x22,0xe4,0x22,0xdc,0x42,0xe4,0x22,
0xdc,0x42,0xe4,0x22,0xdc,0x42,0xe4,0x22,0xdc,0x42,0xe4,0x22,0xdc,0x43,0xdb,0xe1,
0xd3,0x42,0xd3,0x21,0xcb,0x22,0xd3,0x21,0xcb,0x22,0xd3,0x21,0xcb,0x22,0xd3,0x21,
0xcb,0x22,0xd3,0x01,0xcb,0x22,0xd3,0x01,0xcb,0x22,0xd3,0x01,0xcb,0x22,0xd3,0x01,
0xcb,0x22,0xcb,0x21,0xcb,0x22,0xd3,0x01,0xcb,0x22,0xcb,0x01,0xcb,0x22,0xdb,0x83,
0xe2,0xe2,0xda,0xc2,0xda,0xc1,0xda,0xc2,0xda,0xc1,0xda,0xc2,0xda,0xc1,0xda,0xc2,
0xda,0xc1,0xda,0xe2,0xda,0xc1,0xda,0xe2,0xda,0xc1,0xda,0xe2,0xda,0xc1,0xda,0xe2,
0xda,0xe1,0xdb,0x02,0xda,0xe1,0xdb,0x02,0xda,0xe1,0xd2,0xe2,0xda,0xe1,0xdb,0x02,
0xda,0xe1,0xdb,0x02,0xda,0xe1,0xdb,0x02,0xdb,0x01,0xd3,0x02,0xdb,0x01,0xd3,0x02,
0xdb,0x01,0xdb,0x22,0xdb,0x01,0xdb,0x22,0xdb,0x01,0xdb,0x22,0xdb,0x21,0xdb,0x22,
0xdb,0x21,0xdb,0x22,0xdb,0x21,0xdb,0x22,0xdb,0x01,0xd3,0x22,0xdb,0x01,0xd3,0x22,
0xdb,0x01,0xd3,0x22,0xdb,0x01,0xd3,0x02,0xdb,0x01,0xd3,0x02,0xdb,0x01,0xd3,0x02,
0xdb,0x01,0xd3,0x22,0xdb,0x01,0xd3,0x02,0xd3,0x01,0xd3,0x42,0xdb,0xa2,0xdb,0xa2,
0xe3,0xa2,0xdb,0xa2,0xe3,0xa2,0xdb,0xa2,0xe3,0xa2,0xdb,0xa2,0xe3,0xa2,0xdb,0xa2,
0xe3,0xa2,0xdb,0xc2,0xe3,0xa2,0xdb,0xc2,0xe3,0xa2,0xdb,0xa2,0xe3,0xa1,0xdb,0xc2,
0xe3,0xa1,0xdb,0xc2,0xe3,0xa1,0xdb,0xc2,0xe3,0xa1,0xdb,0xc2,0xe3,0xc1,0xdc,0x02,
0xe4,0x02,0xe4,0x22,0xe4,0x22,0xe4,0x42,0xe4,0x22,0xdc,0x22,0xe4,0x22,0xe4,0x42,
0xe4,0x21,0xe4,0x42,0xe4,0x22,0xe4,0x42,0xe4,0x22,0xdc,0x42,0xe3,0xc2,0xcb,0x61,
0xd3,0x21,0xd3,0x22,0xd3,0x21,0xcb,0x22,0xd3,0x21,0xcb,0x22,0xd3,0x21,0xd3,0x21,
0xd3,0x21,0xcb,0x22,0xd3,0x21,0xcb,0x22,0xd3,0x21,0xcb,0x22,0xd3,0x21,0xcb,0x22,
0xd3,0x21,0xcb,0x21,0xd3,0x21,0xcb,0x21,0xd3,0x21,0xcb,0x21,0xcb,0x21,0xdb,0xa3,
0xd2,0xc2,0xda,0xa2,0xd2,0xc2,0xda,0xa1,0xd2,0xc2,0xda,0xc1,0xd2,0xc2,0xda,0xc2,
0xd2,0xc2,0xda,0xc1,0xd2,0xc2,0xda,0xc1,0xd2,0xc2,0xda,0xc2,0xd2,0xe2,0xda,0xc2,
0xd2,0xe2,0xda,0xc2,0xd2,0xe2,0xda,0xe2,0xd2,0xe2,0xda,0xc2,0xd2,0xe2,0xda,0xe2,
0xd2,0xe2,0xda,0xe2,0xd3,0x02,0xda,0xe2,0xd3,0x02,0xda,0xe2,0xd3,0x02,0xda,0xe2,
0xd3,0x02,0xdb,0x02,0xd3,0x02,0xdb,0x02,0xd3,0x22,0xdb,0x02,0xd3,0x22,0xdb,0x02,
0xd3,0x22,0xdb,0x02,0xd3,0x22,0xdb,0x02,0xd3,0x02,0xdb,0x02,0xd3,0x02,0xdb,0x02,
0xd3,0x02,0xdb,0x02,0xd3,0x02,0xda,0xe2,0xd3,0x02,0xda,0xe2,0xd3,0x02,0xda,0xe2,
0xd3,0x02,0xd3,0x02,0xd3,0x02,0xd2,0xe2,0xd3,0x42,0xe3,0x62,0xdb,0xa3,0xe3,0x82,
0xdb,0xa2,0xe3,0x82,0xdb,0xa2,0xdb,0x82,0xdb,0xa2,0xdb,0xa2,0xdb,0xa2,0xdb,0xa2,
0xdb,0xa2,0xdb,0xa2,0xdb,0xa2,0xdb,0xa2,0xdb,0xa2,0xdb,0xa2,0xdb,0xa2,0xdb,0xa2,
0xdb,0xc2,0xdb,0xa2,0xdb,0xa2,0xdb,0xa2,0xdb,0xc2,0xdb,0xc2,0xdc,0x02,0xe4,0x02,
0xdc,0x23,0xe4,0x02,0xdc,0x23,0xe4,0x02,0xdc,0x22,0xe4,0x02,0xdc,0x22,0xe4,0x02,
0xdc,0x22,0xe4,0x22,0xdc,0x22,0xe4,0x22,0xdc,0x22,0xdb,0xe1,0xd3,0x42,0xd3,0x01,
0xcb,0x22,0xd3,0x21,0xcb,0x22,0xd3,0x01,0xcb,0x22,0xd3,0x01,0xcb,0x22,0xd3,0x21,
0xcb,0x22,0xd3,0x01,0xcb,0x22,0xd3,0x01,0xcb,0x22,0xd3,0x01,0xcb,0x22,0xd3,0x01,
0xcb,0x22,0xcb,0x21,0xcb,0x22,0xd3,0x01,0xcb,0x22,0xcb,0x01,0xcb,0x21,0xdb,0x83,
0xda,0xc1,0xda,0xc2,0xda,0xc1,0xda,0xc2,0xda,0xc1,0xda,0xc2,0xda,0xc1,0xda,0xe2,
0xda,0xc1,0xda,0xe2,0xda,0xc1,0xda,0xe2,0xda,0xc1,0xda,0xe2,0xda,0xc1,0xda,0xe2,
0xda,0xc1,0xda,0xe2,0xda,0xc1,0xda,0xe2,0xda,0xe1,0xda,0xe2,0xda,0xe1,0xdb,0x02,
0xda,0xe1,0xdb,0x02,0xdb,0x01,0xd3,0x02,0xdb,0x01,0xd3,0x02,0xdb,0x01,0xdb,0x22,
0xdb,0x01,0xdb,0x22,0xdb,0x02,0xdb,0x22,0xdb,0x21,0xdb,0x22,0xdb,0x21,0xdb,0x22,
0xdb,0x21,0xdb,0x22,0xdb,0x21,0xd3,0x22,0xdb,0x01,0xd3,0x22,0xdb,0x01,0xd3,0x22,
0xdb,0x01,0xd3,0x22,0xdb,0x01,0xd3,0x02,0xdb,0x01,0xd3,0x02,0xdb,0x01,0xd3,0x22,
0xdb,0x01,0xd3,0x22,0xdb,0x01,0xdb,0x42,0xe3,0x82,0xdb,0xa2,0xe3,0x82,0xdb,0xa2,
0xe3,0xa2,0xdb,0xa2,0xe3,0x81,0xdb,0xa2,0xdb,0xa1,0xdb,0xa2,0xe3,0xa2,0xdb,0xa2,
0xe3,0xa2,0xdb,0xa2,0xe3,0xa2,0xdb,0xa2,0xe3,0xa2,0xdb,0xa2,0xe3,0xa2,0xdb,0xa2,
0xe3,0xa1,0xdb,0xc2,0xe3,0xa1,0xdb,0xc2,0xdb,0xc1,0xdc,0x03,0xe4,0x02,0xe4,0x22,
0xe4,0x02,0xe4,0x22,0xe4,0x02,0xe4,0x22,0xe4,0x21,0xdc,0x22,0xe4,0x01,0xe4,0x22,
0xe4,0x21,0xe4,0x42,0xe4,0x22,0xe4,0x42,0xe3,0xc2,0xcb,0x61,0xd3,0x21,0xd3,0x22,
0xd3,0x21,0xd3,0x22,0xd3,0x21,0xcb,0x22,0xd3,0x21,0xcb,0x22,0xd3,0x21,0xcb,0x22,
0xd3,0x21,0xcb,0x22,0xd3,0x21,0xcb,0x22,0xd3,0x21,0xcb,0x22,0xd3,0x21,0xcb,0x22,
0xd3,0x21,0xcb,0x21,0xd3,0x21,0xcb,0x21,0xd3,0x21,0xcb,0x21,0xcb,0x21,0xdb,0xa3,
0xd2,0xc2,0xda,0xa1,0xd2,0xc2,0xda,0xc1,0xd2,0xc2,0xda,0xc2,0xd2,0xc2,0xda,0xc2,
0xd2,0xc2,0xda,0xc1,0xd2,0xe2,0xda,0xc2,0xd2,0xe2,0xda,0xc2,0xd2,0xe2,0xda,0xc2,
0xd2,0xe2,0xda,0xe2,0xd2,0xe2,0xda,0xe2,0xd2,0xe2,0xda,0xc2,0xd2,0xe2,0xda,0xe1,
0xd3,0x02,0xda,0xe2,0xd3,0x02,0xda,0xe2,0xd3,0x02,0xdb,0x02,0xd3,0x02,0xdb,0x02,
0xd3,0x02,0xdb,0x02,0xd3,0x22,0xdb,0x02,0xd3,0x22,0xdb,0x02,0xd3,0x22,0xdb,0x02,
0xd3,0x22,0xdb,0x02,0xd3,0x02,0xdb,0x02,0xd3,0x02,0xdb,0x02,0xd3,0x02,0xdb,0x02,
0xd3,0x02,0xdb,0x02,0xd3,0x02,0xda,0xe2,0xd3,0x02,0xda,0xe2,0xd3,0x02,0xd3,0x02,
0xd3,0x02,0xd2,0xe1,0xd3,0x42,0xdb,0x62,0xdb,0xa3,0xdb,0x82,0xdb,0xa3,0xdb,0x82,
0xdb,0xa2,0xdb,0x82,0xdb,0xa3,0xdb,0x82,0xdb,0xa2,0xdb,0x82,0xdb,0xa2,0xdb,0xa2,
0xdb,0xa2,0xdb,0x82,0xdb,0xa2,0xdb,0xa2,0xdb,0xa2,0xdb,0xa2,0xdb,0xa2,0xdb,0xa2,
0xdb,0xa2,0xdb,0xa2,0xdb,0xc2,0xdb,0xa2,0xdb,0xe2,0xe3,0xe2,0xdc,0x02,0xe4,0x02,
0xdc,0x23,0xe4,0x02,0xdc,0x23,0xe4,0x02,0xdc,0x23,0xe4,0x02,0xdc,0x22,0xe4,0x02,
0xdc,0x22,0xe4,0x02,0xdc,0x22,0xdb,0xe1,0xd3,0x42,0xd3,0x01,0xcb,0x22,0xd3,0x21,
0xcb,0x22,0xd3,0x21,0xcb,0x22,0xd3,0x01,0xcb,0x22,0xd3,0x01,0xcb,0x22,0xd3,0x01,
0xcb,0x22,0xd3,0x01,0xcb,0x22,0xd3,0x01,0xcb,0x22,0xd3,0x01,0xcb,0x22,0xd3,0x01,
0xcb,0x22,0xd3,0x01,0xcb,0x22,0xd3,0x01,0xcb,0x22,0xcb,0x01,0xcb,0x21,0xdb,0x83,
0xda,0xc1,0xda,0xc2,0xda,0xc1,0xda,0xe2,0xda,0xc1,0xda,0xe2,0xda,0xc1,0xda,0xe2,
0xda,0xc1,0xda,0xe2,0xda,0xc1,0xda,0xe2,0xda,0xc1,0xda,0xe2,0xda,0xc1,0xda,0xe2,
0xda,0xe1,0xda,0xe2,0xda,0xe1,0xdb,0x02,0xda,0xe1,0xdb,0x02,0xda,0xe1,0xdb,0x02,
0xdb,0x01,0xdb,0x22,0xdb,0x01,0xdb,0x22,0xdb,0x01,0xdb,0x22,0xdb,0x01,0xdb,0x22,
0xdb,0x21,0xdb,0x22,0xdb,0x21,0xdb,0x22,0xdb,0x21,0xdb,0x22,0xdb,0x21,0xdb,0x22,
0xdb,0x21,0xdb,0x22,0xdb,0x01,0xd3,0x22,0xdb,0x01,0xd3,0x22,0xdb,0x01,0xd3,0x22,
0xdb,0x01,0xd3,0x22,0xdb,0x01,0xd3,0x02,0xdb,0x01,0xd3,0x02,0xdb,0x01,0xd3,0x22,
0xdb,0x01,0xdb,0x22,0xdb,0x82,0xdb,0xa2,0xe3,0x82,0xdb,0xa2,0xe3,0x82,0xdb,0xa2,
0xe3,0x82,0xdb,0xa2,0xe3,0x82,0xdb,0xa2,0xdb,0xa1,0xdb,0xa2,0xdb,0xa1,0xdb,0xa2,
0xe3,0x82,0xdb,0xa2,0xdb,0xa1,0xdb,0xa2,0xe3,0xa2,0xdb,0xa2,0xdb,0xa1,0xdb,0xa2,
0xdb,0xa1,0xdb,0xa2,0xdb,0xa1,0xe3,0xe2,0xe3,0xe2,0xdc,0x02,0xe3,0xe2,0xdc,0x02,
0xe4,0x02,0xdc,0x22,0xe4,0x02,0xe4,0x22,0xe4,0x02,0xdc,0x22,0xe4,0x02,0xdc,0x22,
0xe4,0x21,0xdc,0x22,0xe3,0xc2,0xd3,0x61,0xd3,0x01,0xd3,0x22,0xd3,0x21,0xd3,0x22,
0xd3,0x21,0xd3,0x21,0xd3,0x21,0xcb,0x22,0xd3,0x21,0xcb,0x22,0xd3,0x21,0xcb,0x22,
0xd3,0x21,0xcb,0x22,0xd3,0x01,0xcb,0x21,0xd3,0x21,0xcb,0x22,0xd3,0x21,0xcb,0x22,
0xd3,0x21,0xcb,0x21,0xd3,0x01,0xcb,0x21,0xd3,0x01,0xcb,0x21,0xcb,0x21,0xdb,0xa3,
0xd2,0xc2,0xda,0xc1,0xd2,0xc2,0xda,0xc2,0xd2,0xc2,0xda,0xc2,0xd2,0xc2,0xda,0xc2,
0xd2,0xe2,0xda,0xc2,0xd2,0xe2,0xda,0xc2,0xd2,0xe2,0xda,0xc2,0xd2,0xe2,0xda,0xc1,
0xd2,0xe2,0xda,0xe2,0xd2,0xe2,0xda,0xe2,0xd2,0xe2,0xda,0xe2,0xd3,0x02,0xda,0xe2,
0xd3,0x02,0xdb,0x02,0xd3,0x02,0xdb,0x02,0xd3,0x22,0xdb,0x02,0xd3,0x22,0xdb,0x02,
0xd3,0x22,0xdb,0x02,0xd3,0x22,0xdb,0x02,0xd3,0x22,0xdb,0x02,0xd3,0x22,0xdb,0x02,
0xd3,0x22,0xdb,0x02,0xd3,0x02,0xdb,0x02,0xd3,0x02,0xdb,0x02,0xd3,0x02,0xdb,0x02,
0xd3,0x02,0xda,0xe2,0xd3,0x02,0xda,0xe2,0xd3,0x02,0xda,0xe2,0xd3,0x02,0xd3,0x02,
0xd3,0x42,0xdb,0x62,0xdb,0x83,0xdb,0x82,0xdb,0x82,0xdb,0x82,0xdb,0x82,0xdb,0x82,
0xdb,0x82,0xdb,0x82,0xdb,0x82,0xdb,0x82,0xdb,0xa3,0xdb,0x82,0xdb,0xa2,0xdb,0x82,
0xdb,0xa3,0xdb,0x82,0xdb,0xa2,0xdb,0x82,0xdb,0xa2,0xdb,0xa2,0xdb,0xa2,0xdb,0x82,
0xdb,0xa2,0xdb,0xa2,0xdb,0xe2,0xe3,0xe2,0xdc,0x03,0xe3,0xe2,0xdc,0x03,0xe3,0xe2,
0xdc,0x03,0xe3,0xe2,0xdc,0x22,0xe4,0x02,0xdc,0x22,0xe4,0x02,0xdc,0x22,0xe4,0x02,
0xdc,0x03,0xdb,0xc2,0xd3,0x42,0xd3,0x21,0xcb,0x22,0xd3,0x01,0xcb,0x22,0xd3,0x21,
0xcb,0x22,0xd3,0x21,0xcb,0x22,0xd3,0x01,0xcb,0x22,0xd3,0x01,0xcb,0x22,0xd3,0x01,
0xcb,0x22,0xd3,0x01,0xcb,0x22,0xd3,0x01,0xcb,0x22,0xd3,0x01,0xcb,0x22,0xd3,0x01,
0xcb,0x22,0xd3,0x01,0xcb,0x22,0xd3,0x01,0xcb,0x22,0xd3,0x01,0xcb,0x21,0xdb,0x83,
0xda,0xc1,0xda,0xe2,0xda,0xc1,0xda,0xe2,0xda,0xc1,0xda,0xe2,0xda,0xc1,0xda,0xe2,
0xda,0xc1,0xda,0xe2,0xda,0xc1,0xda,0xe2,0xda,0xc1,0xda,0xe2,0xda,0xe1,0xda,0xe2,
0xda,0xe1,0xdb,0x02,0xda,0xe1,0xdb,0x02,0xda,0xe1,0xdb,0x02,0xdb,0x01,0xdb,0x02,
0xdb,0x01,0xdb,0x22,0xdb,0x01,0xdb,0x22,0xdb,0x21,0xdb,0x22,0xdb,0x21,0xdb,0x22,
0xdb,0x22,0xdb,0x22,0xdb,0x21,0xdb,0x22,0xdb,0x21,0xdb,0x22,0xdb,0x21,0xdb,0x22,
0xdb,0x21,0xd3,0x22,0xdb,0x01,0xd3,0x22,0xdb,0x01,0xd3,0x22,0xdb,0x01,0xd3,0x22,
0xdb,0x01,0xd3,0x02,0xdb,0x01,0xd3,0x02,0xdb,0x01,0xd3,0x22,0xdb,0x01,0xdb,0x42,
0xe3,0x61,0xdb,0x82,0xe3,0x82,0xdb,0xa2,0xe3,0x82,0xdb,0xa2,0xe3,0x82,0xdb,0xa2,
0xe3,0x82,0xdb,0xa2,0xe3,0x82,0xdb,0xa2,0xe3,0x82,0xdb,0xa2,0xdb,0xa2,0xdb,0xa2,
0xe3,0x82,0xdb,0xa2,0xdb,0xa2,0xdb,0xa2,0xdb,0xa1,0xdb,0xa2,0xdb,0xa1,0xdb,0xa2,
0xdb,0xa1,0xdb,0xe2,0xe3,0xe2,0xdc,0x02,0xe3,0xe2,0xdc,0x02,0xe3,0xe2,0xdc,0x02,
0xe3,0xe2,0xdc,0x02,0xe4,0x02,0xdc,0x22,0xe4,0x02,0xdc,0x22,0xe4,0x01,0xdc,0x22,
0xe3,0xc2,0xcb,0x61,0xd3,0x21,0xd3,0x22,0xd3,0x01,0xd3,0x22,0xd3,0x01,0xd3,0x22,
0xd3,0x21,0xd3,0x21,0xd3,0x21,0xcb,0x22,0xd3,0x21,0xcb,0x22,0xd3,0x21,0xcb,0x22,
0xd3,0x21,0xcb,0x21,0xd3,0x01,0xcb,0x21,0xd3,0x01,0xcb,0x21,0xd3,0x21,0xcb,0x21,
0xd3,0x21,0xcb,0x21,0xd3,0x01,0xcb,0x21,0xd3,0x01,0xcb,0x21,0xcb,0x21,0xdb,0xa3,
0xda,0xe2,0xda,0xc2,0xda,0xe2,0xda,0xc2,0xda,0xe2,0xda,0xc2,0xd2,0xe2,0xda,0xc2,
0xd2,0xe2,0xda,0xc2,0xd2,0xe2,0xda,0xc1,0xd2,0xe2,0xda,0xc1,0xd2,0xe2,0xda,0xe2,
0xd3,0x02,0xda,0xe2,0xd3,0x02,0xda,0xe2,0xd3,0x02,0xda,0xe2,0xd3,0x22,0xdb,0x02,
0xd3,0x22,0xdb,0x02,0xd3,0x22,0xdb,0x02,0xd3,0x22,0xdb,0x22,0xd3,0x22,0xdb,0x22,
0xd3,0x22,0xdb,0x02,0xd3,0x22,0xdb,0x02,0xd3,0x22,0xdb,0x02,0xd3,0x22,0xdb,0x02,
0xd3,0x02,0xdb,0x02,0xd3,0x02,0xdb,0x02,0xd3,0x02,0xdb,0x02,0xd3,0x02,0xdb,0x02,
0xd3,0x02,0xda,0xe2,0xd3,0x02,0xda,0xe2,0xd3,0x02,0xd3,0x02,0xd3,0x22,0xdb,0x62,
0xdb,0x83,0xdb,0x62,0xdb,0x82,0xdb,0x62,0xdb,0x82,0xdb,0x82,0xdb,0x82,0xdb,0x82,
0xdb,0x82,0xdb,0x82,0xdb,0x82,0xdb,0x82,0xdb,0x82,0xdb,0x82,0xdb,0xa3,0xdb,0x82,
0xdb,0x82,0xdb,0x82,0xdb,0xa3,0xdb,0x82,0xdb,0xa2,0xdb,0x82,0xdb,0xa2,0xdb,0x82,
0xdb,0xc2,0xe3,0xe2,0xdb,0xe2,0xdb,0xe2,0xdb,0xe2,0xdb,0xe2,0xdb,0xe2,0xe3,0xe2,
0xdc,0x03,0xe3,0xe2,0xdc,0x02,0xe3,0xe2,0xdc,0x02,0xe3,0xe2,0xdb,0xe3,0xdb,0xc1,
0xd3,0x42,0xd3,0x01,0xcb,0x22,0xd3,0x01,0xcb,0x22,0xd3,0x01,0xcb,0x22,0xd3,0x01,
0xcb,0x22,0xd3,0x01,0xcb,0x22,0xd3,0x01,0xcb,0x22,0xd3,0x01,0xcb,0x22,0xd3,0x01,
0xcb,0x22,0xd3,0x01,0xcb,0x22,0xd3,0x01,0xcb,0x22,0xd3,0x01,0xcb,0x22,0xd3,0x01,
0xcb,0x22,0xd3,0x01,0xcb,0x22,0xd3,0x01,0xcb,0x22,0xd3,0x01,0xcb,0x41,0xe3,0xc3,
0xda,0xc1,0xda,0xe2,0xda,0xc1,0xda,0xe2,0xda,0xc1,0xda,0xe2,0xda,0xe1,0xda,0xe2,
0xda,0xe1,0xda,0xe2,0xda,0xe1,0xda,0xe2,0xda,0xe1,0xda,0xe2,0xda,0xe1,0xdb,0x02,
0xda,0xe1,0xdb,0x02,0xda,0xe1,0xdb,0x02,0xdb,0x01,0xdb,0x22,0xdb,0x21,0xdb,0x22,
0xdb,0x21,0xdb,0x22,0xdb,0x21,0xdb,0x22,0xdb,0x22,0xdb,0x22,0xdb,0x22,0xdb,0x22,
0xdb,0x21,0xdb,0x22,0xdb,0x21,0xdb,0x22,0xdb,0x21,0xdb,0x22,0xdb,0x21,0xdb,0x22,
0xdb,0x01,0xd3,0x22,0xdb,0x01,0xd3,0x22,0xdb,0x01,0xd3,0x22,0xdb,0x01,0xd3,0x22,
0xdb,0x01,0xd3,0x02,0xdb,0x01,0xd3,0x02,0xdb,0x01,0xdb,0x42,0xdb,0x62,0xdb,0x82,
0xe3,0x62,0xdb,0x82,0xe3,0x61,0xdb,0x82,0xe3,0x82,0xdb,0xa2,0xdb,0x81,0xdb,0x82,
0xe3,0x82,0xdb,0xa2,0xe3,0x82,0xdb,0xa2,0xe3,0x82,0xdb,0xa2,0xe3,0x82,0xdb,0xa2,
0xe3,0x82,0xdb,0xa2,0xdb,0xa2,0xdb,0xa2,0xdb,0xa1,0xdb,0xa2,0xdb,0xa1,0xdb,0xe2,
0xe3,0xe2,0xdb,0xe2,0xe3,0xe1,0xdb,0xe2,0xe3,0xe1,0xdb,0xe2,0xe3,0xe2,0xdc,0x02,
0xe3,0xe2,0xdc,0x02,0xe4,0x01,0xdc,0x02,0xe4,0x01,0xdc,0x02,0xe3,0xa2,0xcb,0x61,
0xd3,0x01,0xd3,0x22,0xd3,0x21,0xcb,0x22,0xd3,0x21,0xcb,0x22,0xd3,0x01,0xd3,0x22,
0xd3,0x21,0xcb,0x22,0xd3,0x01,0xcb,0x21,0xd3,0x21,0xcb,0x22,0xd3,0x21,0xcb,0x22,
0xd3,0x21,0xcb,0x21,0xd3,0x01,0xcb,0x21,0xd3,0x01,0xcb,0x21,0xd3,0x01,0xcb,0x21,
0xd3,0x01,0xcb,0x21,0xd3,0x01,0xcb,0x21,0xd3,0x01,0xcb,0x22,0xd3,0x61,0xdb,0xe3,
0xda,0xe2,0xda,0xc2,0xda,0xe2,0xda,0xc2,0xda,0xe2,0xda,0xc2,0xd2,0xe2,0xda,0xc1,
0xd2,0xe2,0xda,0xc1,0xd2,0xe2,0xda,0xc2,0xd3,0x02,0xda,0xe2,0xd3,0x02,0xda,0xe2,
0xd3,0x02,0xda,0xe2,0xdb,0x02,0xda,0xe2,0xd3,0x22,0xdb,0x02,0xd3,0x22,0xdb,0x02,
0xd3,0x22,0xdb,0x02,0xdb,0x22,0xdb,0x22,0xd3,0x22,0xdb,0x22,0xd3,0x22,0xdb,0x22,
0xd3,0x22,0xdb,0x02,0xd3,0x22,0xdb,0x02,0xd3,0x22,0xdb,0x02,0xd3,0x22,0xdb,0x02,
0xd3,0x02,0xdb,0x02,0xd3,0x02,0xdb,0x02,0xd3,0x02,0xdb,0x02,0xd3,0x22,0xdb,0x02,
0xd3,0x02,0xda,0xe2,0xd3,0x02,0xda,0xe2,0xd3,0x42,0xdb,0x62,0xdb,0x83,0xdb,0x62,
0xdb,0x83,0xdb,0x62,0xdb,0x83,0xdb,0x62,0xdb,0x82,0xdb,0x82,0xdb,0x82,0xdb,0x62,
0xdb,0x82,0xdb,0x82,0xdb,0x82,0xdb,0x82,0xd3,0xa2,0xdb,0x82,0xdb,0x82,0xdb,0x82,
0xd3,0xa2,0xdb,0x82,0xd3,0xa2,0xdb,0x82,0xdb,0xa2,0xdb,0x82,0xdb,0xc2,0xe3,0xc2,
0xdb,0xe3,0xdb,0xc2,0xdb,0xe2,0xdb,0xc2,0xdb,0xe2,0xdb,0xc2,0xdb,0xe2,0xdb,0xe2,
0xdb,0xe2,0xe3,0xe2,0xdc,0x02,0xdb,0xe2,0xdb,0xe2,0xdb,0xa1,0xd3,0x42,0xd3,0x01,
0xcb,0x22,0xd3,0x21,0xcb,0x22,0xd3,0x01,0xcb,0x22,0xd3,0x01,0xcb,0x22,0xd3,0x01,
0xcb,0x22,0xd3,0x01,0xcb,0x02,0xd3,0x01,0xcb,0x22,0xd3,0x01,0xcb,0x22,0xd3,0x01,
0xcb,0x22,0xd3,0x01,0xcb,0x22,0xd3,0x01,0xcb,0x22,0xd3,0x01,0xcb,0x22,0xd3,0x01,
0xcb,0x22,0xd3,0x01,0xcb,0x22,0xcb,0x01,0xcb,0x21,0xd3,0x41,0xcb,0x62,0xe3,0xc3,
0xda,0xc1,0xda,0xe2,0xda,0xc1,0xda,0xe2,0xda,0xe1,0xda,0xe2,0xda,0xe1,0xda,0xe2,
0xda,0xe1,0xdb,0x02,0xda,0xe1,0xdb,0x02,0xda,0xe1,0xdb,0x02,0xdb,0x01,0xdb,0x02,
0xdb,0x01,0xdb,0x02,0xdb,0x01,0xdb,0x22,0xdb,0x21,0xdb,0x22,0xdb,0x21,0xdb,0x22,
0xdb,0x22,0xdb,0x22,0xdb,0x22,0xdb,0x22,0xdb,0x22,0xdb,0x22,0xdb,0x21,0xdb,0x22,
0xdb,0x21,0xdb,0x22,0xdb,0x21,0xdb,0x22,0xdb,0x21,0xdb,0x22,0xdb,0x01,0xd3,0x22,
0xdb,0x01,0xd3,0x22,0xdb,0x01,0xd3,0x22,0xdb,0x01,0xd3,0x22,0xdb,0x01,0xd3,0x02,
0xdb,0x01,0xd3,0x02,0xdb,0x01,0xdb,0x42,0xdb,0x62,0xdb,0x82,0xdb,0x62,0xdb,0x82,
0xdb,0x62,0xdb,0x82,0xe3,0x62,0xdb,0x82,0xe3,0x62,0xdb,0x82,0xdb,0x81,0xdb,0x82,
0xdb,0x81,0xdb,0x82,0xe3,0x82,0xdb,0xa2,0xdb,0x81,0xdb,0x82,0xdb,0x81,0xdb,0xa2,
0xe3,0x82,0xdb,0xa2,0xdb,0x82,0xdb,0xa2,0xdb,0xa1,0xdb,0xc2,0xe3,0xc2,0xdb,0xe2,
0xe3,0xc2,0xdb,0xe2,0xe3,0xe2,0xdb,0xe2,0xe3,0xe2,0xdb,0xe2,0xe3,0xe2,0xdb,0xe2,
0xe3,0xe2,0xdc,0x02,0xe3,0xe1,0xdc,0x02,0xe3,0xa2,0xcb,0x41,0xd3,0x21,0xd3,0x22,
0xd3,0x21,0xd3,0x22,0xd3,0x01,0xd3,0x22,0xd3,0x21,0xcb,0x22,0xd3,0x21,0xcb,0x22,
0xd3,0x21,0xcb,0x22,0xd3,0x01,0xcb,0x21,0xd3,0x01,0xcb,0x21,0xd3,0x21,0xcb,0x22,
0xd3,0x01,0xcb,0x21,0xd3,0x01,0xcb,0x21,0xd3,0x01,0xcb,0x21,0xd3,0x01,0xcb,0x21,
0xd3,0x01,0xcb,0x21,0xd3,0x21,0xcb,0x42,0xd3,0x61,0xd3,0x82,0xd3,0x61,0xdb,0xe3,
0xda,0xe2,0xda,0xc2,0xd2,0xe2,0xda,0xc2,0xd2,0xe2,0xda,0xc1,0xda,0xe2,0xda,0xe2,
0xda,0xe2,0xda,0xe2,0xd3,0x02,0xda,0xe2,0xd3,0x02,0xda,0xe2,0xdb,0x02,0xda,0xe2,
0xd3,0x02,0xdb,0x02,0xd3,0x22,0xdb,0x02,0xd3,0x22,0xdb,0x02,0xdb,0x22,0xdb,0x22,
0xdb,0x22,0xdb,0x22,0xd3,0x22,0xdb,0x22,0xd3,0x22,0xdb,0x22,0xd3,0x22,0xdb,0x02,
0xd3,0x22,0xdb,0x02,0xd3,0x22,0xdb,0x02,0xd3,0x22,0xdb,0x02,0xd3,0x02,0xdb,0x02,
0xd3,0x02,0xdb,0x02,0xd3,0x02,0xdb,0x02,0xd3,0x02,0xdb,0x02,0xd3,0x02,0xda,0xe2,
0xd3,0x02,0xda,0xe2,0xd3,0x22,0xdb,0x62,0xdb,0x62,0xdb,0x62,0xdb,0x62,0xdb,0x62,
0xdb,0x62,0xdb,0x62,0xdb,0x83,0xdb,0x62,0xdb,0x62,0xdb,0x62,0xdb,0x82,0xdb,0x62,
0xdb,0x82,0xdb,0x62,0xdb,0x82,0xdb,0x82,0xdb,0x82,0xdb,0x62,0xdb,0x82,0xdb,0x82,
0xdb,0x82,0xdb,0x62,0xd3,0xa2,0xdb,0x82,0xdb,0xc2,0xe3,0xc2,0xdb,0xe2,0xe3,0xc2,
0xdb,0xe2,0xdb,0xc2,0xdb,0xe3,0xdb,0xc2,0xdb,0xe2,0xdb,0xc2,0xdb,0xe3,0xdb,0xc2,
0xdb,0xe2,0xdb,0xe2,0xdb,0xe3,0xdb,0xa1,0xd3,0x22,0xd3,0x01,0xcb,0x22,0xd3,0x01,
0xcb,0x22,0xd3,0x01,0xcb,0x02,0xd3,0x01,0xcb,0x22,0xd3,0x01,0xcb,0x22,0xd3,0x01,
0xcb,0x22,0xd3,0x01,0xcb,0x02,0xd3,0x01,0xcb,0x22,0xd3,0x01,0xcb,0x22,0xd3,0x01,
0xcb,0x22,0xd3,0x01,0xcb,0x22,0xd3,0x01,0xcb,0x22,0xd3,0x01,0xcb,0x22,0xcb,0x01,
0xcb,0x02,0xcb,0x01,0xcb,0x21,0xd3,0x41,0xd3,0x62,0xd3,0x61,0xcb,0x62,0xe3,0xc3,
0xe2,0xe1,0xda,0xe2,0xda,0xe1,0xda,0xe2,0xda,0xe1,0xdb,0x02,0xda,0xe1,0xdb,0x02,
0xda,0xe1,0xdb,0x02,0xda,0xe1,0xdb,0x02,0xdb,0x01,0xdb,0x02,0xe3,0x02,0xdb,0x02,
0xdb,0x01,0xdb,0x22,0xdb,0x21,0xdb,0x22,0xdb,0x22,0xdb,0x22,0xdb,0x22,0xdb,0x22,
0xdb,0x22,0xdb,0x22,0xdb,0x22,0xdb,0x22,0xdb,0x22,0xdb,0x22,0xdb,0x21,0xdb,0x22,
0xdb,0x21,0xdb,0x22,0xdb,0x21,0xdb,0x22,0xdb,0x21,0xdb,0x22,0xdb,0x01,0xd3,0x22,
0xdb,0x01,0xd3,0x22,0xdb,0x01,0xd3,0x22,0xdb,0x01,0xd3,0x22,0xdb,0x01,0xd3,0x02,
0xdb,0x01,0xd3,0x22,0xdb,0x61,0xdb,0x82,0xdb,0x62,0xdb,0x82,0xdb,0x62,0xdb,0x82,
0xdb,0x62,0xdb,0x82,0xdb,0x82,0xdb,0x82,0xdb,0x62,0xdb,0x82,0xdb,0x62,0xdb,0x82,
0xdb,0x81,0xdb,0x82,0xdb,0x81,0xdb,0x82,0xdb,0x81,0xdb,0x82,0xdb,0x82,0xdb,0x82,
0xdb,0x81,0xdb,0x82,0xdb,0xa1,0xdb,0xc2,0xe3,0xc2,0xdb,0xe2,0xe3,0xc2,0xdb,0xe2,
0xe3,0xc2,0xdb,0xe2,0xe3,0xc2,0xdb,0xe2,0xe3,0xc2,0xdb,0xe2,0xe3,0xe2,0xdb,0xe2,
0xe3,0xe1,0xdb,0xe2,0xdb,0xa2,0xcb,0x61,0xd3,0x21,0xd3,0x22,0xd3,0x01,0xd3,0x22,
0xd3,0x01,0xd3,0x22,0xd3,0x01,0xd3,0x22,0xd3,0x01,0xcb,0x22,0xd3,0x21,0xcb,0x22,
0xd3,0x21,0xcb,0x21,0xd3,0x01,0xcb,0x21,0xd3,0x01,0xcb,0x21,0xd3,0x01,0xcb,0x21,
0xd3,0x01,0xcb,0x21,0xd3,0x01,0xcb,0x21,0xd3,0x01,0xcb,0x21,0xd3,0x01,0xcb,0x21,
0xd3,0x01,0xcb,0x22,0xd3,0x61,0xd3,0x82,0xd3,0x61,0xd3,0x82,0xd3,0x61,0xdb,0xe3,
0xd2,0xe2,0xda,0xc1,0xd2,0xe2,0xda,0xe2,0xd3,0x02,0xda,0xe2,0xda,0xe2,0xda,0xe2,
0xd3,0x02,0xda,0xe2,0xdb,0x02,0xda,0xe2,0xdb,0x02,0xdb,0x02,0xd3,0x22,0xdb,0x02,
0xd3,0x22,0xdb,0x02,0xd3,0x22,0xdb,0x22,0xdb,0x22,0xdb,0x22,0xdb,0x22,0xdb,0x22,
0xdb,0x22,0xdb,0x22,0xd3,0x22,0xdb,0x22,0xd3,0x22,0xdb,0x02,0xd3,0x22,0xdb,0x02,
0xd3,0x22,0xdb,0x02,0xd3,0x22,0xdb,0x02,0xd3,0x22,0xdb,0x02,0xd3,0x02,0xdb,0x02,
0xd3,0x02,0xdb,0x02,0xd3,0x02,0xdb,0x02,0xd3,0x02,0xda,0xe2,0xd3,0x02,0xda,0xe2,
0xd3,0x22,0xdb,0x42,0xd3,0x62,0xdb,0x42,0xdb,0x62,0xdb,0x62,0xd3,0x62,0xdb,0x42,
0xdb,0x62,0xdb,0x62,0xdb,0x62,0xdb,0x62,0xdb,0x62,0xdb,0x62,0xdb,0x62,0xdb,0x62,
0xd3,0x82,0xdb,0x62,0xdb,0x82,0xdb,0x62,0xd3,0x82,0xdb,0x62,0xdb,0x83,0xdb,0x62,
0xd3,0x82,0xdb,0x82,0xdb,0xc2,0xdb,0xa2,0xdb,0xc2,0xdb,0xa2,0xdb,0xc2,0xdb,0xc2,
0xdb,0xe2,0xdb,0xc2,0xdb,0xe2,0xe3,0xc2,0xdb,0xe2,0xdb,0xc2,0xdb,0xe2,0xdb,0xc2,
0xdb,0xe3,0xdb,0xa1,0xcb,0x22,0xd3,0x01,0xcb,0x22,0xd3,0x01,0xcb,0x22,0xd3,0x01,
0xcb,0x22,0xd3,0x01,0xcb,0x22,0xd3,0x01,0xcb,0x22,0xd3,0x01,0xcb,0x22,0xd3,0x01,
0xcb,0x22,0xd3,0x01,0xcb,0x22,0xd3,0x01,0xcb,0x22,0xd3,0x01,0xcb,0x02,0xd3,0x01,
0xcb,0x02,0xd3,0x01,0xcb,0x22,0xcb,0x01,0xcb,0x22,0xd3,0x01,0xcb,0x02,0xcb,0x01,
0xcb,0x21,0xd3,0x41,0xcb,0x62,0xd3,0x61,0xcb,0x62,0xd3,0x61,0xcb,0x62,0xe3,0xc3,
0xda,0xe1,0xda,0xe2,0xda,0xe1,0xdb,0x02,0xda,0xe1,0xdb,0x02,0xda,0xe1,0xdb,0x02,
0xdb,0x01,0xdb,0x02,0xdb,0x01,0xdb,0x22,0xe3,0x02,0xdb,0x22,0xdb,0x02,0xdb,0x22,
0xdb,0x21,0xdb,0x22,0xdb,0x22,0xdb,0x42,0xdb,0x22,0xdb,0x42,0xdb,0x22,0xdb,0x22,
0xdb,0x22,0xdb,0x22,0xdb,0x22,0xdb,0x22,0xdb,0x21,0xdb,0x22,0xdb,0x21,0xdb,0x22,
0xdb,0x21,0xdb,0x22,0xdb,0x21,0xdb,0x22,0xdb,0x21,0xd3,0x22,0xdb,0x01,0xd3,0x22,
0xdb,0x01,0xd3,0x22,0xdb,0x01,0xd3,0x22,0xdb,0x01,0xd3,0x02,0xdb,0x01,0xd3,0x22,
0xdb,0x62,0xdb,0x62,0xdb,0x62,0xdb,0x62,0xdb,0x62,0xdb,0x62,0xdb,0x62,0xdb,0x62,
0xdb,0x61,0xdb,0x82,0xdb,0x62,0xdb,0x82,0xdb,0x61,0xdb,0x62,0xdb,0x61,0xdb,0x82,
0xdb,0x62,0xdb,0x82,0xdb,0x62,0xdb,0x82,0xdb,0x62,0xdb,0x82,0xdb,0x81,0xdb,0x82,
0xdb,0x81,0xdb,0xa2,0xe3,0xc1,0xdb,0xc2,0xe3,0xc1,0xdb,0xc2,0xe3,0xc1,0xdb,0xe2,
0xe3,0xc2,0xdb,0xe2,0xdb,0xc2,0xdb,0xe2,0xe3,0xc2,0xdb,0xe2,0xdb,0xc1,0xdb,0xe2,
0xdb,0xa2,0xcb,0x41,0xd3,0x01,0xd3,0x22,0xd3,0x01,0xd3,0x22,0xd3,0x01,0xd3,0x22,
0xd3,0x01,0xd3,0x22,0xd3,0x01,0xcb,0x22,0xd3,0x01,0xcb,0x21,0xd3,0x01,0xcb,0x21,
0xd3,0x01,0xcb,0x21,0xd3,0x01,0xcb,0x21,0xd3,0x01,0xcb,0x21,0xd3,0x01,0xcb,0x22,
0xd3,0x01,0xcb,0x01,0xd3,0x21,0xcb,0x21,0xd3,0x01,0xcb,0x21,0xd3,0x01,0xd3,0x22,
0xd3,0x61,0xd3,0x62,0xd3,0x61,0xd3,0x62,0xd3,0x61,0xd3,0x62,0xd3,0x61,0xdb,0xe3,
0xda,0xe2,0xda,0xe2,0xda,0xe2,0xda,0xe2,0xd3,0x02,0xda,0xe2,0xd3,0x02,0xda,0xe2,
0xdb,0x02,0xdb,0x02,0xdb,0x02,0xdb,0x02,0xd3,0x22,0xdb,0x02,0xd3,0x22,0xdb,0x22,
0xdb,0x22,0xdb,0x22,0xdb,0x22,0xdb,0x22,0xdb,0x23,0xdb,0x22,0xdb,0x22,0xdb,0x22,
0xd3,0x22,0xdb,0x22,0xd3,0x22,0xdb,0x22,0xd3,0x22,0xdb,0x02,0xd3,0x22,0xdb,0x02,
0xd3,0x22,0xdb,0x02,0xd3,0x22,0xdb,0x02,0xd3,0x02,0xdb,0x02,0xd3,0x02,0xdb,0x02,
0xd3,0x02,0xdb,0x02,0xd3,0x02,0xdb,0x02,0xd3,0x02,0xda,0xe2,0xd3,0x22,0xdb,0x42,
0xd3,0x62,0xdb,0x42,0xdb,0x62,0xdb,0x42,0xd3,0x62,0xdb,0x42,0xd3,0x62,0xdb,0x42,
0xd3,0x62,0xdb,0x42,0xdb,0x62,0xdb,0x62,0xd3,0x62,0xdb,0x62,0xd3,0x62,0xdb,0x62,
0xdb,0x62,0xdb,0x62,0xd3,0x82,0xdb,0x62,0xd3,0x82,0xdb,0x62,0xdb,0x82,0xdb,0x62,
0xdb,0xa2,0xdb,0xa2,0xdb,0xc2,0xdb,0xa2,0xdb,0xc2,0xdb,0xa2,0xdb,0xc2,0xdb,0xa2,
0xdb,0xc2,0xdb,0xc2,0xdb,0xc2,0xdb,0xc2,0xdb,0xe2,0xdb,0xc2,0xdb,0xc2,0xdb,0xa1,
0xd3,0x22,0xd3,0x01,0xcb,0x22,0xd3,0x01,0xcb,0x22,0xd3,0x01,0xcb,0x22,0xd3,0x01,
0xcb,0x02,0xd3,0x01,0xcb,0x22,0xd3,0x01,0xcb,0x02,0xd3,0x01,0xcb,0x22,0xd3,0x01,
0xcb,0x22,0xd3,0x01,0xcb,0x22,0xd3,0x01,0xcb,0x22,0xd3,0x01,0xcb,0x02,0xca,0xe1,
0xcb,0x02,0xca,0xe1,0xcb,0x02,0xd3,0x01,0xcb,0x22,0xcb,0x01,0xcb,0x21,0xd3,0x41,
0xd3,0x62,0xd3,0x61,0xd3,0x62,0xd3,0x61,0xcb,0x62,0xd3,0x61,0xcb,0x62,0xdb,0xc3,
0xda,0xe1,0xdb,0x02,0xda,0xe1,0xdb,0x02,0xda,0xe1,0xdb,0x02,0xdb,0x01,0xdb,0x22,
0xe3,0x02,0xdb,0x22,0xdb,0x02,0xdb,0x22,0xe3,0x01,0xdb,0x22,0xdb,0x22,0xdb,0x22,
0xe3,0x22,0xdb,0x42,0xdb,0x22,0xdb,0x42,0xdb,0x22,0xdb,0x22,0xdb,0x22,0xdb,0x22,
0xdb,0x22,0xdb,0x22,0xdb,0x22,0xdb,0x22,0xdb,0x21,0xdb,0x22,0xdb,0x21,0xdb,0x22,
0xdb,0x21,0xdb,0x22,0xdb,0x21,0xd3,0x22,0xdb,0x01,0xd3,0x22,0xdb,0x01,0xd3,0x22,
0xdb,0x01,0xd3,0x22,0xdb,0x01,0xd3,0x22,0xdb,0x01,0xd3,0x22,0xdb,0x41,0xdb,0x62,
0xdb,0x41,0xdb,0x62,0xdb,0x41,0xdb,0x62,0xdb,0x41,0xdb,0x62,0xdb,0x62,0xdb,0x62,
0xdb,0x62,0xdb,0x62,0xdb,0x61,0xdb,0x62,0xdb,0x61,0xdb,0x62,0xdb,0x61,0xdb,0x82,
0xdb,0x61,0xdb,0x82,0xdb,0x61,0xdb,0x82,0xdb,0x61,0xdb,0x82,0xdb,0x81,0xdb,0xa2,
0xdb,0xa2,0xdb,0xc2,0xdb,0xa2,0xdb,0xc2,0xe3,0xa2,0xdb,0xc2,0xe3,0xc1,0xdb,0xc2,
0xe3,0xc1,0xdb,0xc2,0xe3,0xc1,0xdb,0xe2,0xdb,0xc2,0xdb,0xe2,0xdb,0x82,0xcb,0x41,
0xd3,0x01,0xd3,0x22,0xd3,0x01,0xd3,0x22,0xd3,0x01,0xcb,0x22,0xd3,0x01,0xd3,0x22,
0xd3,0x01,0xd3,0x22,0xd3,0x01,0xcb,0x22,0xd3,0x01,0xcb,0x21,0xd3,0x01,0xcb,0x21,
0xd3,0x01,0xcb,0x22,0xd3,0x01,0xcb,0x22,0xd3,0x01,0xcb,0x21,0xd3,0x01,0xcb,0x01,
0xd3,0x01,0xcb,0x01,0xd3,0x01,0xcb,0x21,0xd3,0x01,0xd3,0x22,0xd3,0x61,0xd3,0x82,
0xd3,0x61,0xd3,0x82,0xd3,0x61,0xd3,0x82,0xd3,0x61,0xd3,0x62,0xd3,0x61,0xdb,0xe3,
0xda,0xe2,0xda,0xe2,0xd3,0x02,0xda,0xe2,0xdb,0x02,0xda,0xe2,0xdb,0x02,0xdb,0x02,
0xd3,0x22,0xdb,0x02,0xdb,0x22,0xdb,0x02,0xdb,0x22,0xdb,0x22,0xdb,0x22,0xdb,0x22,
0xdb,0x23,0xdb,0x22,0xdb,0x23,0xdb,0x22,0xdb,0x22,0xdb,0x22,0xd3,0x22,0xdb,0x22,
0xd3,0x22,0xdb,0x22,0xd3,0x22,0xdb,0x02,0xd3,0x22,0xdb,0x02,0xd3,0x22,0xdb,0x02,
0xd3,0x22,0xdb,0x02,0xd3,0x22,0xdb,0x02,0xd3,0x02,0xdb,0x02,0xd3,0x02,0xdb,0x02,
0xd3,0x02,0xdb,0x02,0xd3,0x02,0xda,0xe2,0xd3,0x22,0xdb,0x42,0xd3,0x62,0xdb,0x42,
0xd3,0x62,0xdb,0x42,0xd3,0x62,0xdb,0x42,0xd3,0x62,0xdb,0x42,0xd3,0x62,0xdb,0x42,
0xd3,0x62,0xdb,0x42,0xd3,0x62,0xdb,0x42,0xd3,0x62,0xdb,0x62,0xd3,0x62,0xdb,0x62,
0xd3,0x62,0xdb,0x62,0xd3,0x62,0xdb,0x62,0xd3,0x62,0xdb,0x62,0xd3,0xa2,0xdb,0xa2,
0xdb,0xa2,0xdb,0xa2,0xdb,0xc2,0xdb,0xa2,0xdb,0xa2,0xdb,0xa2,0xdb,0xc2,0xdb,0xa2,
0xdb,0xc2,0xdb,0xa2,0xdb,0xc2,0xdb,0xa2,0xdb,0xc2,0xdb,0xa1,0xcb,0x22,0xd3,0x01,
0xcb,0x22,0xd3,0x01,0xcb,0x22,0xd3,0x01,0xcb,0x22,0xd3,0x01,0xcb,0x02,0xd3,0x01,
0xcb,0x02,0xd3,0x01,0xcb,0x22,0xd3,0x01,0xcb,0x22,0xd3,0x01,0xcb,0x22,0xd3,0x01,
0xcb,0x02,0xd3,0x01,0xcb,0x02,0xca,0xe1,0xcb,0x02,0xca,0xe1,0xcb,0x02,0xca,0xe1,
0xcb,0x02,0xca,0xe1,0xcb,0x02,0xcb,0x01,0xcb,0x21,0xd3,0x42,0xd3,0x62,0xd3,0x61,
0xd3,0x62,0xd3,0x61,0xd3,0x62,0xd3,0x61,0xd3,0x62,0xd3,0x61,0xcb,0x62,0xdb,0xc3,
0xda,0xe1,0xdb,0x02,0xdb,0x01,0xdb,0x02,0xdb,0x01,0xdb,0x22,0xdb,0x02,0xdb,0x22,
0xe3,0x01,0xdb,0x22,0xe3,0x22,0xdb,0x22,0xdb,0x22,0xdb,0x22,0xe3,0x22,0xdb,0x42,
0xe3,0x22,0xdb,0x42,0xe3,0x22,0xdb,0x22,0xdb,0x22,0xdb,0x22,0xdb,0x22,0xdb,0x22,
0xdb,0x22,0xdb,0x22,0xdb,0x21,0xdb,0x22,0xdb,0x21,0xdb,0x22,0xdb,0x21,0xdb,0x22,
0xdb,0x21,0xdb,0x22,0xdb,0x21,0xd3,0x22,0xdb,0x01,0xd3,0x22,0xdb,0x01,0xd3,0x22,
0xdb,0x01,0xd3,0x22,0xdb,0x21,0xd3,0x22,0xdb,0x41,0xdb,0x62,0xdb,0x41,0xdb,0x62,
0xdb,0x41,0xdb,0x62,0xdb,0x41,0xdb,0x62,0xdb,0x41,0xdb,0x62,0xdb,0x41,0xdb,0x62,
0xdb,0x62,0xdb,0x62,0xdb,0x41,0xdb,0x62,0xdb,0x41,0xdb,0x62,0xdb,0x61,0xdb,0x62,
0xdb,0x61,0xdb,0x82,0xdb,0x61,0xdb,0x62,0xdb,0x81,0xdb,0xa2,0xdb,0xa2,0xdb,0xc2,
0xe3,0xa2,0xdb,0xa2,0xdb,0xa2,0xdb,0xc2,0xdb,0xa1,0xdb,0xc2,0xe3,0xa2,0xdb,0xc2,
0xe3,0xa2,0xdb,0xc2,0xdb,0xa1,0xdb,0xc2,0xdb,0x62,0xd3,0x41,0xd3,0x01,0xd3,0x22,
0xd3,0x01,0xd3,0x22,0xd3,0x01,0xd3,0x22,0xd3,0x01,0xcb,0x22,0xd3,0x01,0xcb,0x02,
0xd3,0x01,0xcb,0x22,0xd3,0x01,0xcb,0x22,0xd3,0x01,0xcb,0x21,0xd3,0x01,0xcb,0x21,
0xd3,0x01,0xcb,0x22,0xd3,0x01,0xcb,0x01,0xd3,0x01,0xcb,0x01,0xd3,0x01,0xcb,0x01,
0xd3,0x01,0xcb,0x01,0xd3,0x01,0xcb,0x22,0xd3,0x61,0xd3,0x82,0xd3,0x61,0xd3,0x82,
0xd3,0x61,0xd3,0x81,0xd3,0x61,0xd3,0x82,0xd3,0x61,0xd3,0x62,0xd3,0x41,0xdb,0xe3,
0xdb,0x02,0xda,0xe2,0xdb,0x02,0xda,0xe2,0xdb,0x02,0xdb,0x02,0xd3,0x22,0xdb,0x02,
0xdb,0x22,0xdb,0x22,0xdb,0x22,0xdb,0x02,0xdb,0x22,0xdb,0x22,0xdb,0x23,0xdb,0x22,
0xdb,0x23,0xdb,0x22,0xdb,0x23,0xdb,0x22,0xdb,0x22,0xdb,0x22,0xd3,0x22,0xdb,0x22,
0xd3,0x22,0xdb,0x02,0xd3,0x22,0xdb,0x02,0xd3,0x22,0xdb,0x02,0xd3,0x22,0xdb,0x02,
0xd3,0x22,0xdb,0x02,0xd3,0x02,0xdb,0x02,0xd3,0x02,0xdb,0x02,0xd3,0x02,0xdb,0x02,
0xd3,0x02,0xdb,0x02,0xd3,0x22,0xdb,0x22,0xd3,0x42,0xdb,0x42,0xd3,0x42,0xdb,0x42,
0xd3,0x42,0xdb,0x42,0xd3,0x62,0xdb,0x42,0xd3,0x62,0xdb,0x42,0xd3,0x62,0xdb,0x42,
0xd3,0x62,0xdb,0x42,0xd3,0x62,0xdb,0x42,0xd3,0x62,0xdb,0x42,0xd3,0x62,0xdb,0x62,
0xd3,0x62,0xdb,0x62,0xd3,0x62,0xdb,0x62,0xd3,0x82,0xdb,0x82,0xdb,0xa2,0xdb,0xa2,
0xdb,0xa2,0xdb,0xa2,0xd3,0xa2,0xdb,0xa2,0xdb,0xa2,0xdb,0xa2,0xd3,0xa2,0xdb,0xa2,
0xdb,0xa2,0xdb,0xa2,0xdb,0xa2,0xdb,0x81,0xd3,0x22,0xd3,0x01,0xcb,0x22,0xd3,0x01,
0xcb,0x22,0xd3,0x01,0xcb,0x02,0xd3,0x01,0xcb,0x22,0xd3,0x01,0xcb,0x02,0xd2,0xe1,
0xcb,0x02,0xd3,0x01,0xcb,0x22,0xd3,0x01,0xcb,0x22,0xd3,0x01,0xcb,0x02,0xd3,0x01,
0xcb,0x02,0xca,0xe1,0xcb,0x02,0xca,0xe1,0xcb,0x02,0xca,0xe1,0xcb,0x02,0xca,0xe1,
0xcb,0x02,0xca,0xe1,0xcb,0x21,0xd3,0x41,0xd3,0x82,0xd3,0x61,0xcb,0x62,0xd3,0x61,
0xd3,0x62,0xd3,0x61,0xd3,0x62,0xd3,0x61,0xcb,0x62,0xd3,0x61,0xcb,0x62,0xdb,0xa3,
0xdb,0x01,0xdb,0x02,0xe3,0x02,0xdb,0x22,0xdb,0x02,0xdb,0x22,0xe3,0x22,0xdb,0x22,
0xdb,0x22,0xdb,0x22,0xdb,0x22,0xdb,0x42,0xe3,0x22,0xdb,0x42,0xe3,0x22,0xdb,0x42,
0xe3,0x22,0xdb,0x22,0xdb,0x22,0xdb,0x22,0xdb,0x22,0xdb,0x22,0xdb,0x22,0xdb,0x22,
0xdb,0x21,0xdb,0x22,0xdb,0x21,0xdb,0x22,0xdb,0x21,0xdb,0x22,0xdb,0x21,0xdb,0x22,
0xdb,0x21,0xd3,0x22,0xdb,0x01,0xd3,0x22,0xdb,0x01,0xd3,0x22,0xdb,0x01,0xd3,0x22,
0xdb,0x01,0xd3,0x22,0xdb,0x41,0xd3,0x42,0xdb,0x41,0xdb,0x62,0xdb,0x41,0xdb,0x62,
0xdb,0x41,0xdb,0x62,0xdb,0x41,0xdb,0x62,0xdb,0x41,0xdb,0x62,0xdb,0x41,0xdb,0x62,
0xdb,0x41,0xd3,0x62,0xdb,0x41,0xdb,0x62,0xdb,0x41,0xdb,0x62,0xdb,0x41,0xdb,0x62,
0xdb,0x41,0xdb,0x62,0xdb,0x61,0xdb,0x82,0xdb,0x82,0xdb,0xa2,0xdb,0xa1,0xdb,0xa2,
0xdb,0xa1,0xdb,0xa2,0xdb,0xa1,0xdb,0xa2,0xdb,0xa1,0xdb,0xc2,0xdb,0xa2,0xdb,0xc2,
0xdb,0xa1,0xdb,0xc2,0xdb,0x62,0xd3,0x21,0xd3,0x01,0xd3,0x22,0xd3,0x01,0xd3,0x22,
0xd3,0x01,0xd3,0x22,0xd3,0x01,0xcb,0x22,0xd3,0x01,0xcb,0x02,0xd3,0x01,0xcb,0x02,
0xd3,0x01,0xcb,0x22,0xd3,0x01,0xcb,0x21,0xd3,0x01,0xcb,0x21,0xd3,0x01,0xcb,0x22,
0xd3,0x01,0xcb,0x01,0xd3,0x01,0xcb,0x01,0xd3,0x01,0xcb,0x01,0xd3,0x01,0xcb,0x01,
0xd3,0x01,0xd3,0x22,0xd3,0x61,0xd3,0x82,0xd3,0x61,0xd3,0x81,0xd3,0x61,0xd3,0x62,
0xd3,0x61,0xd3,0x82,0xd3,0x61,0xd3,0x62,0xd3,0x61,0xd3,0x62,0xd3,0x61,0xdb,0xe3,
0xdb,0x02,0xdb,0x02,0xdb,0x02,0xdb,0x02,0xd3,0x22,0xdb,0x22,0xdb,0x22,0xdb,0x22,
0xdb,0x22,0xdb,0x22,0xdb,0x23,0xdb,0x22,0xdb,0x23,0xdb,0x22,0xdb,0x23,0xdb,0x22,
0xdb,0x22,0xdb,0x22,0xdb,0x22,0xdb,0x22,0xd3,0x22,0xdb,0x22,0xd3,0x22,0xdb,0x22,
0xd3,0x22,0xdb,0x02,0xd3,0x22,0xdb,0x02,0xd3,0x22,0xdb,0x02,0xd3,0x22,0xdb,0x02,
0xd3,0x02,0xdb,0x02,0xd3,0x02,0xdb,0x02,0xd3,0x02,0xdb,0x02,0xd3,0x02,0xdb,0x02,
0xd3,0x22,0xdb,0x22,0xd3,0x42,0xdb,0x22,0xd3,0x42,0xdb,0x42,0xd3,0x42,0xdb,0x42,
0xd3,0x42,0xdb,0x42,0xd3,0x42,0xdb,0x42,0xd3,0x42,0xdb,0x42,0xd3,0x63,0xdb,0x42,
0xd3,0x42,0xdb,0x42,0xd3,0x62,0xdb,0x42,0xd3,0x62,0xdb,0x42,0xd3,0x62,0xdb,0x42,
0xd3,0x62,0xdb,0x42,0xd3,0x82,0xdb,0x82,0xd3,0xa2,0xdb,0x82,0xd3,0xa2,0xdb,0x82,
0xd3,0xa2,0xdb,0x82,0xd3,0xa2,0xdb,0xa2,0xd3,0xa2,0xdb,0xa2,0xdb,0xa2,0xdb,0xa2,
0xdb,0xa3,0xdb,0x61,0xcb,0x22,0xd3,0x01,0xcb,0x02,0xd3,0x01,0xcb,0x22,0xd3,0x01,
0xcb,0x22,0xd3,0x01,0xcb,0x22,0xd3,0x01,0xcb,0x02,0xd2,0xe1,0xcb,0x02,0xd2,0xe1,
0xcb,0x02,0xd3,0x01,0xcb,0x02,0xd3,0x01,0xcb,0x22,0xd3,0x01,0xcb,0x02,0xd3,0x01,
0xcb,0x02,0xca,0xe1,0xcb,0x02,0xca,0xe1,0xcb,0x02,0xca,0xe1,0xcb,0x02,0xca,0xe1,
0xcb,0x21,0xd3,0x42,0xd3,0x82,0xd3,0x62,0xd3,0x62,0xd3,0x61,0xd3,0x62,0xd3,0x61,
0xcb,0x62,0xd3,0x61,0xd3,0x62,0xd3,0x61,0xcb,0x62,0xd3,0x61,0xcb,0x62,0xdb,0xc3,
0xe3,0x02,0xdb,0x22,0xe3,0x01,0xdb,0x22,0xdb,0x22,0xdb,0x22,0xdb,0x22,0xdb,0x22,
0xe3,0x22,0xdb,0x42,0xe3,0x22,0xdb,0x42,0xe3,0x22,0xdb,0x42,0xdb,0x22,0xdb,0x42,
0xdb,0x22,0xdb,0x22,0xdb,0x22,0xdb,0x22,0xdb,0x22,0xdb,0x22,0xdb,0x22,0xdb,0x22,
0xdb,0x21,0xdb,0x22,0xdb,0x21,0xdb,0x22,0xdb,0x21,0xdb,0x22,0xdb,0x21,0xdb,0x22,
0xdb,0x01,0xd3,0x22,0xdb,0x01,0xd3,0x22,0xdb,0x01,0xd3,0x22,0xdb,0x01,0xd3,0x22,
0xdb,0x21,0xdb,0x42,0xdb,0x21,0xdb,0x42,0xdb,0x41,0xd3,0x42,0xdb,0x42,0xd3,0x42,
0xdb,0x41,0xd3,0x42,0xdb,0x42,0xdb,0x62,0xdb,0x42,0xdb,0x62,0xdb,0x41,0xd3,0x62,
0xdb,0x41,0xd3,0x62,0xdb,0x41,0xdb,0x62,0xdb,0x41,0xdb,0x62,0xdb,0x41,0xd3,0x62,
0xdb,0x61,0xdb,0x82,0xdb,0x81,0xdb,0x82,0xdb,0x82,0xdb,0xa2,0xdb,0x82,0xdb,0xa2,
0xdb,0x82,0xdb,0xa2,0xdb,0x81,0xdb,0xa2,0xdb,0xa1,0xdb,0xa2,0xdb,0xa1,0xdb,0xa2,
0xdb,0x62,0xd3,0x21,0xd3,0x01,0xd3,0x22,0xd3,0x01,0xd3,0x22,0xd3,0x01,0xd3,0x22,
0xd3,0x01,0xd3,0x22,0xd3,0x01,0xcb,0x22,0xd3,0x01,0xcb,0x02,0xd3,0x01,0xcb,0x22,
0xd3,0x01,0xcb,0x22,0xd3,0x01,0xcb,0x22,0xd3,0x01,0xcb,0x21,0xd3,0x01,0xcb,0x22,
0xd3,0x01,0xcb,0x01,0xd3,0x01,0xcb,0x01,0xd3,0x01,0xcb,0x01,0xd3,0x01,0xcb,0x22,
0xd3,0x61,0xd3,0x82,0xdb,0x61,0xd3,0x82,0xd3,0x61,0xd3,0x82,0xd3,0x61,0xd3,0x82,
0xd3,0x61,0xd3,0x62,0xd3,0x61,0xd3,0x62,0xd3,0x61,0xd3,0x62,0xd3,0x61,0xdb,0xe3,
0xdb,0x22,0xdb,0x02,0xdb,0x22,0xdb,0x22,0xdb,0x22,0xdb,0x22,0xdb,0x23,0xdb,0x22,
0xdb,0x23,0xdb,0x22,0xdb,0x23,0xdb,0x22,0xdb,0x23,0xdb,0x22,0xdb,0x23,0xdb,0x22,
0xdb,0x22,0xdb,0x22,0xdb,0x22,0xdb,0x22,0xd3,0x22,0xdb,0x22,0xd3,0x22,0xdb,0x02,
0xd3,0x22,0xdb,0x02,0xd3,0x22,0xdb,0x02,0xd3,0x22,0xdb,0x02,0xd3,0x22,0xdb,0x02,
0xd3,0x02,0xdb,0x02,0xd3,0x02,0xdb,0x02,0xd3,0x02,0xdb,0x02,0xd3,0x22,0xdb,0x02,
0xd3,0x22,0xdb,0x22,0xd3,0x42,0xdb,0x22,0xd3,0x42,0xdb,0x22,0xd3,0x42,0xdb,0x22,
0xd3,0x42,0xdb,0x22,0xd3,0x42,0xdb,0x42,0xd3,0x42,0xdb,0x22,0xd3,0x42,0xdb,0x42,
0xd3,0x42,0xdb,0x22,0xd3,0x42,0xdb,0x42,0xd3,0x42,0xdb,0x42,0xd3,0x62,0xdb,0x42,
0xd3,0x83,0xdb,0x82,0xdb,0x82,0xdb,0x62,0xd3,0x82,0xdb,0x82,0xd3,0x82,0xdb,0x82,
0xd3,0x82,0xdb,0x82,0xd3,0xa2,0xdb,0x82,0xd3,0xa2,0xdb,0xa2,0xd3,0x82,0xdb,0x61,
0xcb,0x22,0xd2,0xe1,0xcb,0x02,0xd3,0x01,0xcb,0x02,0xd3,0x01,0xcb,0x02,0xd2,0xe1,
0xcb,0x02,0xd2,0xe1,0xcb,0x22,0xd3,0x01,0xcb,0x02,0xd2,0xe1,0xcb,0x02,0xd3,0x01,
0xcb,0x02,0xd3,0x01,0xcb,0x02,0xd3,0x01,0xcb,0x02,0xd2,0xe1,0xcb,0x02,0xca,0xe1,
0xcb,0x02,0xca,0xe1,0xcb,0x02,0xca,0xe1,0xcb,0x02,0xca,0xe1,0xcb,0x22,0xd3,0x42,
0xd3,0x62,0xd3,0x61,0xd3,0x62,0xd3,0x61,0xcb,0x62,0xd3,0x61,0xd3,0x62,0xd3,0x61,
0xd3,0x62,0xd3,0x61,0xcb,0x62,0xd3,0x61,0xd3,0x62,0xd3,0x41,0xcb,0x62,0xdb,0xc3,
0xe3,0x22,0xdb,0x22,0xdb,0x22,0xdb,0x22,0xe3,0x22,0xdb,0x42,0xe3,0x22,0xdb,0x42,
0xe3,0x22,0xdb,0x42,0xe3,0x22,0xdb,0x42,0xe3,0x22,0xdb,0x42,0xdb,0x22,0xdb,0x22,
0xdb,0x22,0xdb,0x22,0xdb,0x22,0xdb,0x22,0xdb,0x22,0xdb,0x22,0xdb,0x21,0xdb,0x22,
0xdb,0x21,0xdb,0x22,0xdb,0x21,0xdb,0x22,0xdb,0x21,0xdb,0x22,0xdb,0x01,0xd3,0x22,
0xdb,0x01,0xd3,0x22,0xdb,0x01,0xd3,0x22,0xdb,0x01,0xd3,0x22,0xdb,0x01,0xd3,0x22,
0xdb,0x21,0xdb,0x42,0xdb,0x21,0xdb,0x42,0xdb,0x41,0xd3,0x42,0xdb,0x41,0xd3,0x42,
0xdb,0x41,0xd3,0x42,0xdb,0x41,0xd3,0x42,0xdb,0x42,0xd3,0x42,0xdb,0x41,0xd3,0x42,
0xdb,0x41,0xd3,0x42,0xdb,0x41,0xd3,0x62,0xdb,0x41,0xd3,0x62,0xdb,0x61,0xdb,0x82,
0xdb,0x82,0xdb,0xa2,0xdb,0x82,0xdb,0xa2,0xdb,0x81,0xdb,0x82,0xdb,0x81,0xdb,0xa2,
0xdb,0x81,0xdb,0xa2,0xdb,0x82,0xdb,0xa2,0xdb,0x81,0xdb,0xa2,0xdb,0x62,0xd3,0x21,
0xd3,0x01,0xd3,0x22,0xd3,0x01,0xd3,0x22,0xd3,0x01,0xcb,0x02,0xd3,0x01,0xcb,0x02,
0xd3,0x01,0xcb,0x02,0xd3,0x01,0xcb,0x22,0xd3,0x01,0xcb,0x02,0xd3,0x01,0xcb,0x22,
0xd3,0x01,0xcb,0x22,0xd3,0x01,0xcb,0x01,0xd2,0xe1,0xcb,0x01,0xd3,0x01,0xcb,0x01,
0xd3,0x01,0xcb,0x01,0xd3,0x01,0xcb,0x01,0xd3,0x01,0xcb,0x22,0xd3,0x61,0xd3,0x82,
0xd3,0x61,0xd3,0x82,0xd3,0x61,0xd3,0x82,0xd3,0x61,0xd3,0x62,0xd3,0x61,0xd3,0x82,
0xd3,0x61,0xd3,0x82,0xd3,0x61,0xd3,0x62,0xd3,0x61,0xd3,0x61,0xd3,0x61,0xdb,0xe3,
0xdb,0x22,0xdb,0x02,0xdb,0x22,0xdb,0x22,0xdb,0x23,0xdb,0x22,0xdb,0x23,0xdb,0x22,
0xdb,0x23,0xdb,0x22,0xdb,0x23,0xdb,0x22,0xdb,0x23,0xdb,0x22,0xdb,0x22,0xdb,0x22,
0xdb,0x22,0xdb,0x22,0xd3,0x22,0xdb,0x22,0xd3,0x22,0xdb,0x02,0xd3,0x22,0xdb,0x02,
0xd3,0x22,0xdb,0x02,0xd3,0x22,0xdb,0x02,0xd3,0x22,0xdb,0x02,0xd3,0x02,0xdb,0x02,
0xd3,0x02,0xdb,0x02,0xd3,0x02,0xdb,0x02,0xd3,0x02,0xdb,0x02,0xd3,0x22,0xdb,0x22,
0xd3,0x22,0xdb,0x22,0xd3,0x22,0xdb,0x22,0xd3,0x42,0xdb,0x22,0xd3,0x42,0xdb,0x22,
0xd3,0x42,0xdb,0x22,0xd3,0x42,0xdb,0x22,0xd3,0x42,0xdb,0x22,0xd3,0x42,0xdb,0x22,
0xd3,0x42,0xdb,0x21,0xd3,0x42,0xdb,0x42,0xd3,0x42,0xdb,0x42,0xd3,0x62,0xdb,0x62,
0xd3,0x83,0xdb,0x62,0xd3,0x82,0xdb,0x62,0xdb,0x82,0xdb,0x62,0xdb,0x82,0xdb,0x62,
0xd3,0x82,0xdb,0x82,0xd3,0xa2,0xdb,0x82,0xd3,0x82,0xd3,0x61,0xcb,0x22,0xd3,0x01,
0xcb,0x02,0xd3,0x01,0xcb,0x02,0xd3,0x01,0xcb,0x02,0xd2,0xe1,0xcb,0x02,0xd2,0xe1,
0xcb,0x02,0xd2,0xe1,0xcb,0x02,0xd2,0xe1,0xcb,0x02,0xd2,0xe1,0xcb,0x02,0xd3,0x01,
0xcb,0x02,0xd3,0x01,0xcb,0x02,0xca,0xe1,0xcb,0x02,0xd2,0xe1,0xcb,0x02,0xca,0xe1,
0xcb,0x02,0xca,0xe1,0xcb,0x02,0xca,0xe1,0xcb,0x22,0xd3,0x42,0xd3,0x82,0xd3,0x61,
0xd3,0x82,0xd3,0x61,0xcb,0x62,0xd3,0x61,0xcb,0x62,0xd3,0x61,0xcb,0x62,0xd3,0x61,
0xcb,0x62,0xd3,0x61,0xcb,0x62,0xd3,0x61,0xcb,0x62,0xd3,0x41,0xcb,0x62,0xdb,0xc3,
0xdb,0x22,0xdb,0x42,0xe3,0x22,0xdb,0x42,0xe3,0x22,0xdb,0x42,0xe3,0x22,0xdb,0x42,
0xe3,0x22,0xdb,0x42,0xe3,0x22,0xdb,0x42,0xe3,0x22,0xdb,0x22,0xdb,0x22,0xdb,0x22,
0xdb,0x22,0xdb,0x22,0xdb,0x22,0xdb,0x22,0xdb,0x21,0xdb,0x22,0xdb,0x21,0xdb,0x22,
0xdb,0x21,0xdb,0x22,0xdb,0x21,0xdb,0x22,0xdb,0x21,0xd3,0x22,0xdb,0x01,0xd3,0x22,
0xdb,0x01,0xd3,0x22,0xdb,0x01,0xd3,0x22,0xdb,0x01,0xd3,0x22,0xdb,0x21,0xdb,0x42,
0xdb,0x22,0xd3,0x22,0xdb,0x22,0xd3,0x42,0xdb,0x21,0xdb,0x42,0xdb,0x22,0xd3,0x42,
0xdb,0x21,0xd3,0x42,0xdb,0x21,0xd3,0x42,0xdb,0x41,0xd3,0x42,0xdb,0x21,0xd3,0x42,
0xdb,0x41,0xd3,0x42,0xdb,0x41,0xd3,0x42,0xdb,0x41,0xdb,0x62,0xdb,0x62,0xdb,0x62,
0xdb,0x82,0xd3,0x82,0xdb,0x82,0xd3,0x82,0xdb,0x81,0xd3,0x82,0xdb,0x61,0xdb,0x82,
0xdb,0x81,0xdb,0xa2,0xdb,0x81,0xd3,0x82,0xdb,0x62,0xcb,0x21,0xd3,0x01,0xcb,0x02,
0xd3,0x01,0xd3,0x22,0xd3,0x01,0xd3,0x22,0xd3,0x01,0xcb,0x02,0xd3,0x01,0xcb,0x02,
0xd3,0x01,0xcb,0x02,0xd3,0x01,0xcb,0x02,0xd3,0x01,0xcb,0x02,0xd3,0x01,0xcb,0x22,
0xd3,0x01,0xcb,0x01,0xd3,0x01,0xcb,0x01,0xd3,0x01,0xcb,0x01,0xd3,0x01,0xcb,0x01,
0xd2,0xe1,0xcb,0x01,0xd3,0x01,0xd3,0x22,0xd3,0x61,0xd3,0x82,0xdb,0x61,0xd3,0x82,
0xdb,0x61,0xd3,0x82,0xd3,0x61,0xd3,0x62,0xd3,0x61,0xd3,0x82,0xd3,0x61,0xd3,0x62,
0xd3,0x61,0xd3,0x62,0xd3,0x61,0xd3,0x62,0xd3,0x61,0xd3,0x61,0xd3,0x61,0xdb,0xe3,
0xdb,0x23,0xdb,0x22,0xdb,0x43,0xdb,0x22,0xdb,0x23,0xdb,0x22,0xdb,0x23,0xdb,0x22,
0xdb,0x23,0xdb,0x22,0xdb,0x23,0xdb,0x22,0xdb,0x22,0xdb,0x22,0xdb,0x22,0xdb,0x22,
0xd3,0x22,0xdb,0x22,0xd3,0x22,0xdb,0x02,0xd3,0x22,0xdb,0x02,0xd3,0x22,0xdb,0x02,
0xd3,0x22,0xdb,0x02,0xd3,0x22,0xdb,0x02,0xd3,0x22,0xdb,0x02,0xd3,0x02,0xdb,0x02,
0xd3,0x02,0xdb,0x02,0xd3,0x02,0xdb,0x02,0xd3,0x02,0xda,0xe2,0xd3,0x22,0xdb,0x22,
0xd3,0x22,0xdb,0x22,0xd3,0x42,0xdb,0x22,0xd3,0x22,0xdb,0x22,0xd3,0x42,0xdb,0x22,
0xd3,0x42,0xdb,0x22,0xd3,0x42,0xdb,0x22,0xd3,0x42,0xdb,0x22,0xd3,0x42,0xdb,0x22,
0xd3,0x42,0xdb,0x22,0xd3,0x42,0xdb,0x22,0xd3,0x62,0xdb,0x62,0xd3,0x62,0xdb,0x62,
0xd3,0x82,0xdb,0x62,0xd3,0x82,0xdb,0x62,0xd3,0x82,0xdb,0x62,0xd3,0x82,0xdb,0x62,
0xd3,0x82,0xdb,0x62,0xd3,0x82,0xd3,0x62,0xcb,0x22,0xd3,0x01,0xcb,0x02,0xd2,0xe1,
0xcb,0x02,0xd3,0x01,0xcb,0x22,0xd3,0x01,0xcb,0x02,0xd2,0xe1,0xcb,0x02,0xd2,0xe1,
0xcb,0x02,0xd2,0xe1,0xcb,0x02,0xd2,0xe1,0xcb,0x02,0xd2,0xe1,0xcb,0x02,0xd3,0x01,
0xcb,0x02,0xca,0xe1,0xcb,0x02,0xca,0xe1,0xcb,0x02,0xca,0xe1,0xcb,0x02,0xca,0xe1,
0xca,0xe2,0xca,0xe1,0xcb,0x22,0xd3,0x42,0xd3,0x82,0xd3,0x62,0xd3,0x82,0xd3,0x61,
0xd3,0x82,0xd3,0x61,0xd3,0x62,0xd3,0x61,0xcb,0x62,0xd3,0x61,0xd3,0x62,0xd3,0x61,
0xcb,0x62,0xd3,0x61,0xcb,0x62,0xd3,0x61,0xcb,0x62,0xd3,0x61,0xcb,0x62,0xdb,0xc3,
0xe3,0x22,0xdb,0x42,0xe3,0x22,0xdb,0x42,0xe3,0x22,0xdb,0x42,0xe3,0x22,0xdb,0x42,
0xe3,0x22,0xdb,0x42,0xdb,0x22,0xdb,0x42,0xdb,0x22,0xdb,0x22,0xdb,0x22,0xdb,0x22,
0xdb,0x22,0xdb,0x22,0xdb,0x22,0xdb,0x22,0xdb,0x21,0xdb,0x22,0xdb,0x21,0xdb,0x22,
0xdb,0x21,0xdb,0x22,0xdb,0x21,0xdb,0x22,0xdb,0x01,0xd3,0x22,0xdb,0x01,0xd3,0x22,
0xdb,0x01,0xd3,0x22,0xdb,0x01,0xd3,0x22,0xdb,0x01,0xd3,0x02,0xdb,0x21,0xd3,0x22,
0xdb,0x21,0xd3,0x22,0xdb,0x21,0xd3,0x22,0xdb,0x21,0xd3,0x22,0xdb,0x21,0xdb,0x42,
0xdb,0x22,0xd3,0x42,0xdb,0x21,0xd3,0x42,0xdb,0x21,0xd3,0x42,0xdb,0x21,0xd3,0x42,
0xdb,0x41,0xd3,0x42,0xdb,0x41,0xd3,0x62,0xdb,0x62,0xd3,0x62,0xdb,0x62,0xdb,0x62,
0xdb,0x62,0xdb,0x62,0xdb,0x82,0xd3,0x82,0xdb,0x82,0xd3,0x82,0xdb,0x82,0xd3,0x82,
0xdb,0x61,0xdb,0x82,0xdb,0x42,0xd3,0x21,0xd3,0x01,0xd3,0x22,0xd3,0x01,0xcb,0x02,
0xd3,0x01,0xcb,0x02,0xd3,0x01,0xcb,0x22,0xd3,0x01,0xcb,0x02,0xd3,0x01,0xcb,0x02,
0xd3,0x01,0xcb,0x02,0xd3,0x01,0xcb,0x02,0xd2,0xe1,0xcb,0x01,0xd3,0x01,0xcb,0x22,
0xd3,0x01,0xcb,0x01,0xd3,0x01,0xcb,0x01,0xd3,0x01,0xcb,0x01,0xd3,0x01,0xcb,0x01,
0xd3,0x01,0xcb,0x22,0xd3,0x61,0xd3,0x82,0xdb,0x61,0xd3,0x82,0xdb,0x61,0xd3,0x82,
0xdb,0x61,0xd3,0x81,0xd3,0x61,0xd3,0x82,0xd3,0x61,0xd3,0x62,0xd3,0x61,0xd3,0x62,
0xd3,0x61,0xd3,0x62,0xd3,0x61,0xcb,0x62,0xd3,0x61,0xcb,0x62,0xd3,0x61,0xdb,0xe3,
0xdb,0x23,0xdb,0x22,0xdb,0x23,0xdb,0x22,0xdb,0x23,0xdb,0x22,0xdb,0x23,0xdb,0x22,
0xdb,0x23,0xdb,0x22,0xdb,0x22,0xdb,0x22,0xdb,0x22,0xdb,0x22,0xd3,0x22,0xdb,0x22,
0xd3,0x22,0xdb,0x22,0xd3,0x22,0xdb,0x02,0xd3,0x22,0xdb,0x02,0xd3,0x22,0xdb,0x02,
0xd3,0x22,0xdb,0x02,0xd3,0x22,0xdb,0x02,0xd3,0x02,0xdb,0x02,0xd3,0x02,0xdb,0x02,
0xd3,0x02,0xdb,0x02,0xd3,0x02,0xda,0xe2,0xd3,0x02,0xda,0xe2,0xd3,0x22,0xdb,0x22,
0xd3,0x22,0xdb,0x22,0xd3,0x22,0xdb,0x22,0xd3,0x22,0xdb,0x22,0xd3,0x22,0xd3,0x22,
0xd3,0x42,0xdb,0x22,0xd3,0x42,0xd3,0x21,0xd3,0x42,0xdb,0x22,0xd3,0x42,0xdb,0x22,
0xd3,0x42,0xdb,0x22,0xd3,0x62,0xdb,0x42,0xd3,0x62,0xdb,0x42,0xd3,0x62,0xdb,0x42,
0xd3,0x62,0xdb,0x62,0xd3,0x62,0xdb,0x62,0xd3,0x82,0xdb,0x62,0xd3,0x82,0xdb,0x62,
0xd3,0x82,0xdb,0x62,0xcb,0x02,0xd3,0x01,0xcb,0x02,0xd2,0xe1,0xcb,0x02,0xd2,0xe1,
0xcb,0x02,0xd2,0xe1,0xcb,0x02,0xd2,0xe1,0xcb,0x02,0xd2,0xe1,0xcb,0x02,0xd3,0x01,
0xcb,0x02,0xd2,0xe1,0xcb,0x02,0xd2,0xe1,0xcb,0x02,0xd2,0xe1,0xcb,0x02,0xd2,0xe1,
0xcb,0x02,0xca,0xe1,0xca,0xe2,0xd2,0xe1,0xcb,0x02,0xca,0xe1,0xcb,0x02,0xca,0xe1,
0xcb,0x22,0xd3,0x42,0xd3,0x82,0xd3,0x62,0xd3,0x82,0xd3,0x61,0xd3,0x82,0xd3,0x61,
0xd3,0x62,0xd3,0x61,0xd3,0x62,0xd3,0x61,0xd3,0x62,0xd3,0x61,0xcb,0x62,0xd3,0x61,
0xcb,0x62,0xd3,0x41,0xcb,0x62,0xd3,0x61,0xcb,0x62,0xd3,0x61,0xcb,0x62,0xdb,0xa3,
0xe3,0x22,0xdb,0x42,0xe3,0x22,0xdb,0x42,0xe3,0x22,0xdb,0x42,0xe3,0x22,0xdb,0x42,
0xe3,0x22,0xdb,0x22,0xdb,0x22,0xdb,0x22,0xdb,0x22,0xdb,0x22,0xdb,0x22,0xdb,0x22,
0xdb,0x22,0xdb,0x22,0xdb,0x21,0xdb,0x22,0xdb,0x21,0xdb,0x22,0xdb,0x21,0xdb,0x22,
0xdb,0x21,0xdb,0x22,0xdb,0x01,0xd3,0x22,0xdb,0x01,0xd3,0x22,0xdb,0x01,0xd3,0x22,
0xdb,0x01,0xd3,0x22,0xdb,0x01,0xd3,0x02,0xdb,0x01,0xd3,0x02,0xdb,0x21,0xd3,0x22,
0xdb,0x21,0xd3,0x22,0xdb,0x21,0xd3,0x22,0xdb,0x21,0xd3,0x22,0xdb,0x21,0xd3,0x42,
0xdb,0x21,0xd3,0x42,0xdb,0x21,0xd3,0x42,0xdb,0x21,0xd3,0x42,0xdb,0x21,0xd3,0x42,
0xdb,0x21,0xd3,0x62,0xdb,0x61,0xd3,0x62,0xdb,0x41,0xdb,0x62,0xdb,0x61,0xd3,0x62,
0xdb,0x62,0xdb,0x62,0xdb,0x61,0xdb,0x62,0xdb,0x61,0xdb,0x82,0xdb,0x61,0xd3,0x82,
0xdb,0x42,0xd3,0x21,0xd3,0x01,0xd3,0x22,0xd3,0x01,0xcb,0x02,0xd3,0x01,0xcb,0x02,
0xd3,0x01,0xcb,0x02,0xd3,0x01,0xcb,0x02,0xd3,0x01,0xcb,0x02,0xd3,0x01,0xcb,0x22,
0xd3,0x01,0xcb,0x01,0xd2,0xe1,0xcb,0x01,0xd2,0xe1,0xcb,0x01,0xd2,0xe1,0xcb,0x01,
0xd2,0xe1,0xcb,0x01,0xd2,0xe1,0xcb,0x01,0xd3,0x01,0xcb,0x01,0xd3,0x01,0xd3,0x22,
0xdb,0x61,0xd3,0x82,0xdb,0x61,0xd3,0x82,0xdb,0x61,0xd3,0x82,0xd3,0x61,0xd3,0x82,
0xd3,0x61,0xd3,0x82,0xd3,0x61,0xd3,0x82,0xd3,0x61,0xd3,0x82,0xd3,0x61,0xd3,0x62,
0xd3,0x61,0xd3,0x62,0xd3,0x61,0xd3,0x61,0xd3,0x61,0xd3,0x62,0xd3,0x41,0xdb,0xc3,
0xdb,0x23,0xdb,0x22,0xdb,0x23,0xdb,0x22,0xdb,0x23,0xdb,0x22,0xdb,0x23,0xdb,0x22,
0xdb,0x23,0xdb,0x22,0xdb,0x22,0xdb,0x22,0xdb,0x22,0xdb,0x22,0xd3,0x22,0xdb,0x22,
0xd3,0x22,0xdb,0x02,0xd3,0x22,0xdb,0x02,0xd3,0x22,0xdb,0x02,0xd3,0x22,0xdb,0x02,
0xd3,0x22,0xdb,0x02,0xd3,0x02,0xdb,0x02,0xd3,0x02,0xdb,0x02,0xd3,0x02,0xdb,0x02,
0xd3,0x22,0xdb,0x02,0xd3,0x02,0xda,0xe2,0xd3,0x02,0xda,0xe2,0xd3,0x22,0xdb,0x02,
0xd3,0x22,0xdb,0x22,0xd3,0x22,0xdb,0x22,0xd3,0x22,0xdb,0x22,0xd3,0x22,0xd3,0x22,
0xd3,0x22,0xd3,0x22,0xd3,0x22,0xd3,0x22,0xd3,0x22,0xd3,0x22,0xd3,0x22,0xdb,0x22,
0xd3,0x42,0xdb,0x42,0xd3,0x62,0xdb,0x42,0xd3,0x62,0xdb,0x42,0xd3,0x62,0xdb,0x42,
0xd3,0x62,0xdb,0x42,0xd3,0x62,0xdb,0x42,0xd3,0x62,0xdb,0x42,0xd3,0x62,0xdb,0x41,
0xcb,0x02,0xd3,0x01,0xcb,0x02,0xd3,0x01,0xcb,0x02,0xd2,0xe1,0xcb,0x02,0xd2,0xe1,
0xcb,0x02,0xd2,0xe1,0xcb,0x02,0xd2,0xe1,0xcb,0x02,0xd2,0xe1,0xcb,0x02,0xd3,0x01,
0xcb,0x02,0xd2,0xe1,0xcb,0x02,0xd2,0xe1,0xcb,0x02,0xd2,0xe1,0xcb,0x02,0xd2,0xe1,
0xcb,0x02,0xca,0xe1,0xca,0xe2,0xca,0xe1,0xcb,0x02,0xca,0xe1,0xcb,0x21,0xd3,0x62,
0xd3,0x82,0xd3,0x62,0xd3,0x82,0xd3,0x62,0xd3,0x82,0xd3,0x62,0xd3,0x82,0xd3,0x61,
0xd3,0x62,0xd3,0x61,0xd3,0x62,0xd3,0x61,0xd3,0x62,0xd3,0x61,0xd3,0x62,0xd3,0x61,
0xcb,0x62,0xd3,0x41,0xcb,0x62,0xd3,0x41,0xcb,0x62,0xd3,0x41,0xcb,0x62,0xdb,0xc3,
0xe3,0x22,0xdb,0x42,0xe3,0x22,0xdb,0x42,0xe3,0x22,0xdb,0x42,0xe3,0x22,0xdb,0x22,
0xdb,0x22,0xdb,0x22,0xdb,0x22,0xdb,0x22,0xdb,0x22,0xdb,0x22,0xdb,0x22,0xdb,0x22,
0xdb,0x21,0xdb,0x22,0xdb,0x21,0xdb,0x22,0xdb,0x21,0xdb,0x22,0xdb,0x21,0xdb,0x22,
0xdb,0x21,0xd3,0x22,0xdb,0x01,0xd3,0x22,0xdb,0x01,0xd3,0x22,0xdb,0x01,0xd3,0x22,
0xdb,0x01,0xd3,0x02,0xdb,0x01,0xd3,0x02,0xdb,0x01,0xd3,0x02,0xdb,0x01,0xd3,0x22,
0xdb,0x21,0xd3,0x22,0xdb,0x21,0xd3,0x22,0xdb,0x21,0xd3,0x22,0xdb,0x21,0xd3,0x22,
0xdb,0x21,0xd3,0x22,0xdb,0x21,0xd3,0x42,0xdb,0x21,0xd3,0x42,0xdb,0x21,0xd3,0x42,
0xdb,0x41,0xd3,0x62,0xdb,0x41,0xd3,0x62,0xdb,0x41,0xd3,0x62,0xdb,0x41,0xd3,0x62,
0xdb,0x41,0xd3,0x62,0xdb,0x41,0xd3,0x62,0xdb,0x61,0xd3,0x62,0xdb,0x41,0xd3,0x21,
0xd3,0x01,0xcb,0x02,0xd3,0x01,0xcb,0x02,0xd3,0x01,0xcb,0x02,0xd3,0x01,0xcb,0x02,
0xd3,0x01,0xcb,0x02,0xd3,0x01,0xcb,0x02,0xd2,0xe1,0xcb,0x01,0xd2,0xe1,0xcb,0x01,
0xd2,0xe1,0xcb,0x01,0xd2,0xe1,0xcb,0x01,0xd2,0xe1,0xcb,0x01,0xd2,0xe1,0xcb,0x01,
0xd2,0xe1,0xcb,0x01,0xd3,0x01,0xcb,0x01,0xd3,0x01,0xd3,0x22,0xdb,0x61,0xd3,0x82,
0xdb,0x61,0xd3,0x82,0xdb,0x61,0xd3,0x82,0xdb,0x61,0xd3,0x82,0xdb,0x61,0xd3,0x82,
0xd3,0x61,0xd3,0x62,0xd3,0x61,0xd3,0x62,0xd3,0x61,0xd3,0x82,0xd3,0x61,0xd3,0x62,
0xd3,0x61,0xd3,0x62,0xd3,0x61,0xd3,0x61,0xd3,0x61,0xd3,0x61,0xd3,0x41,0xdb,0xc3,
0xdb,0x23,0xdb,0x22,0xdb,0x23,0xdb,0x22,0xdb,0x23,0xdb,0x22,0xdb,0x23,0xdb,0x22,
0xdb,0x22,0xdb,0x22,0xdb,0x22,0xdb,0x22,0xd3,0x22,0xdb,0x22,0xd3,0x22,0xdb,0x02,
0xd3,0x22,0xdb,0x02,0xd3,0x22,0xdb,0x02,0xd3,0x22,0xdb,0x02,0xd3,0x22,0xdb,0x02,
0xd3,0x02,0xdb,0x02,0xd3,0x02,0xdb,0x02,0xd3,0x02,0xdb,0x02,0xd3,0x02,0xdb,0x02,
0xd3,0x02,0xda,0xe2,0xd3,0x02,0xda,0xe2,0xd3,0x02,0xd3,0x02,0xd3,0x02,0xdb,0x02,
0xd3,0x22,0xdb,0x02,0xd3,0x22,0xdb,0x02,0xd3,0x22,0xdb,0x02,0xd3,0x22,0xd3,0x22,
0xd3,0x22,0xd3,0x22,0xd3,0x22,0xd3,0x22,0xd3,0x22,0xd3,0x22,0xd3,0x42,0xdb,0x42,
0xd3,0x62,0xdb,0x42,0xd3,0x42,0xdb,0x42,0xd3,0x62,0xdb,0x42,0xd3,0x62,0xdb,0x42,
0xd3,0x42,0xdb,0x42,0xd3,0x62,0xdb,0x42,0xd3,0x62,0xd3,0x21,0xcb,0x02,0xd3,0x01,
0xcb,0x02,0xd2,0xe1,0xcb,0x02,0xd2,0xe1,0xcb,0x02,0xd2,0xe1,0xcb,0x02,0xd2,0xe1,
0xcb,0x02,0xd2,0xe1,0xcb,0x02,0xd2,0xe1,0xcb,0x02,0xd2,0xe1,0xcb,0x02,0xd2,0xe1,
0xcb,0x02,0xd2,0xe1,0xcb,0x02,0xd2,0xe1,0xcb,0x02,0xd2,0xe1,0xcb,0x02,0xca,0xe1,
0xca,0xe2,0xca,0xe1,0xcb,0x02,0xca,0xe1,0xcb,0x42,0xd3,0x62,0xd3,0x82,0xd3,0x62,
0xd3,0x82,0xd3,0x62,0xd3,0x82,0xd3,0x61,0xd3,0x82,0xd3,0x61,0xd3,0x62,0xd3,0x61,
0xcb,0x62,0xd3,0x61,0xcb,0x62,0xd3,0x61,0xcb,0x62,0xd3,0x61,0xcb,0x62,0xd3,0x61,
0xcb,0x62,0xd3,0x61,0xcb,0x62,0xd3,0x41,0xcb,0x62,0xd3,0x41,0xcb,0x62,0xdb,0xa3,
0xe3,0x22,0xdb,0x42,0xe3,0x22,0xdb,0x42,0xdb,0x22,0xdb,0x42,0xdb,0x22,0xdb,0x22,
0xdb,0x22,0xdb,0x22,0xdb,0x22,0xdb,0x22,0xdb,0x22,0xdb,0x22,0xdb,0x21,0xdb,0x22,
0xdb,0x21,0xdb,0x22,0xdb,0x21,0xdb,0x22,0xdb,0x21,0xdb,0x22,0xdb,0x21,0xd3,0x22,
0xdb,0x01,0xd3,0x22,0xdb,0x01,0xd3,0x22,0xdb,0x01,0xd3,0x22,0xdb,0x01,0xd3,0x22,
0xdb,0x01,0xd3,0x02,0xdb,0x01,0xd3,0x02,0xdb,0x01,0xd3,0x22,0xdb,0x01,0xd3,0x22,
0xdb,0x01,0xd3,0x22,0xdb,0x01,0xd3,0x22,0xdb,0x21,0xd3,0x22,0xdb,0x21,0xd3,0x22,
0xdb,0x21,0xd3,0x22,0xdb,0x21,0xd3,0x22,0xdb,0x21,0xd3,0x42,0xdb,0x41,0xd3,0x42,
0xdb,0x42,0xd3,0x42,0xdb,0x41,0xd3,0x62,0xdb,0x41,0xd3,0x62,0xdb,0x41,0xd3,0x62,
0xdb,0x41,0xd3,0x62,0xdb,0x41,0xd3,0x62,0xdb,0x22,0xd3,0x22,0xd3,0x01,0xcb,0x02,
0xd3,0x01,0xd3,0x02,0xd3,0x01,0xcb,0x02,0xd3,0x01,0xcb,0x02,0xd3,0x01,0xcb,0x02,
0xd3,0x01,0xcb,0x02,0xd3,0x01,0xcb,0x02,0xd2,0xe1,0xcb,0x01,0xd2,0xe1,0xcb,0x02,
0xd2,0xe1,0xcb,0x01,0xd3,0x01,0xcb,0x02,0xd2,0xe1,0xcb,0x01,0xd2,0xe1,0xcb,0x01,
0xd2,0xe1,0xcb,0x01,0xd3,0x01,0xcb,0x22,0xdb,0x81,0xd3,0x82,0xdb,0x81,0xd3,0x82,
0xdb,0x61,0xd3,0x82,0xdb,0x61,0xd3,0x82,0xdb,0x61,0xd3,0x82,0xd3,0x61,0xd3,0x82,
0xd3,0x61,0xd3,0x62,0xd3,0x61,0xd3,0x62,0xd3,0x61,0xd3,0x82,0xd3,0x61,0xd3,0x62,
0xd3,0x61,0xd3,0x61,0xd3,0x61,0xd3,0x61,0xd3,0x61,0xd3,0x61,0xd3,0x41,0xdb,0xc3,
0xdb,0x23,0xdb,0x22,0xdb,0x23,0xdb,0x22,0xdb,0x23,0xdb,0x22,0xdb,0x22,0xdb,0x22,
0xdb,0x22,0xdb,0x22,0xd3,0x22,0xdb,0x22,0xd3,0x22,0xdb,0x02,0xd3,0x22,0xdb,0x02,
0xd3,0x22,0xdb,0x02,0xd3,0x22,0xdb,0x02,0xd3,0x22,0xdb,0x02,0xd3,0x02,0xdb,0x02,
0xd3,0x02,0xdb,0x02,0xd3,0x02,0xdb,0x02,0xd3,0x02,0xdb,0x02,0xd3,0x22,0xdb,0x02,
0xd3,0x02,0xda,0xe2,0xd3,0x02,0xda,0xe2,0xd3,0x02,0xd3,0x02,0xd3,0x02,0xd3,0x02,
0xd3,0x02,0xda,0xe2,0xd3,0x02,0xd3,0x02,0xd3,0x22,0xdb,0x02,0xd3,0x22,0xd3,0x22,
0xd3,0x22,0xd3,0x22,0xd3,0x22,0xd3,0x22,0xd3,0x22,0xdb,0x22,0xd3,0x42,0xdb,0x22,
0xd3,0x42,0xdb,0x22,0xd3,0x42,0xdb,0x22,0xd3,0x62,0xdb,0x42,0xd3,0x62,0xdb,0x42,
0xd3,0x62,0xdb,0x42,0xd3,0x62,0xd3,0x41,0xcb,0x02,0xd2,0xe1,0xcb,0x02,0xd2,0xe1,
0xcb,0x02,0xd2,0xe1,0xcb,0x02,0xd2,0xe1,0xcb,0x02,0xd2,0xe1,0xcb,0x02,0xd2,0xe1,
0xcb,0x02,0xd2,0xe1,0xcb,0x02,0xd2,0xe1,0xcb,0x02,0xd2,0xe1,0xcb,0x02,0xd2,0xe1,
0xcb,0x02,0xca,0xe1,0xcb,0x02,0xca,0xe1,0xcb,0x02,0xca,0xe1,0xca,0xe2,0xca,0xe1,
0xca,0xe2,0xd2,0xe1,0xcb,0x21,0xd3,0x42,0xd3,0x82,0xd3,0x61,0xd3,0x82,0xd3,0x62,
0xd3,0x82,0xd3,0x62,0xd3,0x82,0xd3,0x61,0xd3,0x82,0xd3,0x61,0xd3,0x62,0xd3,0x61,
0xd3,0x62,0xd3,0x61,0xcb,0x62,0xd3,0x61,0xcb,0x62,0xd3,0x61,0xcb,0x62,0xd3,0x61,
0xcb,0x62,0xd3,0x41,0xcb,0x62,0xd3,0x41,0xcb,0x62,0xd3,0x41,0xcb,0x62,0xdb,0xa3,
0xe3,0x22,0xdb,0x42,0xdb,0x22,0xdb,0x42,0xdb,0x22,0xdb,0x22,0xdb,0x22,0xdb,0x22,
0xdb,0x22,0xdb,0x22,0xdb,0x22,0xdb,0x22,0xdb,0x21,0xdb,0x22,0xdb,0x21,0xdb,0x22,
0xdb,0x21,0xdb,0x22,0xdb,0x21,0xdb,0x22,0xdb,0x21,0xdb,0x22,0xdb,0x01,0xd3,0x22,
0xdb,0x01,0xd3,0x22,0xdb,0x01,0xd3,0x22,0xdb,0x01,0xd3,0x22,0xdb,0x01,0xd3,0x02,
0xdb,0x01,0xd3,0x02,0xdb,0x01,0xd3,0x22,0xdb,0x01,0xd3,0x22,0xdb,0x01,0xd3,0x02,
0xdb,0x01,0xd3,0x22,0xdb,0x01,0xd3,0x22,0xdb,0x01,0xd3,0x22,0xdb,0x21,0xd3,0x22,
0xdb,0x01,0xd3,0x22,0xdb,0x21,0xd3,0x42,0xdb,0x21,0xd3,0x42,0xdb,0x21,0xd3,0x42,
0xdb,0x21,0xd3,0x42,0xdb,0x41,0xd3,0x42,0xdb,0x41,0xd3,0x62,0xdb,0x41,0xd3,0x42,
0xdb,0x41,0xd3,0x62,0xdb,0x22,0xd3,0x22,0xd3,0x01,0xcb,0x02,0xd3,0x01,0xcb,0x02,
0xd3,0x01,0xd3,0x02,0xd3,0x01,0xcb,0x02,0xd3,0x01,0xcb,0x02,0xd3,0x01,0xcb,0x02,
0xd3,0x01,0xcb,0x02,0xd2,0xe1,0xcb,0x01,0xd2,0xe1,0xcb,0x02,0xd2,0xe1,0xcb,0x02,
0xd2,0xe1,0xcb,0x02,0xd3,0x01,0xcb,0x01,0xd3,0x01,0xcb,0x01,0xd2,0xe1,0xcb,0x01,
0xd2,0xe1,0xd3,0x22,0xdb,0x81,0xd3,0x82,0xdb,0x61,0xd3,0x82,0xdb,0x61,0xd3,0x82,
0xdb,0x81,0xd3,0x82,0xdb,0x61,0xd3,0x82,0xdb,0x61,0xd3,0x82,0xd3,0x61,0xd3,0x82,
0xd3,0x61,0xd3,0x82,0xd3,0x61,0xd3,0x62,0xd3,0x61,0xd3,0x62,0xd3,0x61,0xd3,0x62,
0xd3,0x61,0xd3,0x62,0xd3,0x61,0xd3,0x61,0xd3,0x61,0xd3,0x61,0xd3,0x41,0xdb,0xc3,
0xdb,0x23,0xdb,0x22,0xdb,0x23,0xdb,0x22,0xdb,0x22,0xdb,0x22,0xdb,0x22,0xdb,0x22,
0xd3,0x22,0xdb,0x22,0xd3,0x22,0xdb,0x02,0xd3,0x22,0xdb,0x02,0xd3,0x22,0xdb,0x02,
0xd3,0x22,0xdb,0x02,0xd3,0x22,0xdb,0x02,0xd3,0x22,0xdb,0x02,0xd3,0x02,0xdb,0x02,
0xd3,0x02,0xdb,0x02,0xd3,0x02,0xdb,0x02,0xd3,0x02,0xdb,0x02,0xd3,0x02,0xda,0xe2,
0xd3,0x02,0xda,0xe2,0xd3,0x02,0xd3,0x02,0xd3,0x02,0xd2,0xe1,0xd3,0x02,0xd2,0xe1,
0xd3,0x02,0xd3,0x02,0xd3,0x02,0xd3,0x02,0xd3,0x02,0xd3,0x02,0xd3,0x02,0xd3,0x01,
0xd3,0x22,0xd3,0x01,0xd3,0x22,0xdb,0x22,0xd3,0x42,0xdb,0x22,0xd3,0x42,0xdb,0x22,
0xd3,0x42,0xdb,0x22,0xd3,0x42,0xdb,0x22,0xd3,0x42,0xdb,0x22,0xd3,0x42,0xdb,0x21,
0xd3,0x42,0xd3,0x21,0xcb,0x02,0xd2,0xe1,0xcb,0x02,0xd2,0xe1,0xcb,0x02,0xd2,0xe1,
0xcb,0x02,0xd2,0xe2,0xcb,0x02,0xd2,0xe2,0xcb,0x02,0xd2,0xe1,0xcb,0x02,0xd2,0xe1,
0xcb,0x02,0xd2,0xe1,0xcb,0x02,0xd2,0xe1,0xcb,0x02,0xd2,0xe1,0xcb,0x02,0xd2,0xe1,
0xcb,0x02,0xd2,0xe1,0xcb,0x02,0xca,0xe1,0xcb,0x02,0xca,0xe1,0xcb,0x02,0xca,0xe1,
0xcb,0x21,0xdb,0x62,0xd3,0x82,0xd3,0x61,0xd3,0x62,0xd3,0x62,0xd3,0x82,0xd3,0x62,
0xd3,0x82,0xd3,0x62,0xd3,0x82,0xd3,0x62,0xd3,0x62,0xd3,0x61,0xd3,0x62,0xd3,0x61,
0xd3,0x62,0xd3,0x61,0xd3,0x62,0xd3,0x61,0xcb,0x62,0xd3,0x41,0xcb,0x62,0xd3,0x41,
0xcb,0x62,0xd3,0x61,0xcb,0x62,0xd3,0x41,0xcb,0x62,0xd3,0x41,0xcb,0x62,0xdb,0xa3,
0xdb,0x22,0xdb,0x42,0xe3,0x22,0xdb,0x22,0xdb,0x22,0xdb,0x22,0xdb,0x22,0xdb,0x22,
0xdb,0x22,0xdb,0x22,0xdb,0x21,0xdb,0x22,0xdb,0x21,0xdb,0x22,0xdb,0x21,0xdb,0x22,
0xdb,0x21,0xdb,0x22,0xdb,0x21,0xdb,0x22,0xdb,0x01,0xd3,0x22,0xdb,0x01,0xd3,0x22,
0xdb,0x01,0xd3,0x22,0xdb,0x01,0xd3,0x22,0xdb,0x01,0xd3,0x02,0xdb,0x01,0xd3,0x02,
0xdb,0x01,0xd3,0x02,0xdb,0x01,0xd3,0x22,0xdb,0x01,0xd3,0x02,0xdb,0x01,0xd3,0x02,
0xdb,0x01,0xd3,0x02,0xdb,0x01,0xd3,0x22,0xdb,0x01,0xd3,0x02,0xdb,0x01,0xd3,0x02,
0xd3,0x21,0xd3,0x22,0xdb,0x21,0xd3,0x42,0xdb,0x21,0xd3,0x42,0xdb,0x21,0xd3,0x42,
0xdb,0x21,0xd3,0x42,0xdb,0x21,0xd3,0x42,0xdb,0x41,0xd3,0x42,0xdb,0x21,0xd3,0x42,
0xdb,0x21,0xd3,0x22,0xd3,0x01,0xcb,0x02,0xd3,0x01,0xcb,0x02,0xd3,0x01,0xd3,0x02,
0xd3,0x01,0xcb,0x02,0xd3,0x01,0xcb,0x02,0xd3,0x01,0xcb,0x02,0xd3,0x01,0xcb,0x02,
0xd3,0x01,0xcb,0x01,0xd2,0xe1,0xcb,0x01,0xd2,0xe1,0xcb,0x02,0xd2,0xe1,0xcb,0x02,
0xd2,0xe1,0xcb,0x02,0xd2,0xe1,0xcb,0x01,0xd2,0xe1,0xcb,0x02,0xd3,0x01,0xd3,0x22,
0xdb,0x61,0xd3,0x82,0xdb,0x81,0xd3,0x82,0xdb,0x61,0xd3,0x82,0xdb,0x61,0xd3,0x82,
0xdb,0x61,0xd3,0x82,0xdb,0x61,0xd3,0x82,0xd3,0x61,0xd3,0x82,0xd3,0x61,0xd3,0x82,
0xd3,0x61,0xd3,0x82,0xd3,0x61,0xd3,0x82,0xd3,0x61,0xd3,0x62,0xd3,0x61,0xd3,0x62,
0xd3,0x61,0xd3,0x62,0xd3,0x61,0xd3,0x61,0xd3,0x61,0xd3,0x61,0xd3,0x41,0xdb,0xc3,
0xdb,0x23,0xdb,0x22,0xdb,0x22,0xdb,0x22,0xdb,0x22,0xdb,0x22,0xd3,0x22,0xdb,0x22,
0xd3,0x22,0xdb,0x02,0xd3,0x22,0xdb,0x02,0xd3,0x22,0xdb,0x02,0xd3,0x22,0xdb,0x02,
0xd3,0x22,0xdb,0x02,0xd3,0x22,0xdb,0x02,0xd3,0x02,0xdb,0x02,0xd3,0x02,0xdb,0x02,
0xd3,0x02,0xdb,0x02,0xd3,0x22,0xdb,0x02,0xd3,0x02,0xda,0xe2,0xd3,0x02,0xda,0xe2,
0xd3,0x02,0xd3,0x02,0xd3,0x02,0xd2,0xe1,0xd3,0x02,0xd2,0xe1,0xd3,0x02,0xd2,0xe1,
0xd3,0x02,0xd2,0xe1,0xd3,0x02,0xd2,0xe1,0xd3,0x02,0xd2,0xe1,0xd3,0x02,0xd2,0xe1,
0xd3,0x22,0xd3,0x22,0xd3,0x22,0xd3,0x21,0xd3,0x22,0xd3,0x22,0xd3,0x22,0xd3,0x22,
0xd3,0x22,0xd3,0x21,0xd3,0x22,0xd3,0x22,0xd3,0x42,0xd3,0x22,0xd3,0x42,0xd3,0x21,
0xcb,0x02,0xd3,0x01,0xcb,0x02,0xd2,0xe1,0xcb,0x02,0xd2,0xe1,0xcb,0x02,0xd2,0xe2,
0xcb,0x02,0xd2,0xe2,0xcb,0x02,0xd2,0xe2,0xcb,0x02,0xd2,0xe1,0xcb,0x02,0xd2,0xe1,
0xcb,0x02,0xd2,0xe1,0xcb,0x02,0xd2,0xe1,0xcb,0x02,0xd2,0xe1,0xcb,0x02,0xd2,0xe1,
0xcb,0x02,0xca,0xe1,0xcb,0x02,0xca,0xe1,0xca,0xe2,0xca,0xe1,0xcb,0x42,0xdb,0x62,
0xd3,0x82,0xd3,0x61,0xd3,0x82,0xd3,0x61,0xd3,0x82,0xd3,0x62,0xd3,0x82,0xd3,0x62,
0xd3,0x82,0xd3,0x62,0xd3,0x82,0xd3,0x61,0xd3,0x62,0xd3,0x61,0xd3,0x62,0xd3,0x61,
0xd3,0x62,0xd3,0x61,0xd3,0x62,0xd3,0x61,0xcb,0x62,0xd3,0x61,0xcb,0x62,0xd3,0x61,
0xcb,0x62,0xd3,0x61,0xcb,0x62,0xd3,0x41,0xcb,0x62,0xd3,0x41,0xcb,0x62,0xdb,0xa3,
0xdb,0x22,0xdb,0x22,0xdb,0x22,0xdb,0x22,0xdb,0x22,0xdb,0x22,0xdb,0x22,0xdb,0x22,
0xdb,0x22,0xdb,0x22,0xdb,0x21,0xdb,0x22,0xdb,0x21,0xdb,0x22,0xdb,0x21,0xdb,0x22,
0xdb,0x21,0xdb,0x22,0xdb,0x01,0xd3,0x22,0xdb,0x01,0xd3,0x22,0xdb,0x01,0xd3,0x22,
0xdb,0x01,0xd3,0x22,0xdb,0x01,0xd3,0x22,0xdb,0x01,0xd3,0x02,0xdb,0x01,0xd3,0x02,
0xdb,0x01,0xd3,0x22,0xdb,0x01,0xd3,0x02,0xdb,0x01,0xd3,0x02,0xdb,0x01,0xd3,0x02,
0xdb,0x01,0xd3,0x02,0xdb,0x01,0xd3,0x02,0xdb,0x01,0xd3,0x02,0xd3,0x01,0xd3,0x22,
0xdb,0x21,0xd3,0x22,0xdb,0x21,0xd3,0x22,0xdb,0x21,0xd3,0x22,0xdb,0x21,0xd3,0x42,
0xdb,0x21,0xd3,0x42,0xdb,0x21,0xd3,0x42,0xdb,0x21,0xd3,0x42,0xd3,0x21,0xd3,0x22,
0xd3,0x01,0xd3,0x22,0xd3,0x01,0xcb,0x02,0xd3,0x01,0xd3,0x02,0xd3,0x01,0xd3,0x02,
0xd3,0x01,0xcb,0x02,0xd3,0x01,0xcb,0x02,0xd2,0xe1,0xcb,0x02,0xd2,0xe1,0xcb,0x02,
0xd3,0x01,0xcb,0x01,0xd2,0xe1,0xcb,0x02,0xd2,0xe1,0xcb,0x02,0xd2,0xe1,0xcb,0x02,
0xd2,0xe1,0xcb,0x02,0xd2,0xe1,0xcb,0x02,0xd2,0xe1,0xd3,0x22,0xdb,0x81,0xd3,0x82,
0xdb,0x81,0xd3,0x82,0xdb,0x81,0xd3,0x82,0xdb,0x81,0xd3,0x82,0xdb,0x61,0xd3,0x82,
0xdb,0x61,0xd3,0x82,0xd3,0x61,0xd3,0x82,0xd3,0x61,0xd3,0x82,0xd3,0x61,0xd3,0x82,
0xd3,0x61,0xd3,0x82,0xd3,0x61,0xd3,0x62,0xd3,0x61,0xd3,0x62,0xd3,0x61,0xd3,0x62,
0xd3,0x61,0xd3,0x61,0xd3,0x61,0xd3,0x61,0xd3,0x61,0xd3,0x61,0xd3,0x41,0xdb,0xc3,
0xdb,0x22,0xdb,0x22,0xdb,0x22,0xdb,0x22,0xd3,0x22,0xdb,0x22,0xd3,0x22,0xdb,0x22,
0xd3,0x22,0xdb,0x02,0xd3,0x22,0xdb,0x02,0xd3,0x22,0xdb,0x02,0xd3,0x22,0xdb,0x02,
0xd3,0x22,0xdb,0x02,0xd3,0x02,0xdb,0x02,0xd3,0x02,0xdb,0x02,0xd3,0x02,0xdb,0x02,
0xd3,0x02,0xdb,0x02,0xd3,0x02,0xda,0xe2,0xd3,0x02,0xda,0xe2,0xd3,0x02,0xda,0xe2,
0xd3,0x02,0xd3,0x02,0xd3,0x02,0xd2,0xe1,0xd3,0x02,0xd2,0xe1,0xd3,0x02,0xd2,0xe1,
0xd3,0x02,0xd2,0xe1,0xd3,0x02,0xd2,0xe2,0xd3,0x02,0xd2,0xe1,0xcb,0x22,0xd3,0x01,
0xd3,0x22,0xd3,0x22,0xd3,0x22,0xd3,0x22,0xd3,0x22,0xd3,0x22,0xd3,0x22,0xd3,0x22,
0xd3,0x22,0xd3,0x22,0xd3,0x22,0xd3,0x21,0xd3,0x22,0xd3,0x01,0xcb,0x02,0xd3,0x01,
0xcb,0x02,0xd2,0xe1,0xcb,0x02,0xd2,0xe1,0xcb,0x02,0xd2,0xe2,0xcb,0x02,0xd2,0xe2,
0xcb,0x02,0xd2,0xe2,0xcb,0x02,0xd2,0xe1,0xcb,0x02,0xd2,0xe1,0xcb,0x02,0xd2,0xe1,
0xcb,0x02,0xd2,0xe1,0xcb,0x02,0xd2,0xe1,0xcb,0x02,0xd2,0xe1,0xcb,0x02,0xd2,0xe1,
0xca,0xe2,0xca,0xe1,0xcb,0x02,0xca,0xe1,0xcb,0x21,0xdb,0x62,0xd3,0x82,0xd3,0x61,
0xd3,0x82,0xd3,0x61,0xd3,0x82,0xd3,0x61,0xd3,0x82,0xd3,0x62,0xd3,0x82,0xd3,0x62,
0xd3,0x82,0xd3,0x62,0xd3,0x62,0xd3,0x61,0xd3,0x62,0xd3,0x61,0xd3,0x62,0xd3,0x61,
0xd3,0x62,0xd3,0x61,0xcb,0x62,0xd3,0x61,0xcb,0x62,0xd3,0x41,0xcb,0x62,0xd3,0x61,
0xcb,0x62,0xd3,0x41,0xcb,0x62,0xd3,0x41,0xcb,0x62,0xd3,0x41,0xcb,0x62,0xdb,0xa3,
0xdb,0x22,0xdb,0x22,0xdb,0x22,0xdb,0x22,0xdb,0x22,0xdb,0x22,0xdb,0x21,0xdb,0x22,
0xdb,0x21,0xdb,0x22,0xdb,0x21,0xdb,0x22,0xdb,0x21,0xdb,0x22,0xdb,0x21,0xdb,0x22,
0xdb,0x01,0xd3,0x22,0xdb,0x01,0xd3,0x22,0xdb,0x01,0xd3,0x22,0xdb,0x01,0xd3,0x22,
0xdb,0x01,0xd3,0x02,0xdb,0x01,0xd3,0x02,0xdb,0x01,0xd3,0x02,0xdb,0x01,0xd3,0x22,
0xdb,0x01,0xd3,0x02,0xdb,0x01,0xd3,0x02,0xdb,0x01,0xd3,0x02,0xdb,0x01,0xd3,0x02,
0xdb,0x01,0xd3,0x02,0xd2,0xe1,0xd3,0x02,0xdb,0x01,0xd3,0x02,0xdb,0x01,0xd3,0x22,
0xd3,0x21,0xd3,0x22,0xdb,0x21,0xd3,0x22,0xd3,0x21,0xd3,0x22,0xdb,0x21,0xd3,0x22,
0xd3,0x21,0xd3,0x42,0xdb,0x21,0xd3,0x22,0xd3,0x01,0xd3,0x02,0xd3,0x01,0xd3,0x02,
0xd3,0x01,0xcb,0x02,0xd3,0x01,0xcb,0x02,0xd3,0x01,0xd3,0x02,0xd3,0x01,0xcb,0x02,
0xd3,0x01,0xcb,0x02,0xd2,0xe1,0xcb,0x01,0xd2,0xe1,0xcb,0x01,0xd2,0xe1,0xcb,0x02,
0xd2,0xe1,0xcb,0x02,0xd2,0xe1,0xcb,0x02,0xd2,0xe1,0xcb,0x02,0xd2,0xe1,0xcb,0x02,
0xd2,0xe1,0xcb,0x01,0xd3,0x01,0xd3,0x22,0xdb,0x81,0xd3,0xa2,0xdb,0x81,0xd3,0x82,
0xdb,0x81,0xd3,0x82,0xdb,0x61,0xd3,0x82,0xdb,0x81,0xd3,0x82,0xdb,0x61,0xd3,0x82,
0xdb,0x61,0xd3,0x82,0xd3,0x61,0xd3,0x82,0xd3,0x61,0xd3,0x82,0xd3,0x61,0xd3,0x82,
0xd3,0x61,0xd3,0x62,0xd3,0x61,0xd3,0x62,0xd3,0x61,0xd3,0x62,0xd3,0x61,0xd3,0x62,
0xd3,0x41,0xd3,0x62,0xd3,0x41,0xd3,0x62,0xd3,0x41,0xd3,0x62,0xd3,0x41,0xdb,0xc3,
0xdb,0x22,0xdb,0x22,0xd3,0x22,0xdb,0x22,0xd3,0x22,0xdb,0x22,0xd3,0x22,0xdb,0x02,
0xd3,0x22,0xdb,0x02,0xd3,0x22,0xdb,0x02,0xd3,0x22,0xdb,0x02,0xd3,0x22,0xdb,0x02,
0xd3,0x02,0xdb,0x02,0xd3,0x02,0xdb,0x02,0xd3,0x02,0xdb,0x02,0xd3,0x02,0xdb,0x02,
0xd3,0x02,0xda,0xe2,0xd3,0x02,0xda,0xe2,0xd3,0x02,0xda,0xe2,0xd3,0x02,0xd3,0x02,
0xd3,0x02,0xd2,0xe1,0xd3,0x02,0xd2,0xe1,0xd3,0x02,0xd2,0xe1,0xd3,0x02,0xd2,0xe1,
0xd3,0x02,0xd2,0xe2,0xd3,0x02,0xd2,0xe1,0xd3,0x02,0xd2,0xe1,0xd3,0x02,0xd2,0xe1,
0xd3,0x22,0xd3,0x01,0xd3,0x22,0xd3,0x01,0xd3,0x22,0xd3,0x01,0xd3,0x22,0xd3,0x22,
0xd3,0x22,0xd3,0x01,0xcb,0x02,0xd2,0xe1,0xcb,0x02,0xd2,0xe1,0xcb,0x02,0xd2,0xe1,
0xcb,0x02,0xd2,0xe1,0xcb,0x02,0xd2,0xe1,0xcb,0x02,0xd2,0xe1,0xcb,0x02,0xd2,0xe1,
0xcb,0x02,0xd2,0xe1,0xcb,0x02,0xd2,0xe1,0xcb,0x02,0xd2,0xe1,0xcb,0x02,0xd2,0xe1,
0xcb,0x02,0xd2,0xe1,0xca,0xe2,0xca,0xe1,0xca,0xe2,0xd2,0xe1,0xcb,0x02,0xca,0xe1,
0xca,0xe2,0xca,0xe1,0xcb,0x42,0xdb,0x62,0xd3,0x82,0xd3,0x61,0xd3,0x82,0xd3,0x61,
0xd3,0x82,0xd3,0x62,0xd3,0x62,0xd3,0x62,0xd3,0x82,0xd3,0x61,0xd3,0x82,0xd3,0x61,
0xd3,0x82,0xd3,0x61,0xd3,0x62,0xd3,0x61,0xd3,0x62,0xd3,0x61,0xd3,0x62,0xd3,0x61,
0xd3,0x62,0xd3,0x61,0xcb,0x62,0xd3,0x61,0xcb,0x62,0xd3,0x61,0xcb,0x62,0xd3,0x61,
0xcb,0x62,0xd3,0x41,0xcb,0x62,0xd3,0x41,0xcb,0x62,0xd3,0x41,0xcb,0x62,0xdb,0xa3,
0xdb,0x22,0xdb,0x22,0xdb,0x22,0xdb,0x22,0xdb,0x22,0xdb,0x22,0xdb,0x21,0xdb,0x22,
0xdb,0x21,0xdb,0x22,0xdb,0x21,0xdb,0x22,0xdb,0x21,0xdb,0x22,0xdb,0x21,0xd3,0x22,
0xdb,0x01,0xd3,0x22,0xdb,0x01,0xd3,0x22,0xdb,0x01,0xd3,0x22,0xdb,0x01,0xd3,0x22,
0xdb,0x01,0xd3,0x02,0xdb,0x01,0xd3,0x02,0xdb,0x01,0xd3,0x02,0xdb,0x01,0xd3,0x22,
0xda,0xe1,0xd3,0x02,0xdb,0x01,0xd3,0x02,0xdb,0x01,0xd3,0x02,0xdb,0x01,0xd3,0x02,
0xdb,0x01,0xd3,0x02,0xdb,0x01,0xd3,0x02,0xd3,0x21,0xd3,0x22,0xdb,0x01,0xd3,0x02,
0xd3,0x01,0xd3,0x22,0xd3,0x01,0xd3,0x22,0xd3,0x01,0xd3,0x22,0xd3,0x01,0xd3,0x22,
0xd3,0x01,0xd3,0x22,0xd3,0x01,0xd3,0x02,0xd3,0x01,0xd3,0x02,0xd3,0x01,0xd3,0x02,
0xd3,0x01,0xcb,0x02,0xd2,0xe1,0xd3,0x02,0xd3,0x01,0xd3,0x02,0xd3,0x01,0xcb,0x02,
0xd3,0x01,0xcb,0x02,0xd2,0xe1,0xcb,0x01,0xd2,0xe1,0xcb,0x01,0xd2,0xe1,0xcb,0x02,
0xd2,0xe1,0xcb,0x02,0xd2,0xe1,0xcb,0x02,0xd2,0xe1,0xcb,0x02,0xd2,0xe1,0xcb,0x02,
0xd3,0x01,0xd3,0x22,0xdb,0x81,0xd3,0xa2,0xdb,0x81,0xd3,0x82,0xdb,0x81,0xd3,0x82,
0xdb,0x81,0xd3,0x82,0xdb,0x61,0xd3,0x82,0xdb,0x61,0xd3,0x82,0xdb,0x61,0xd3,0x82,
0xdb,0x61,0xd3,0x81,0xd3,0x61,0xd3,0x82,0xd3,0x61,0xd3,0x82,0xd3,0x61,0xd3,0x82,
0xd3,0x61,0xd3,0x62,0xd3,0x61,0xd3,0x62,0xd3,0x61,0xd3,0x62,0xd3,0x61,0xd3,0x62,
0xd3,0x41,0xd3,0x62,0xd3,0x41,0xd3,0x62,0xd3,0x41,0xd3,0x62,0xd3,0x41,0xdb,0xc3,
0xd3,0x22,0xdb,0x22,0xd3,0x22,0xdb,0x02,0xd3,0x22,0xdb,0x02,0xd3,0x22,0xdb,0x02,
0xd3,0x22,0xdb,0x02,0xd3,0x22,0xdb,0x02,0xd3,0x22,0xdb,0x02,0xd3,0x02,0xdb,0x02,
0xd3,0x02,0xdb,0x02,0xd3,0x02,0xdb,0x02,0xd3,0x02,0xdb,0x02,0xd3,0x02,0xda,0xe2,
0xd3,0x02,0xda,0xe2,0xd3,0x02,0xda,0xe2,0xd3,0x02,0xd3,0x02,0xd3,0x02,0xd2,0xe1,
0xd3,0x02,0xd2,0xe1,0xd3,0x02,0xd2,0xe1,0xd3,0x02,0xd2,0xe1,0xd3,0x02,0xd2,0xe2,
0xd3,0x02,0xd2,0xe1,0xd3,0x02,0xd2,0xe1,0xcb,0x02,0xd3,0x02,0xd3,0x22,0xd3,0x01,
0xcb,0x02,0xd3,0x01,0xcb,0x02,0xd3,0x01,0xcb,0x02,0xd3,0x01,0xcb,0x02,0xd3,0x01,
0xd3,0x02,0xd2,0xe1,0xcb,0x02,0xd2,0xe1,0xcb,0x02,0xd2,0xe1,0xcb,0x02,0xd2,0xe1,
0xcb,0x02,0xd2,0xe1,0xcb,0x02,0xd2,0xe1,0xcb,0x02,0xd2,0xe1,0xcb,0x02,0xd2,0xe1,
0xcb,0x02,0xd2,0xe1,0xcb,0x02,0xd2,0xe1,0xcb,0x02,0xca,0xe1,0xca,0xe2,0xca,0xe1,
0xcb,0x02,0xca,0xe1,0xca,0xe2,0xca,0xe1,0xca,0xe2,0xca,0xe1,0xca,0xe2,0xca,0xe1,
0xcb,0x42,0xd3,0x62,0xd3,0x82,0xdb,0x82,0xd3,0x82,0xd3,0x61,0xd3,0x82,0xd3,0x61,
0xd3,0x82,0xd3,0x62,0xd3,0x82,0xd3,0x62,0xd3,0x82,0xd3,0x61,0xd3,0x82,0xd3,0x61,
0xd3,0x82,0xd3,0x61,0xd3,0x62,0xd3,0x61,0xd3,0x62,0xd3,0x61,0xd3,0x62,0xd3,0x61,
0xcb,0x62,0xd3,0x41,0xcb,0x62,0xd3,0x41,0xcb,0x62,0xd3,0x61,0xcb,0x62,0xd3,0x41,
0xcb,0x62,0xd3,0x41,0xcb,0x62,0xd3,0x41,0xcb,0x62,0xd3,0x41,0xcb,0x62,0xdb,0xa3,
0xdb,0x22,0xdb,0x22,0xdb,0x22,0xdb,0x22,0xdb,0x21,0xdb,0x22,0xdb,0x21,0xdb,0x22,
0xdb,0x21,0xdb,0x22,0xdb,0x21,0xdb,0x22,0xdb,0x21,0xd3,0x22,0xdb,0x01,0xd3,0x22,
0xdb,0x01,0xd3,0x22,0xdb,0x01,0xd3,0x22,0xdb,0x01,0xd3,0x22,0xdb,0x01,0xd3,0x02,
0xdb,0x01,0xd3,0x02,0xdb,0x01,0xd3,0x22,0xdb,0x01,0xd3,0x22,0xda,0xe1,0xd3,0x02,
0xdb,0x01,0xd3,0x02,0xdb,0x01,0xd3,0x02,0xdb,0x01,0xd3,0x02,0xdb,0x01,0xd3,0x02,
0xdb,0x01,0xd3,0x02,0xdb,0x01,0xd3,0x02,0xdb,0x01,0xd3,0x02,0xd3,0x01,0xd3,0x22,
0xd3,0x01,0xd3,0x22,0xd3,0x01,0xd3,0x22,0xd3,0x01,0xd3,0x22,0xd3,0x01,0xd3,0x22,
0xd2,0xe1,0xd3,0x02,0xd3,0x01,0xd3,0x02,0xd3,0x01,0xd3,0x02,0xd3,0x01,0xcb,0x01,
0xd2,0xe1,0xcb,0x01,0xd2,0xe1,0xcb,0x01,0xd2,0xe1,0xcb,0x02,0xd3,0x01,0xcb,0x01,
0xd2,0xe1,0xcb,0x01,0xd2,0xe1,0xcb,0x01,0xd2,0xe1,0xcb,0x01,0xd2,0xe1,0xcb,0x01,
0xd2,0xe1,0xcb,0x02,0xd2,0xe1,0xcb,0x02,0xd2,0xe1,0xcb,0x02,0xd3,0x01,0xd3,0x42,
0xdb,0x81,0xd3,0xa2,0xdb,0x81,0xd3,0xa2,0xdb,0x81,0xd3,0x82,0xdb,0x81,0xd3,0x82,
0xdb,0x81,0xd3,0x82,0xdb,0x61,0xd3,0x82,0xdb,0x61,0xd3,0x82,0xdb,0x61,0xd3,0x82,
0xd3,0x61,0xd3,0x82,0xd3,0x61,0xd3,0x82,0xd3,0x61,0xd3,0x82,0xd3,0x61,0xd3,0x82,
0xd3,0x61,0xd3,0x62,0xd3,0x61,0xd3,0x62,0xd3,0x61,0xd3,0x61,0xd3,0x61,0xd3,0x61,
0xd3,0x61,0xd3,0x61,0xd3,0x41,0xd3,0x62,0xd3,0x41,0xd3,0x62,0xd3,0x41,0xdb,0xc3,
0xd3,0x22,0xdb,0x22,0xd3,0x22,0xdb,0x02,0xd3,0x22,0xdb,0x02,0xd3,0x22,0xdb,0x02,
0xd3,0x22,0xdb,0x02,0xd3,0x22,0xdb,0x02,0xd3,0x02,0xdb,0x02,0xd3,0x02,0xdb,0x02,
0xd3,0x02,0xdb,0x02,0xd3,0x02,0xdb,0x02,0xd3,0x22,0xdb,0x02,0xd3,0x02,0xda,0xe2,
0xd3,0x02,0xda,0xe2,0xd3,0x02,0xd3,0x02,0xd3,0x02,0xd2,0xe1,0xd3,0x02,0xd2,0xe1,
0xd3,0x02,0xd2,0xe1,0xd3,0x02,0xd2,0xe1,0xd3,0x02,0xd2,0xe1,0xd3,0x02,0xd2,0xe1,
0xd3,0x02,0xd2,0xe1,0xd3,0x02,0xd2,0xe1,0xd3,0x02,0xd2,0xe1,0xcb,0x02,0xd3,0x01,
0xcb,0x02,0xd3,0x01,0xcb,0x02,0xd3,0x01,0xcb,0x02,0xd3,0x01,0xcb,0x02,0xd2,0xe1,
0xcb,0x02,0xd2,0xe1,0xcb,0x02,0xd2,0xe1,0xcb,0x02,0xd2,0xe1,0xcb,0x02,0xd2,0xe1,
0xcb,0x02,0xd2,0xe1,0xcb,0x02,0xd2,0xe1,0xcb,0x02,0xd2,0xe1,0xcb,0x02,0xd2,0xe1,
0xcb,0x02,0xca,0xe1,0xcb,0x02,0xd2,0xe1,0xca,0xe2,0xca,0xe1,0xca,0xe2,0xca,0xe1,
0xca,0xe2,0xca,0xe1,0xca,0xe2,0xca,0xe1,0xca,0xe2,0xca,0xe1,0xcb,0x41,0xdb,0x62,
0xd3,0x82,0xdb,0x82,0xd3,0x82,0xdb,0x82,0xd3,0x82,0xd3,0x61,0xd3,0x82,0xd3,0x61,
0xd3,0x82,0xd3,0x62,0xd3,0x82,0xd3,0x62,0xd3,0x82,0xd3,0x62,0xd3,0x82,0xd3,0x61,
0xd3,0x62,0xd3,0x61,0xd3,0x62,0xd3,0x61,0xd3,0x62,0xd3,0x61,0xd3,0x62,0xd3,0x61,
0xcb,0x62,0xd3,0x61,0xcb,0x62,0xd3,0x61,0xcb,0x62,0xd3,0x41,0xcb,0x62,0xd3,0x41,
0xcb,0x62,0xd3,0x41,0xcb,0x62,0xd3,0x41,0xcb,0x62,0xd3,0x41,0xcb,0x42,0xdb,0xa3,
0xdb,0x21,0xdb,0x22,0xdb,0x21,0xdb,0x22,0xdb,0x21,0xdb,0x22,0xdb,0x21,0xdb,0x22,
0xdb,0x21,0xdb,0x22,0xdb,0x01,0xd3,0x22,0xdb,0x01,0xd3,0x22,0xdb,0x01,0xd3,0x22,
0xdb,0x01,0xd3,0x22,0xdb,0x01,0xd3,0x22,0xdb,0x01,0xd3,0x02,0xdb,0x01,0xd3,0x02,
0xdb,0x01,0xd3,0x22,0xdb,0x01,0xd3,0x22,0xda,0xe1,0xd3,0x02,0xdb,0x01,0xd3,0x02,
0xdb,0x01,0xd3,0x02,0xdb,0x01,0xd3,0x02,0xdb,0x01,0xd3,0x02,0xdb,0x01,0xd3,0x02,
0xdb,0x01,0xd3,0x02,0xdb,0x01,0xd3,0x02,0xd3,0x01,0xd3,0x22,0xd3,0x01,0xd3,0x02,
0xd3,0x01,0xd3,0x02,0xd3,0x01,0xd3,0x22,0xd3,0x01,0xd3,0x22,0xd3,0x01,0xd3,0x02,
0xd3,0x01,0xd3,0x02,0xd3,0x01,0xd3,0x02,0xd3,0x01,0xd3,0x02,0xd2,0xe1,0xcb,0x01,
0xd2,0xe1,0xcb,0x01,0xd2,0xe1,0xcb,0x01,0xd2,0xe1,0xcb,0x02,0xd2,0xe1,0xcb,0x01,
0xd2,0xe1,0xcb,0x02,0xd2,0xe1,0xcb,0x02,0xd2,0xe1,0xcb,0x01,0xd2,0xe1,0xcb,0x02,
0xd2,0xe1,0xcb,0x02,0xd2,0xe1,0xcb,0x02,0xd3,0x01,0xd3,0x42,0xdb,0x61,0xd3,0x82,
0xdb,0x81,0xd3,0x82,0xdb,0x81,0xd3,0xa2,0xdb,0x81,0xd3,0x82,0xdb,0x81,0xd3,0x82,
0xdb,0x81,0xd3,0x82,0xdb,0x81,0xd3,0x82,0xdb,0x61,0xd3,0x82,0xdb,0x61,0xd3,0x82,
0xd3,0x61,0xd3,0x82,0xd3,0x61,0xd3,0x82,0xd3,0x61,0xd3,0x82,0xd3,0x61,0xd3,0x62,
0xd3,0x61,0xd3,0x62,0xd3,0x61,0xd3,0x62,0xd3,0x61,0xd3,0x61,0xd3,0x41,0xd3,0x62,
0xd3,0x61,0xd3,0x61,0xd3,0x61,0xd3,0x61,0xd3,0x41,0xcb,0x62,0xd3,0x21,0xd3,0xa3,
0xd3,0x22,0xdb,0x02,0xd3,0x22,0xdb,0x02,0xd3,0x22,0xdb,0x02,0xd3,0x22,0xdb,0x02,
0xd3,0x22,0xdb,0x02,0xd3,0x02,0xdb,0x02,0xd3,0x02,0xdb,0x02,0xd3,0x02,0xdb,0x02,
0xd3,0x02,0xdb,0x02,0xd3,0x02,0xda,0xe2,0xd3,0x02,0xda,0xe2,0xd3,0x02,0xda,0xe2,
0xd3,0x02,0xd3,0x02,0xd3,0x02,0xd3,0x02,0xd3,0x02,0xd2,0xe1,0xd3,0x02,0xd2,0xe1,
0xd3,0x02,0xd2,0xe1,0xd3,0x02,0xd2,0xe1,0xd3,0x02,0xd2,0xe1,0xd3,0x02,0xd2,0xe1,
0xd3,0x02,0xd2,0xe1,0xd3,0x02,0xd2,0xe1,0xcb,0x02,0xd3,0x01,0xcb,0x02,0xd2,0xe1,
0xcb,0x02,0xd2,0xe1,0xcb,0x02,0xd3,0x01,0xcb,0x02,0xd3,0x01,0xcb,0x02,0xd2,0xe1,
0xcb,0x02,0xd2,0xe1,0xcb,0x02,0xd2,0xe1,0xcb,0x02,0xd2,0xe1,0xcb,0x02,0xd2,0xe1,
0xcb,0x02,0xd2,0xe1,0xcb,0x02,0xd2,0xe1,0xcb,0x02,0xd2,0xe1,0xcb,0x02,0xd2,0xe1,
0xcb,0x02,0xca,0xe1,0xca,0xe2,0xca,0xe1,0xca,0xe2,0xca,0xe1,0xca,0xe2,0xca,0xe1,
0xca,0xe2,0xca,0xe1,0xca,0xe2,0xca,0xe1,0xcb,0x41,0xdb,0x62,0xd3,0x82,0xdb,0x61,
0xd3,0x82,0xdb,0x62,0xd3,0x82,0xdb,0x82,0xd3,0x82,0xd3,0x61,0xd3,0x82,0xd3,0x61,
0xd3,0x82,0xd3,0x62,0xd3,0x82,0xd3,0x61,0xd3,0x82,0xd3,0x62,0xd3,0x62,0xd3,0x61,
0xd3,0x62,0xd3,0x61,0xd3,0x62,0xd3,0x61,0xd3,0x62,0xd3,0x61,0xcb,0x62,0xd3,0x61,
0xcb,0x62,0xd3,0x61,0xcb,0x62,0xd3,0x61,0xcb,0x62,0xd3,0x41,0xcb,0x62,0xd3,0x41,
0xcb,0x62,0xd3,0x41,0xcb,0x62,0xd3,0x41,0xcb,0x62,0xcb,0x21,0xc3,0x01,0xd3,0x63,
0xdb,0x21,0xdb,0x22,0xdb,0x21,0xdb,0x22,0xdb,0x21,0xdb,0x22,0xdb,0x21,0xdb,0x22,
0xdb,0x21,0xd3,0x22,0xdb,0x01,0xd3,0x22,0xdb,0x01,0xd3,0x22,0xdb,0x01,0xd3,0x22,
0xdb,0x01,0xd3,0x22,0xdb,0x01,0xd3,0x02,0xdb,0x01,0xd3,0x02,0xdb,0x01,0xd3,0x02,
0xdb,0x01,0xd3,0x22,0xdb,0x01,0xd3,0x02,0xdb,0x01,0xd3,0x02,0xdb,0x01,0xd3,0x02,
0xdb,0x01,0xd3,0x02,0xdb,0x01,0xd3,0x02,0xd2,0xe1,0xd3,0x02,0xdb,0x01,0xd3,0x02,
0xdb,0x01,0xd3,0x02,0xdb,0x01,0xd3,0x02,0xd3,0x01,0xd3,0x02,0xd3,0x01,0xd3,0x02,
0xd3,0x01,0xd3,0x02,0xd3,0x01,0xd3,0x22,0xd3,0x01,0xd3,0x02,0xd2,0xe1,0xcb,0x01,
0xd2,0xe1,0xd3,0x02,0xd3,0x01,0xd3,0x02,0xd3,0x01,0xcb,0x01,0xd2,0xe1,0xcb,0x01,
0xd2,0xe1,0xcb,0x01,0xd2,0xe1,0xcb,0x02,0xd2,0xe1,0xcb,0x01,0xd2,0xe1,0xcb,0x01,
0xd2,0xe1,0xcb,0x01,0xd2,0xe1,0xcb,0x02,0xd2,0xe1,0xcb,0x02,0xd2,0xe1,0xcb,0x02,
0xd2,0xe1,0xcb,0x02,0xd3,0x01,0xd3,0x22,0xdb,0x81,0xd3,0xa2,0xdb,0x81,0xd3,0x82,
0xdb,0x81,0xd3,0x82,0xdb,0x61,0xd3,0x82,0xdb,0x61,0xd3,0x82,0xdb,0x81,0xd3,0x82,
0xdb,0x81,0xd3,0x82,0xdb,0x61,0xd3,0x82,0xdb,0x61,0xd3,0x82,0xd3,0x61,0xd3,0x82,
0xd3,0x61,0xd3,0x82,0xd3,0x61,0xd3,0x82,0xd3,0x61,0xd3,0x82,0xd3,0x61,0xd3,0x62,
0xd3,0x61,0xd3,0x62,0xd3,0x61,0xd3,0x62,0xd3,0x61,0xd3,0x61,0xd3,0x41,0xd3,0x62,
0xd3,0x41,0xd3,0x62,0xd3,0x61,0xd3,0x61,0xd3,0x21,0xc3,0x01,0xca,0xe0,0xd3,0x83,
0xd3,0x22,0xdb,0x02,0xd3,0x22,0xdb,0x02,0xd3,0x22,0xdb,0x02,0xd3,0x22,0xdb,0x02,
0xd3,0x02,0xdb,0x02,0xd3,0x02,0xdb,0x02,0xd3,0x02,0xdb,0x02,0xd3,0x02,0xdb,0x02,
0xd3,0x22,0xdb,0x02,0xd3,0x02,0xda,0xe2,0xd3,0x02,0xda,0xe2,0xd3,0x02,0xd3,0x02,
0xd3,0x02,0xd3,0x02,0xd3,0x02,0xd2,0xe1,0xd3,0x02,0xd2,0xe1,0xd3,0x02,0xd2,0xe1,
0xd3,0x02,0xd2,0xe1,0xd3,0x02,0xd2,0xe1,0xd3,0x02,0xd2,0xe1,0xd3,0x02,0xd2,0xe1,
0xd3,0x02,0xd2,0xe1,0xcb,0x02,0xd3,0x01,0xcb,0x02,0xd2,0xe1,0xcb,0x02,0xd2,0xe1,
0xcb,0x02,0xd2,0xe1,0xcb,0x02,0xd2,0xe1,0xcb,0x02,0xd2,0xe1,0xcb,0x02,0xd2,0xe1,
0xcb,0x02,0xd2,0xe1,0xcb,0x02,0xd2,0xe1,0xcb,0x02,0xd2,0xe1,0xcb,0x02,0xd2,0xe1,
0xcb,0x02,0xd2,0xe1,0xcb,0x02,0xd2,0xe1,0xcb,0x02,0xd2,0xe1,0xca,0xe2,0xd2,0xe1,
0xca,0xe2,0xd2,0xe1,0xca,0xe2,0xca,0xe1,0xca,0xe2,0xca,0xc1,0xca,0xe2,0xca,0xe1,
0xca,0xe2,0xca,0xe1,0xcb,0x41,0xdb,0x62,0xd3,0xa2,0xdb,0x81,0xd3,0x82,0xdb,0x61,
0xd3,0x82,0xdb,0x61,0xd3,0x82,0xd3,0x61,0xd3,0x82,0xdb,0x61,0xd3,0x82,0xd3,0x61,
0xd3,0x82,0xd3,0x61,0xd3,0x82,0xd3,0x61,0xd3,0x82,0xd3,0x61,0xd3,0x62,0xd3,0x61,
0xd3,0x62,0xd3,0x61,0xd3,0x62,0xd3,0x61,0xd3,0x62,0xd3,0x61,0xcb,0x62,0xd3,0x61,
0xcb,0x62,0xd3,0x61,0xcb,0x62,0xd3,0x61,0xcb,0x62,0xd3,0x41,0xcb,0x62,0xd3,0x41,
0xcb,0x62,0xd3,0x41,0xcb,0x62,0xcb,0x21,0xc2,0xe2,0xc2,0xc1,0xc2,0xe1,0xd3,0x63,
0xdb,0x21,0xdb,0x22,0xdb,0x21,0xdb,0x22,0xdb,0x21,0xdb,0x22,0xdb,0x01,0xd3,0x22,
0xdb,0x01,0xd3,0x22,0xdb,0x01,0xd3,0x22,0xdb,0x01,0xd3,0x22,0xdb,0x01,0xd3,0x22,
0xdb,0x01,0xd3,0x02,0xdb,0x01,0xd3,0x02,0xdb,0x01,0xd3,0x02,0xdb,0x01,0xd3,0x22,
0xdb,0x01,0xd3,0x02,0xdb,0x01,0xd3,0x02,0xdb,0x01,0xd3,0x02,0xdb,0x01,0xd3,0x02,
0xdb,0x01,0xd3,0x02,0xdb,0x01,0xd3,0x02,0xdb,0x01,0xd3,0x02,0xdb,0x01,0xd3,0x02,
0xdb,0x01,0xd3,0x02,0xd3,0x01,0xd3,0x22,0xd3,0x01,0xd3,0x02,0xd3,0x01,0xd3,0x02,
0xd3,0x01,0xd3,0x02,0xd3,0x01,0xd3,0x02,0xd2,0xe1,0xd3,0x02,0xd3,0x01,0xd3,0x02,
0xd3,0x01,0xcb,0x01,0xd2,0xe1,0xcb,0x02,0xd2,0xe1,0xcb,0x01,0xd2,0xe1,0xcb,0x01,
0xd2,0xe1,0xcb,0x02,0xd2,0xe1,0xcb,0x02,0xd2,0xe1,0xcb,0x01,0xd2,0xe1,0xcb,0x02,
0xd2,0xe1,0xcb,0x02,0xd2,0xe1,0xcb,0x01,0xd2,0xe1,0xca,0xe1,0xd2,0xe1,0xca,0xe1,
0xd3,0x01,0xd3,0x42,0xdb,0x81,0xd3,0xa2,0xdb,0x81,0xd3,0x81,0xdb,0x61,0xd3,0x82,
0xdb,0x81,0xd3,0x82,0xdb,0x61,0xd3,0x82,0xdb,0x61,0xd3,0x82,0xdb,0x61,0xd3,0x82,
0xdb,0x81,0xd3,0x82,0xdb,0x61,0xd3,0x82,0xdb,0x61,0xd3,0x82,0xd3,0x61,0xd3,0x82,
0xd3,0x61,0xd3,0x82,0xd3,0x61,0xd3,0x82,0xd3,0x61,0xd3,0x62,0xd3,0x61,0xd3,0x62,
0xd3,0x61,0xd3,0x62,0xd3,0x61,0xd3,0x61,0xd3,0x61,0xd3,0x61,0xd3,0x41,0xd3,0x62,
0xd3,0x41,0xd3,0x62,0xd3,0x21,0xc2,0xe1,0xca,0xc1,0xc2,0xe1,0xca,0xe0,0xd3,0x83,
0xd3,0x22,0xdb,0x02,0xd3,0x22,0xdb,0x02,0xd3,0x22,0xdb,0x02,0xd3,0x02,0xdb,0x02,
0xd3,0x02,0xdb,0x02,0xd3,0x02,0xdb,0x02,0xd3,0x02,0xdb,0x02,0xd3,0x22,0xdb,0x02,
0xd3,0x02,0xda,0xe2,0xd3,0x02,0xda,0xe2,0xd3,0x02,0xd3,0x02,0xd3,0x02,0xd3,0x02,
0xd3,0x02,0xd2,0xe1,0xd3,0x02,0xd2,0xe1,0xd3,0x02,0xd2,0xe1,0xd3,0x02,0xd2,0xe1,
0xd3,0x02,0xd2,0xe2,0xd3,0x02,0xd2,0xe1,0xd3,0x02,0xd2,0xe1,0xd3,0x02,0xd2,0xe1,
0xd3,0x02,0xd2,0xe1,0xcb,0x02,0xd2,0xe1,0xcb,0x02,0xd2,0xe1,0xcb,0x02,0xd2,0xe1,
0xcb,0x02,0xd2,0xe1,0xcb,0x02,0xd2,0xe1,0xcb,0x02,0xd2,0xe1,0xcb,0x02,0xd2,0xe1,
0xcb,0x02,0xd2,0xe1,0xcb,0x02,0xd2,0xe1,0xcb,0x02,0xd2,0xe1,0xcb,0x02,0xd2,0xe1,
0xcb,0x02,0xd2,0xe1,0xcb,0x02,0xd2,0xe1,0xca,0xe2,0xd2,0xe1,0xca,0xe2,0xd2,0xe1,
0xca,0xe2,0xca,0xe1,0xca,0xe2,0xca,0xe1,0xca,0xe2,0xca,0xc1,0xca,0xe2,0xca,0xc1,
0xcb,0x41,0xdb,0x62,0xd3,0xa2,0xdb,0x81,0xd3,0x82,0xd3,0x61,0xd3,0x82,0xd3,0x61,
0xd3,0x82,0xd3,0x61,0xd3,0x82,0xdb,0x61,0xd3,0x82,0xdb,0x61,0xd3,0x62,0xd3,0x62,
0xd3,0x82,0xd3,0x61,0xd3,0x82,0xd3,0x61,0xd3,0x82,0xd3,0x61,0xd3,0x82,0xd3,0x61,
0xd3,0x62,0xd3,0x61,0xd3,0x62,0xd3,0x61,0xcb,0x62,0xd3,0x61,0xcb,0x62,0xd3,0x61,
0xcb,0x62,0xd3,0x61,0xcb,0x62,0xd3,0x41,0xcb,0x62,0xd3,0x41,0xcb,0x62,0xd3,0x41,
0xcb,0x62,0xcb,0x21,0xc2,0xe2,0xc2,0xc1,0xc2,0xe2,0xc2,0xc1,0xc2,0xe1,0xd3,0x63,
0xdb,0x21,0xdb,0x22,0xdb,0x21,0xdb,0x22,0xdb,0x21,0xd3,0x22,0xdb,0x01,0xd3,0x22,
0xdb,0x01,0xd3,0x22,0xdb,0x01,0xd3,0x22,0xdb,0x01,0xd3,0x22,0xdb,0x01,0xd3,0x22,
0xdb,0x01,0xd3,0x02,0xdb,0x01,0xd3,0x02,0xdb,0x01,0xd3,0x22,0xdb,0x01,0xd3,0x02,
0xdb,0x01,0xd3,0x02,0xdb,0x01,0xd3,0x02,0xdb,0x01,0xd3,0x02,0xdb,0x01,0xd3,0x02,
0xdb,0x01,0xd3,0x02,0xdb,0x01,0xd3,0x02,0xdb,0x01,0xd3,0x02,0xdb,0x01,0xd3,0x02,
0xd3,0x01,0xd3,0x22,0xd3,0x01,0xd3,0x02,0xd3,0x01,0xd3,0x02,0xd3,0x01,0xd3,0x02,
0xd3,0x01,0xd3,0x02,0xd3,0x01,0xcb,0x01,0xd2,0xe1,0xcb,0x01,0xd3,0x01,0xd3,0x02,
0xd3,0x01,0xd3,0x02,0xd2,0xe1,0xcb,0x02,0xd2,0xe1,0xcb,0x02,0xd2,0xe1,0xcb,0x02,
0xd2,0xe1,0xcb,0x02,0xd2,0xe1,0xcb,0x01,0xd2,0xe1,0xcb,0x02,0xd2,0xe1,0xcb,0x02,
0xd2,0xe1,0xcb,0x02,0xd2,0xe1,0xca,0xe1,0xd2,0xe1,0xca,0xe1,0xd2,0xe1,0xd3,0x22,
0xdb,0x81,0xd3,0xa2,0xdb,0x81,0xd3,0xa2,0xdb,0x81,0xd3,0xa2,0xdb,0x81,0xd3,0x82,
0xdb,0x61,0xd3,0x82,0xdb,0x61,0xd3,0x82,0xdb,0x81,0xd3,0x82,0xdb,0x81,0xd3,0x82,
0xdb,0x61,0xd3,0x82,0xdb,0x61,0xd3,0x82,0xdb,0x61,0xd3,0x82,0xdb,0x61,0xd3,0x81,
0xd3,0x61,0xd3,0x82,0xd3,0x61,0xd3,0x82,0xd3,0x61,0xd3,0x62,0xd3,0x61,0xd3,0x62,
0xd3,0x61,0xd3,0x62,0xd3,0x61,0xd3,0x61,0xd3,0x61,0xd3,0x61,0xd3,0x61,0xd3,0x61,
0xd3,0x21,0xc3,0x01,0xca,0xc1,0xc2,0xe1,0xca,0xc1,0xc2,0xe1,0xca,0xe0,0xd3,0x83,
0xd3,0x22,0xdb,0x02,0xd3,0x22,0xdb,0x02,0xd3,0x02,0xdb,0x02,0xd3,0x02,0xdb,0x02,
0xd3,0x02,0xdb,0x02,0xd3,0x02,0xdb,0x02,0xd3,0x22,0xdb,0x02,0xd3,0x02,0xda,0xe2,
0xd3,0x02,0xda,0xe2,0xd3,0x02,0xd3,0x02,0xd3,0x02,0xd3,0x02,0xd3,0x02,0xd2,0xe1,
0xd3,0x02,0xd2,0xe1,0xd3,0x02,0xd2,0xe1,0xd3,0x02,0xd2,0xe1,0xd3,0x02,0xd2,0xe2,
0xd3,0x02,0xd2,0xe1,0xd3,0x02,0xd2,0xe1,0xd3,0x02,0xd2,0xe1,0xd3,0x02,0xd2,0xe1,
0xcb,0x02,0xd3,0x01,0xcb,0x02,0xd2,0xe1,0xcb,0x02,0xd2,0xe1,0xcb,0x02,0xd2,0xe1,
0xcb,0x02,0xd2,0xe1,0xcb,0x02,0xd2,0xe1,0xcb,0x02,0xd2,0xe1,0xcb,0x02,0xd2,0xe1,
0xcb,0x02,0xd2,0xe1,0xcb,0x02,0xd2,0xe1,0xcb,0x02,0xd2,0xe1,0xca,0xe2,0xd2,0xe1,
0xcb,0x02,0xd2,0xe1,0xcb,0x02,0xca,0xe1,0xca,0xe2,0xd2,0xe1,0xca,0xe2,0xca,0xe1,
0xca,0xe2,0xca,0xe1,0xca,0xe2,0xca,0xc1,0xca,0xe2,0xca,0xe1,0xcb,0x41,0xdb,0x62,
0xd3,0x82,0xdb,0x61,0xd3,0x82,0xdb,0x81,0xd3,0x82,0xdb,0x81,0xd3,0x82,0xd3,0x61,
0xd3,0x82,0xd3,0x61,0xd3,0x82,0xdb,0x61,0xd3,0x82,0xd3,0x61,0xd3,0x82,0xd3,0x61,
0xd3,0x82,0xd3,0x61,0xd3,0x62,0xd3,0x61,0xd3,0x82,0xd3,0x61,0xd3,0x82,0xd3,0x61,
0xd3,0x82,0xd3,0x61,0xd3,0x62,0xd3,0x61,0xd3,0x62,0xd3,0x61,0xcb,0x62,0xd3,0x61,
0xcb,0x62,0xd3,0x61,0xcb,0x62,0xd3,0x41,0xcb,0x62,0xd3,0x41,0xcb,0x62,0xcb,0x21,
0xc2,0xe2,0xc2,0xc1,0xc2,0xe2,0xc2,0xc1,0xc2,0xe2,0xc2,0xc1,0xc2,0xe1,0xd3,0x63,
0xdb,0x21,0xdb,0x22,0xdb,0x21,0xd3,0x22,0xdb,0x01,0xd3,0x22,0xdb,0x01,0xd3,0x22,
0xdb,0x01,0xd3,0x22,0xdb,0x01,0xd3,0x22,0xdb,0x01,0xd3,0x02,0xdb,0x01,0xd3,0x02,
0xdb,0x01,0xd3,0x02,0xdb,0x01,0xd3,0x22,0xdb,0x01,0xd3,0x02,0xdb,0x01,0xd3,0x02,
0xdb,0x01,0xd3,0x02,0xdb,0x01,0xd3,0x02,0xdb,0x01,0xd3,0x02,0xdb,0x01,0xd3,0x02,
0xdb,0x01,0xd3,0x02,0xdb,0x01,0xd3,0x02,0xdb,0x01,0xd3,0x02,0xd3,0x01,0xd3,0x02,
0xd3,0x01,0xd3,0x02,0xd3,0x01,0xd3,0x02,0xd3,0x01,0xd3,0x02,0xd3,0x01,0xd3,0x02,
0xd3,0x01,0xcb,0x01,0xd2,0xe1,0xcb,0x01,0xd2,0xe1,0xcb,0x01,0xd2,0xe1,0xcb,0x01,
0xd2,0xe1,0xcb,0x02,0xd2,0xe1,0xcb,0x02,0xd2,0xe1,0xcb,0x02,0xd2,0xe1,0xcb,0x02,
0xd2,0xe1,0xcb,0x01,0xd2,0xe1,0xcb,0x01,0xd2,0xe1,0xcb,0x02,0xd2,0xe1,0xcb,0x02,
0xd2,0xe1,0xcb,0x02,0xd2,0xe1,0xca,0xe1,0xca,0xe0,0xd3,0x42,0xdb,0x81,0xd3,0xa2,
0xdb,0x81,0xd3,0x82,0xdb,0x81,0xd3,0x82,0xdb,0x81,0xd3,0xa2,0xdb,0x81,0xd3,0xa2,
0xdb,0x81,0xd3,0x82,0xdb,0x81,0xd3,0x82,0xdb,0x81,0xd3,0x82,0xdb,0x61,0xd3,0x82,
0xdb,0x61,0xd3,0x82,0xdb,0x61,0xd3,0x61,0xdb,0x61,0xd3,0x82,0xdb,0x61,0xd3,0x82,
0xd3,0x61,0xd3,0x81,0xdb,0x61,0xd3,0x62,0xdb,0x61,0xd3,0x62,0xd3,0x61,0xd3,0x61,
0xd3,0x61,0xd3,0x61,0xd3,0x41,0xd3,0x62,0xd3,0x61,0xd3,0x61,0xd3,0x21,0xc2,0xe1,
0xca,0xc1,0xc2,0xe1,0xca,0xc1,0xc2,0xe1,0xca,0xc1,0xc2,0xe1,0xca,0xe0,0xd3,0x83,
0xd3,0x22,0xdb,0x02,0xd3,0x02,0xdb,0x02,0xd3,0x02,0xdb,0x02,0xd3,0x02,0xdb,0x02,
0xd3,0x02,0xdb,0x02,0xd3,0x22,0xdb,0x02,0xd3,0x02,0xda,0xe2,0xd3,0x02,0xda,0xe2,
0xd3,0x02,0xd3,0x02,0xd3,0x02,0xd3,0x02,0xd3,0x02,0xd2,0xe1,0xd3,0x02,0xd2,0xe1,
0xd3,0x02,0xd2,0xe1,0xd3,0x02,0xd2,0xe1,0xd3,0x02,0xd2,0xe1,0xd3,0x02,0xd2,0xe1,
0xd3,0x02,0xd2,0xe1,0xd3,0x02,0xd2,0xe1,0xd3,0x02,0xd2,0xe1,0xcb,0x02,0xd2,0xe1,
0xcb,0x02,0xd2,0xe1,0xcb,0x02,0xd2,0xe1,0xcb,0x02,0xd2,0xe1,0xcb,0x02,0xd2,0xe2,
0xcb,0x02,0xd2,0xe1,0xcb,0x02,0xd2,0xe1,0xcb,0x02,0xd2,0xe1,0xcb,0x02,0xd2,0xe1,
0xcb,0x02,0xd2,0xe1,0xcb,0x02,0xd2,0xe1,0xcb,0x02,0xd2,0xe1,0xcb,0x02,0xca,0xe1,
0xca,0xe2,0xd2,0xe1,0xca,0xe2,0xd2,0xe1,0xca,0xe2,0xd2,0xe1,0xca,0xe2,0xca,0xe1,
0xca,0xe2,0xca,0xc1,0xca,0xe2,0xca,0xe1,0xcb,0x41,0xdb,0x62,0xd3,0x82,0xdb,0x81,
0xd3,0xa2,0xdb,0x81,0xd3,0x82,0xdb,0x61,0xd3,0x82,0xdb,0x81,0xd3,0x82,0xdb,0x81,
0xd3,0x82,0xd3,0x61,0xd3,0x82,0xd3,0x61,0xd3,0x82,0xd3,0x61,0xd3,0x82,0xd3,0x61,
0xd3,0x82,0xd3,0x61,0xd3,0x62,0xd3,0x61,0xd3,0x62,0xd3,0x61,0xd3,0x82,0xd3,0x61,
0xcb,0x62,0xd3,0x61,0xd3,0x62,0xd3,0x61,0xd3,0x62,0xd3,0x61,0xcb,0x62,0xd3,0x61,
0xd3,0x62,0xd3,0x41,0xcb,0x62,0xd3,0x41,0xcb,0x62,0xcb,0x21,0xc2,0xe2,0xc2,0xc1,
0xc2,0xe2,0xc2,0xc1,0xc2,0xe2,0xc2,0xc1,0xc2,0xe2,0xc2,0xc1,0xc2,0xe1,0xd3,0x63,
0xdb,0x01,0xd3,0x22,0xdb,0x01,0xd3,0x22,0xdb,0x01,0xd3,0x22,0xdb,0x01,0xd3,0x22,
0xdb,0x01,0xd3,0x22,0xdb,0x01,0xd3,0x02,0xdb,0x01,0xd3,0x02,0xdb,0x01,0xd3,0x02,
0xdb,0x01,0xd3,0x22,0xdb,0x01,0xd3,0x02,0xdb,0x01,0xd3,0x02,0xdb,0x01,0xd3,0x02,
0xdb,0x01,0xd3,0x02,0xdb,0x01,0xd3,0x02,0xdb,0x01,0xd3,0x02,0xdb,0x01,0xd3,0x02,
0xdb,0x01,0xd3,0x02,0xdb,0x01,0xd3,0x02,0xdb,0x01,0xd3,0x02,0xd2,0xe1,0xd3,0x02,
0xd2,0xe1,0xd3,0x02,0xd3,0x01,0xd3,0x02,0xd3,0x01,0xd3,0x02,0xd3,0x01,0xcb,0x01,
0xd2,0xe1,0xcb,0x01,0xd2,0xe1,0xcb,0x01,0xd2,0xe1,0xcb,0x01,0xd2,0xe1,0xcb,0x02,
0xd2,0xe1,0xcb,0x02,0xd2,0xe1,0xcb,0x02,0xd2,0xe1,0xcb,0x02,0xd2,0xe1,0xcb,0x02,
0xd2,0xe1,0xca,0xe1,0xd2,0xe1,0xcb,0x02,0xd2,0xe1,0xcb,0x02,0xd2,0xe1,0xcb,0x02,
0xd2,0xe1,0xca,0xe1,0xd3,0x01,0xd3,0x42,0xdb,0x81,0xd3,0xa2,0xdb,0x81,0xd3,0xa2,
0xdb,0x81,0xd3,0xa2,0xdb,0x81,0xd3,0x82,0xdb,0x81,0xd3,0x82,0xdb,0x81,0xd3,0x82,
0xdb,0x61,0xd3,0x82,0xdb,0x81,0xd3,0x82,0xdb,0x81,0xd3,0x82,0xdb,0x61,0xd3,0x82,
0xdb,0x61,0xd3,0x61,0xd3,0x61,0xd3,0x82,0xd3,0x61,0xd3,0x81,0xd3,0x61,0xd3,0x81,
0xd3,0x61,0xd3,0x81,0xd3,0x61,0xd3,0x62,0xd3,0x61,0xd3,0x62,0xd3,0x61,0xd3,0x61,
0xd3,0x61,0xd3,0x61,0xd3,0x41,0xd3,0x62,0xd3,0x21,0xc2,0xe1,0xca,0xc1,0xc2,0xe1,
0xca,0xc1,0xc2,0xe1,0xca,0xc1,0xc2,0xe1,0xca,0xc0,0xc2,0xe1,0xca,0xe0,0xd3,0x83,
0xd3,0x02,0xdb,0x02,0xd3,0x02,0xdb,0x02,0xd3,0x02,0xdb,0x02,0xd3,0x02,0xdb,0x02,
0xd3,0x02,0xda,0xe2,0xd3,0x02,0xda,0xe2,0xd3,0x02,0xda,0xe2,0xd3,0x02,0xd3,0x02,
0xd3,0x02,0xd3,0x02,0xd3,0x02,0xd2,0xe1,0xd3,0x02,0xd2,0xe1,0xd3,0x02,0xd2,0xe1,
0xd3,0x02,0xd2,0xe1,0xd3,0x02,0xd2,0xe2,0xd3,0x02,0xd2,0xe1,0xd3,0x02,0xd2,0xe1,
0xd3,0x02,0xd2,0xe1,0xd3,0x02,0xd2,0xe1,0xcb,0x02,0xd2,0xe1,0xd3,0x02,0xd2,0xe2,
0xd3,0x02,0xd2,0xe2,0xcb,0x02,0xd2,0xe1,0xcb,0x02,0xd2,0xe2,0xcb,0x02,0xd2,0xe1,
0xcb,0x02,0xd2,0xe1,0xcb,0x02,0xd2,0xe1,0xcb,0x02,0xd2,0xe1,0xcb,0x02,0xd2,0xe1,
0xcb,0x02,0xd2,0xe1,0xcb,0x02,0xd2,0xe1,0xca,0xe2,0xd2,0xe1,0xca,0xe2,0xca,0xe1,
0xca,0xe2,0xca,0xc1,0xca,0xe2,0xca,0xc1,0xca,0xe2,0xca,0xe1,0xca,0xe2,0xca,0xc1,
0xca,0xe2,0xca,0xc1,0xcb,0x41,0xdb,0x82,0xd3,0xa2,0xdb,0x81,0xd3,0xa2,0xdb,0x81,
0xd3,0xa2,0xdb,0x81,0xd3,0x82,0xdb,0x61,0xd3,0x82,0xd3,0x61,0xd3,0x82,0xd3,0x61,
0xd3,0x82,0xd3,0x61,0xd3,0x82,0xd3,0x61,0xd3,0x82,0xd3,0x61,0xd3,0x82,0xd3,0x61,
0xd3,0x82,0xd3,0x61,0xd3,0x62,0xd3,0x61,0xd3,0x82,0xd3,0x61,0xd3,0x62,0xd3,0x61,
0xd3,0x62,0xd3,0x61,0xcb,0x62,0xd3,0x61,0xcb,0x62,0xd3,0x61,0xcb,0x62,0xd3,0x61,
0xcb,0x62,0xd3,0x41,0xcb,0x62,0xcb,0x21,0xc2,0xe2,0xca,0xc1,0xc2,0xe2,0xc2,0xc1,
0xc2,0xe2,0xc2,0xc1,0xc2,0xc1,0xc2,0xc1,0xc2,0xc1,0xc2,0xc1,0xc2,0xe1,0xd3,0x63,
0xdb,0x01,0xd3,0x22,0xdb,0x01,0xd3,0x22,0xdb,0x01,0xd3,0x22,0xdb,0x01,0xd3,0x22,
0xdb,0x01,0xd3,0x02,0xdb,0x01,0xd3,0x02,0xdb,0x01,0xd3,0x02,0xdb,0x01,0xd3,0x22,
0xdb,0x01,0xd3,0x02,0xdb,0x01,0xd3,0x02,0xdb,0x01,0xd3,0x02,0xdb,0x01,0xd3,0x02,
0xdb,0x01,0xd3,0x02,0xdb,0x01,0xd3,0x02,0xdb,0x01,0xd3,0x02,0xdb,0x01,0xd3,0x02,
0xdb,0x01,0xd3,0x02,0xdb,0x01,0xd3,0x02,0xd3,0x01,0xd3,0x02,0xd2,0xe1,0xd3,0x02,
0xd2,0xe1,0xd3,0x02,0xd3,0x01,0xd3,0x02,0xd3,0x01,0xd3,0x02,0xd2,0xe1,0xcb,0x01,
0xd2,0xe1,0xcb,0x01,0xd2,0xe1,0xcb,0x01,0xd2,0xe1,0xcb,0x01,0xd2,0xe1,0xcb,0x02,
0xd2,0xe1,0xcb,0x02,0xd2,0xe1,0xcb,0x02,0xd2,0xe1,0xcb,0x02,0xd2,0xe1,0xcb,0x02,
0xd2,0xe1,0xca,0xe1,0xd2,0xe1,0xca,0xe1,0xd2,0xe1,0xcb,0x02,0xd2,0xe1,0xca,0xe1,
0xd2,0xe1,0xd3,0x22,0xdb,0x81,0xdb,0xa2,0xdb,0x81,0xd3,0xa2,0xdb,0x81,0xd3,0xa2,
0xdb,0x81,0xd3,0xa2,0xdb,0x81,0xd3,0xa2,0xdb,0x81,0xd3,0x82,0xdb,0x61,0xd3,0x82,
0xdb,0x81,0xd3,0x82,0xdb,0x81,0xd3,0x82,0xdb,0x61,0xd3,0x82,0xdb,0x61,0xd3,0x82,
0xdb,0x61,0xd3,0x82,0xd3,0x61,0xd3,0x81,0xdb,0x61,0xd3,0x82,0xd3,0x61,0xd3,0x82,
0xd3,0x61,0xd3,0x82,0xd3,0x61,0xd3,0x62,0xd3,0x61,0xd3,0x62,0xd3,0x61,0xd3,0x62,
0xd3,0x61,0xd3,0x62,0xd3,0x21,0xc3,0x01,0xca,0xc1,0xc2,0xe1,0xca,0xc1,0xc2,0xe1,
0xca,0xc1,0xc2,0xe1,0xca,0xc1,0xc2,0xe1,0xca,0xc0,0xc2,0xe1,0xc2,0xc0,0xd3,0x83,
0xd3,0x02,0xdb,0x02,0xd3,0x02,0xdb,0x02,0xd3,0x02,0xdb,0x02,0xd3,0x02,0xda,0xe2,
0xd3,0x02,0xda,0xe2,0xd3,0x02,0xda,0xe2,0xd3,0x02,0xd3,0x02,0xd3,0x02,0xd3,0x02,
0xd3,0x02,0xd2,0xe1,0xd3,0x02,0xd2,0xe1,0xd3,0x02,0xd2,0xe1,0xd3,0x02,0xd2,0xe1,
0xd3,0x02,0xd2,0xe2,0xd3,0x02,0xd2,0xe1,0xd3,0x02,0xd2,0xe1,0xd3,0x02,0xd2,0xe1,
0xd3,0x02,0xd2,0xe1,0xcb,0x02,0xd2,0xe1,0xd3,0x02,0xd2,0xe2,0xd3,0x02,0xd2,0xe2,
0xcb,0x02,0xd2,0xe2,0xcb,0x02,0xd2,0xe2,0xcb,0x02,0xd2,0xe1,0xcb,0x02,0xd2,0xe1,
0xcb,0x02,0xd2,0xe1,0xcb,0x02,0xd2,0xe1,0xcb,0x02,0xd2,0xe1,0xcb,0x02,0xd2,0xe1,
0xcb,0x02,0xd2,0xe1,0xca,0xe2,0xd2,0xe1,0xca,0xe2,0xca,0xe1,0xca,0xe2,0xca,0xc1,
0xca,0xe2,0xca,0xc1,0xca,0xe2,0xca,0xc1,0xca,0xe2,0xca,0xc1,0xca,0xe2,0xca,0xe1,
0xcb,0x42,0xdb,0x82,0xd3,0xa2,0xdb,0x82,0xd3,0xa2,0xdb,0x81,0xd3,0xa2,0xdb,0x81,
0xd3,0x82,0xdb,0x81,0xd3,0x82,0xdb,0x81,0xd3,0x82,0xd3,0x61,0xd3,0x82,0xdb,0x61,
0xd3,0x82,0xd3,0x61,0xd3,0x82,0xd3,0x61,0xd3,0x82,0xd3,0x61,0xd3,0x82,0xd3,0x61,
0xd3,0x82,0xd3,0x61,0xd3,0x82,0xd3,0x61,0xd3,0x62,0xd3,0x61,0xd3,0x82,0xd3,0x61,
0xcb,0x62,0xd3,0x61,0xcb,0x62,0xd3,0x61,0xcb,0x62,0xd3,0x61,0xcb,0x62,0xd3,0x41,
0xcb,0x62,0xcb,0x21,0xc2,0xe1,0xca,0xc1,0xc2,0xe2,0xc2,0xc1,0xc2,0xc1,0xca,0xc1,
0xc2,0xc1,0xc2,0xc1,0xc2,0xc1,0xc2,0xc1,0xc2,0xc1,0xc2,0xc1,0xc2,0xe1,0xd3,0x63,
0xdb,0x01,0xd3,0x22,0xdb,0x01,0xd3,0x22,0xdb,0x01,0xd3,0x22,0xdb,0x01,0xd3,0x02,
0xdb,0x01,0xd3,0x02,0xdb,0x01,0xd3,0x02,0xdb,0x01,0xd3,0x22,0xdb,0x01,0xd3,0x02,
0xdb,0x01,0xd3,0x02,0xdb,0x01,0xd3,0x02,0xdb,0x01,0xd3,0x02,0xdb,0x01,0xd3,0x02,
0xdb,0x01,0xd3,0x02,0xdb,0x01,0xd3,0x02,0xdb,0x01,0xd3,0x02,0xdb,0x01,0xd3,0x02,
0xdb,0x01,0xd3,0x02,0xd2,0xe1,0xd3,0x02,0xd2,0xe1,0xd3,0x02,0xd2,0xe1,0xd3,0x02,
0xd3,0x01,0xd3,0x02,0xd2,0xe1,0xd3,0x02,0xd2,0xe1,0xcb,0x02,0xd2,0xe1,0xcb,0x01,
0xd2,0xe1,0xcb,0x01,0xd2,0xe1,0xcb,0x01,0xd2,0xe1,0xcb,0x02,0xd2,0xe1,0xcb,0x02,
0xd2,0xe1,0xcb,0x02,0xd2,0xe1,0xcb,0x02,0xd2,0xe1,0xcb,0x02,0xd2,0xe1,0xca,0xe1,
0xd2,0xe1,0xca,0xe1,0xd2,0xe1,0xca,0xe1,0xd2,0xe1,0xca,0xe1,0xd2,0xe0,0xd3,0x42,
0xdb,0x81,0xdb,0xa2,0xdb,0xa1,0xdb,0xa2,0xdb,0xa1,0xd3,0xa2,0xdb,0x81,0xd3,0xa2,
0xdb,0x81,0xd3,0xa2,0xdb,0x81,0xd3,0xa2,0xdb,0x81,0xd3,0x82,0xdb,0x61,0xd3,0x82,
0xdb,0x81,0xd3,0x82,0xdb,0x81,0xd3,0x81,0xdb,0x81,0xd3,0x82,0xdb,0x61,0xd3,0x82,
0xdb,0x61,0xd3,0x82,0xdb,0x61,0xd3,0x82,0xd3,0x61,0xd3,0x81,0xd3,0x61,0xd3,0x82,
0xd3,0x61,0xd3,0x62,0xd3,0x61,0xd3,0x81,0xd3,0x61,0xd3,0x61,0xd3,0x61,0xd3,0x61,
0xd3,0x21,0xc3,0x01,0xca,0xc1,0xc2,0xe1,0xca,0xc1,0xc2,0xe1,0xca,0xc1,0xc2,0xe1,
0xca,0xc1,0xc2,0xe1,0xca,0xc1,0xc2,0xe1,0xca,0xc1,0xc2,0xe1,0xc2,0xc0,0xd3,0x63,
0xd3,0x02,0xdb,0x02,0xd3,0x02,0xdb,0x02,0xd3,0x22,0xdb,0x02,0xd3,0x02,0xda,0xe2,
0xd3,0x02,0xda,0xe2,0xd3,0x02,0xd3,0x02,0xd3,0x02,0xd3,0x02,0xd3,0x02,0xd2,0xe1,
0xd3,0x02,0xd2,0xe1,0xd3,0x02,0xd2,0xe1,0xd3,0x02,0xd2,0xe1,0xd3,0x02,0xd2,0xe2,
0xd3,0x02,0xd2,0xe1,0xd3,0x02,0xd2,0xe1,0xd3,0x02,0xd2,0xe1,0xd3,0x02,0xd2,0xe1,
0xcb,0x02,0xd2,0xe1,0xd3,0x02,0xd2,0xe1,0xd3,0x02,0xd2,0xe2,0xcb,0x02,0xd2,0xe2,
0xcb,0x02,0xd2,0xe2,0xca,0xe2,0xd2,0xe1,0xcb,0x02,0xd2,0xe1,0xcb,0x02,0xd2,0xe1,
0xcb,0x02,0xd2,0xe1,0xcb,0x02,0xd2,0xe1,0xcb,0x02,0xd2,0xe1,0xcb,0x02,0xd2,0xe1,
0xca,0xe2,0xd2,0xe1,0xca,0xe2,0xca,0xe1,0xca,0xe2,0xca,0xc1,0xca,0xe2,0xca,0xc1,
0xca,0xe2,0xca,0xc1,0xca,0xe2,0xca,0xc1,0xca,0xe2,0xca,0xc1,0xcb,0x41,0xdb,0x62,
0xd3,0xa2,0xdb,0x82,0xd3,0xa2,0xdb,0x82,0xd3,0xa2,0xdb,0x81,0xd3,0x82,0xdb,0x82,
0xd3,0x82,0xdb,0x81,0xd3,0x82,0xdb,0x81,0xd3,0x82,0xdb,0x61,0xd3,0x82,0xdb,0x61,
0xd3,0x82,0xd3,0x61,0xd3,0x82,0xd3,0x61,0xd3,0x82,0xd3,0x61,0xd3,0x62,0xd3,0x61,
0xd3,0x82,0xd3,0x61,0xd3,0x82,0xd3,0x61,0xd3,0x82,0xd3,0x61,0xd3,0x62,0xd3,0x61,
0xd3,0x62,0xd3,0x61,0xcb,0x62,0xd3,0x61,0xd3,0x62,0xd3,0x61,0xcb,0x62,0xcb,0x21,
0xc2,0xe1,0xc2,0xc1,0xc2,0xc2,0xca,0xc1,0xc2,0xc2,0xca,0xc1,0xc2,0xc1,0xc2,0xc1,
0xc2,0xc1,0xc2,0xc1,0xc2,0xc1,0xc2,0xc1,0xc2,0xc1,0xc2,0xc1,0xba,0xc1,0xd3,0x63,
0xdb,0x01,0xd3,0x22,0xdb,0x01,0xd3,0x02,0xdb,0x01,0xd3,0x02,0xdb,0x01,0xd3,0x02,
0xdb,0x01,0xd3,0x22,0xdb,0x01,0xd3,0x22,0xdb,0x01,0xd3,0x02,0xdb,0x01,0xd3,0x02,
0xdb,0x01,0xd3,0x02,0xdb,0x01,0xd3,0x02,0xdb,0x01,0xd3,0x02,0xdb,0x01,0xd3,0x02,
0xdb,0x01,0xd3,0x02,0xdb,0x01,0xd3,0x02,0xdb,0x01,0xd3,0x02,0xdb,0x01,0xd3,0x02,
0xd2,0xe1,0xd3,0x02,0xd2,0xe1,0xd3,0x02,0xd2,0xe1,0xd3,0x02,0xd3,0x01,0xd3,0x02,
0xd2,0xe1,0xd3,0x02,0xd2,0xe1,0xcb,0x02,0xd2,0xe1,0xcb,0x02,0xd2,0xe1,0xcb,0x02,
0xd2,0xe1,0xcb,0x01,0xd2,0xe1,0xcb,0x02,0xd2,0xe1,0xcb,0x02,0xd2,0xe1,0xcb,0x02,
0xd2,0xe1,0xcb,0x02,0xd2,0xe1,0xcb,0x02,0xd2,0xe1,0xca,0xe1,0xd2,0xe1,0xca,0xe1,
0xd2,0xe1,0xca,0xe1,0xd2,0xe1,0xca,0xe1,0xd2,0xe1,0xd3,0x22,0xdb,0x81,0xd3,0xa2,
0xdb,0x81,0xdb,0xa2,0xdb,0xa1,0xdb,0xa2,0xdb,0xa1,0xd3,0xa2,0xdb,0x81,0xd3,0xa2,
0xdb,0x81,0xd3,0xa2,0xdb,0x81,0xd3,0x82,0xdb,0x81,0xd3,0x82,0xdb,0x61,0xd3,0x82,
0xdb,0x81,0xd3,0x82,0xdb,0x61,0xd3,0x82,0xdb,0x61,0xd3,0x82,0xdb,0x61,0xd3,0x82,
0xdb,0x61,0xd3,0x82,0xdb,0x61,0xd3,0x82,0xdb,0x61,0xd3,0x81,0xdb,0x61,0xd3,0x62,
0xd3,0x61,0xd3,0x61,0xd3,0x61,0xd3,0x61,0xd3,0x61,0xd3,0x62,0xd3,0x21,0xc2,0xe1,
0xca,0xc1,0xc2,0xe1,0xca,0xc1,0xc2,0xe1,0xca,0xc1,0xc2,0xc1,0xca,0xc1,0xc2,0xe1,
0xca,0xc1,0xc2,0xe1,0xca,0xc1,0xc2,0xc1,0xc2,0xc0,0xc2,0xc1,0xc2,0xc0,0xd3,0x63,
0xd3,0x22,0xdb,0x02,0xd3,0x02,0xda,0xe2,0xd3,0x02,0xda,0xe2,0xd3,0x02,0xda,0xe2,
0xd3,0x02,0xd3,0x02,0xd3,0x02,0xd3,0x02,0xd3,0x02,0xd2,0xe1,0xd3,0x02,0xd2,0xe1,
0xd3,0x02,0xd2,0xe1,0xd3,0x02,0xd2,0xe1,0xd3,0x02,0xd2,0xe2,0xd3,0x02,0xd2,0xe1,
0xcb,0x02,0xd2,0xe1,0xd3,0x02,0xd2,0xe1,0xd3,0x02,0xd2,0xe1,0xd3,0x02,0xd2,0xe1,
0xd3,0x02,0xd2,0xe2,0xd3,0x02,0xd2,0xe2,0xcb,0x02,0xd2,0xe2,0xcb,0x02,0xd2,0xe2,
0xcb,0x02,0xd2,0xe1,0xcb,0x02,0xd2,0xe1,0xcb,0x02,0xd2,0xe1,0xcb,0x02,0xd2,0xe1,
0xcb,0x02,0xd2,0xe1,0xcb,0x02,0xd2,0xe1,0xcb,0x02,0xd2,0xe1,0xca,0xe2,0xd2,0xe1,
0xca,0xe2,0xd2,0xe1,0xca,0xe2,0xca,0xe1,0xca,0xe2,0xca,0xc1,0xca,0xe2,0xca,0xc1,
0xca,0xe2,0xca,0xc1,0xca,0xe2,0xca,0xc1,0xcb,0x41,0xdb,0x82,0xd3,0xa2,0xdb,0x82,
0xd3,0xa2,0xdb,0x81,0xd3,0xa2,0xdb,0x82,0xd3,0xa2,0xdb,0x81,0xd3,0xa2,0xdb,0x81,
0xd3,0x82,0xdb,0x82,0xd3,0x82,0xd3,0x61,0xd3,0x82,0xdb,0x61,0xd3,0x82,0xdb,0x61,
0xd3,0x82,0xd3,0x61,0xd3,0x82,0xd3,0x61,0xd3,0x82,0xd3,0x61,0xd3,0x82,0xd3,0x61,
0xd3,0x82,0xd3,0x61,0xd3,0x82,0xd3,0x61,0xd3,0x62,0xd3,0x61,0xd3,0x62,0xd3,0x61,
0xcb,0x62,0xd3,0x61,0xcb,0x62,0xd3,0x61,0xcb,0x62,0xcb,0x21,0xc2,0xe1,0xc2,0xc1,
0xc2,0xe2,0xc2,0xc1,0xc2,0xc1,0xc2,0xc1,0xc2,0xc1,0xca,0xc1,0xc2,0xc1,0xc2,0xc1,
0xc2,0xc1,0xc2,0xc1,0xc2,0xc1,0xc2,0xc1,0xc2,0xc1,0xc2,0xc1,0xba,0xc1,0xd3,0x63,
0xdb,0x01,0xd3,0x22,0xdb,0x01,0xd3,0x02,0xdb,0x01,0xd3,0x02,0xdb,0x01,0xd3,0x22,
0xdb,0x01,0xd3,0x22,0xdb,0x01,0xd3,0x02,0xdb,0x01,0xd3,0x02,0xdb,0x01,0xd3,0x02,
0xdb,0x01,0xd3,0x02,0xdb,0x01,0xd3,0x02,0xdb,0x01,0xd3,0x02,0xdb,0x01,0xd3,0x02,
0xd3,0x01,0xd3,0x02,0xd3,0x01,0xd3,0x02,0xd2,0xe1,0xd3,0x02,0xd3,0x01,0xd3,0x02,
0xd2,0xe1,0xd3,0x02,0xd2,0xe1,0xd3,0x02,0xd3,0x01,0xd3,0x02,0xd3,0x01,0xd3,0x02,
0xd2,0xe1,0xd3,0x02,0xd2,0xe1,0xcb,0x02,0xd2,0xe1,0xcb,0x02,0xd2,0xe1,0xcb,0x02,
0xd2,0xe1,0xcb,0x02,0xd2,0xe1,0xcb,0x02,0xd2,0xe1,0xcb,0x02,0xd2,0xe1,0xcb,0x02,
0xd2,0xe1,0xcb,0x02,0xd2,0xe1,0xca,0xe1,0xd2,0xe1,0xca,0xe1,0xd2,0xe1,0xca,0xe1,
0xd2,0xe1,0xca,0xe1,0xd2,0xe1,0xd3,0x22,0xdb,0x81,0xdb,0xa2,0xdb,0xa1,0xd3,0xa2,
0xdb,0x81,0xdb,0xa2,0xdb,0xa1,0xdb,0xa2,0xdb,0x81,0xd3,0xa2,0xdb,0x81,0xd3,0xa2,
0xdb,0x81,0xd3,0xa2,0xdb,0x81,0xd3,0x82,0xdb,0x61,0xd3,0x82,0xdb,0x61,0xd3,0x82,
0xdb,0x81,0xd3,0x82,0xdb,0x61,0xd3,0x82,0xdb,0x61,0xd3,0x82,0xdb,0x61,0xd3,0x82,
0xdb,0x61,0xd3,0x82,0xdb,0x61,0xd3,0x82,0xd3,0x61,0xd3,0x81,0xd3,0x61,0xd3,0x62,
0xd3,0x61,0xd3,0x61,0xd3,0x61,0xd3,0x61,0xd3,0x21,0xc3,0x01,0xca,0xc1,0xc2,0xe1,
0xca,0xc1,0xc2,0xe1,0xca,0xc1,0xc2,0xe1,0xca,0xc1,0xc2,0xe1,0xca,0xc1,0xc2,0xe1,
0xca,0xc1,0xc2,0xe1,0xca,0xc1,0xc2,0xc1,0xc2,0xc0,0xc2,0xc1,0xc2,0xc0,0xd3,0x63,
0xd3,0x02,0xda,0xe2,0xd3,0x02,0xda,0xe2,0xd3,0x02,0xd3,0x02,0xd3,0x02,0xd3,0x02,
0xd3,0x02,0xd2,0xe1,0xd3,0x02,0xd2,0xe1,0xd3,0x02,0xd2,0xe1,0xd3,0x02,0xd2,0xe1,
0xd3,0x02,0xd2,0xe1,0xd3,0x02,0xd2,0xe2,0xd3,0x02,0xd2,0xe1,0xcb,0x02,0xd2,0xe1,
0xcb,0x02,0xd2,0xe1,0xcb,0x02,0xd2,0xe1,0xcb,0x02,0xd2,0xe1,0xd3,0x02,0xd2,0xe2,
0xd3,0x02,0xd2,0xe2,0xd3,0x02,0xd2,0xe2,0xcb,0x02,0xd2,0xe2,0xca,0xe2,0xd2,0xe1,
0xcb,0x02,0xd2,0xe1,0xcb,0x02,0xd2,0xe1,0xcb,0x02,0xd2,0xe1,0xcb,0x02,0xd2,0xe1,
0xca,0xe2,0xd2,0xe1,0xca,0xe2,0xd2,0xe1,0xca,0xe2,0xd2,0xe1,0xca,0xe2,0xd2,0xe1,
0xca,0xe2,0xca,0xe1,0xca,0xe2,0xca,0xc1,0xca,0xe2,0xca,0xc1,0xca,0xe2,0xca,0xc1,
0xca,0xe2,0xca,0xe1,0xcb,0x42,0xdb,0x82,0xd3,0xa2,0xdb,0x82,0xd3,0xa2,0xdb,0x81,
0xd3,0x82,0xdb,0x81,0xd3,0x82,0xdb,0x81,0xd3,0x82,0xdb,0x81,0xd3,0xa2,0xdb,0x81,
0xd3,0xa2,0xdb,0x81,0xd3,0x82,0xdb,0x62,0xd3,0x82,0xdb,0x61,0xd3,0x82,0xd3,0x61,
0xd3,0x82,0xd3,0x61,0xd3,0x62,0xd3,0x61,0xd3,0x82,0xd3,0x61,0xd3,0x82,0xd3,0x61,
0xd3,0x82,0xd3,0x61,0xd3,0x82,0xd3,0x61,0xd3,0x62,0xd3,0x61,0xd3,0x62,0xd3,0x61,
0xcb,0x62,0xd3,0x61,0xcb,0x62,0xcb,0x21,0xc2,0xc2,0xca,0xc1,0xc2,0xc1,0xca,0xc1,
0xc2,0xc1,0xc2,0xc1,0xc2,0xc1,0xc2,0xc1,0xc2,0xc1,0xc2,0xc1,0xc2,0xc1,0xc2,0xc1,
0xc2,0xc1,0xc2,0xc1,0xc2,0xc1,0xc2,0xc1,0xc2,0xc1,0xc2,0xc1,0xba,0xc1,0xd3,0x63,
0xdb,0x01,0xd3,0x02,0xdb,0x01,0xd3,0x02,0xdb,0x01,0xd3,0x22,0xdb,0x01,0xd3,0x22,
0xda,0xe1,0xd3,0x02,0xdb,0x01,0xd3,0x02,0xdb,0x01,0xd3,0x02,0xdb,0x01,0xd3,0x02,
0xdb,0x01,0xd3,0x02,0xdb,0x01,0xd3,0x02,0xdb,0x01,0xd3,0x02,0xd3,0x01,0xd3,0x02,
0xd3,0x01,0xd3,0x02,0xd3,0x01,0xd3,0x02,0xd3,0x01,0xd3,0x02,0xd2,0xe1,0xd3,0x02,
0xd2,0xe1,0xd3,0x02,0xd3,0x01,0xd3,0x02,0xd3,0x01,0xd3,0x02,0xd2,0xe1,0xd3,0x02,
0xd2,0xe1,0xcb,0x02,0xd2,0xe1,0xcb,0x02,0xd2,0xe1,0xcb,0x02,0xd2,0xe1,0xcb,0x02,
0xd2,0xe1,0xcb,0x02,0xd2,0xe1,0xcb,0x02,0xd2,0xe1,0xcb,0x02,0xd2,0xe1,0xcb,0x02,
0xd2,0xe1,0xca,0xe1,0xd2,0xe1,0xca,0xe1,0xd2,0xe1,0xca,0xe1,0xd2,0xe1,0xca,0xe1,
0xd2,0xe0,0xd3,0x42,0xdb,0x81,0xdb,0xa2,0xdb,0xa1,0xdb,0xa2,0xdb,0xa1,0xd3,0xa2,
0xdb,0x81,0xd3,0xa2,0xdb,0x81,0xdb,0xa2,0xdb,0x81,0xd3,0xa2,0xdb,0x81,0xd3,0xa2,
0xdb,0x81,0xd3,0xa2,0xdb,0x81,0xd3,0x82,0xdb,0x81,0xd3,0xa2,0xdb,0x61,0xd3,0x82,
0xdb,0x81,0xd3,0x82,0xdb,0x61,0xd3,0x82,0xdb,0x61,0xd3,0x82,0xdb,0x61,0xd3,0x82,
0xdb,0x61,0xd3,0x82,0xdb,0x61,0xd3,0x81,0xd3,0x61,0xd3,0x81,0xd3,0x61,0xd3,0x81,
0xd3,0x61,0xd3,0x61,0xd3,0x21,0xc2,0xe1,0xca,0xc1,0xc2,0xc1,0xca,0xc1,0xc2,0xc1,
0xca,0xc1,0xc2,0xe1,0xca,0xc1,0xc2,0xe1,0xca,0xc1,0xc2,0xc1,0xca,0xc1,0xc2,0xe1,
0xca,0xc1,0xc2,0xc1,0xc2,0xc0,0xc2,0xc1,0xc2,0xc0,0xc2,0xc1,0xc2,0xc0,0xd3,0x63,
0xd3,0x02,0xda,0xe2,0xd3,0x02,0xda,0xe2,0xd3,0x02,0xd3,0x02,0xd3,0x02,0xd2,0xe1,
0xd3,0x02,0xd2,0xe1,0xd3,0x02,0xd2,0xe1,0xd3,0x02,0xd2,0xe1,0xd3,0x02,0xd2,0xe1,
0xd3,0x02,0xd2,0xe2,0xd3,0x02,0xd2,0xe1,0xcb,0x02,0xd2,0xe1,0xcb,0x02,0xd2,0xe1,
0xcb,0x02,0xd2,0xe1,0xcb,0x02,0xd2,0xe1,0xcb,0x02,0xd2,0xe2,0xcb,0x02,0xd2,0xe2,
0xd3,0x02,0xd2,0xe2,0xcb,0x02,0xd2,0xe2,0xd3,0x02,0xd2,0xe1,0xca,0xe2,0xd2,0xe1,
0xcb,0x02,0xd2,0xe1,0xcb,0x02,0xd2,0xe1,0xcb,0x02,0xd2,0xe1,0xcb,0x02,0xd2,0xe1,
0xca,0xe2,0xd2,0xe1,0xca,0xe2,0xd2,0xe1,0xca,0xe2,0xd2,0xe1,0xca,0xe2,0xca,0xe1,
0xca,0xe2,0xca,0xc1,0xca,0xe2,0xca,0xc1,0xca,0xe2,0xca,0xc1,0xca,0xe2,0xca,0xc1,
0xcb,0x42,0xdb,0x82,0xd3,0xa2,0xdb,0x82,0xd3,0xa2,0xdb,0x82,0xd3,0xa2,0xdb,0x81,
0xd3,0xa2,0xdb,0x81,0xd3,0x82,0xdb,0x61,0xd3,0x82,0xdb,0x61,0xd3,0xa2,0xdb,0x81,
0xd3,0xa2,0xdb,0x81,0xd3,0x82,0xdb,0x82,0xd3,0x82,0xdb,0x82,0xd3,0x82,0xd3,0x61,
0xd3,0x82,0xd3,0x61,0xd3,0x62,0xd3,0x61,0xd3,0x82,0xd3,0x61,0xd3,0x82,0xd3,0x61,
0xd3,0x82,0xd3,0x61,0xd3,0x82,0xd3,0x61,0xd3,0x62,0xd3,0x61,0xd3,0x62,0xd3,0x61,
0xcb,0x62,0xcb,0x21,0xc2,0xc2,0xca,0xc1,0xc2,0xc1,0xca,0xc1,0xc2,0xc1,0xca,0xc1,
0xc2,0xc1,0xc2,0xc1,0xc2,0xc1,0xc2,0xc1,0xc2,0xc1,0xc2,0xc1,0xc2,0xc1,0xc2,0xc1,
0xc2,0xc1,0xc2,0xc1,0xc2,0xc1,0xc2,0xc1,0xc2,0xc1,0xc2,0xc1,0xba,0xc1,0xd3,0x63,
0xdb,0x01,0xd3,0x02,0xdb,0x01,0xd3,0x22,0xdb,0x01,0xd3,0x22,0xda,0xe1,0xd3,0x02,
0xdb,0x01,0xd3,0x02,0xdb,0x01,0xd3,0x02,0xdb,0x01,0xd3,0x02,0xdb,0x01,0xd3,0x02,
0xdb,0x01,0xd3,0x02,0xdb,0x01,0xd3,0x02,0xd3,0x01,0xd3,0x02,0xd3,0x01,0xd3,0x02,
0xd3,0x01,0xd3,0x02,0xd3,0x01,0xd3,0x02,0xd3,0x01,0xd3,0x02,0xd3,0x01,0xd3,0x02,
0xd3,0x01,0xd3,0x02,0xd3,0x01,0xd3,0x02,0xd2,0xe1,0xd3,0x02,0xd2,0xe1,0xcb,0x02,
0xd2,0xe1,0xcb,0x02,0xd2,0xe1,0xcb,0x02,0xd2,0xe1,0xcb,0x02,0xd2,0xe1,0xcb,0x02,
0xd2,0xe1,0xcb,0x02,0xd2,0xe1,0xcb,0x02,0xd2,0xe1,0xcb,0x02,0xd2,0xe1,0xcb,0x02,
0xd2,0xe1,0xca,0xe1,0xd2,0xe1,0xca,0xe1,0xd2,0xe1,0xca,0xe1,0xd2,0xe1,0xd3,0x22,
0xdb,0xa1,0xdb,0xa2,0xdb,0xa1,0xdb,0xa2,0xdb,0x81,0xdb,0xa2,0xdb,0xa1,0xdb,0xa2,
0xdb,0x81,0xd3,0x82,0xdb,0x81,0xd3,0x82,0xdb,0x81,0xd3,0xa2,0xdb,0x81,0xd3,0xa2,
0xdb,0x81,0xd3,0xa2,0xdb,0x81,0xd3,0xa2,0xdb,0x81,0xd3,0x82,0xdb,0x81,0xd3,0x81,
0xdb,0x61,0xd3,0x82,0xdb,0x61,0xd3,0x82,0xdb,0x61,0xd3,0x82,0xdb,0x61,0xd3,0x82,
0xdb,0x61,0xd3,0x82,0xd3,0x61,0xd3,0x81,0xd3,0x61,0xd3,0x81,0xd3,0x61,0xd3,0x61,
0xd3,0x21,0xc3,0x01,0xca,0xc1,0xc2,0xc1,0xca,0xc1,0xc2,0xc1,0xca,0xc1,0xc2,0xe1,
0xca,0xc1,0xc2,0xc1,0xc2,0xc0,0xc2,0xe1,0xc2,0xc0,0xc2,0xc1,0xc2,0xc0,0xc2,0xe1,
0xc2,0xc0,0xc2,0xc1,0xc2,0xc0,0xc2,0xc1,0xc2,0xc0,0xc2,0xc1,0xc2,0xc0,0xd3,0x63,
0xd3,0x02,0xd3,0x02,0xd3,0x02,0xd3,0x02,0xd3,0x02,0xd2,0xe1,0xd3,0x02,0xd2,0xe1,
0xd3,0x02,0xd2,0xe1,0xd3,0x02,0xd2,0xe1,0xd3,0x02,0xd2,0xe1,0xd3,0x02,0xd2,0xe2,
0xd3,0x02,0xd2,0xe1,0xcb,0x02,0xd2,0xe1,0xcb,0x02,0xd2,0xe1,0xcb,0x02,0xd2,0xe1,
0xcb,0x02,0xd2,0xe1,0xcb,0x02,0xd2,0xe2,0xcb,0x02,0xd2,0xe2,0xcb,0x02,0xd2,0xe1,
0xcb,0x02,0xd2,0xe1,0xd3,0x02,0xd2,0xe1,0xca,0xe2,0xd2,0xe1,0xcb,0x02,0xd2,0xe1,
0xcb,0x02,0xd2,0xe1,0xcb,0x02,0xd2,0xe1,0xcb,0x02,0xd2,0xe1,0xca,0xe2,0xd2,0xe1,
0xca,0xe2,0xd2,0xe1,0xca,0xe2,0xd2,0xe1,0xca,0xe2,0xca,0xc1,0xca,0xe2,0xca,0xc1,
0xca,0xe2,0xca,0xc1,0xca,0xe2,0xca,0xc1,0xca,0xe2,0xca,0xe1,0xcb,0x42,0xdb,0x82,
0xd3,0xa2,0xdb,0x82,0xd3,0xa2,0xdb,0x82,0xd3,0xa2,0xdb,0x82,0xd3,0xa2,0xdb,0x81,
0xd3,0xa2,0xdb,0x81,0xd3,0x82,0xdb,0x61,0xd3,0x82,0xdb,0x81,0xd3,0x82,0xdb,0x62,
0xd3,0x82,0xdb,0x82,0xd3,0x82,0xdb,0x82,0xd3,0x82,0xd3,0x61,0xd3,0x82,0xd3,0x61,
0xd3,0x82,0xd3,0x61,0xd3,0x82,0xd3,0x61,0xd3,0x82,0xd3,0x61,0xd3,0x82,0xd3,0x61,
0xd3,0x82,0xd3,0x61,0xd3,0x62,0xd3,0x61,0xd3,0x62,0xd3,0x61,0xd3,0x62,0xcb,0x21,
0xc2,0xe2,0xca,0xc1,0xc2,0xc1,0xca,0xc1,0xc2,0xc1,0xca,0xc1,0xc2,0xc1,0xc2,0xc1,
0xc2,0xc1,0xc2,0xa1,0xc2,0xc2,0xc2,0xa1,0xc2,0xc1,0xc2,0xc1,0xc2,0xc1,0xc2,0xc1,
0xc2,0xc1,0xc2,0xc1,0xc2,0xc1,0xc2,0xc1,0xc2,0xc1,0xc2,0xc1,0xba,0xc1,0xd3,0x63,
0xdb,0x01,0xd3,0x22,0xdb,0x01,0xd3,0x02,0xda,0xe1,0xd3,0x02,0xdb,0x01,0xd3,0x02,
0xdb,0x01,0xd3,0x02,0xdb,0x01,0xd3,0x02,0xdb,0x01,0xd3,0x02,0xdb,0x01,0xd3,0x02,
0xdb,0x01,0xd3,0x02,0xd3,0x01,0xd3,0x02,0xd3,0x01,0xd3,0x02,0xd3,0x01,0xd3,0x02,
0xd3,0x01,0xd3,0x02,0xd3,0x01,0xd3,0x02,0xd3,0x01,0xd3,0x02,0xd2,0xe1,0xcb,0x02,
0xd2,0xe1,0xcb,0x02,0xd2,0xe1,0xd3,0x02,0xd2,0xe1,0xcb,0x02,0xd2,0xe1,0xcb,0x02,
0xd2,0xe1,0xcb,0x02,0xd2,0xe1,0xcb,0x02,0xd2,0xe1,0xcb,0x02,0xd2,0xe1,0xcb,0x02,
0xd2,0xe1,0xcb,0x02,0xd2,0xe1,0xca,0xe1,0xd2,0xe1,0xca,0xe1,0xd2,0xe1,0xca,0xe1,
0xd2,0xe1,0xca,0xe1,0xd2,0xe1,0xca,0xe1,0xca,0xe0,0xd3,0x42,0xdb,0xa1,0xdb,0xa2,
0xdb,0xa1,0xdb,0xa2,0xdb,0xa1,0xdb,0xa2,0xdb,0xa1,0xdb,0xa2,0xdb,0xa1,0xd3,0xa2,
0xdb,0x81,0xd3,0xa2,0xdb,0x81,0xd3,0xa2,0xdb,0x81,0xd3,0xa2,0xdb,0x81,0xd3,0x82,
0xdb,0x81,0xd3,0xa2,0xdb,0x81,0xd3,0xa2,0xdb,0x81,0xd3,0x81,0xdb,0x81,0xd3,0x82,
0xdb,0x81,0xd3,0x82,0xdb,0x61,0xd3,0x82,0xdb,0x61,0xd3,0x82,0xdb,0x61,0xd3,0x82,
0xd3,0x61,0xd3,0x81,0xd3,0x61,0xd3,0x81,0xd3,0x61,0xd3,0x81,0xd3,0x21,0xc3,0x01,
0xca,0xc1,0xc2,0xc1,0xca,0xc1,0xc2,0xc1,0xca,0xc1,0xc2,0xc1,0xca,0xc1,0xc2,0xe1,
0xc2,0xc0,0xc2,0xc1,0xc2,0xc0,0xc2,0xc1,0xc2,0xc0,0xc2,0xe1,0xc2,0xc0,0xc2,0xc1,
0xc2,0xc0,0xc2,0xc1,0xc2,0xc0,0xc2,0xc1,0xc2,0xc0,0xc2,0xc1,0xc2,0xc0,0xd3,0x63,
0xd3,0x02,0xd3,0x02,0xd3,0x02,0xd2,0xe1,0xd3,0x02,0xd2,0xe1,0xd3,0x02,0xd2,0xe1,
0xd3,0x02,0xd2,0xe1,0xd3,0x02,0xd2,0xe1,0xd3,0x02,0xd2,0xe2,0xd3,0x02,0xd2,0xe1,
0xcb,0x02,0xd2,0xe1,0xcb,0x02,0xd2,0xe1,0xcb,0x02,0xd2,0xe1,0xcb,0x02,0xd2,0xe1,
0xcb,0x02,0xd2,0xe2,0xcb,0x02,0xd2,0xe2,0xcb,0x02,0xd2,0xe1,0xcb,0x02,0xd2,0xe1,
0xcb,0x02,0xd2,0xe1,0xcb,0x02,0xd2,0xe1,0xcb,0x02,0xd2,0xe1,0xcb,0x02,0xd2,0xe1,
0xcb,0x02,0xd2,0xe1,0xcb,0x02,0xd2,0xe1,0xca,0xe2,0xd2,0xe1,0xca,0xe2,0xd2,0xe1,
0xca,0xe2,0xd2,0xe1,0xca,0xe2,0xca,0xc1,0xca,0xe2,0xca,0xc1,0xca,0xe2,0xca,0xc1,
0xca,0xe2,0xca,0xc1,0xca,0xe2,0xca,0xc1,0xcb,0x41,0xdb,0x82,0xd3,0xa2,0xdb,0x82,
0xd3,0xa2,0xdb,0x82,0xd3,0xa2,0xdb,0x82,0xd3,0xa2,0xdb,0x82,0xd3,0xa2,0xdb,0x81,
0xd3,0xa2,0xdb,0x81,0xd3,0xa2,0xdb,0x81,0xd3,0x82,0xdb,0x61,0xd3,0x82,0xdb,0x61,
0xd3,0x82,0xdb,0x82,0xd3,0x82,0xdb,0x82,0xd3,0x82,0xdb,0x81,0xd3,0x82,0xd3,0x61,
0xd3,0x82,0xd3,0x61,0xd3,0x82,0xd3,0x61,0xd3,0x82,0xd3,0x61,0xd3,0x82,0xd3,0x61,
0xd3,0x62,0xd3,0x61,0xd3,0x62,0xd3,0x61,0xd3,0x62,0xd3,0x41,0xc2,0xe1,0xca,0xc1,
0xc2,0xc1,0xca,0xc1,0xc2,0xc1,0xca,0xc1,0xc2,0xc1,0xca,0xc1,0xc2,0xc1,0xc2,0xc1,
0xc2,0xc1,0xc2,0xc1,0xc2,0xc1,0xc2,0xc1,0xc2,0xc1,0xc2,0xc1,0xc2,0xc1,0xc2,0xc1,
0xc2,0xc1,0xc2,0xa1,0xba,0xc1,0xc2,0xc1,0xc2,0xc1,0xc2,0xc1,0xba,0xc1,0xd3,0x43,
0xda,0xe1,0xd3,0x02,0xdb,0x01,0xd3,0x02,0xdb,0x01,0xd3,0x02,0xdb,0x01,0xd3,0x02,
0xdb,0x01,0xd3,0x02,0xdb,0x01,0xd3,0x02,0xd2,0xe1,0xd3,0x02,0xd2,0xe1,0xd3,0x02,
0xd3,0x01,0xd3,0x02,0xd3,0x01,0xd3,0x02,0xd3,0x01,0xd3,0x02,0xd3,0x01,0xd3,0x02,
0xd3,0x01,0xd3,0x02,0xd3,0x01,0xcb,0x02,0xd2,0xe1,0xcb,0x02,0xd2,0xe1,0xcb,0x02,
0xd2,0xe1,0xcb,0x02,0xd2,0xe1,0xcb,0x02,0xd2,0xe1,0xcb,0x02,0xd2,0xe1,0xcb,0x02,
0xd2,0xe1,0xcb,0x02,0xd2,0xe1,0xcb,0x02,0xd2,0xe1,0xcb,0x02,0xd2,0xe1,0xcb,0x02,
0xd2,0xe1,0xcb,0x02,0xd2,0xe1,0xca,0xe1,0xd2,0xe1,0xca,0xe1,0xd2,0xe1,0xca,0xe1,
0xd2,0xe1,0xca,0xe1,0xca,0xe0,0xd3,0x42,0xdb,0xa1,0xdb,0xa2,0xdb,0xa1,0xdb,0xa2,
0xdb,0xa1,0xdb,0xa2,0xdb,0xa1,0xdb,0xa2,0xdb,0xa1,0xdb,0xa2,0xdb,0x81,0xd3,0xa2,
0xdb,0x81,0xd3,0xa2,0xdb,0x81,0xd3,0xa2,0xdb,0x81,0xd3,0x82,0xdb,0x81,0xd3,0x82,
0xdb,0x81,0xd3,0x82,0xdb,0x81,0xd3,0x81,0xdb,0x81,0xd3,0x81,0xdb,0x81,0xd3,0x82,
0xdb,0x61,0xd3,0x82,0xdb,0x61,0xd3,0x82,0xdb,0x61,0xd3,0x82,0xd3,0x61,0xd3,0x81,
0xd3,0x61,0xd3,0x81,0xd3,0x61,0xd3,0x61,0xd3,0x21,0xc2,0xe1,0xca,0xc1,0xc2,0xc1,
0xca,0xc1,0xc2,0xc1,0xca,0xc1,0xc2,0xc1,0xca,0xc1,0xc2,0xe1,0xca,0xc0,0xc2,0xc1,
0xc2,0xc0,0xc2,0xc1,0xc2,0xc0,0xc2,0xc1,0xc2,0xc0,0xc2,0xc1,0xc2,0xc0,0xc2,0xc1,
0xca,0xa0,0xc2,0xc1,0xc2,0xc0,0xc2,0xc1,0xc2,0xc0,0xc2,0xc1,0xc2,0xc0,0xd3,0x63,
0xd3,0x02,0xd2,0xe1,0xd3,0x02,0xd2,0xe1,0xd3,0x02,0xd2,0xe1,0xd3,0x02,0xd2,0xe1,
0xd3,0x02,0xd2,0xe1,0xd3,0x02,0xd2,0xe1,0xd3,0x02,0xd2,0xe1,0xd3,0x02,0xd2,0xe2,
0xd3,0x02,0xd2,0xe1,0xcb,0x02,0xd2,0xe1,0xcb,0x02,0xd2,0xe1,0xcb,0x02,0xd2,0xe2,
0xcb,0x02,0xd2,0xe2,0xcb,0x02,0xd2,0xe1,0xcb,0x02,0xd2,0xe1,0xcb,0x02,0xd2,0xe1,
0xcb,0x02,0xd2,0xe1,0xcb,0x02,0xd2,0xe1,0xcb,0x02,0xd2,0xe1,0xcb,0x02,0xd2,0xe1,
0xcb,0x02,0xd2,0xe1,0xca,0xe2,0xd2,0xe1,0xca,0xe2,0xd2,0xe1,0xca,0xe2,0xd2,0xe1,
0xca,0xe2,0xca,0xc1,0xca,0xe2,0xca,0xc1,0xca,0xe2,0xca,0xc1,0xca,0xe2,0xca,0xc1,
0xca,0xe2,0xca,0xc1,0xcb,0x42,0xdb,0x82,0xd3,0xa2,0xdb,0xa1,0xd3,0xa2,0xdb,0xa2,
0xd3,0xa2,0xdb,0xa1,0xd3,0xa2,0xdb,0xa1,0xd3,0xa2,0xdb,0x82,0xd3,0xa2,0xdb,0x81,
0xd3,0xa2,0xdb,0x81,0xd3,0xa2,0xdb,0x81,0xd3,0x82,0xdb,0x62,0xd3,0x82,0xdb,0x61,
0xd3,0x82,0xdb,0x61,0xd3,0x82,0xd3,0x61,0xd3,0x82,0xd3,0x61,0xd3,0x82,0xd3,0x61,
0xd3,0x82,0xd3,0x61,0xd3,0x82,0xd3,0x61,0xd3,0x82,0xd3,0x61,0xd3,0x62,0xd3,0x61,
0xd3,0x62,0xd3,0x61,0xcb,0x62,0xcb,0x21,0xc2,0xc2,0xca,0xc1,0xc2,0xc1,0xc2,0xa1,
0xc2,0xc1,0xca,0xc1,0xc2,0xc1,0xca,0xc1,0xc2,0xc1,0xc2,0xc1,0xc2,0xc1,0xc2,0xc1,
0xc2,0xc1,0xc2,0xc1,0xc2,0xc1,0xc2,0xc1,0xc2,0xc1,0xc2,0xc1,0xc2,0xc1,0xc2,0xa1,
0xba,0xc1,0xc2,0xa1,0xba,0xc1,0xc2,0xa1,0xba,0xc1,0xc2,0xa1,0xba,0xc1,0xd3,0x43,
0xdb,0x01,0xd3,0x02,0xdb,0x01,0xd3,0x02,0xdb,0x01,0xd3,0x02,0xdb,0x01,0xd3,0x02,
0xdb,0x01,0xd3,0x02,0xd2,0xe1,0xd3,0x02,0xd2,0xe1,0xd3,0x02,0xd2,0xe1,0xd3,0x02,
0xd2,0xe1,0xd3,0x02,0xd3,0x01,0xd3,0x02,0xd3,0x01,0xd3,0x02,0xd3,0x01,0xd3,0x02,
0xd3,0x01,0xcb,0x02,0xd2,0xe1,0xcb,0x02,0xd2,0xe1,0xcb,0x02,0xd2,0xe1,0xcb,0x02,
0xd2,0xe1,0xcb,0x02,0xd2,0xe1,0xcb,0x02,0xd2,0xe1,0xcb,0x02,0xd2,0xe1,0xcb,0x02,
0xd2,0xe1,0xcb,0x02,0xd2,0xe1,0xcb,0x02,0xd2,0xe1,0xcb,0x02,0xd2,0xe1,0xcb,0x02,
0xd2,0xe1,0xca,0xe1,0xd2,0xe1,0xca,0xe1,0xd2,0xe1,0xca,0xe1,0xd2,0xe1,0xca,0xe1,
0xd2,0xe1,0xd3,0x22,0xdb,0xa1,0xdb,0xa2,0xdb,0xa1,0xdb,0xa2,0xdb,0xa1,0xdb,0xa2,
0xdb,0xa1,0xdb,0xa2,0xdb,0xa1,0xdb,0xa2,0xdb,0xa1,0xdb,0xa2,0xdb,0xa1,0xd3,0xa2,
0xdb,0x81,0xd3,0xa2,0xdb,0x81,0xd3,0xa2,0xdb,0x81,0xd3,0x82,0xdb,0x81,0xd3,0x82,
0xdb,0x81,0xd3,0x81,0xdb,0x61,0xd3,0x81,0xdb,0x61,0xd3,0x81,0xdb,0x81,0xd3,0x82,
0xdb,0x81,0xd3,0x82,0xdb,0x61,0xd3,0x82,0xdb,0x61,0xd3,0x82,0xd3,0x61,0xd3,0x81,
0xd3,0x61,0xd3,0x61,0xd3,0x21,0xc2,0xe1,0xca,0xc1,0xc2,0xc1,0xca,0xc0,0xc2,0xc1,
0xca,0xc0,0xc2,0xc1,0xca,0xc1,0xc2,0xe1,0xca,0xc1,0xc2,0xe1,0xc2,0xc0,0xc2,0xc1,
0xc2,0xc0,0xc2,0xc1,0xc2,0xc0,0xc2,0xc1,0xc2,0xc0,0xc2,0xc1,0xc2,0xa1,0xc2,0xc1,
0xc2,0xa1,0xc2,0xc1,0xc2,0xa1,0xc2,0xc1,0xc2,0xa1,0xc2,0xc1,0xc2,0xc0,0xd3,0x63,
0xd3,0x02,0xd2,0xe1,0xd3,0x02,0xd2,0xe1,0xd3,0x02,0xd2,0xe1,0xd3,0x02,0xd2,0xe2,
0xd3,0x02,0xd2,0xe1,0xd3,0x02,0xd2,0xe1,0xd3,0x02,0xd2,0xe2,0xd3,0x02,0xd2,0xe2,
0xd3,0x02,0xd2,0xe2,0xcb,0x02,0xd2,0xe2,0xcb,0x02,0xd2,0xe2,0xcb,0x02,0xd2,0xe2,
0xcb,0x02,0xd2,0xe1,0xcb,0x02,0xd2,0xe1,0xcb,0x02,0xd2,0xe1,0xcb,0x02,0xd2,0xe1,
0xcb,0x02,0xd2,0xe1,0xcb,0x02,0xd2,0xe1,0xcb,0x02,0xd2,0xe1,0xca,0xe2,0xd2,0xe1,
0xca,0xe2,0xd2,0xe1,0xca,0xe2,0xd2,0xe1,0xca,0xe2,0xd2,0xe1,0xca,0xe2,0xca,0xc1,
0xca,0xe2,0xca,0xc1,0xca,0xe2,0xca,0xc1,0xca,0xe2,0xca,0xc1,0xca,0xe2,0xca,0xc1,
0xcb,0x42,0xdb,0x82,0xdb,0xa2,0xdb,0x82,0xdb,0xa2,0xdb,0x82,0xd3,0xa2,0xdb,0xa1,
0xd3,0xa2,0xdb,0xa1,0xd3,0xa2,0xdb,0x82,0xd3,0xa2,0xdb,0x82,0xd3,0xa2,0xdb,0x81,
0xd3,0xa2,0xdb,0x81,0xd3,0x82,0xdb,0x82,0xd3,0x82,0xdb,0x82,0xd3,0x82,0xdb,0x62,
0xd3,0x82,0xd3,0x61,0xd3,0x82,0xdb,0x61,0xd3,0x82,0xdb,0x61,0xd3,0x82,0xd3,0x61,
0xd3,0x82,0xd3,0x61,0xd3,0x82,0xd3,0x61,0xd3,0x82,0xd3,0x61,0xd3,0x82,0xd3,0x61,
0xd3,0x62,0xcb,0x21,0xc2,0xc2,0xca,0xc1,0xc2,0xc1,0xc2,0xa1,0xc2,0xc1,0xc2,0xa1,
0xc2,0xc1,0xc2,0xa1,0xc2,0xc1,0xc2,0xc1,0xc2,0xc2,0xc2,0xa1,0xc2,0xc2,0xc2,0xa1,
0xc2,0xc1,0xc2,0xc1,0xc2,0xc1,0xc2,0xc1,0xc2,0xc1,0xc2,0xa1,0xba,0xc1,0xc2,0xa1,
0xba,0xc1,0xc2,0xa1,0xba,0xc1,0xc2,0xa1,0xba,0xc1,0xc2,0xa1,0xba,0xc1,0xd3,0x43,
0xdb,0x01,0xd3,0x02,0xdb,0x01,0xd3,0x02,0xdb,0x01,0xd3,0x02,0xdb,0x01,0xd3,0x02,
0xd2,0xe1,0xd3,0x02,0xd2,0xe1,0xd3,0x02,0xd2,0xe1,0xd3,0x02,0xd2,0xe1,0xd3,0x02,
0xd3,0x01,0xd3,0x02,0xd2,0xe1,0xd3,0x02,0xd3,0x01,0xd3,0x02,0xd3,0x01,0xcb,0x02,
0xd2,0xe1,0xcb,0x02,0xd2,0xe1,0xcb,0x02,0xd2,0xe1,0xcb,0x02,0xd2,0xe1,0xcb,0x02,
0xd2,0xe1,0xcb,0x02,0xd2,0xe1,0xcb,0x02,0xd2,0xe1,0xcb,0x02,0xd2,0xe1,0xcb,0x02,
0xd2,0xe1,0xcb,0x02,0xd2,0xe1,0xcb,0x02,0xd2,0xe1,0xcb,0x02,0xd2,0xe1,0xca,0xe1,
0xd2,0xe1,0xca,0xe1,0xd2,0xe1,0xca,0xe1,0xd2,0xe1,0xca,0xe1,0xd2,0xe0,0xd3,0x42,
0xdb,0xa1,0xdb,0xa2,0xdb,0xa1,0xdb,0xa2,0xdb,0xa1,0xdb,0xa2,0xdb,0xa1,0xdb,0xc2,
0xdb,0xa1,0xdb,0xc2,0xdb,0xa1,0xdb,0xa2,0xdb,0xa1,0xdb,0xa2,0xdb,0x81,0xd3,0xa2,
0xdb,0x81,0xd3,0xa2,0xdb,0x81,0xd3,0xa2,0xdb,0x81,0xd3,0xa2,0xdb,0x81,0xd3,0x81,
0xdb,0x81,0xd3,0x81,0xdb,0x61,0xd3,0x81,0xdb,0x81,0xd3,0x82,0xdb,0x81,0xd3,0x81,
0xdb,0x81,0xd3,0x82,0xdb,0x61,0xd3,0x82,0xdb,0x61,0xd3,0x82,0xdb,0x61,0xd3,0x82,
0xd3,0x21,0xc2,0xe1,0xca,0xc1,0xc2,0xc1,0xca,0xc0,0xc2,0xc1,0xca,0xc0,0xc2,0xc1,
0xca,0xc0,0xc2,0xc1,0xc2,0xc0,0xc2,0xe1,0xca,0xa1,0xc2,0xc1,0xc2,0xc0,0xc2,0xc1,
0xc2,0xc0,0xc2,0xc1,0xc2,0xc0,0xc2,0xc1,0xc2,0xa1,0xc2,0xc1,0xc2,0xa1,0xc2,0xc1,
0xc2,0xa1,0xc2,0xc1,0xc2,0xa1,0xc2,0xc1,0xc2,0xa1,0xc2,0xc1,0xc2,0xc0,0xd3,0x63,
0xd3,0x02,0xd2,0xe1,0xd3,0x02,0xd2,0xe1,0xd3,0x02,0xd2,0xe2,0xd3,0x02,0xd2,0xe1,
0xd3,0x02,0xd2,0xe1,0xd3,0x02,0xd2,0xe2,0xd3,0x02,0xd2,0xe2,0xd3,0x02,0xd2,0xe2,
0xcb,0x02,0xd2,0xe2,0xca,0xe2,0xd2,0xe1,0xca,0xe2,0xd2,0xe2,0xcb,0x02,0xd2,0xe1,
0xcb,0x02,0xd2,0xe1,0xcb,0x02,0xd2,0xe1,0xcb,0x02,0xd2,0xe1,0xcb,0x02,0xd2,0xe1,
0xcb,0x02,0xd2,0xe1,0xcb,0x02,0xd2,0xe1,0xca,0xe2,0xd2,0xe1,0xca,0xe2,0xd2,0xe1,
0xca,0xe2,0xd2,0xe1,0xca,0xe2,0xd2,0xe1,0xca,0xe2,0xca,0xc1,0xca,0xe2,0xca,0xc1,
0xca,0xe2,0xca,0xc1,0xca,0xe2,0xca,0xc1,0xca,0xe2,0xca,0xc1,0xcb,0x42,0xdb,0x82,
0xdb,0xa2,0xdb,0xa1,0xdb,0xa2,0xdb,0x82,0xdb,0xa2,0xdb,0xa1,0xd3,0xa2,0xdb,0xa1,
0xd3,0xa2,0xdb,0xa1,0xd3,0xa2,0xdb,0x82,0xd3,0xa2,0xdb,0x82,0xd3,0xa2,0xdb,0x81,
0xd3,0xa2,0xdb,0x81,0xd3,0x82,0xdb,0x82,0xd3,0x82,0xdb,0x82,0xd3,0x82,0xdb,0x81,
0xd3,0x82,0xdb,0x61,0xd3,0x82,0xdb,0x61,0xd3,0x82,0xd3,0x61,0xd3,0x82,0xd3,0x61,
0xd3,0x82,0xd3,0x61,0xd3,0x82,0xd3,0x61,0xd3,0x82,0xd3,0x61,0xd3,0x82,0xd3,0x41,
0xc2,0xc2,0xca,0xc1,0xc2,0xc1,0xca,0xc1,0xc2,0xc1,0xc2,0xa1,0xc2,0xc1,0xc2,0xa1,
0xc2,0xc1,0xc2,0xa1,0xc2,0xc2,0xc2,0xa1,0xc2,0xc2,0xc2,0xa1,0xba,0xc1,0xc2,0xc1,
0xc2,0xc1,0xc2,0xc1,0xc2,0xc1,0xc2,0xc1,0xba,0xc1,0xc2,0xa1,0xba,0xc1,0xc2,0xa1,
0xba,0xc1,0xc2,0xa1,0xba,0xc1,0xc2,0xa1,0xba,0xa1,0xc2,0xa1,0xba,0xc1,0xd3,0x43,
0xdb,0x01,0xd3,0x02,0xdb,0x01,0xd3,0x02,0xd2,0xe1,0xd3,0x02,0xd2,0xe1,0xd3,0x02,
0xd2,0xe1,0xd3,0x02,0xd2,0xe1,0xd3,0x02,0xd2,0xe1,0xd3,0x02,0xd3,0x01,0xd3,0x02,
0xd2,0xe1,0xd3,0x02,0xd2,0xe1,0xd3,0x02,0xd2,0xe1,0xd3,0x02,0xd2,0xe1,0xcb,0x02,
0xd2,0xe1,0xcb,0x02,0xd2,0xe1,0xcb,0x02,0xd2,0xe1,0xcb,0x02,0xd2,0xe1,0xcb,0x02,
0xd2,0xe1,0xcb,0x02,0xd2,0xe1,0xcb,0x02,0xd2,0xe1,0xcb,0x02,0xd2,0xe1,0xcb,0x02,
0xd2,0xe1,0xcb,0x02,0xd2,0xe1,0xcb,0x02,0xd2,0xe1,0xca,0xe1,0xd2,0xe1,0xca,0xe1,
0xd2,0xe1,0xca,0xe1,0xd2,0xe1,0xca,0xe1,0xd2,0xe0,0xd3,0x42,0xdb,0xa1,0xdb,0xa2,
0xdb,0xa1,0xdb,0xc2,0xdb,0xa1,0xdb,0xa2,0xdb,0xa1,0xdb,0xa2,0xdb,0xa1,0xdb,0xa2,
0xdb,0xa1,0xdb,0xa2,0xdb,0x81,0xdb,0xa2,0xdb,0xa1,0xdb,0xa2,0xdb,0xa1,0xd3,0xa2,
0xdb,0x81,0xd3,0xa2,0xdb,0x81,0xd3,0xa2,0xdb,0x81,0xd3,0xa2,0xdb,0x81,0xd3,0xa2,
0xdb,0x61,0xd3,0x81,0xdb,0x61,0xd3,0x81,0xdb,0x81,0xd3,0x82,0xdb,0x81,0xd3,0x82,
0xdb,0x61,0xd3,0x82,0xdb,0x61,0xd3,0x82,0xdb,0x61,0xd3,0x81,0xd3,0x21,0xc2,0xe1,
0xca,0xc1,0xc2,0xc1,0xca,0xc1,0xc2,0xc1,0xca,0xc0,0xc2,0xc1,0xca,0xc0,0xc2,0xc1,
0xc2,0xc1,0xc2,0xc1,0xca,0xa1,0xc2,0xc1,0xc2,0xa1,0xc2,0xc1,0xca,0xa0,0xc2,0xc1,
0xc2,0xc0,0xc2,0xc1,0xc2,0xc0,0xc2,0xc1,0xc2,0xa1,0xc2,0xc1,0xc2,0xa1,0xc2,0xc1,
0xc2,0xa1,0xc2,0xc1,0xc2,0xa0,0xc2,0xc1,0xc2,0xa0,0xc2,0xc1,0xc2,0xc0,0xd3,0x63,
0xd3,0x02,0xd2,0xe1,0xd3,0x02,0xd2,0xe1,0xd3,0x02,0xd2,0xe1,0xd3,0x02,0xd2,0xe2,
0xd3,0x02,0xd2,0xe2,0xd3,0x02,0xd2,0xe2,0xd3,0x02,0xd2,0xe2,0xd3,0x02,0xd2,0xe1,
0xca,0xe2,0xd2,0xe1,0xca,0xe2,0xd2,0xe1,0xcb,0x02,0xd2,0xe1,0xcb,0x02,0xd2,0xe1,
0xcb,0x02,0xd2,0xe1,0xcb,0x02,0xd2,0xe1,0xcb,0x02,0xd2,0xe1,0xcb,0x02,0xd2,0xe1,
0xcb,0x02,0xd2,0xe1,0xca,0xe2,0xd2,0xe1,0xca,0xe2,0xd2,0xe1,0xca,0xe2,0xd2,0xe1,
0xca,0xe2,0xca,0xe1,0xca,0xe2,0xca,0xc1,0xca,0xe2,0xca,0xc1,0xca,0xe2,0xca,0xc1,
0xca,0xe2,0xca,0xc1,0xca,0xe2,0xca,0xc1,0xcb,0x42,0xdb,0x82,0xd3,0xa2,0xdb,0xa1,
0xd3,0xa2,0xdb,0xa1,0xd3,0xa2,0xdb,0xa1,0xd3,0xa2,0xdb,0xa1,0xd3,0xa2,0xdb,0x82,
0xd3,0x82,0xdb,0x82,0xd3,0xa2,0xdb,0x82,0xd3,0xa2,0xdb,0x82,0xd3,0xa2,0xdb,0x81,
0xd3,0xa2,0xdb,0x81,0xd3,0x82,0xdb,0x82,0xd3,0x82,0xdb,0x81,0xd3,0x82,0xdb,0x81,
0xd3,0x82,0xdb,0x61,0xd3,0x82,0xd3,0x61,0xd3,0x82,0xd3,0x61,0xd3,0x82,0xd3,0x61,
0xd3,0x82,0xd3,0x61,0xd3,0x62,0xd3,0x61,0xd3,0x82,0xcb,0x21,0xc2,0xc2,0xca,0xc1,
0xc2,0xc1,0xca,0xc1,0xc2,0xc1,0xc2,0xa1,0xc2,0xc1,0xc2,0xa1,0xc2,0xc1,0xc2,0xc1,
0xc2,0xc2,0xc2,0xa1,0xc2,0xc2,0xc2,0xa1,0xba,0xc1,0xc2,0xa1,0xc2,0xc1,0xc2,0xa1,
0xba,0xc1,0xc2,0xc1,0xba,0xc1,0xc2,0xa1,0xba,0xc1,0xc2,0xa1,0xba,0xc1,0xc2,0xa1,
0xba,0xc1,0xc2,0xa1,0xba,0xa1,0xc2,0xa1,0xba,0xa1,0xc2,0xa1,0xba,0xc1,0xd3,0x43,
0xdb,0x01,0xd3,0x02,0xdb,0x01,0xd3,0x02,0xd2,0xe1,0xd3,0x02,0xd2,0xe1,0xd3,0x02,
0xd2,0xe1,0xd3,0x02,0xd2,0xe1,0xd3,0x02,0xd3,0x01,0xd3,0x02,0xd2,0xe1,0xd3,0x02,
0xd2,0xe1,0xd3,0x02,0xd2,0xe1,0xd3,0x02,0xd2,0xe1,0xcb,0x02,0xd2,0xe1,0xd2,0xe2,
0xd2,0xe1,0xcb,0x02,0xd2,0xe1,0xcb,0x02,0xd2,0xe1,0xcb,0x02,0xd2,0xe1,0xcb,0x02,
0xd2,0xe1,0xcb,0x02,0xd2,0xe1,0xcb,0x02,0xd2,0xe1,0xcb,0x02,0xd2,0xe1,0xcb,0x02,
0xd2,0xe1,0xcb,0x02,0xd2,0xe1,0xca,0xe1,0xd2,0xe1,0xca,0xe1,0xd2,0xe1,0xca,0xe1,
0xd2,0xe1,0xca,0xe1,0xca,0xe0,0xd3,0x62,0xdb,0xa1,0xdb,0xc2,0xdb,0xa1,0xdb,0xc2,
0xdb,0xa1,0xdb,0xc2,0xdb,0xa1,0xdb,0xc2,0xdb,0xa1,0xdb,0xa2,0xdb,0x81,0xdb,0xa2,
0xdb,0x81,0xdb,0xa2,0xdb,0xa1,0xdb,0xa2,0xdb,0xa1,0xdb,0xa2,0xdb,0xa1,0xd3,0xa2,
0xdb,0x81,0xd3,0xa2,0xdb,0x81,0xd3,0xa2,0xdb,0x81,0xd3,0xa2,0xdb,0x81,0xd3,0xa2,
0xdb,0x61,0xd3,0x82,0xdb,0x81,0xd3,0x82,0xdb,0x81,0xd3,0x82,0xdb,0x81,0xd3,0x82,
0xdb,0x61,0xd3,0x81,0xd3,0x61,0xd3,0x81,0xd3,0x21,0xc2,0xe1,0xca,0xc1,0xc2,0xc1,
0xca,0xc1,0xc2,0xc1,0xca,0xc0,0xc2,0xc1,0xca,0xc0,0xc2,0xc1,0xc2,0xc0,0xc2,0xc1,
0xc2,0xc1,0xc2,0xc1,0xc2,0xc1,0xc2,0xc1,0xc2,0xa1,0xc2,0xc1,0xc2,0xc0,0xc2,0xc1,
0xc2,0xa1,0xc2,0xc1,0xca,0xa1,0xc2,0xc1,0xc2,0xa1,0xc2,0xc1,0xc2,0xa1,0xc2,0xc1,
0xc2,0xa1,0xc2,0xc1,0xc2,0xa0,0xc2,0xc1,0xc2,0xa0,0xc2,0xc1,0xc2,0xa0,0xd3,0x43,
0xd3,0x02,0xd2,0xe1,0xd3,0x02,0xd2,0xe1,0xd3,0x02,0xd2,0xe2,0xd3,0x02,0xd2,0xe2,
0xd3,0x02,0xd2,0xe2,0xcb,0x02,0xd2,0xe2,0xd3,0x02,0xd2,0xe1,0xca,0xe2,0xd2,0xe1,
0xca,0xe2,0xd2,0xe1,0xcb,0x02,0xd2,0xe1,0xcb,0x02,0xd2,0xe1,0xca,0xe2,0xd2,0xc1,
0xca,0xe2,0xd2,0xe1,0xcb,0x02,0xd2,0xe1,0xcb,0x02,0xd2,0xe1,0xca,0xe2,0xd2,0xe1,
0xca,0xe2,0xd2,0xe1,0xca,0xe2,0xd2,0xe1,0xca,0xe2,0xd2,0xe1,0xca,0xe2,0xca,0xe1,
0xca,0xe2,0xca,0xc1,0xca,0xe2,0xca,0xc1,0xca,0xe2,0xca,0xc1,0xca,0xe2,0xca,0xc1,
0xca,0xe2,0xca,0xc1,0xd3,0x62,0xdb,0x82,0xd3,0xa2,0xdb,0xa1,0xd3,0xa2,0xdb,0xa1,
0xd3,0xa2,0xdb,0xa1,0xd3,0xa2,0xdb,0xa1,0xd3,0xa2,0xdb,0xa1,0xd3,0xa2,0xdb,0x82,
0xd3,0xa2,0xdb,0x81,0xd3,0xa2,0xdb,0x81,0xd3,0xa2,0xdb,0x81,0xd3,0xa2,0xdb,0x81,
0xd3,0xa2,0xdb,0x81,0xd3,0x82,0xdb,0x81,0xd3,0x82,0xdb,0x81,0xd3,0x82,0xd3,0x61,
0xd3,0x82,0xd3,0x61,0xd3,0x82,0xd3,0x61,0xd3,0x82,0xd3,0x61,0xd3,0x82,0xd3,0x61,
0xd3,0x62,0xd3,0x61,0xd3,0x62,0xcb,0x21,0xc2,0xc1,0xca,0xc1,0xc2,0xc1,0xca,0xc1,
0xc2,0xc1,0xc2,0xa1,0xc2,0xc1,0xc2,0xa1,0xc2,0xc1,0xc2,0xa1,0xc2,0xc2,0xc2,0xa1,
0xc2,0xc2,0xc2,0xa1,0xba,0xc1,0xc2,0xa1,0xba,0xc1,0xc2,0xa1,0xba,0xc1,0xc2,0xa1,
0xba,0xc1,0xc2,0xa1,0xba,0xc1,0xc2,0xa1,0xba,0xa1,0xc2,0xa1,0xba,0xa1,0xc2,0xa1,
0xba,0xa1,0xc2,0xa1,0xba,0xa1,0xc2,0xa1,0xba,0xc1,0xba,0x80,0xba,0xa1,0xd3,0x23,
0xd2,0xe1,0xd3,0x02,0xd2,0xe1,0xd3,0x02,0xd2,0xe1,0xd3,0x02,0xd2,0xe1,0xd3,0x02,
0xd2,0xe1,0xd3,0x02,0xd2,0xe1,0xd3,0x02,0xd2,0xe1,0xd3,0x02,0xd2,0xe1,0xd3,0x02,
0xd2,0xe1,0xcb,0x02,0xd2,0xe1,0xcb,0x02,0xd2,0xe1,0xd2,0xe2,0xd2,0xe1,0xcb,0x02,
0xd2,0xe1,0xcb,0x02,0xd2,0xe1,0xcb,0x02,0xd2,0xe1,0xcb,0x02,0xd2,0xe1,0xcb,0x02,
0xd2,0xe1,0xcb,0x02,0xd2,0xe1,0xcb,0x02,0xd2,0xe1,0xcb,0x02,0xd2,0xe1,0xcb,0x02,
0xd2,0xe1,0xca,0xe1,0xd2,0xe1,0xca,0xe1,0xd2,0xe1,0xca,0xe1,0xca,0xc1,0xca,0xe2,
0xd2,0xe0,0xd3,0x42,0xdb,0xa1,0xdb,0xc2,0xdb,0xa1,0xdb,0xc2,0xdb,0xa1,0xdb,0xc2,
0xdb,0xa1,0xdb,0xc2,0xdb,0xa1,0xdb,0xc2,0xdb,0xa1,0xdb,0xa2,0xdb,0x81,0xdb,0xa2,
0xdb,0xa1,0xdb,0xa2,0xdb,0x81,0xd3,0xa2,0xdb,0x81,0xd3,0xa2,0xdb,0x81,0xd3,0xa2,
0xdb,0x81,0xd3,0xa2,0xdb,0x81,0xd3,0xa2,0xdb,0x81,0xd3,0x81,0xdb,0x81,0xd3,0x82,
0xdb,0x81,0xd3,0x82,0xdb,0x81,0xd3,0x82,0xdb,0x81,0xd3,0x82,0xdb,0x61,0xd3,0x61,
0xd3,0x61,0xd3,0x82,0xd3,0x21,0xc2,0xc1,0xca,0xc1,0xc2,0xc1,0xca,0xc1,0xc2,0xc1,
0xca,0xc0,0xc2,0xc1,0xca,0xc0,0xc2,0xc1,0xca,0xc0,0xc2,0xc1,0xc2,0xc1,0xc2,0xc1,
0xc2,0xc1,0xc2,0xc1,0xc2,0xa1,0xc2,0xc1,0xca,0xa0,0xc2,0xc1,0xc2,0xa1,0xc2,0xc1,
0xc2,0xa1,0xc2,0xc1,0xc2,0xa1,0xc2,0xc1,0xc2,0xa0,0xc2,0xc1,0xc2,0xa0,0xc2,0xc1,
0xc2,0xa0,0xc2,0xc1,0xc2,0xa0,0xba,0xa1,0xc2,0x80,0xba,0xa1,0xc2,0x80,0xd3,0x43,
0xd3,0x02,0xd2,0xe2,0xd3,0x02,0xd2,0xe2,0xd3,0x02,0xd2,0xe2,0xd3,0x02,0xd2,0xe2,
0xcb,0x02,0xd2,0xe2,0xca,0xe2,0xd2,0xe1,0xca,0xe2,0xd2,0xe1,0xca,0xe2,0xd2,0xe1,
0xcb,0x02,0xd2,0xe1,0xca,0xe2,0xd2,0xc1,0xca,0xe2,0xd2,0xc1,0xca,0xe2,0xd2,0xe1,
0xca,0xe2,0xd2,0xe1,0xca,0xe2,0xd2,0xe1,0xcb,0x02,0xd2,0xe1,0xca,0xe2,0xd2,0xe1,
0xca,0xe2,0xd2,0xe1,0xca,0xe2,0xd2,0xe1,0xca,0xe2,0xca,0xe1,0xca,0xe2,0xca,0xc1,
0xca,0xe2,0xca,0xc1,0xca,0xe2,0xca,0xc1,0xca,0xe2,0xca,0xc1,0xca,0xe2,0xca,0xc1,
0xcb,0x61,0xdb,0xa2,0xdb,0xc2,0xdb,0xa1,0xdb,0xa2,0xdb,0xa1,0xd3,0xa2,0xdb,0xa1,
0xd3,0xa2,0xdb,0xa1,0xd3,0xa2,0xdb,0xa1,0xd3,0xa2,0xdb,0x82,0xd3,0xa2,0xdb,0x82,
0xd3,0xa2,0xdb,0x82,0xd3,0xa2,0xdb,0x81,0xd3,0x82,0xdb,0x61,0xd3,0xa2,0xdb,0x81,
0xd3,0xa2,0xdb,0x81,0xd3,0x82,0xdb,0x81,0xd3,0x82,0xd3,0x61,0xd3,0x82,0xd3,0x61,
0xd3,0x82,0xd3,0x61,0xd3,0x82,0xd3,0x61,0xd3,0x82,0xd3,0x61,0xd3,0x82,0xd3,0x61,
0xd3,0x62,0xd3,0x21,0xc2,0xc2,0xca,0xc1,0xc2,0xc1,0xc2,0xa1,0xc2,0xc1,0xca,0xc1,
0xc2,0xc1,0xc2,0xa1,0xc2,0xc1,0xc2,0xa1,0xc2,0xc1,0xc2,0xc1,0xc2,0xc2,0xc2,0xa1,
0xc2,0xc2,0xc2,0xa1,0xba,0xc1,0xc2,0xa1,0xba,0xc1,0xc2,0xa1,0xba,0xc1,0xc2,0xa1,
0xba,0xa1,0xc2,0xa1,0xba,0xa1,0xc2,0xa1,0xba,0xa1,0xc2,0xa1,0xba,0xa1,0xc2,0xa1,
0xba,0xa1,0xc2,0xa1,0xba,0xa1,0xc2,0x81,0xba,0x81,0xba,0x80,0xba,0xa1,0xd3,0x23,
0xd2,0xe1,0xd3,0x02,0xd2,0xe1,0xd3,0x02,0xd2,0xe1,0xd3,0x02,0xd2,0xe1,0xd3,0x02,
0xd2,0xe1,0xd3,0x02,0xd2,0xe1,0xd3,0x02,0xd2,0xe1,0xd3,0x02,0xd2,0xe1,0xcb,0x02,
0xd2,0xe1,0xcb,0x02,0xd2,0xe1,0xd2,0xe2,0xd2,0xe1,0xd2,0xe2,0xd2,0xe1,0xcb,0x02,
0xd2,0xe1,0xcb,0x02,0xd2,0xe1,0xcb,0x02,0xd2,0xe1,0xcb,0x02,0xd2,0xe1,0xcb,0x02,
0xd2,0xe1,0xcb,0x02,0xd2,0xe1,0xcb,0x02,0xd2,0xe1,0xcb,0x02,0xd2,0xe1,0xca,0xe1,
0xd2,0xe1,0xca,0xe1,0xd2,0xe1,0xca,0xe1,0xd2,0xe1,0xca,0xe1,0xca,0xe1,0xd3,0x42,
0xdb,0xa1,0xdb,0xc2,0xdb,0xa1,0xdb,0xc2,0xdb,0xa1,0xdb,0xa2,0xdb,0xa1,0xdb,0xc2,
0xdb,0xa1,0xdb,0xc2,0xdb,0xa1,0xdb,0xa2,0xdb,0x81,0xdb,0xa2,0xdb,0x81,0xdb,0xa2,
0xdb,0xa1,0xdb,0xa2,0xdb,0xa1,0xd3,0xa2,0xdb,0x81,0xd3,0x82,0xdb,0x81,0xd3,0xa2,
0xdb,0x81,0xd3,0xa2,0xdb,0x81,0xd3,0xa2,0xdb,0x81,0xd3,0x81,0xdb,0x81,0xd3,0x82,
0xdb,0x81,0xd3,0x82,0xdb,0x81,0xd3,0x82,0xdb,0x61,0xd3,0x82,0xdb,0x61,0xd3,0x82,
0xd3,0x21,0xc2,0xe1,0xca,0xc1,0xc2,0xc1,0xca,0xc1,0xc2,0xc1,0xca,0xa1,0xc2,0xc1,
0xca,0xc0,0xc2,0xc1,0xca,0xc0,0xc2,0xc1,0xc2,0xc1,0xc2,0xc1,0xca,0xa1,0xc2,0xc1,
0xc2,0xa1,0xc2,0xc1,0xc2,0xa1,0xc2,0xc1,0xc2,0xa1,0xc2,0xc1,0xc2,0xa1,0xc2,0xc1,
0xc2,0xa0,0xc2,0xc1,0xc2,0xa0,0xc2,0xc1,0xc2,0xa1,0xc2,0xc1,0xc2,0xa0,0xc2,0xc1,
0xc2,0xa0,0xc2,0xc1,0xc2,0x80,0xba,0xa1,0xc2,0x80,0xba,0xa1,0xc2,0x80,0xcb,0x43,
0xd3,0x02,0xd2,0xe2,0xd3,0x02,0xd2,0xe2,0xd3,0x02,0xd2,0xe2,0xd3,0x02,0xd2,0xe1,
0xca,0xe2,0xd2,0xe1,0xca,0xe2,0xd2,0xe1,0xcb,0x02,0xd2,0xe1,0xcb,0x02,0xd2,0xe1,
0xca,0xe2,0xd2,0xc1,0xca,0xe2,0xd2,0xc1,0xca,0xe2,0xd2,0xe1,0xca,0xe2,0xd2,0xe1,
0xca,0xe2,0xd2,0xe1,0xca,0xe2,0xd2,0xe1,0xca,0xe2,0xca,0xc1,0xca,0xe2,0xd2,0xe1,
0xca,0xe2,0xca,0xe1,0xca,0xe2,0xca,0xe1,0xca,0xe2,0xca,0xc1,0xca,0xe2,0xca,0xc1,
0xca,0xe2,0xca,0xc1,0xca,0xe2,0xca,0xc1,0xca,0xe2,0xca,0xc1,0xcb,0x61,0xdb,0xa2,
0xdb,0xc2,0xdb,0xa2,0xdb,0xc2,0xdb,0xa2,0xdb,0xc2,0xdb,0xa1,0xd3,0xa2,0xdb,0xa1,
0xd3,0xa2,0xdb,0xa1,0xdb,0xa2,0xdb,0xa1,0xd3,0xa2,0xdb,0x82,0xd3,0xa2,0xdb,0x82,
0xd3,0xa2,0xdb,0x81,0xd3,0xa2,0xdb,0x81,0xd3,0xa2,0xdb,0x81,0xd3,0x82,0xdb,0x81,
0xd3,0xa2,0xdb,0x81,0xd3,0x82,0xdb,0x81,0xd3,0x82,0xd3,0x61,0xd3,0x82,0xd3,0x61,
0xd3,0x82,0xd3,0x61,0xd3,0x82,0xd3,0x61,0xd3,0x82,0xd3,0x61,0xd3,0x62,0xcb,0x21,
0xc2,0xc1,0xc2,0xa1,0xc2,0xc1,0xca,0xc1,0xc2,0xc2,0xc2,0xa1,0xc2,0xc2,0xc2,0xa1,
0xc2,0xc2,0xc2,0xa1,0xc2,0xc1,0xc2,0xa1,0xc2,0xc2,0xc2,0xa1,0xc2,0xc2,0xc2,0xa1,
0xba,0xc1,0xc2,0xa1,0xba,0xc1,0xc2,0xa1,0xba,0xc1,0xc2,0xa1,0xba,0xa1,0xc2,0xa1,
0xba,0xc1,0xc2,0xa1,0xba,0xa1,0xc2,0xa1,0xba,0xa1,0xc2,0xa1,0xba,0xa1,0xc2,0xa1,
0xba,0xa1,0xba,0x80,0xba,0x81,0xba,0x80,0xba,0xa1,0xba,0x80,0xba,0xa1,0xd3,0x23
};




//@function nemadc_MIPI_out
//@brief send command or data to MIPI Interface
//@param int cmd desc: command
//@return void desc:void
//-----------------------------------------------------------------------
void nemadc_MIPI_out(struct nemadc_hw_device *hwdev,int cmd)
{
    while (nemadc_hw_read(hwdev,NEMA_REG_STATUS) & 0x800) { } //make sure command is idle
    
    nemadc_hw_write(hwdev, cmd, NEMA_REG_DBIB_CMD);
}

//-----------------------------------------------------------------------
//@function nemadc_MIPI_CFG_out
//@brief send command or data to MIPI Interface
//@param int cfg desc: configuration mode
//@return void desc:void
//-----------------------------------------------------------------------
void nemadc_MIPI_CFG_out(struct nemadc_hw_device *hwdev,int cfg)
{
    while (nemadc_hw_read(hwdev,NEMA_REG_STATUS) & 0x800) { } //make sure command is idle

    nemadc_hw_write(hwdev, cfg, NEMA_REG_DBIB_CFG);
}

//@function nemadc_MIPI_in
//@brief read data from MIPI Interface
//@param void desc:void
//@return void desc:void
//-----------------------------------------------------------------------
int nemadc_MIPI_in(struct nemadc_hw_device *hwdev)
{
    while (nemadc_hw_read(hwdev,NEMA_REG_STATUS) & 0x1c00);

    return nemadc_hw_read(hwdev,NEMA_REG_DBIB_RDAT);
}

//@function nemadc_MIPI_updateregion
//@brief Does Partial Update in MIPI
//@param int start_x desc: start x coordinate
//@param int start_y desc: start y coordinate
//@param int end_x   desc: end x coordinate
//@param int end_y   desc: end y coordinate
//@param int mode    desc: mode of operation
//@return void desc:void
//-----------------------------------------------------------------------
int nemadc_MIPI_updateregion(struct nemadc_hw_device *hwdev,
                             int start_x, int start_y,
                             int end_x,   int end_y,
                             int mode)
{
    nemadc_hw_write(hwdev, (start_x << 16) | (start_y & 0xffff), NEMA_REG_STARTXY);
    /*nemadc_timing(end_x, 0, 10, 0, end_y, 0, 10, 0);*/
    nemadc_hw_write(hwdev, mode, NEMA_REG_MODE);
    return 1;
}
//-----------------------------------------------------------------------


void
nemadc_MIPI_enable(struct nemadc_hw_device *hwdev)
{
    nemadc_MIPI_out(hwdev,MIPI_DBIB_CMD | MIPI_exit_sleep_mode);
    nemadc_MIPI_out(hwdev,MIPI_DBIB_CMD | MIPI_set_display_on);
}

void
nemadc_MIPI_disable(struct nemadc_hw_device *hwdev)
{
    nemadc_MIPI_out(hwdev,MIPI_DBIB_CMD | MIPI_set_display_off);
    nemadc_MIPI_out(hwdev,MIPI_DBIB_CMD | MIPI_enter_sleep_mode);
}

void
nemadc_MIPI_set_mode(struct nemadc_hw_device *hwdev,int mode)
{
    nemadc_MIPI_out(hwdev,MIPI_DBIB_CMD | MIPI_set_pixel_format);
    nemadc_MIPI_out(hwdev,mode);
}

void
nemadc_MIPI_set_position(struct nemadc_hw_device *hwdev,int minx, int miny, int maxx, int maxy)
{
    nemadc_MIPI_out(hwdev,MIPI_DBIB_CMD | MIPI_set_column_address);
    nemadc_MIPI_out(hwdev,/*MIPI_DBIB_CMD |*/ minx >> 8);
    nemadc_MIPI_out(hwdev,/*MIPI_DBIB_CMD |*/ minx & 0xFF);
    nemadc_MIPI_out(hwdev,/*MIPI_DBIB_CMD |*/ maxx >> 8);
    nemadc_MIPI_out(hwdev,/*MIPI_DBIB_CMD |*/ maxx & 0xFF);

    nemadc_MIPI_out(hwdev,MIPI_DBIB_CMD | MIPI_set_page_address);
    nemadc_MIPI_out(hwdev,/*MIPI_DBIB_CMD |*/ miny >> 8);
    nemadc_MIPI_out(hwdev,/*MIPI_DBIB_CMD |*/ miny & 0xFF);
    nemadc_MIPI_out(hwdev,/*MIPI_DBIB_CMD |*/ maxy >> 8);
    nemadc_MIPI_out(hwdev,/*MIPI_DBIB_CMD |*/ maxy & 0xFF);

}

void
nemadc_MIPI_set_partial_mode(struct nemadc_hw_device *hwdev,int minx, int miny, int maxx, int maxy)
{
    nemadc_MIPI_out(hwdev,MIPI_DBIB_CMD | MIPI_set_partial_columns);
    nemadc_MIPI_out(hwdev,/*MIPI_DBIB_CMD |*/ minx >> 8);
    nemadc_MIPI_out(hwdev,/*MIPI_DBIB_CMD |*/ minx & 0xFF);
    nemadc_MIPI_out(hwdev,/*MIPI_DBIB_CMD |*/ maxx >> 8);
    nemadc_MIPI_out(hwdev,/*MIPI_DBIB_CMD |*/ maxx & 0xFF);

    nemadc_MIPI_out(hwdev,MIPI_DBIB_CMD | MIPI_set_partial_rows);
    nemadc_MIPI_out(hwdev,/*MIPI_DBIB_CMD |*/ miny >> 8);
    nemadc_MIPI_out(hwdev,/*MIPI_DBIB_CMD |*/ miny & 0xFF);
    nemadc_MIPI_out(hwdev,/*MIPI_DBIB_CMD |*/ maxy >> 8);
    nemadc_MIPI_out(hwdev,/*MIPI_DBIB_CMD |*/ maxy & 0xFF);


    nemadc_MIPI_out(hwdev,MIPI_DBIB_CMD | MIPI_enter_partial_mode);
}

void
nemadc_MIPI_start_frame_transfer(struct nemadc_hw_device *hwdev)
{
    nemadc_MIPI_out(hwdev,MIPI_DBIB_CMD | MIPI_write_memory_start);
}



void nemadc_MIPI_init(struct nemadc_hw_device *hwdev,struct device	dev)
{
    unsigned int mode = 0;
    u32 val;
    __maybe_unused u32 i = 0;
    
    struct gpio_desc *lcd_rst;
    
    DRM_INFO("--- %s ---\r\n",__func__);
    lcd_backlight = devm_gpiod_get(&dev, "pwr", GPIOD_OUT_LOW);
    if (IS_ERR(lcd_backlight))
    	return;
    gpiod_direction_output(lcd_backlight, 0);
    
    lcd_rst = devm_gpiod_get(&dev, "rst", GPIOD_OUT_LOW);
    if (IS_ERR(lcd_rst))
    	return;
    
    /* set timing */
    val = (128 << 16) | (128);
    nemadc_hw_write(hwdev, val, NEMADC_REG_RESXY);
    val += (8 << 16) | (8);
    nemadc_hw_write(hwdev, val, NEMADC_REG_FRONTPORCHXY);
    val += ((2) << 16) | (2);
    nemadc_hw_write(hwdev, val, NEMADC_REG_BLANKINGXY);
    val += ((19) << 16) | (19);
    nemadc_hw_write(hwdev, val, NEMADC_REG_BACKPORCHXY);

    mode = MIPICFG_DBI_EN  | MIPICFG_SPI4 | MIPICFG_1RGB565_OPT0;
    nemadc_MIPI_CFG_out(hwdev,mode);
    nemadc_hw_setbits(hwdev, (1 << NM_MODE_ENABLE_SHF) , NEMADC_REG_MODE);

    /* spi reset */
    gpiod_direction_output(lcd_rst, 0);
    mdelay(2);
    gpiod_direction_output(lcd_rst, 1);
    mdelay(1);
    gpiod_direction_output(lcd_rst, 0);
    mdelay(1);
#if 1
    nemadc_MIPI_out(hwdev,MIPI_DBIB_CMD | 0xfe);
    nemadc_MIPI_out(hwdev,MIPI_DBIB_CMD | 0xfe);
    nemadc_MIPI_out(hwdev,MIPI_DBIB_CMD | 0xef);
    nemadc_MIPI_out(hwdev,MIPI_DBIB_CMD | 0xb3);
    nemadc_MIPI_out(hwdev,0x03);
    nemadc_MIPI_out(hwdev,MIPI_DBIB_CMD | 0xb6);
    nemadc_MIPI_out(hwdev,0x01);
    nemadc_MIPI_out(hwdev,MIPI_DBIB_CMD | 0xa3);
    nemadc_MIPI_out(hwdev,0x11);
    nemadc_MIPI_out(hwdev,MIPI_DBIB_CMD | 0x21);
    nemadc_MIPI_out(hwdev,MIPI_DBIB_CMD | 0x36);
    nemadc_MIPI_out(hwdev,0xd8);
    nemadc_MIPI_out(hwdev,MIPI_DBIB_CMD | 0x3a);
    nemadc_MIPI_out(hwdev,MIPI_DCS_RGB565);
    nemadc_MIPI_out(hwdev,MIPI_DBIB_CMD | 0xb4);
    nemadc_MIPI_out(hwdev,0x21);
    nemadc_MIPI_out(hwdev,MIPI_DBIB_CMD | 0xb1);
    nemadc_MIPI_out(hwdev,0xc0);
    nemadc_MIPI_out(hwdev,MIPI_DBIB_CMD | 0xe6);
    nemadc_MIPI_out(hwdev,0x50);
    nemadc_MIPI_out(hwdev,MIPI_DBIB_CMD | 0x43);
    nemadc_MIPI_out(hwdev,0xe7);
    nemadc_MIPI_out(hwdev,MIPI_DBIB_CMD | 0x56);
    nemadc_MIPI_out(hwdev,0x43);
    nemadc_MIPI_out(hwdev,MIPI_DBIB_CMD | 0xf0);
    nemadc_MIPI_out(hwdev,0x1a);
    nemadc_MIPI_out(hwdev,0x60);
    nemadc_MIPI_out(hwdev,0x33);
    nemadc_MIPI_out(hwdev,0x6f);
    nemadc_MIPI_out(hwdev,0xfd);
    nemadc_MIPI_out(hwdev,0x3d);
    nemadc_MIPI_out(hwdev,0x30);
    nemadc_MIPI_out(hwdev,0x0);
    nemadc_MIPI_out(hwdev,0x0);
    nemadc_MIPI_out(hwdev,0x1f);
    nemadc_MIPI_out(hwdev,0x1f);
    nemadc_MIPI_out(hwdev,0x18);
    nemadc_MIPI_out(hwdev,0x1a);
    nemadc_MIPI_out(hwdev,0xf);
    nemadc_MIPI_out(hwdev,MIPI_DBIB_CMD | 0xf1);
    nemadc_MIPI_out(hwdev,0x2);
    nemadc_MIPI_out(hwdev,0x27);
    nemadc_MIPI_out(hwdev,0x1b);
    nemadc_MIPI_out(hwdev,0x37);
    nemadc_MIPI_out(hwdev,0x59);
    nemadc_MIPI_out(hwdev,0x03);
    nemadc_MIPI_out(hwdev,0x30);
    nemadc_MIPI_out(hwdev,0x0);
    nemadc_MIPI_out(hwdev,0x0);
    nemadc_MIPI_out(hwdev,0x1f);
    nemadc_MIPI_out(hwdev,0xf);
    nemadc_MIPI_out(hwdev,0x17);
    nemadc_MIPI_out(hwdev,0x1a);
    nemadc_MIPI_out(hwdev,0xf);
    nemadc_MIPI_out(hwdev,MIPI_DBIB_CMD | 0xfe);
    nemadc_MIPI_out(hwdev,MIPI_DBIB_CMD | 0xff);
    nemadc_MIPI_out(hwdev,MIPI_DBIB_CMD | 0x35);
    nemadc_MIPI_out(hwdev,0x0);
    nemadc_MIPI_out(hwdev,MIPI_DBIB_CMD | 0x44);
    nemadc_MIPI_out(hwdev,0x0);
    nemadc_MIPI_out(hwdev,MIPI_DBIB_CMD | 0x11); /* wait for power stability */
    mdelay(1);
    // nemadc_MIPI_out(hwdev,MIPI_DBIB_CMD | MIPI_set_display_on);
    nemadc_MIPI_out(hwdev,MIPI_DBIB_CMD  | 0x2a); // y
    nemadc_MIPI_out(hwdev,0);
    nemadc_MIPI_out(hwdev,0+2);
    nemadc_MIPI_out(hwdev,0);
    nemadc_MIPI_out(hwdev,127+2);
    nemadc_MIPI_out(hwdev,MIPI_DBIB_CMD  | 0x2b); // x
    nemadc_MIPI_out(hwdev,0);
    nemadc_MIPI_out(hwdev,0+3);
    nemadc_MIPI_out(hwdev,0);
    nemadc_MIPI_out(hwdev,127+3);
    // nemadc_MIPI_out(hwdev,MIPI_DBIB_CMD  | 0x2c);
    // nemadc_MIPI_out(hwdev,MIPI_DBIB_CMD | MIPI_set_display_off);
#endif
    // nemadc_MIPI_set_position(hwdev,0,0,0,160);
    // nemadc_MIPI_set_partial_mode(hwdev,0,0,0,160);
    // nemadc_MIPI_start_frame_transfer(hwdev);
    // for(i = 0; i < 128 * 128 * 2;i++ )
        // nemadc_MIPI_out(hwdev,0Xff);
}

void nemadc_MIPI_backlight_open(void)
{
    gpiod_direction_output(lcd_backlight, 1);
}

void nemadc_MIPI_backlight_close(void)
{
    gpiod_direction_output(lcd_backlight, 0);
}


