/* ####### facedetect_cfg.cfg converted to facedetect_cfg.h file! ####### */

#ifndef __FACEDETECT_CFG_H__
#define __FACEDETECT_CFG_H__ 

unsigned char facedetect_cfg[] = {
	0x72, 0x00, 0x00, 0x00, 0xFE, 0x6C, 0x00, 0x00, 0x0A, 0x0B, 0x54, 0x53, 0x48, 0x2D, 0x54, 0x48,
	0x49, 0x4E, 0x4B, 0x45, 0x52, 0x12, 0x0B, 0x54, 0x58, 0x35, 0x32, 0x31, 0x35, 0x43, 0x56, 0x32,
	0x30, 0x30, 0x1A, 0x18, 0x54, 0x58, 0x35, 0x32, 0x31, 0x35, 0x43, 0x56, 0x32, 0x30, 0x30, 0x5F,
	0x56, 0x32, 0x2E, 0x32, 0x2E, 0x30, 0x2E, 0x38, 0x5F, 0x31, 0x2E, 0x30, 0x2A, 0x87, 0x02, 0x08,
	0x80, 0x90, 0x94, 0x01, 0x12, 0x3E, 0x08, 0x00, 0x12, 0x16, 0x69, 0x6E, 0x40, 0x69, 0x6E, 0x70,
	0x75, 0x74, 0x5F, 0x63, 0x75, 0x73, 0x74, 0x6F, 0x6D, 0x5F, 0x69, 0x6E, 0x70, 0x75, 0x74, 0x5F,
	0x18, 0x01, 0x20, 0x80, 0x03, 0x28, 0x80, 0x05, 0x30, 0x03, 0x38, 0x00, 0x40, 0x00, 0x48, 0x08,
	0x50, 0x01, 0x58, 0x01, 0x60, 0x00, 0x6D, 0x00, 0x00, 0x80, 0x3F, 0x70, 0x01, 0x78, 0x00, 0x80,
	0x01, 0x80, 0x80, 0x3C, 0x12, 0x3F, 0x08, 0x01, 0x12, 0x17, 0x6F, 0x75, 0x74, 0x40, 0x6D, 0x6F,
	0x64, 0x65, 0x6C, 0x2E, 0x6D, 0x6F, 0x64, 0x65, 0x6C, 0x2E, 0x32, 0x34, 0x2E, 0x61, 0x63, 0x74,
	0x31, 0x18, 0x01, 0x20, 0x30, 0x28, 0x50, 0x30, 0x12, 0x38, 0x80, 0xF0, 0x3D, 0x40, 0x07, 0x48,
	0x08, 0x50, 0x01, 0x58, 0x00, 0x60, 0x00, 0x6D, 0x9D, 0x17, 0x80, 0x3B, 0x70, 0x02, 0x78, 0x00,
	0x80, 0x01, 0x80, 0xC0, 0x07, 0x12, 0x3F, 0x08, 0x02, 0x12, 0x17, 0x6F, 0x75, 0x74, 0x40, 0x6D,
	0x6F, 0x64, 0x65, 0x6C, 0x2E, 0x6D, 0x6F, 0x64, 0x65, 0x6C, 0x2E, 0x32, 0x34, 0x2E, 0x61, 0x63,
	0x74, 0x32, 0x18, 0x01, 0x20, 0x18, 0x28, 0x28, 0x30, 0x12, 0x38, 0x80, 0x80, 0x3C, 0x40, 0x07,
	0x48, 0x08, 0x50, 0x01, 0x58, 0x00, 0x60, 0x00, 0x6D, 0xE9, 0x67, 0x80, 0x3B, 0x70, 0x02, 0x78,
	0x00, 0x80, 0x01, 0x80, 0xF0, 0x01, 0x12, 0x3E, 0x08, 0x03, 0x12, 0x17, 0x6F, 0x75, 0x74, 0x40,
	0x6D, 0x6F, 0x64, 0x65, 0x6C, 0x2E, 0x6D, 0x6F, 0x64, 0x65, 0x6C, 0x2E, 0x32, 0x34, 0x2E, 0x61,
	0x63, 0x74, 0x33, 0x18, 0x01, 0x20, 0x0C, 0x28, 0x14, 0x30, 0x12, 0x38, 0x80, 0xB0, 0x45, 0x40,
	0x07, 0x48, 0x08, 0x50, 0x01, 0x58, 0x00, 0x60, 0x00, 0x6D, 0x0A, 0x0E, 0x7F, 0x3B, 0x70, 0x02,
	0x78, 0x00, 0x80, 0x01, 0x80, 0x3C, 0x32, 0xAA, 0xD1, 0x01, 0x0A, 0x02, 0x08, 0x00, 0x12, 0x06,
	0x08, 0x01, 0x08, 0x02, 0x08, 0x03, 0x1A, 0x9A, 0xD1, 0x01, 0x12, 0xCC, 0xD0, 0x01, 0x00, 0x00,
	0x00, 0x00, 0x00, 0x00, 0x00, 0x00, 0x00, 0x00, 0x00, 0x00, 0x00, 0x00, 0x14, 0x00, 0x00, 0x00,
	0x00, 0x00, 0x00, 0x00, 0x00, 0x00, 0x16, 0x00, 0x00, 0x00, 0x00, 0x00, 0x38, 0x00, 0x00, 0x00,
	0x00, 0x00, 0x66, 0x00, 0x00, 0x00, 0x20, 0x00, 0x50, 0x05, 0x00, 0x00, 0x00, 0x00, 0x3D, 0x9F,
	0x22, 0x02, 0x20, 0x02, 0x80, 0x88, 0x08, 0x00, 0x04, 0x00, 0x28, 0x00, 0x00, 0x00, 0x00, 0x00,
	0x00, 0x00, 0x00, 0x00, 0x00, 0x00, 0x38, 0x00, 0x00, 0x00, 0x00, 0x00, 0x00, 0x00, 0x00, 0x00,
	0x0A, 0x2B, 0x26, 0x00, 0x00, 0x00, 0x00, 0x00, 0x01, 0x00, 0x00, 0x00, 0x00, 0x00, 0x29, 0x60,
	0x00, 0x04, 0x00, 0x00, 0x00, 0x00, 0x00, 0x80, 0x01, 0x00, 0x16, 0x20, 0x01, 0x00, 0x00, 0x00,
	0x90, 0x00, 0x10, 0x0E, 0x00, 0x00, 0x28, 0x00, 0x00, 0x00, 0x00, 0x00, 0x00, 0x00, 0x00, 0x00,
	0x00, 0x00, 0x38, 0x00, 0x00, 0x00, 0x00, 0x00, 0x00, 0x00, 0x00, 0x00, 0x86, 0x33, 0x26, 0x00,
	0x00, 0x00, 0x01, 0x00, 0x02, 0x00, 0x3C, 0x00, 0x00, 0x00, 0x29, 0x38, 0x08, 0x00, 0x04, 0x80,
	0x01, 0x12, 0x7C, 0x80, 0x00, 0x00, 0x76, 0x00, 0x03, 0x00, 0x00, 0x00, 0x80, 0x42, 0x00, 0x00,
	0x0F, 0x00, 0x00, 0x00, 0x00, 0x00, 0x00, 0x00, 0x00, 0x00, 0x00, 0x00, 0x00, 0x00, 0x00, 0x00,
	0x14, 0x00, 0x00, 0x00, 0x00, 0x00, 0x00, 0x00, 0x00, 0x00, 0x16, 0x00, 0x00, 0x00, 0x00, 0x00,
	0x38, 0x00, 0x00, 0x00, 0x00, 0x00, 0x66, 0x00, 0x00, 0x00, 0x20, 0x00, 0xF0, 0x05, 0x00, 0x18,
	0x01, 0x00, 0x3D, 0xDF, 0x23, 0x02, 0x20, 0x02, 0x80, 0x88, 0x08, 0x00, 0x04, 0x00, 0x28, 0x00,
	0x00, 0x00, 0x00, 0x00, 0x00, 0x00, 0x00, 0x00, 0x00, 0x00, 0x38, 0x00, 0x00, 0x00, 0x00, 0x00,
	0x00, 0x00, 0x00, 0x00, 0x0A, 0x2B, 0x26, 0x00, 0x00, 0x00, 0x00, 0x00, 0x01, 0x00, 0x14, 0x00,
	0x00, 0x00, 0x29, 0x60, 0x0C, 0x10, 0x08, 0x00, 0x00, 0x00, 0x14, 0x80, 0x01, 0x00, 0x16, 0x20,
	0x01, 0x00, 0x00, 0x00, 0x90, 0x00, 0x10, 0x0E, 0x00, 0x00, 0x28, 0x00, 0x00, 0x00, 0x00, 0x00,
	0x00, 0x00, 0x00, 0x00, 0x00, 0x00, 0x38, 0x00, 0x00, 0x00, 0x00, 0x00, 0x00, 0x00, 0x00, 0x00,
	0x86, 0x33, 0x26, 0x00, 0x00, 0x00, 0x01, 0x00, 0x02, 0x00, 0x28, 0x00, 0x00, 0x00, 0x29, 0x38,
	0x08, 0x0C, 0x0C, 0x80, 0x01, 0x12, 0x68, 0x80, 0x00, 0x00, 0x76, 0x00, 0x03, 0x00, 0x00, 0x00,
	0x80, 0x42, 0x00, 0xA0, 0x0F, 0x00, 0x00, 0x00, 0x00, 0x00, 0x00, 0x00, 0x00, 0x00, 0x00, 0x00,
	0x00, 0x00, 0x00, 0x00, 0x14, 0x00, 0x00, 0x00, 0x00, 0x00, 0x00, 0x00, 0x00, 0x00, 0x16, 0x00,
	0x00, 0x00, 0x00, 0x00, 0x38, 0x00, 0x00, 0x00, 0x00, 0x00, 0x66, 0x00, 0x00, 0x00, 0x20, 0x00,
	0xF0, 0x05, 0x00, 0x58, 0x02, 0x00, 0x3D, 0xDF, 0x23, 0x02, 0x20, 0x02, 0x80, 0x88, 0x08, 0x00,
	0x04, 0x00, 0x28, 0x00, 0x00, 0x00, 0x00, 0x00, 0x00, 0x00, 0x00, 0x00, 0x00, 0x00, 0x38, 0x00,
	0x00, 0x00, 0x00, 0x00, 0x00, 0x00, 0x00, 0x00, 0x0A, 0x2B, 0x26, 0x00, 0x00, 0x00, 0x00, 0x00,
	0x01, 0x00, 0x00, 0x00, 0x00, 0x00, 0x29, 0x60, 0x0C, 0x10, 0x08, 0x00, 0x00, 0x00, 0x00, 0x80,
	0x01, 0x00, 0x16, 0x20, 0x01, 0x00, 0x00, 0x00, 0x90, 0x00, 0x10, 0x0E, 0x00, 0x00, 0x28, 0x00,
	0x00, 0x00, 0x00, 0x00, 0x00, 0x00, 0x00, 0x00, 0x00, 0x00, 0x38, 0x00, 0x00, 0x00, 0x00, 0x00,
	0x00, 0x00, 0x00, 0x00, 0x86, 0x33, 0x26, 0x00, 0x00, 0x00, 0x01, 0x00, 0x02, 0x00, 0x3C, 0x00,
	0x00, 0x00, 0x29, 0x38, 0x08, 0x0C, 0x0C, 0x80, 0x01, 0x12, 0x7C, 0x80, 0x00, 0x00, 0x76, 0x00,
	0x03, 0x00, 0x00, 0x00, 0x80, 0x42, 0x00, 0x40, 0x10, 0x00, 0x00, 0x00, 0x00, 0x00, 0x00, 0x00,
	0x00, 0x00, 0x00, 0x00, 0x00, 0x00, 0x00, 0x00, 0x14, 0x00, 0x00, 0x00, 0x00, 0x00, 0x00, 0x00,
	0x00, 0x00, 0x16, 0x00, 0x00, 0x00, 0x00, 0x00, 0x38, 0x00, 0x00, 0x00, 0x00, 0x00, 0x66, 0x00,
	0x00, 0x00, 0x20, 0x00, 0xF0, 0x05, 0x00, 0x98, 0x03, 0x00, 0x3D, 0xDF, 0x23, 0x02, 0x20, 0x02,
	0x80, 0x88, 0x08, 0x00, 0x04, 0x00, 0x28, 0x00, 0x00, 0x00, 0x00, 0x00, 0x00, 0x00, 0x00, 0x00,
	0x00, 0x00, 0x38, 0x00, 0x00, 0x00, 0x00, 0x00, 0x00, 0x00, 0x00, 0x00, 0x0A, 0x2B, 0x26, 0x00,
	0x00, 0x00, 0x00, 0x00, 0x01, 0x00, 0x14, 0x00, 0x00, 0x00, 0x29, 0x60, 0x0C, 0x10, 0x08, 0x00,
	0x00, 0x00, 0x14, 0x80, 0x01, 0x00, 0x16, 0x20, 0x01, 0x00, 0x00, 0x00, 0x90, 0x00, 0x10, 0x0E,
	0x00, 0x00, 0x28, 0x00, 0x00, 0x00, 0x00, 0x00, 0x00, 0x00, 0x00, 0x00, 0x00, 0x00, 0x38, 0x00,
	0x00, 0x00, 0x00, 0x00, 0x00, 0x00, 0x00, 0x00, 0x86, 0x33, 0x26, 0x00, 0x00, 0x00, 0x01, 0x00,
	0x02, 0x00, 0x28, 0x00, 0x00, 0x00, 0x29, 0x38, 0x08, 0x0C, 0x0C, 0x80, 0x01, 0x12, 0x68, 0x80,
	0x00, 0x00, 0x76, 0x00, 0x03, 0x00, 0x00, 0x00, 0x80, 0x42, 0x00, 0xE0, 0x10, 0x00, 0x00, 0x00,
	0x00, 0x00, 0x00, 0x00, 0x00, 0x00, 0x00, 0x00, 0x00, 0x00, 0x00, 0x00, 0x14, 0x00, 0x00, 0x00,
	0x00, 0x00, 0x00, 0x00, 0x00, 0x00, 0x16, 0x00, 0x00, 0x00, 0x00, 0x00, 0x38, 0x00, 0x00, 0x00,
	0x00, 0x00, 0x66, 0x00, 0x00, 0x00, 0x20, 0x00, 0xF0, 0x05, 0x00, 0xD8, 0x04, 0x00, 0x3D, 0xDF,
	0x23, 0x02, 0x20, 0x02, 0x80, 0x88, 0x08, 0x00, 0x04, 0x00, 0x28, 0x00, 0x00, 0x00, 0x00, 0x00,
	0x00, 0x00, 0x00, 0x00, 0x00, 0x00, 0x38, 0x00, 0x00, 0x00, 0x00, 0x00, 0x00, 0x00, 0x00, 0x00,
	0x0A, 0x2B, 0x26, 0x00, 0x00, 0x00, 0x00, 0x00, 0x01, 0x00, 0x00, 0x00, 0x00, 0x00, 0x29, 0x60,
	0x0C, 0x10, 0x08, 0x00, 0x00, 0x00, 0x00, 0x80, 0x01, 0x00, 0x16, 0x20, 0x01, 0x00, 0x00, 0x00,
	0x90, 0x00, 0x10, 0x0E, 0x00, 0x00, 0x28, 0x00, 0x00, 0x00, 0x00, 0x00, 0x00, 0x00, 0x00, 0x00,
	0x00, 0x00, 0x38, 0x00, 0x00, 0x00, 0x00, 0x00, 0x00, 0x00, 0x00, 0x00, 0x86, 0x33, 0x26, 0x00,
	0x00, 0x00, 0x01, 0x00, 0x02, 0x00, 0x3C, 0x00, 0x00, 0x00, 0x29, 0x38, 0x08, 0x0C, 0x0C, 0x80,
	0x01, 0x12, 0x7C, 0x80, 0x00, 0x00, 0x76, 0x00, 0x03, 0x00, 0x00, 0x00, 0x80, 0x42, 0x00, 0x80,
	0x11, 0x00, 0x00, 0x00, 0x00, 0x00, 0x00, 0x00, 0x00, 0x00, 0x00, 0x00, 0x00, 0x00, 0x00, 0x00,
	0x14, 0x00, 0x00, 0x00, 0x00, 0x00, 0x00, 0x00, 0x00, 0x00, 0x16, 0x00, 0x00, 0x00, 0x00, 0x00,
	0x38, 0x00, 0x00, 0x00, 0x00, 0x00, 0x66, 0x00, 0x00, 0x00, 0x20, 0x00, 0xF0, 0x05, 0x00, 0x18,
	0x06, 0x00, 0x3D, 0xDF, 0x23, 0x02, 0x20, 0x02, 0x80, 0x88, 0x08, 0x00, 0x04, 0x00, 0x28, 0x00,
	0x00, 0x00, 0x00, 0x00, 0x00, 0x00, 0x00, 0x00, 0x00, 0x00, 0x38, 0x00, 0x00, 0x00, 0x00, 0x00,
	0x00, 0x00, 0x00, 0x00, 0x0A, 0x2B, 0x26, 0x00, 0x00, 0x00, 0x00, 0x00, 0x01, 0x00, 0x14, 0x00,
	0x00, 0x00, 0x29, 0x60, 0x0C, 0x10, 0x08, 0x00, 0x00, 0x00, 0x14, 0x80, 0x01, 0x00, 0x16, 0x20,
	0x01, 0x00, 0x00, 0x00, 0x90, 0x00, 0x10, 0x0E, 0x00, 0x00, 0x28, 0x00, 0x00, 0x00, 0x00, 0x00,
	0x00, 0x00, 0x00, 0x00, 0x00, 0x00, 0x38, 0x00, 0x00, 0x00, 0x00, 0x00, 0x00, 0x00, 0x00, 0x00,
	0x86, 0x33, 0x26, 0x00, 0x00, 0x00, 0x01, 0x00, 0x02, 0x00, 0x28, 0x00, 0x00, 0x00, 0x29, 0x38,
	0x08, 0x0C, 0x0C, 0x80, 0x01, 0x12, 0x68, 0x80, 0x00, 0x00, 0x76, 0x00, 0x03, 0x00, 0x00, 0x00,
	0x80, 0x42, 0x00, 0x20, 0x12, 0x00, 0x00, 0x00, 0x00, 0x00, 0x00, 0x00, 0x00, 0x00, 0x00, 0x00,
	0x00, 0x00, 0x00, 0x00, 0x14, 0x00, 0x00, 0x00, 0x00, 0x00, 0x00, 0x00, 0x00, 0x00, 0x16, 0x00,
	0x00, 0x00, 0x00, 0x00, 0x38, 0x00, 0x00, 0x00, 0x00, 0x00, 0x66, 0x00, 0x00, 0x00, 0x20, 0x00,
	0xF0, 0x05, 0x00, 0x58, 0x07, 0x00, 0x3D, 0xDF, 0x23, 0x02, 0x20, 0x02, 0x80, 0x88, 0x08, 0x00,
	0x04, 0x00, 0x28, 0x00, 0x00, 0x00, 0x00, 0x00, 0x00, 0x00, 0x00, 0x00, 0x00, 0x00, 0x38, 0x00,
	0x00, 0x00, 0x00, 0x00, 0x00, 0x00, 0x00, 0x00, 0x0A, 0x2B, 0x26, 0x00, 0x00, 0x00, 0x00, 0x00,
	0x01, 0x00, 0x00, 0x00, 0x00, 0x00, 0x29, 0x60, 0x0C, 0x10, 0x08, 0x00, 0x00, 0x00, 0x00, 0x80,
	0x01, 0x00, 0x16, 0x20, 0x01, 0x00, 0x00, 0x00, 0x90, 0x00, 0x10, 0x0E, 0x00, 0x00, 0x28, 0x00,
	0x00, 0x00, 0x00, 0x00, 0x00, 0x00, 0x00, 0x00, 0x00, 0x00, 0x38, 0x00, 0x00, 0x00, 0x00, 0x00,
	0x00, 0x00, 0x00, 0x00, 0x86, 0x33, 0x26, 0x00, 0x00, 0x00, 0x01, 0x00, 0x02, 0x00, 0x3C, 0x00,
	0x00, 0x00, 0x29, 0x38, 0x08, 0x0C, 0x0C, 0x80, 0x01, 0x12, 0x7C, 0x80, 0x00, 0x00, 0x76, 0x00,
	0x03, 0x00, 0x00, 0x00, 0x80, 0x42, 0x00, 0xC0, 0x12, 0x00, 0x00, 0x00, 0x00, 0x00, 0x00, 0x00,
	0x00, 0x00, 0x00, 0x00, 0x00, 0x00, 0x00, 0x00, 0x14, 0x00, 0x00, 0x00, 0x00, 0x00, 0x00, 0x00,
	0x00, 0x00, 0x16, 0x00, 0x00, 0x00, 0x00, 0x00, 0x38, 0x00, 0x00, 0x00, 0x00, 0x00, 0x66, 0x00,
	0x00, 0x00, 0x20, 0x00, 0xF0, 0x05, 0x00, 0x98, 0x08, 0x00, 0x3D, 0xDF, 0x23, 0x02, 0x20, 0x02,
	0x80, 0x88, 0x08, 0x00, 0x04, 0x00, 0x28, 0x00, 0x00, 0x00, 0x00, 0x00, 0x00, 0x00, 0x00, 0x00,
	0x00, 0x00, 0x38, 0x00, 0x00, 0x00, 0x00, 0x00, 0x00, 0x00, 0x00, 0x00, 0x0A, 0x2B, 0x26, 0x00,
	0x00, 0x00, 0x00, 0x00, 0x01, 0x00, 0x14, 0x00, 0x00, 0x00, 0x29, 0x60, 0x0C, 0x10, 0x08, 0x00,
	0x00, 0x00, 0x14, 0x80, 0x01, 0x00, 0x16, 0x20, 0x01, 0x00, 0x00, 0x00, 0x90, 0x00, 0x10, 0x0E,
	0x00, 0x00, 0x28, 0x00, 0x00, 0x00, 0x00, 0x00, 0x00, 0x00, 0x00, 0x00, 0x00, 0x00, 0x38, 0x00,
	0x00, 0x00, 0x00, 0x00, 0x00, 0x00, 0x00, 0x00, 0x86, 0x33, 0x26, 0x00, 0x00, 0x00, 0x01, 0x00,
	0x02, 0x00, 0x28, 0x00, 0x00, 0x00, 0x29, 0x38, 0x08, 0x0C, 0x0C, 0x80, 0x01, 0x12, 0x68, 0x80,
	0x00, 0x00, 0x76, 0x00, 0x03, 0x00, 0x00, 0x00, 0x80, 0x42, 0x00, 0x60, 0x13, 0x00, 0x00, 0x00,
	0x00, 0x00, 0x00, 0x00, 0x00, 0x00, 0x00, 0x00, 0x00, 0x00, 0x00, 0x00, 0x14, 0x00, 0x00, 0x00,
	0x00, 0x00, 0x00, 0x00, 0x00, 0x00, 0x16, 0x00, 0x00, 0x00, 0x00, 0x00, 0x38, 0x00, 0x00, 0x00,
	0x00, 0x00, 0x66, 0x00, 0x00, 0x00, 0x20, 0x00, 0xF0, 0x05, 0x00, 0xD8, 0x09, 0x00, 0x3D, 0xDF,
	0x23, 0x02, 0x20, 0x02, 0x80, 0x88, 0x08, 0x00, 0x04, 0x00, 0x28, 0x00, 0x00, 0x00, 0x00, 0x00,
	0x00, 0x00, 0x00, 0x00, 0x00, 0x00, 0x38, 0x00, 0x00, 0x00, 0x00, 0x00, 0x00, 0x00, 0x00, 0x00,
	0x0A, 0x2B, 0x26, 0x00, 0x00, 0x00, 0x00, 0x00, 0x01, 0x00, 0x00, 0x00, 0x00, 0x00, 0x29, 0x60,
	0x0C, 0x10, 0x08, 0x00, 0x00, 0x00, 0x00, 0x80, 0x01, 0x00, 0x16, 0x20, 0x01, 0x00, 0x00, 0x00,
	0x90, 0x00, 0x10, 0x0E, 0x00, 0x00, 0x28, 0x00, 0x00, 0x00, 0x00, 0x00, 0x00, 0x00, 0x00, 0x00,
	0x00, 0x00, 0x38, 0x00, 0x00, 0x00, 0x00, 0x00, 0x00, 0x00, 0x00, 0x00, 0x86, 0x33, 0x26, 0x00,
	0x00, 0x00, 0x01, 0x00, 0x02, 0x00, 0x3C, 0x00, 0x00, 0x00, 0x29, 0x38, 0x08, 0x0C, 0x0C, 0x80,
	0x01, 0x12, 0x7C, 0x80, 0x00, 0x00, 0x76, 0x00, 0x03, 0x00, 0x00, 0x00, 0x80, 0x42, 0x00, 0x00,
	0x14, 0x00, 0x00, 0x00, 0x00, 0x00, 0x00, 0x00, 0x00, 0x00, 0x00, 0x00, 0x00, 0x00, 0x00, 0x00,
	0x14, 0x00, 0x00, 0x00, 0x00, 0x00, 0x00, 0x00, 0x00, 0x00, 0x16, 0x00, 0x00, 0x00, 0x00, 0x00,
	0x38, 0x00, 0x00, 0x00, 0x00, 0x00, 0x66, 0x00, 0x00, 0x00, 0x20, 0x00, 0xF0, 0x05, 0x00, 0x18,
	0x0B, 0x00, 0x3D, 0xDF, 0x23, 0x02, 0x20, 0x02, 0x80, 0x88, 0x08, 0x00, 0x04, 0x00, 0x28, 0x00,
	0x00, 0x00, 0x00, 0x00, 0x00, 0x00, 0x00, 0x00, 0x00, 0x00, 0x38, 0x00, 0x00, 0x00, 0x00, 0x00,
	0x00, 0x00, 0x00, 0x00, 0x0A, 0x2B, 0x26, 0x00, 0x00, 0x00, 0x00, 0x00, 0x01, 0x00, 0x14, 0x00,
	0x00, 0x00, 0x29, 0x60, 0x0C, 0x10, 0x08, 0x00, 0x00, 0x00, 0x14, 0x80, 0x01, 0x00, 0x16, 0x20,
	0x01, 0x00, 0x00, 0x00, 0x90, 0x00, 0x10, 0x0E, 0x00, 0x00, 0x28, 0x00, 0x00, 0x00, 0x00, 0x00,
	0x00, 0x00, 0x00, 0x00, 0x00, 0x00, 0x38, 0x00, 0x00, 0x00, 0x00, 0x00, 0x00, 0x00, 0x00, 0x00,
	0x86, 0x33, 0x26, 0x00, 0x00, 0x00, 0x01, 0x00, 0x02, 0x00, 0x28, 0x00, 0x00, 0x00, 0x29, 0x38,
	0x08, 0x0C, 0x0C, 0x80, 0x01, 0x12, 0x68, 0x80, 0x00, 0x00, 0x76, 0x00, 0x03, 0x00, 0x00, 0x00,
	0x80, 0x42, 0x00, 0xA0, 0x14, 0x00, 0x00, 0x00, 0x00, 0x00, 0x00, 0x00, 0x00, 0x00, 0x00, 0x00,
	0x00, 0x00, 0x00, 0x00, 0x14, 0x00, 0x00, 0x00, 0x00, 0x00, 0x00, 0x00, 0x00, 0x00, 0x16, 0x00,
	0x00, 0x00, 0x00, 0x00, 0x38, 0x00, 0x00, 0x00, 0x00, 0x00, 0x66, 0x00, 0x00, 0x00, 0x20, 0x00,
	0xF0, 0x05, 0x00, 0x58, 0x0C, 0x00, 0x3D, 0xDF, 0x23, 0x02, 0x20, 0x02, 0x80, 0x88, 0x08, 0x00,
	0x04, 0x00, 0x28, 0x00, 0x00, 0x00, 0x00, 0x00, 0x00, 0x00, 0x00, 0x00, 0x00, 0x00, 0x38, 0x00,
	0x00, 0x00, 0x00, 0x00, 0x00, 0x00, 0x00, 0x00, 0x0A, 0x2B, 0x26, 0x00, 0x00, 0x00, 0x00, 0x00,
	0x01, 0x00, 0x00, 0x00, 0x00, 0x00, 0x29, 0x60, 0x0C, 0x10, 0x08, 0x00, 0x00, 0x00, 0x00, 0x80,
	0x01, 0x00, 0x16, 0x20, 0x01, 0x00, 0x00, 0x00, 0x90, 0x00, 0x10, 0x0E, 0x00, 0x00, 0x28, 0x00,
	0x00, 0x00, 0x00, 0x00, 0x00, 0x00, 0x00, 0x00, 0x00, 0x00, 0x38, 0x00, 0x00, 0x00, 0x00, 0x00,
	0x00, 0x00, 0x00, 0x00, 0x86, 0x33, 0x26, 0x00, 0x00, 0x00, 0x01, 0x00, 0x02, 0x00, 0x3C, 0x00,
	0x00, 0x00, 0x29, 0x38, 0x08, 0x0C, 0x0C, 0x80, 0x01, 0x12, 0x7C, 0x80, 0x00, 0x00, 0x76, 0x00,
	0x03, 0x00, 0x00, 0x00, 0x80, 0x42, 0x00, 0x40, 0x15, 0x00, 0x00, 0x00, 0x00, 0x00, 0x00, 0x00,
	0x00, 0x00, 0x00, 0x00, 0x00, 0x00, 0x00, 0x00, 0x14, 0x00, 0x00, 0x00, 0x00, 0x00, 0x00, 0x00,
	0x00, 0x00, 0x16, 0x00, 0x00, 0x00, 0x00, 0x00, 0x38, 0x00, 0x00, 0x00, 0x00, 0x00, 0x66, 0x00,
	0x00, 0x00, 0x20, 0x00, 0xA0, 0x05, 0x00, 0x98, 0x0D, 0x00, 0x3D, 0x3F, 0x23, 0x02, 0x20, 0x02,
	0x80, 0x88, 0x08, 0x00, 0x04, 0x00, 0x28, 0x00, 0x00, 0x00, 0x00, 0x00, 0x00, 0x00, 0x00, 0x00,
	0x00, 0x00, 0x38, 0x00, 0x00, 0x00, 0x00, 0x00, 0x00, 0x00, 0x00, 0x00, 0x0A, 0x2B, 0x26, 0x00,
	0x00, 0x00, 0x00, 0x00, 0x01, 0x00, 0x14, 0x00, 0x00, 0x00, 0x29, 0x60, 0x0C, 0x14, 0x10, 0x00,
	0x00, 0x00, 0x14, 0x80, 0x01, 0x00, 0x16, 0x20, 0x01, 0x00, 0x00, 0x00, 0x90, 0x00, 0x10, 0x0E,
	0x00, 0x00, 0x28, 0x00, 0x00, 0x00, 0x00, 0x00, 0x00, 0x00, 0x00, 0x00, 0x00, 0x00, 0x38, 0x00,
	0x00, 0x00, 0x00, 0x00, 0x00, 0x00, 0x00, 0x00, 0x86, 0x33, 0x26, 0x00, 0x00, 0x00, 0x01, 0x00,
	0x02, 0x00, 0x28, 0x00, 0x00, 0x00, 0x29, 0x38, 0x08, 0x0C, 0x0C, 0x80, 0x01, 0x12, 0x68, 0x80,
	0x00, 0x00, 0x76, 0x00, 0x03, 0x00, 0x00, 0x00, 0x80, 0x42, 0x00, 0xE0, 0x15, 0x00, 0x00, 0x00,
	0x00, 0x00, 0x00, 0x00, 0x00, 0x00, 0x00, 0x00, 0x00, 0x00, 0x00, 0x00, 0x14, 0x00, 0x00, 0x00,
	0x00, 0x00, 0x00, 0x00, 0x00, 0x00, 0x00, 0x00, 0x00, 0x00, 0x00, 0x00, 0x00, 0x00, 0x00, 0x00,
	0x00, 0x00, 0x00, 0x00, 0x14, 0x00, 0x00, 0x00, 0x00, 0x00, 0x00, 0x00, 0x00, 0x00, 0x16, 0x00,
	0x00, 0x00, 0x00, 0x00, 0x10, 0x00, 0x00, 0x32, 0x00, 0x00, 0x66, 0x00, 0x00, 0x00, 0x00, 0x00,
	0x80, 0x07, 0x00, 0x00, 0x0F, 0x00, 0x28, 0x00, 0x00, 0x00, 0x00, 0x00, 0x00, 0x00, 0x00, 0x00,
	0x00, 0x00, 0x38, 0x00, 0x00, 0x00, 0x00, 0x00, 0x00, 0x00, 0x00, 0x00, 0x82, 0x2B, 0x26, 0x00,
	0x00, 0x00, 0x03, 0x00, 0x01, 0x00, 0x00, 0x00, 0x00, 0x00, 0x29, 0x84, 0x18, 0x1C, 0x14, 0x00,
	0x00, 0x00, 0x00, 0x80, 0x00, 0x00, 0x76, 0x80, 0x00, 0x00, 0x00, 0x00, 0xC0, 0x03, 0x01, 0x80,
	0x16, 0x00, 0x00, 0x00, 0x00, 0x00, 0x00, 0x00, 0x00, 0x00, 0x00, 0x00, 0x00, 0x00, 0x00, 0x00,
	0x14, 0x00, 0x00, 0x00, 0x00, 0x00, 0x00, 0x00, 0x00, 0x00, 0x16, 0x20, 0x01, 0x00, 0x00, 0x00,
	0x10, 0x00, 0x10, 0x32, 0x00, 0x00, 0x66, 0x00, 0x00, 0x00, 0x00, 0x00, 0x80, 0x07, 0x00, 0xE0,
	0x10, 0x00, 0x28, 0x00, 0x00, 0x00, 0x00, 0x00, 0x00, 0x00, 0x00, 0x00, 0x00, 0x00, 0x38, 0x00,
	0x00, 0x00, 0x00, 0x00, 0x00, 0x00, 0x00, 0x00, 0x82, 0x2B, 0x26, 0x00, 0x00, 0x00, 0x03, 0x00,
	0x01, 0x00, 0x3C, 0x00, 0x00, 0x00, 0x29, 0x84, 0x18, 0x1C, 0x14, 0x00, 0x00, 0x12, 0x7C, 0x80,
	0x00, 0x00, 0x76, 0x80, 0x00, 0x00, 0x00, 0x00, 0xC0, 0x03, 0x01, 0x70, 0x17, 0x00, 0x00, 0x00,
	0x00, 0x00, 0x00, 0x00, 0x00, 0x00, 0x00, 0x00, 0x00, 0x00, 0x00, 0x00, 0x14, 0x00, 0x00, 0x00,
	0x00, 0x00, 0x00, 0x00, 0x00, 0x00, 0x16, 0x00, 0x00, 0x00, 0x00, 0x00, 0x10, 0x00, 0x00, 0x32,
	0x00, 0x00, 0x66, 0x00, 0x00, 0x00, 0x00, 0x00, 0x80, 0x07, 0x00, 0xC0, 0x12, 0x00, 0x28, 0x00,
	0x00, 0x00, 0x00, 0x00, 0x00, 0x00, 0x00, 0x00, 0x00, 0x00, 0x38, 0x00, 0x00, 0x00, 0x00, 0x00,
	0x00, 0x00, 0x00, 0x00, 0x82, 0x2B, 0x26, 0x00, 0x00, 0x00, 0x03, 0x00, 0x01, 0x00, 0x14, 0x00,
	0x00, 0x00, 0x29, 0x84, 0x18, 0x1C, 0x14, 0x00, 0x00, 0x00, 0x14, 0x80, 0x00, 0x00, 0x76, 0x80,
	0x00, 0x00, 0x00, 0x00, 0xC0, 0x03, 0x01, 0x60, 0x18, 0x00, 0x00, 0x00, 0x00, 0x00, 0x00, 0x00,
	0x00, 0x00, 0x00, 0x00, 0x00, 0x00, 0x00, 0x00, 0x14, 0x00, 0x00, 0x00, 0x00, 0x00, 0x00, 0x00,
	0x00, 0x00, 0x16, 0x20, 0x01, 0x00, 0x00, 0x00, 0x10, 0x00, 0x10, 0x32, 0x00, 0x00, 0x66, 0x00,
	0x00, 0x00, 0x00, 0x00, 0x80, 0x07, 0x00, 0xA0, 0x14, 0x00, 0x28, 0x00, 0x00, 0x00, 0x00, 0x00,
	0x00, 0x00, 0x00, 0x00, 0x00, 0x00, 0x38, 0x00, 0x00, 0x00, 0x00, 0x00, 0x00, 0x00, 0x00, 0x00,
	0x82, 0x2B, 0x26, 0x00, 0x00, 0x00, 0x03, 0x00, 0x01, 0x00, 0x28, 0x00, 0x00, 0x00, 0x29, 0x84,
	0x18, 0x1C, 0x14, 0x00, 0x00, 0x12, 0x68, 0x80, 0x00, 0x00, 0x76, 0x80, 0x00, 0x00, 0x00, 0x00,
	0xC0, 0x03, 0x01, 0x50, 0x19, 0x00, 0x00, 0x00, 0x00, 0x00, 0x00, 0x00, 0x00, 0x00, 0x00, 0x00,
	0x00, 0x00, 0x00, 0x00, 0x14, 0x00, 0x00, 0x00, 0x00, 0x00, 0x00, 0x00, 0x00, 0x00, 0x00, 0x00,
	0x00, 0x00, 0x00, 0x00, 0x00, 0x00, 0x00, 0x00, 0x00, 0x00, 0x00, 0x00, 0x14, 0x00, 0x00, 0x00,
	0x00, 0x00, 0x00, 0x00, 0x00, 0x00, 0x16, 0x00, 0x00, 0x00, 0x00, 0x00, 0x10, 0x00, 0x00, 0x36,
	0x00, 0x00, 0x66, 0xB0, 0x01, 0x00, 0x00, 0x00, 0x28, 0xC5, 0x00, 0x80, 0x16, 0x00, 0x28, 0x00,
	0x00, 0x00, 0x00, 0x00, 0x00, 0x00, 0x00, 0x00, 0x00, 0x00, 0x38, 0x00, 0x00, 0x00, 0x00, 0x00,
	0x00, 0x00, 0x00, 0x00, 0x46, 0x2B, 0x26, 0x00, 0x00, 0x00, 0x00, 0x00, 0x01, 0x00, 0x00, 0x01,
	0x00, 0x00, 0x29, 0x00, 0x20, 0x20, 0x14, 0xB4, 0x01, 0x00, 0x00, 0x80, 0x00, 0x04, 0x16, 0x20,
	0x01, 0x00, 0x00, 0x00, 0x50, 0x00, 0x10, 0x3A, 0x00, 0x00, 0x28, 0x00, 0x00, 0x00, 0x00, 0x00,
	0x00, 0x00, 0x00, 0x00, 0x00, 0x00, 0x38, 0x00, 0x00, 0x00, 0x00, 0x00, 0x00, 0x00, 0x00, 0x00,
	0x86, 0x2B, 0x26, 0x00, 0x00, 0x00, 0x01, 0x00, 0x01, 0x00, 0x3C, 0x01, 0x00, 0x00, 0x29, 0x70,
	0x24, 0x20, 0x18, 0x00, 0x00, 0x12, 0x7C, 0x80, 0x00, 0x00, 0x76, 0x00, 0x02, 0x00, 0x00, 0x00,
	0x00, 0xC5, 0x00, 0x40, 0x1A, 0x00, 0x00, 0x00, 0x00, 0x00, 0x00, 0x00, 0x00, 0x00, 0x00, 0x00,
	0x00, 0x00, 0x00, 0x00, 0x14, 0x00, 0x00, 0x00, 0x00, 0x00, 0x00, 0x00, 0x00, 0x00, 0x16, 0x00,
	0x00, 0x00, 0x00, 0x00, 0x10, 0x00, 0x00, 0x36, 0x00, 0x00, 0x66, 0x60, 0x01, 0x00, 0x00, 0x00,
	0x50, 0xC5, 0x00, 0xB6, 0x17, 0x00, 0x28, 0x00, 0x00, 0x00, 0x00, 0x00, 0x00, 0x00, 0x00, 0x00,
	0x00, 0x00, 0x38, 0x00, 0x00, 0x00, 0x00, 0x00, 0x00, 0x00, 0x00, 0x00, 0x46, 0x2B, 0x26, 0x00,
	0x00, 0x00, 0x00, 0x00, 0x01, 0x00, 0x14, 0x01, 0x00, 0x00, 0x29, 0x00, 0x28, 0x28, 0x14, 0xAC,
	0x01, 0x00, 0x14, 0x80, 0x00, 0x00, 0x16, 0x20, 0x01, 0x00, 0x00, 0x00, 0x50, 0x00, 0x10, 0x3A,
	0x00, 0x00, 0x28, 0x00, 0x00, 0x00, 0x00, 0x00, 0x00, 0x00, 0x00, 0x00, 0x00, 0x00, 0x38, 0x00,
	0x00, 0x00, 0x00, 0x00, 0x00, 0x00, 0x00, 0x00, 0x86, 0x2B, 0x26, 0x00, 0x00, 0x00, 0x01, 0x00,
	0x01, 0x00, 0x28, 0x01, 0x00, 0x00, 0x29, 0x70, 0x24, 0x28, 0x1C, 0x00, 0x00, 0x12, 0x68, 0x80,
	0x00, 0x00, 0x76, 0x00, 0x02, 0x00, 0x00, 0x00, 0x00, 0xC5, 0x00, 0x80, 0x1B, 0x00, 0x00, 0x00,
	0x00, 0x00, 0x00, 0x00, 0x00, 0x00, 0x00, 0x00, 0x00, 0x00, 0x00, 0x00, 0x14, 0x00, 0x00, 0x00,
	0x00, 0x00, 0x00, 0x00, 0x00, 0x00, 0x16, 0x00, 0x00, 0x00, 0x00, 0x00, 0x10, 0x00, 0x00, 0x36,
	0x00, 0x00, 0x66, 0xB0, 0x01, 0x00, 0x00, 0x00, 0x28, 0xC5, 0x00, 0xF6, 0x18, 0x00, 0x28, 0x00,
	0x00, 0x00, 0x00, 0x00, 0x00, 0x00, 0x00, 0x00, 0x00, 0x00, 0x38, 0x00, 0x00, 0x00, 0x00, 0x00,
	0x00, 0x00, 0x00, 0x00, 0x46, 0x2B, 0x26, 0x00, 0x00, 0x00, 0x00, 0x00, 0x01, 0x00, 0x00, 0x01,
	0x00, 0x00, 0x29, 0x00, 0x20, 0x20, 0x14, 0xB4, 0x01, 0x00, 0x00, 0x80, 0x00, 0x04, 0x16, 0x20,
	0x01, 0x00, 0x00, 0x00, 0x50, 0x00, 0x10, 0x3A, 0x00, 0x00, 0x28, 0x00, 0x00, 0x00, 0x00, 0x00,
	0x00, 0x00, 0x00, 0x00, 0x00, 0x00, 0x38, 0x00, 0x00, 0x00, 0x00, 0x00, 0x00, 0x00, 0x00, 0x00,
	0x86, 0x2B, 0x26, 0x00, 0x00, 0x00, 0x01, 0x00, 0x01, 0x00, 0x3C, 0x01, 0x00, 0x00, 0x29, 0x70,
	0x24, 0x20, 0x20, 0x00, 0x00, 0x12, 0x7C, 0x80, 0x00, 0x00, 0x76, 0x00, 0x02, 0x00, 0x00, 0x00,
	0x00, 0xC5, 0x00, 0xC0, 0x1C, 0x00, 0x00, 0x00, 0x00, 0x00, 0x00, 0x00, 0x00, 0x00, 0x00, 0x00,
	0x00, 0x00, 0x00, 0x00, 0x14, 0x00, 0x00, 0x00, 0x00, 0x00, 0x00, 0x00, 0x00, 0x00, 0x00, 0x00,
	0x00, 0x00, 0x00, 0x00, 0x00, 0x00, 0x00, 0x00, 0x00, 0x00, 0x00, 0x00, 0x14, 0x00, 0x00, 0x00,
	0x00, 0x00, 0x00, 0x00, 0x00, 0x00, 0x66, 0x00, 0x02, 0x00, 0x00, 0x00, 0x00, 0xC5, 0x00, 0x80,
	0x16, 0x00, 0x66, 0x00, 0x00, 0x00, 0x00, 0x00, 0x00, 0x05, 0x00, 0x40, 0x1A, 0x00, 0x40, 0x21,
	0x4D, 0x88, 0x62, 0x01, 0x00, 0x00, 0x00, 0x00, 0x00, 0x00, 0x0B, 0x00, 0x24, 0x00, 0x0C, 0x00,
	0x08, 0x00, 0x00, 0x00, 0xDE, 0x1B, 0x40, 0x97, 0x73, 0x00, 0x00, 0x00, 0x00, 0x00, 0x00, 0x00,
	0x00, 0x00, 0xDC, 0x00, 0x26, 0xC0, 0x00, 0x00, 0x00, 0x00, 0x00, 0x00, 0xC0, 0x0B, 0x76, 0x00,
	0x02, 0x00, 0x00, 0x00, 0x00, 0xC5, 0x00, 0x00, 0x1E, 0x00, 0x00, 0x00, 0x00, 0x00, 0x00, 0x00,
	0x00, 0x00, 0x00, 0x00, 0x00, 0x00, 0x00, 0x00, 0x14, 0x00, 0x00, 0x00, 0x00, 0x00, 0x00, 0x00,
	0x00, 0x00, 0x66, 0x00, 0x02, 0x00, 0x00, 0x00, 0x00, 0xC5, 0x00, 0xC0, 0x17, 0x00, 0x66, 0x00,
	0x00, 0x00, 0x00, 0x00, 0x00, 0x05, 0x00, 0x80, 0x1B, 0x00, 0x40, 0x21, 0x4D, 0x88, 0x62, 0x01,
	0x00, 0x00, 0x00, 0x00, 0x00, 0x00, 0x0B, 0x00, 0x24, 0x00, 0x0C, 0x00, 0x08, 0x00, 0x00, 0x00,
	0xDE, 0x1B, 0x40, 0x97, 0x73, 0x00, 0x00, 0x00, 0x00, 0x00, 0x00, 0x00, 0x00, 0x00, 0xDC, 0x00,
	0x26, 0xC0, 0x00, 0x00, 0x00, 0x00, 0x00, 0x00, 0xC0, 0x0B, 0x76, 0x00, 0x02, 0x00, 0x00, 0x00,
	0x00, 0xC5, 0x00, 0x40, 0x1F, 0x00, 0x00, 0x00, 0x00, 0x00, 0x00, 0x00, 0x00, 0x00, 0x00, 0x00,
	0x00, 0x00, 0x00, 0x00, 0x14, 0x00, 0x00, 0x00, 0x00, 0x00, 0x00, 0x00, 0x00, 0x00, 0x66, 0x00,
	0x02, 0x00, 0x00, 0x00, 0x00, 0xC5, 0x00, 0x00, 0x19, 0x00, 0x66, 0x00, 0x00, 0x00, 0x00, 0x00,
	0x00, 0x05, 0x00, 0xC0, 0x1C, 0x00, 0x40, 0x21, 0x4D, 0x88, 0x62, 0x01, 0x00, 0x00, 0x00, 0x00,
	0x00, 0x00, 0x0B, 0x00, 0x24, 0x00, 0x0C, 0x00, 0x08, 0x00, 0x00, 0x00, 0xDE, 0x1B, 0x40, 0x97,
	0x73, 0x00, 0x00, 0x00, 0x00, 0x00, 0x00, 0x00, 0x00, 0x00, 0xDC, 0x00, 0x26, 0xC0, 0x00, 0x00,
	0x00, 0x00, 0x00, 0x00, 0xC0, 0x0B, 0x76, 0x00, 0x02, 0x00, 0x00, 0x00, 0x00, 0xC5, 0x00, 0x80,
	0x20, 0x00, 0x00, 0x00, 0x00, 0x00, 0x00, 0x00, 0x00, 0x00, 0x00, 0x00, 0x00, 0x00, 0x00, 0x00,
	0x14, 0x00, 0x00, 0x00, 0x00, 0x00, 0x00, 0x00, 0x00, 0x00, 0x00, 0x00, 0x00, 0x00, 0x00, 0x00,
	0x00, 0x00, 0x00, 0x00, 0x00, 0x00, 0x00, 0x00, 0x14, 0x00, 0x00, 0x00, 0x00, 0x00, 0x00, 0x00,
	0x00, 0x00, 0x16, 0x00, 0x00, 0x00, 0x00, 0x00, 0x10, 0x00, 0x00, 0x4E, 0x00, 0x00, 0x66, 0x00,
	0x01, 0x00, 0x00, 0x00, 0x80, 0x87, 0x00, 0x00, 0x0F, 0x00, 0x28, 0x00, 0x00, 0x00, 0x00, 0x00,
	0x00, 0x00, 0x00, 0x00, 0x00, 0x00, 0x38, 0x00, 0x00, 0x00, 0x00, 0x00, 0x00, 0x00, 0x00, 0x00,
	0x82, 0x23, 0x26, 0x00, 0x00, 0x00, 0x02, 0x00, 0x01, 0x00, 0x14, 0x01, 0x00, 0x00, 0x29, 0x00,
	0x18, 0x1C, 0x14, 0x20, 0x01, 0x00, 0x14, 0x80, 0x00, 0x00, 0x40, 0x68, 0x5B, 0x00, 0x00, 0x00,
	0x00, 0x00, 0x00, 0x00, 0x00, 0x00, 0xDC, 0x80, 0x18, 0x00, 0x01, 0x00, 0x00, 0x00, 0x00, 0x00,
	0xC0, 0x0B, 0x76, 0x80, 0x00, 0x00, 0x00, 0x00, 0xC0, 0x03, 0x01, 0x80, 0x16, 0x00, 0x00, 0x00,
	0x00, 0x00, 0x00, 0x00, 0x00, 0x00, 0x00, 0x00, 0x00, 0x00, 0x00, 0x00, 0x14, 0x00, 0x00, 0x00,
	0x00, 0x00, 0x00, 0x00, 0x00, 0x00, 0x16, 0x20, 0x01, 0x00, 0x00, 0x00, 0x10, 0x00, 0x10, 0x4E,
	0x00, 0x00, 0x66, 0x00, 0x01, 0x00, 0x00, 0x00, 0x80, 0x87, 0x00, 0xE0, 0x10, 0x00, 0x28, 0x00,
	0x00, 0x00, 0x00, 0x00, 0x00, 0x00, 0x00, 0x00, 0x00, 0x00, 0x38, 0x00, 0x00, 0x00, 0x00, 0x00,
	0x00, 0x00, 0x00, 0x00, 0x82, 0x23, 0x26, 0x00, 0x00, 0x00, 0x02, 0x00, 0x01, 0x00, 0x28, 0x01,
	0x00, 0x00, 0x29, 0x00, 0x18, 0x1C, 0x14, 0x20, 0x01, 0x12, 0x68, 0x80, 0x00, 0x00, 0x40, 0x68,
	0x5B, 0x00, 0x00, 0x00, 0x00, 0x00, 0x00, 0x00, 0x00, 0x00, 0xDC, 0x80, 0x18, 0x00, 0x01, 0x00,
	0x00, 0x00, 0x00, 0x00, 0xC0, 0x0B, 0x76, 0x80, 0x00, 0x00, 0x00, 0x00, 0xC0, 0x03, 0x01, 0x70,
	0x17, 0x00, 0x00, 0x00, 0x00, 0x00, 0x00, 0x00, 0x00, 0x00, 0x00, 0x00, 0x00, 0x00, 0x00, 0x00,
	0x14, 0x00, 0x00, 0x00, 0x00, 0x00, 0x00, 0x00, 0x00, 0x00, 0x16, 0x00, 0x00, 0x00, 0x00, 0x00,
	0x10, 0x00, 0x00, 0x4E, 0x00, 0x00, 0x66, 0x00, 0x01, 0x00, 0x00, 0x00, 0x80, 0x87, 0x00, 0xC0,
	0x12, 0x00, 0x28, 0x00, 0x00, 0x00, 0x00, 0x00, 0x00, 0x00, 0x00, 0x00, 0x00, 0x00, 0x38, 0x00,
	0x00, 0x00, 0x00, 0x00, 0x00, 0x00, 0x00, 0x00, 0x82, 0x23, 0x26, 0x00, 0x00, 0x00, 0x02, 0x00,
	0x01, 0x00, 0x00, 0x01, 0x00, 0x00, 0x29, 0x00, 0x18, 0x1C, 0x14, 0x20, 0x01, 0x00, 0x00, 0x80,
	0x00, 0x00, 0x40, 0x68, 0x5B, 0x00, 0x00, 0x00, 0x00, 0x00, 0x00, 0x00, 0x00, 0x00, 0xDC, 0x80,
	0x18, 0x00, 0x01, 0x00, 0x00, 0x00, 0x00, 0x00, 0xC0, 0x0B, 0x76, 0x80, 0x00, 0x00, 0x00, 0x00,
	0xC0, 0x03, 0x01, 0x60, 0x18, 0x00, 0x00, 0x00, 0x00, 0x00, 0x00, 0x00, 0x00, 0x00, 0x00, 0x00,
	0x00, 0x00, 0x00, 0x00, 0x14, 0x00, 0x00, 0x00, 0x00, 0x00, 0x00, 0x00, 0x00, 0x00, 0x16, 0x20,
	0x01, 0x00, 0x00, 0x00, 0x10, 0x00, 0x10, 0x4E, 0x00, 0x00, 0x66, 0x00, 0x01, 0x00, 0x00, 0x00,
	0x80, 0x87, 0x00, 0xA0, 0x14, 0x00, 0x28, 0x00, 0x00, 0x00, 0x00, 0x00, 0x00, 0x00, 0x00, 0x00,
	0x00, 0x00, 0x38, 0x00, 0x00, 0x00, 0x00, 0x00, 0x00, 0x00, 0x00, 0x00, 0x82, 0x23, 0x26, 0x00,
	0x00, 0x00, 0x02, 0x00, 0x01, 0x00, 0x3C, 0x01, 0x00, 0x00, 0x29, 0x00, 0x18, 0x1C, 0x14, 0x20,
	0x01, 0x12, 0x7C, 0x80, 0x00, 0x00, 0x40, 0x68, 0x5B, 0x00, 0x00, 0x00, 0x00, 0x00, 0x00, 0x00,
	0x00, 0x00, 0xDC, 0x80, 0x18, 0x00, 0x01, 0x00, 0x00, 0x00, 0x00, 0x00, 0xC0, 0x0B, 0x76, 0x80,
	0x00, 0x00, 0x00, 0x00, 0xC0, 0x03, 0x01, 0x50, 0x19, 0x00, 0x00, 0x00, 0x00, 0x00, 0x00, 0x00,
	0x00, 0x00, 0x00, 0x00, 0x00, 0x00, 0x00, 0x00, 0x14, 0x00, 0x00, 0x00, 0x00, 0x00, 0x00, 0x00,
	0x00, 0x00, 0x00, 0x00, 0x00, 0x00, 0x00, 0x00, 0x00, 0x00, 0x00, 0x00, 0x00, 0x00, 0x00, 0x00,
	0x14, 0x00, 0x00, 0x00, 0x00, 0x00, 0x00, 0x00, 0x00, 0x00, 0x16, 0x00, 0x00, 0x00, 0x00, 0x00,
	0x10, 0x00, 0x00, 0x52, 0x00, 0x00, 0x66, 0x00, 0x00, 0x00, 0x00, 0x00, 0x80, 0x02, 0x00, 0x00,
	0x1E, 0x00, 0x75, 0x00, 0x26, 0x00, 0x00, 0x00, 0x00, 0x02, 0x00, 0x00, 0x06, 0x00, 0x66, 0x00,
	0x00, 0x00, 0x00, 0x00, 0x80, 0x02, 0x00, 0x80, 0x16, 0x00, 0x75, 0x00, 0x26, 0x00, 0x20, 0x00,
	0x00, 0x02, 0x00, 0x00, 0x06, 0x00, 0x28, 0x00, 0x00, 0x00, 0x00, 0x00, 0x00, 0x00, 0x00, 0x00,
	0x00, 0x00, 0x38, 0x00, 0x00, 0x00, 0x00, 0x00, 0x00, 0x00, 0x00, 0x00, 0x84, 0x2B, 0x26, 0x00,
	0x00, 0x00, 0x03, 0x00, 0x02, 0x00, 0x14, 0x01, 0x00, 0x00, 0x29, 0x00, 0x2C, 0x2C, 0x14, 0xC0,
	0x01, 0x00, 0x14, 0x80, 0x00, 0x00, 0x16, 0x20, 0x01, 0x00, 0x00, 0x00, 0x90, 0x00, 0x10, 0x56,
	0x00, 0x00, 0x28, 0x00, 0x00, 0x00, 0x00, 0x00, 0x00, 0x00, 0x00, 0x00, 0x00, 0x00, 0x38, 0x00,
	0x00, 0x00, 0x00, 0x00, 0x00, 0x00, 0x00, 0x00, 0x48, 0x33, 0x26, 0x00, 0x00, 0x00, 0x01, 0x00,
	0x02, 0x00, 0x28, 0x02, 0x00, 0x00, 0x29, 0x98, 0x30, 0x2C, 0x04, 0x00, 0x00, 0x12, 0x68, 0x80,
	0x00, 0x00, 0x16, 0x00, 0x00, 0x00, 0x00, 0x00, 0x90, 0x00, 0x00, 0x7A, 0x00, 0x00, 0x26, 0x00,
	0x00, 0x00, 0x03, 0x00, 0x02, 0x00, 0x00, 0x02, 0x00, 0x00, 0x29, 0xAC, 0x30, 0x2C, 0x04, 0x00,
	0x00, 0x00, 0x00, 0x80, 0x00, 0x00, 0x2E, 0x00, 0x2B, 0x00, 0x00, 0x00, 0xE0, 0x01, 0x01, 0x00,
	0x0F, 0x00, 0x00, 0x00, 0x00, 0x00, 0x00, 0x00, 0x00, 0x00, 0x00, 0x00, 0x00, 0x00, 0x00, 0x00,
	0x14, 0x00, 0x00, 0x00, 0x00, 0x00, 0x00, 0x00, 0x00, 0x00, 0x16, 0x20, 0x01, 0x00, 0x00, 0x00,
	0x10, 0x00, 0x10, 0x52, 0x00, 0x00, 0x66, 0x00, 0x00, 0x00, 0x00, 0x00, 0xA8, 0x02, 0x00, 0x96,
	0x1E, 0x00, 0x75, 0x60, 0x2D, 0x00, 0x00, 0x00, 0x00, 0x02, 0x00, 0x00, 0x06, 0x00, 0x66, 0x00,
	0x00, 0x00, 0x00, 0x00, 0xA8, 0x02, 0x00, 0x16, 0x17, 0x00, 0x75, 0x60, 0x2D, 0x00, 0x20, 0x00,
	0x00, 0x02, 0x00, 0x00, 0x06, 0x00, 0x28, 0x00, 0x00, 0x00, 0x00, 0x00, 0x00, 0x00, 0x00, 0x00,
	0x00, 0x00, 0x38, 0x00, 0x00, 0x00, 0x00, 0x00, 0x00, 0x00, 0x00, 0x00, 0x84, 0x2B, 0x26, 0x00,
	0x00, 0x00, 0x03, 0x00, 0x02, 0x00, 0x3C, 0x01, 0x00, 0x00, 0x29, 0x00, 0x34, 0x34, 0x14, 0xAC,
	0x01, 0x12, 0x7C, 0x80, 0x00, 0x00, 0x16, 0x00, 0x00, 0x00, 0x00, 0x00, 0x90, 0x00, 0x00, 0x56,
	0x00, 0x00, 0x28, 0x00, 0x00, 0x00, 0x00, 0x00, 0x00, 0x00, 0x00, 0x00, 0x00, 0x00, 0x38, 0x00,
	0x00, 0x00, 0x00, 0x00, 0x00, 0x00, 0x00, 0x00, 0x48, 0x33, 0x26, 0x00, 0x00, 0x00, 0x01, 0x00,
	0x02, 0x00, 0x14, 0x02, 0x00, 0x00, 0x29, 0x98, 0x30, 0x34, 0x0C, 0x00, 0x00, 0x00, 0x14, 0x80,
	0x00, 0x00, 0x16, 0x20, 0x01, 0x00, 0x00, 0x00, 0x90, 0x00, 0x10, 0x7A, 0x00, 0x00, 0x26, 0x00,
	0x00, 0x00, 0x03, 0x00, 0x02, 0x00, 0x28, 0x02, 0x00, 0x00, 0x29, 0xAC, 0x30, 0x34, 0x0C, 0x00,
	0x00, 0x12, 0x68, 0x80, 0x00, 0x00, 0x2E, 0x00, 0x2B, 0x00, 0x00, 0x00, 0xE0, 0x01, 0x01, 0x50,
	0x0F, 0x00, 0x00, 0x00, 0x00, 0x00, 0x00, 0x00, 0x00, 0x00, 0x00, 0x00, 0x00, 0x00, 0x00, 0x00,
	0x14, 0x00, 0x00, 0x00, 0x00, 0x00, 0x00, 0x00, 0x00, 0x00, 0x16, 0x00, 0x00, 0x00, 0x00, 0x00,
	0x10, 0x00, 0x00, 0x52, 0x00, 0x00, 0x66, 0x00, 0x00, 0x00, 0x00, 0x00, 0xA8, 0x02, 0x00, 0x36,
	0x1F, 0x00, 0x75, 0x60, 0x2D, 0x00, 0x00, 0x00, 0x00, 0x02, 0x00, 0x00, 0x06, 0x00, 0x66, 0x00,
	0x00, 0x00, 0x00, 0x00, 0xA8, 0x02, 0x00, 0xB6, 0x17, 0x00, 0x75, 0x60, 0x2D, 0x00, 0x20, 0x00,
	0x00, 0x02, 0x00, 0x00, 0x06, 0x00, 0x28, 0x00, 0x00, 0x00, 0x00, 0x00, 0x00, 0x00, 0x00, 0x00,
	0x00, 0x00, 0x38, 0x00, 0x00, 0x00, 0x00, 0x00, 0x00, 0x00, 0x00, 0x00, 0x84, 0x2B, 0x26, 0x00,
	0x00, 0x00, 0x03, 0x00, 0x02, 0x00, 0x00, 0x01, 0x00, 0x00, 0x29, 0x00, 0x34, 0x34, 0x14, 0xAC,
	0x01, 0x00, 0x00, 0x80, 0x00, 0x00, 0x16, 0x20, 0x01, 0x00, 0x00, 0x00, 0x90, 0x00, 0x10, 0x56,
	0x00, 0x00, 0x28, 0x00, 0x00, 0x00, 0x00, 0x00, 0x00, 0x00, 0x00, 0x00, 0x00, 0x00, 0x38, 0x00,
	0x00, 0x00, 0x00, 0x00, 0x00, 0x00, 0x00, 0x00, 0x48, 0x33, 0x26, 0x00, 0x00, 0x00, 0x01, 0x00,
	0x02, 0x00, 0x3C, 0x02, 0x00, 0x00, 0x29, 0x98, 0x30, 0x34, 0x0C, 0x00, 0x00, 0x12, 0x7C, 0x80,
	0x00, 0x00, 0x16, 0x00, 0x00, 0x00, 0x00, 0x00, 0x90, 0x00, 0x00, 0x7A, 0x00, 0x00, 0x26, 0x00,
	0x00, 0x00, 0x03, 0x00, 0x02, 0x00, 0x14, 0x02, 0x00, 0x00, 0x29, 0xAC, 0x30, 0x34, 0x0C, 0x00,
	0x00, 0x00, 0x14, 0x80, 0x00, 0x00, 0x2E, 0x00, 0x2B, 0x00, 0x00, 0x00, 0xE0, 0x01, 0x01, 0xA0,
	0x0F, 0x00, 0x00, 0x00, 0x00, 0x00, 0x00, 0x00, 0x00, 0x00, 0x00, 0x00, 0x00, 0x00, 0x00, 0x00,
	0x14, 0x00, 0x00, 0x00, 0x00, 0x00, 0x00, 0x00, 0x00, 0x00, 0x16, 0x20, 0x01, 0x00, 0x00, 0x00,
	0x10, 0x00, 0x10, 0x52, 0x00, 0x00, 0x66, 0x00, 0x00, 0x00, 0x00, 0x00, 0xA8, 0x02, 0x00, 0xD6,
	0x1F, 0x00, 0x75, 0x60, 0x2D, 0x00, 0x00, 0x00, 0x00, 0x02, 0x00, 0x00, 0x06, 0x00, 0x66, 0x00,
	0x00, 0x00, 0x00, 0x00, 0xA8, 0x02, 0x00, 0x56, 0x18, 0x00, 0x75, 0x60, 0x2D, 0x00, 0x20, 0x00,
	0x00, 0x02, 0x00, 0x00, 0x06, 0x00, 0x28, 0x00, 0x00, 0x00, 0x00, 0x00, 0x00, 0x00, 0x00, 0x00,
	0x00, 0x00, 0x38, 0x00, 0x00, 0x00, 0x00, 0x00, 0x00, 0x00, 0x00, 0x00, 0x84, 0x2B, 0x26, 0x00,
	0x00, 0x00, 0x03, 0x00, 0x02, 0x00, 0x28, 0x01, 0x00, 0x00, 0x29, 0x00, 0x34, 0x34, 0x14, 0xAC,
	0x01, 0x12, 0x68, 0x80, 0x00, 0x00, 0x16, 0x00, 0x00, 0x00, 0x00, 0x00, 0x90, 0x00, 0x00, 0x56,
	0x00, 0x00, 0x28, 0x00, 0x00, 0x00, 0x00, 0x00, 0x00, 0x00, 0x00, 0x00, 0x00, 0x00, 0x38, 0x00,
	0x00, 0x00, 0x00, 0x00, 0x00, 0x00, 0x00, 0x00, 0x48, 0x33, 0x26, 0x00, 0x00, 0x00, 0x01, 0x00,
	0x02, 0x00, 0x00, 0x02, 0x00, 0x00, 0x29, 0x98, 0x30, 0x34, 0x0C, 0x00, 0x00, 0x00, 0x00, 0x80,
	0x00, 0x00, 0x16, 0x20, 0x01, 0x00, 0x00, 0x00, 0x90, 0x00, 0x10, 0x7A, 0x00, 0x00, 0x26, 0x00,
	0x00, 0x00, 0x03, 0x00, 0x02, 0x00, 0x3C, 0x02, 0x00, 0x00, 0x29, 0xAC, 0x30, 0x34, 0x0C, 0x00,
	0x00, 0x12, 0x7C, 0x80, 0x00, 0x00, 0x2E, 0x00, 0x2B, 0x00, 0x00, 0x00, 0xE0, 0x01, 0x01, 0xF0,
	0x0F, 0x00, 0x00, 0x00, 0x00, 0x00, 0x00, 0x00, 0x00, 0x00, 0x00, 0x00, 0x00, 0x00, 0x00, 0x00,
	0x14, 0x00, 0x00, 0x00, 0x00, 0x00, 0x00, 0x00, 0x00, 0x00, 0x16, 0x00, 0x00, 0x00, 0x00, 0x00,
	0x10, 0x00, 0x00, 0x52, 0x00, 0x00, 0x66, 0x00, 0x00, 0x00, 0x00, 0x00, 0xA8, 0x02, 0x00, 0x76,
	0x20, 0x00, 0x75, 0x60, 0x2D, 0x00, 0x00, 0x00, 0x00, 0x02, 0x00, 0x00, 0x06, 0x00, 0x66, 0x00,
	0x00, 0x00, 0x00, 0x00, 0xA8, 0x02, 0x00, 0xF6, 0x18, 0x00, 0x75, 0x60, 0x2D, 0x00, 0x20, 0x00,
	0x00, 0x02, 0x00, 0x00, 0x06, 0x00, 0x28, 0x00, 0x00, 0x00, 0x00, 0x00, 0x00, 0x00, 0x00, 0x00,
	0x00, 0x00, 0x38, 0x00, 0x00, 0x00, 0x00, 0x00, 0x00, 0x00, 0x00, 0x00, 0x84, 0x2B, 0x26, 0x00,
	0x00, 0x00, 0x03, 0x00, 0x02, 0x00, 0x14, 0x01, 0x00, 0x00, 0x29, 0x00, 0x34, 0x34, 0x14, 0xAC,
	0x01, 0x00, 0x14, 0x80, 0x00, 0x00, 0x16, 0x20, 0x01, 0x00, 0x00, 0x00, 0x90, 0x00, 0x10, 0x56,
	0x00, 0x00, 0x28, 0x00, 0x00, 0x00, 0x00, 0x00, 0x00, 0x00, 0x00, 0x00, 0x00, 0x00, 0x38, 0x00,
	0x00, 0x00, 0x00, 0x00, 0x00, 0x00, 0x00, 0x00, 0x48, 0x33, 0x26, 0x00, 0x00, 0x00, 0x01, 0x00,
	0x02, 0x00, 0x28, 0x02, 0x00, 0x00, 0x29, 0x98, 0x30, 0x34, 0x0C, 0x00, 0x00, 0x12, 0x68, 0x80,
	0x00, 0x00, 0x16, 0x00, 0x00, 0x00, 0x00, 0x00, 0x90, 0x00, 0x00, 0x7A, 0x00, 0x00, 0x26, 0x00,
	0x00, 0x00, 0x03, 0x00, 0x02, 0x00, 0x00, 0x02, 0x00, 0x00, 0x29, 0xAC, 0x30, 0x34, 0x0C, 0x00,
	0x00, 0x00, 0x00, 0x80, 0x00, 0x00, 0x2E, 0x00, 0x2B, 0x00, 0x00, 0x00, 0xE0, 0x01, 0x01, 0x40,
	0x10, 0x00, 0x00, 0x00, 0x00, 0x00, 0x00, 0x00, 0x00, 0x00, 0x00, 0x00, 0x00, 0x00, 0x00, 0x00,
	0x14, 0x00, 0x00, 0x00, 0x00, 0x00, 0x00, 0x00, 0x00, 0x00, 0x16, 0x20, 0x01, 0x00, 0x00, 0x00,
	0x10, 0x00, 0x10, 0x52, 0x00, 0x00, 0x66, 0x00, 0x00, 0x00, 0x00, 0x00, 0xA8, 0x02, 0x00, 0x16,
	0x21, 0x00, 0x75, 0x60, 0x2D, 0x00, 0x00, 0x00, 0x00, 0x02, 0x00, 0x00, 0x06, 0x00, 0x66, 0x00,
	0x00, 0x00, 0x00, 0x00, 0xA8, 0x02, 0x00, 0x96, 0x19, 0x00, 0x75, 0x60, 0x2D, 0x00, 0x20, 0x00,
	0x00, 0x02, 0x00, 0x00, 0x06, 0x00, 0x28, 0x00, 0x00, 0x00, 0x00, 0x00, 0x00, 0x00, 0x00, 0x00,
	0x00, 0x00, 0x38, 0x00, 0x00, 0x00, 0x00, 0x00, 0x00, 0x00, 0x00, 0x00, 0x84, 0x2B, 0x26, 0x00,
	0x00, 0x00, 0x03, 0x00, 0x02, 0x00, 0x3C, 0x01, 0x00, 0x00, 0x29, 0x00, 0x34, 0x34, 0x14, 0xAC,
	0x01, 0x12, 0x7C, 0x80, 0x00, 0x00, 0x16, 0x00, 0x00, 0x00, 0x00, 0x00, 0x90, 0x00, 0x00, 0x56,
	0x00, 0x00, 0x28, 0x00, 0x00, 0x00, 0x00, 0x00, 0x00, 0x00, 0x00, 0x00, 0x00, 0x00, 0x38, 0x00,
	0x00, 0x00, 0x00, 0x00, 0x00, 0x00, 0x00, 0x00, 0x48, 0x33, 0x26, 0x00, 0x00, 0x00, 0x01, 0x00,
	0x02, 0x00, 0x14, 0x02, 0x00, 0x00, 0x29, 0x98, 0x30, 0x34, 0x0C, 0x00, 0x00, 0x00, 0x14, 0x80,
	0x00, 0x00, 0x16, 0x20, 0x01, 0x00, 0x00, 0x00, 0x90, 0x00, 0x10, 0x7A, 0x00, 0x00, 0x26, 0x00,
	0x00, 0x00, 0x03, 0x00, 0x02, 0x00, 0x28, 0x02, 0x00, 0x00, 0x29, 0xAC, 0x30, 0x34, 0x0C, 0x00,
	0x00, 0x12, 0x68, 0x80, 0x00, 0x00, 0x2E, 0x00, 0x2B, 0x00, 0x00, 0x00, 0xE0, 0x01, 0x01, 0x90,
	0x10, 0x00, 0x00, 0x00, 0x00, 0x00, 0x00, 0x00, 0x00, 0x00, 0x00, 0x00, 0x00, 0x00, 0x00, 0x00,
	0x14, 0x00, 0x00, 0x00, 0x00, 0x00, 0x00, 0x00, 0x00, 0x00, 0x00, 0x00, 0x00, 0x00, 0x00, 0x00,
	0x00, 0x00, 0x00, 0x00, 0x00, 0x00, 0x00, 0x00, 0x14, 0x00, 0x00, 0x00, 0x00, 0x00, 0x00, 0x00,
	0x00, 0x00, 0x16, 0x00, 0x00, 0x00, 0x00, 0x00, 0x20, 0x00, 0x00, 0x9E, 0x00, 0x00, 0x0E, 0x00,
	0x30, 0x00, 0x00, 0x00, 0xE0, 0x01, 0x00, 0x00, 0x0F, 0x00, 0x28, 0x00, 0x00, 0x00, 0x00, 0x00,
	0x00, 0x00, 0x00, 0x00, 0x00, 0x00, 0x38, 0x00, 0x00, 0x00, 0x00, 0x00, 0x00, 0x00, 0x00, 0x00,
	0x84, 0x33, 0x26, 0x00, 0x00, 0x00, 0x01, 0x00, 0x02, 0x00, 0x00, 0x03, 0x00, 0x00, 0x29, 0x84,
	0x38, 0x3C, 0x14, 0x00, 0x00, 0x00, 0x00, 0x80, 0x00, 0x00, 0x76, 0x80, 0x00, 0x00, 0x00, 0x00,
	0xC0, 0x03, 0x01, 0xC0, 0x12, 0x00, 0x00, 0x00, 0x00, 0x00, 0x00, 0x00, 0x00, 0x00, 0x00, 0x00,
	0x00, 0x00, 0x00, 0x00, 0x14, 0x00, 0x00, 0x00, 0x00, 0x00, 0x00, 0x00, 0x00, 0x00, 0x16, 0x20,
	0x01, 0x00, 0x00, 0x00, 0x20, 0x00, 0x10, 0x9E, 0x00, 0x00, 0x0E, 0x00, 0x30, 0x00, 0x00, 0x00,
	0xE0, 0x01, 0x00, 0xF0, 0x0F, 0x00, 0x28, 0x00, 0x00, 0x00, 0x00, 0x00, 0x00, 0x00, 0x00, 0x00,
	0x00, 0x00, 0x38, 0x00, 0x00, 0x00, 0x00, 0x00, 0x00, 0x00, 0x00, 0x00, 0x84, 0x33, 0x26, 0x00,
	0x00, 0x00, 0x01, 0x00, 0x02, 0x00, 0x3C, 0x03, 0x00, 0x00, 0x29, 0x84, 0x38, 0x3C, 0x14, 0x00,
	0x00, 0x12, 0x7C, 0x80, 0x00, 0x00, 0x76, 0x80, 0x00, 0x00, 0x00, 0x00, 0xC0, 0x03, 0x01, 0xB0,
	0x13, 0x00, 0x00, 0x00, 0x00, 0x00, 0x00, 0x00, 0x00, 0x00, 0x00, 0x00, 0x00, 0x00, 0x00, 0x00,
	0x14, 0x00, 0x00, 0x00, 0x00, 0x00, 0x00, 0x00, 0x00, 0x00, 0x00, 0x00, 0x00, 0x00, 0x00, 0x00,
	0x00, 0x00, 0x00, 0x00, 0x00, 0x00, 0x00, 0x00, 0x14, 0x00, 0x00, 0x00, 0x00, 0x00, 0x00, 0x00,
	0x00, 0x00, 0x16, 0x00, 0x00, 0x00, 0x00, 0x00, 0x10, 0x00, 0x00, 0xA6, 0x00, 0x00, 0x66, 0x30,
	0x00, 0x00, 0x00, 0x00, 0xE8, 0x03, 0x01, 0xC0, 0x12, 0x00, 0x28, 0x00, 0x00, 0x00, 0x00, 0x00,
	0x00, 0x00, 0x00, 0x00, 0x00, 0x00, 0x38, 0x00, 0x00, 0x00, 0x00, 0x00, 0x00, 0x00, 0x00, 0x00,
	0x44, 0x33, 0x26, 0x00, 0x00, 0x00, 0x03, 0x00, 0x02, 0x00, 0x14, 0x03, 0x00, 0x00, 0x29, 0x00,
	0x40, 0x40, 0x14, 0x04, 0x02, 0x00, 0x14, 0x80, 0x00, 0x04, 0x16, 0x20, 0x01, 0x00, 0x00, 0x00,
	0x90, 0x00, 0x10, 0xAA, 0x00, 0x00, 0x28, 0x00, 0x00, 0x00, 0x00, 0x00, 0x00, 0x00, 0x00, 0x00,
	0x00, 0x00, 0x38, 0x00, 0x00, 0x00, 0x00, 0x00, 0x00, 0x00, 0x00, 0x00, 0x86, 0x33, 0x26, 0x00,
	0x00, 0x00, 0x01, 0x00, 0x02, 0x00, 0x28, 0x04, 0x00, 0x00, 0x29, 0x84, 0x38, 0x40, 0x18, 0x00,
	0x00, 0x12, 0x68, 0x80, 0x00, 0x00, 0x76, 0x80, 0x00, 0x00, 0x00, 0x00, 0xC0, 0x03, 0x01, 0xA0,
	0x14, 0x00, 0x00, 0x00, 0x00, 0x00, 0x00, 0x00, 0x00, 0x00, 0x00, 0x00, 0x00, 0x00, 0x00, 0x00,
	0x14, 0x00, 0x00, 0x00, 0x00, 0x00, 0x00, 0x00, 0x00, 0x00, 0x16, 0x00, 0x00, 0x00, 0x00, 0x00,
	0x10, 0x00, 0x00, 0xA6, 0x00, 0x00, 0x66, 0x30, 0x00, 0x00, 0x00, 0x00, 0xE8, 0x03, 0x01, 0xA6,
	0x13, 0x00, 0x28, 0x00, 0x00, 0x00, 0x00, 0x00, 0x00, 0x00, 0x00, 0x00, 0x00, 0x00, 0x38, 0x00,
	0x00, 0x00, 0x00, 0x00, 0x00, 0x00, 0x00, 0x00, 0x44, 0x33, 0x26, 0x00, 0x00, 0x00, 0x03, 0x00,
	0x02, 0x00, 0x00, 0x03, 0x00, 0x00, 0x29, 0x00, 0x40, 0x40, 0x14, 0x04, 0x02, 0x00, 0x00, 0x80,
	0x00, 0x04, 0x16, 0x20, 0x01, 0x00, 0x00, 0x00, 0x90, 0x00, 0x10, 0xAA, 0x00, 0x00, 0x28, 0x00,
	0x00, 0x00, 0x00, 0x00, 0x00, 0x00, 0x00, 0x00, 0x00, 0x00, 0x38, 0x00, 0x00, 0x00, 0x00, 0x00,
	0x00, 0x00, 0x00, 0x00, 0x86, 0x33, 0x26, 0x00, 0x00, 0x00, 0x01, 0x00, 0x02, 0x00, 0x3C, 0x04,
	0x00, 0x00, 0x29, 0x84, 0x38, 0x40, 0x20, 0x00, 0x00, 0x12, 0x7C, 0x80, 0x00, 0x00, 0x76, 0x80,
	0x00, 0x00, 0x00, 0x00, 0xC0, 0x03, 0x01, 0x90, 0x15, 0x00, 0x00, 0x00, 0x00, 0x00, 0x00, 0x00,
	0x00, 0x00, 0x00, 0x00, 0x00, 0x00, 0x00, 0x00, 0x14, 0x00, 0x00, 0x00, 0x00, 0x00, 0x00, 0x00,
	0x00, 0x00, 0x00, 0x00, 0x00, 0x00, 0x00, 0x00, 0x00, 0x00, 0x00, 0x00, 0x00, 0x00, 0x00, 0x00,
	0x14, 0x00, 0x00, 0x00, 0x00, 0x00, 0x00, 0x00, 0x00, 0x00, 0x66, 0x00, 0x00, 0x00, 0x00, 0x00,
	0xC0, 0x03, 0x00, 0xC0, 0x12, 0x00, 0x66, 0x80, 0x00, 0x00, 0x00, 0x00, 0xC0, 0x03, 0x01, 0xA0,
	0x14, 0x00, 0x40, 0x8C, 0x59, 0xE0, 0x5A, 0x01, 0x00, 0x00, 0x00, 0x00, 0x00, 0x00, 0x0B, 0x80,
	0x38, 0x00, 0x01, 0x01, 0x00, 0x08, 0x00, 0x00, 0xDE, 0x1B, 0x76, 0x80, 0x00, 0x00, 0x00, 0x00,
	0xC0, 0x03, 0x01, 0x80, 0x16, 0x00, 0x00, 0x00, 0x00, 0x00, 0x00, 0x00, 0x00, 0x00, 0x00, 0x00,
	0x00, 0x00, 0x00, 0x00, 0x14, 0x00, 0x00, 0x00, 0x00, 0x00, 0x00, 0x00, 0x00, 0x00, 0x66, 0x00,
	0x00, 0x00, 0x00, 0x00, 0xC0, 0x03, 0x00, 0xB0, 0x13, 0x00, 0x66, 0x80, 0x00, 0x00, 0x00, 0x00,
	0xC0, 0x03, 0x01, 0x90, 0x15, 0x00, 0x40, 0x8C, 0x59, 0xE0, 0x5A, 0x01, 0x00, 0x00, 0x00, 0x00,
	0x00, 0x00, 0x0B, 0x80, 0x38, 0x00, 0x01, 0x01, 0x00, 0x08, 0x00, 0x00, 0xDE, 0x1B, 0x76, 0x80,
	0x00, 0x00, 0x00, 0x00, 0xC0, 0x03, 0x01, 0x70, 0x17, 0x00, 0x00, 0x00, 0x00, 0x00, 0x00, 0x00,
	0x00, 0x00, 0x00, 0x00, 0x00, 0x00, 0x00, 0x00, 0x14, 0x00, 0x00, 0x00, 0x00, 0x00, 0x00, 0x00,
	0x00, 0x00, 0x00, 0x00, 0x00, 0x00, 0x00, 0x00, 0x00, 0x00, 0x00, 0x00, 0x00, 0x00, 0x00, 0x00,
	0x14, 0x00, 0x00, 0x00, 0x00, 0x00, 0x00, 0x00, 0x00, 0x00, 0x16, 0x00, 0x00, 0x00, 0x00, 0x00,
	0x10, 0x00, 0x00, 0xCE, 0x00, 0x00, 0x66, 0x30, 0x00, 0x00, 0x00, 0x00, 0xE8, 0x03, 0x01, 0x80,
	0x16, 0x00, 0x28, 0x00, 0x00, 0x00, 0x00, 0x00, 0x00, 0x00, 0x00, 0x00, 0x00, 0x00, 0x38, 0x00,
	0x00, 0x00, 0x00, 0x00, 0x00, 0x00, 0x00, 0x00, 0x84, 0x2B, 0x26, 0x00, 0x00, 0x00, 0x03, 0x00,
	0x02, 0x00, 0x14, 0x04, 0x00, 0x00, 0x29, 0x00, 0x40, 0x40, 0x14, 0x04, 0x02, 0x00, 0x14, 0x80,
	0x00, 0x04, 0x16, 0x20, 0x01, 0x00, 0x00, 0x00, 0x90, 0x00, 0x10, 0xD2, 0x00, 0x00, 0x28, 0x00,
	0x00, 0x00, 0x00, 0x00, 0x00, 0x00, 0x00, 0x00, 0x00, 0x00, 0x38, 0x00, 0x00, 0x00, 0x00, 0x00,
	0x00, 0x00, 0x00, 0x00, 0x48, 0x33, 0x26, 0x00, 0x00, 0x00, 0x01, 0x00, 0x02, 0x00, 0x28, 0x05,
	0x00, 0x00, 0x29, 0x84, 0x38, 0x40, 0x18, 0x00, 0x00, 0x12, 0x68, 0x80, 0x00, 0x00, 0x76, 0x80,
	0x00, 0x00, 0x00, 0x00, 0xC0, 0x03, 0x01, 0xC0, 0x12, 0x00, 0x00, 0x00, 0x00, 0x00, 0x00, 0x00,
	0x00, 0x00, 0x00, 0x00, 0x00, 0x00, 0x00, 0x00, 0x14, 0x00, 0x00, 0x00, 0x00, 0x00, 0x00, 0x00,
	0x00, 0x00, 0x16, 0x00, 0x00, 0x00, 0x00, 0x00, 0x10, 0x00, 0x00, 0xCE, 0x00, 0x00, 0x66, 0x30,
	0x00, 0x00, 0x00, 0x00, 0xE8, 0x03, 0x01, 0x66, 0x17, 0x00, 0x28, 0x00, 0x00, 0x00, 0x00, 0x00,
	0x00, 0x00, 0x00, 0x00, 0x00, 0x00, 0x38, 0x00, 0x00, 0x00, 0x00, 0x00, 0x00, 0x00, 0x00, 0x00,
	0x84, 0x2B, 0x26, 0x00, 0x00, 0x00, 0x03, 0x00, 0x02, 0x00, 0x00, 0x04, 0x00, 0x00, 0x29, 0x00,
	0x40, 0x40, 0x14, 0x04, 0x02, 0x00, 0x00, 0x80, 0x00, 0x04, 0x16, 0x20, 0x01, 0x00, 0x00, 0x00,
	0x90, 0x00, 0x10, 0xD2, 0x00, 0x00, 0x28, 0x00, 0x00, 0x00, 0x00, 0x00, 0x00, 0x00, 0x00, 0x00,
	0x00, 0x00, 0x38, 0x00, 0x00, 0x00, 0x00, 0x00, 0x00, 0x00, 0x00, 0x00, 0x48, 0x33, 0x26, 0x00,
	0x00, 0x00, 0x01, 0x00, 0x02, 0x00, 0x3C, 0x05, 0x00, 0x00, 0x29, 0x84, 0x38, 0x40, 0x20, 0x00,
	0x00, 0x12, 0x7C, 0x80, 0x00, 0x00, 0x76, 0x80, 0x00, 0x00, 0x00, 0x00, 0xC0, 0x03, 0x01, 0xB0,
	0x13, 0x00, 0x00, 0x00, 0x00, 0x00, 0x00, 0x00, 0x00, 0x00, 0x00, 0x00, 0x00, 0x00, 0x00, 0x00,
	0x14, 0x00, 0x00, 0x00, 0x00, 0x00, 0x00, 0x00, 0x00, 0x00, 0x00, 0x00, 0x00, 0x00, 0x00, 0x00,
	0x00, 0x00, 0x00, 0x00, 0x00, 0x00, 0x00, 0x00, 0x14, 0x00, 0x00, 0x00, 0x00, 0x00, 0x00, 0x00,
	0x00, 0x00, 0x66, 0x00, 0x00, 0x00, 0x00, 0x00, 0xC0, 0x03, 0x00, 0x80, 0x16, 0x00, 0x66, 0x80,
	0x00, 0x00, 0x00, 0x00, 0xC0, 0x03, 0x01, 0xC0, 0x12, 0x00, 0x40, 0x35, 0x63, 0x94, 0xD5, 0x01,
	0x00, 0x00, 0x00, 0x00, 0x00, 0x00, 0x0B, 0x80, 0x38, 0x00, 0x01, 0x01, 0x00, 0x08, 0x00, 0x00,
	0xDE, 0x1B, 0x76, 0x80, 0x00, 0x00, 0x00, 0x00, 0xC0, 0x03, 0x01, 0xA0, 0x14, 0x00, 0x00, 0x00,
	0x00, 0x00, 0x00, 0x00, 0x00, 0x00, 0x00, 0x00, 0x00, 0x00, 0x00, 0x00, 0x14, 0x00, 0x00, 0x00,
	0x00, 0x00, 0x00, 0x00, 0x00, 0x00, 0x66, 0x00, 0x00, 0x00, 0x00, 0x00, 0xC0, 0x03, 0x00, 0x70,
	0x17, 0x00, 0x66, 0x80, 0x00, 0x00, 0x00, 0x00, 0xC0, 0x03, 0x01, 0xB0, 0x13, 0x00, 0x40, 0x35,
	0x63, 0x94, 0xD5, 0x01, 0x00, 0x00, 0x00, 0x00, 0x00, 0x00, 0x0B, 0x80, 0x38, 0x00, 0x01, 0x01,
	0x00, 0x08, 0x00, 0x00, 0xDE, 0x1B, 0x76, 0x80, 0x00, 0x00, 0x00, 0x00, 0xC0, 0x03, 0x01, 0x90,
	0x15, 0x00, 0x00, 0x00, 0x00, 0x00, 0x00, 0x00, 0x00, 0x00, 0x00, 0x00, 0x00, 0x00, 0x00, 0x00,
	0x14, 0x00, 0x00, 0x00, 0x00, 0x00, 0x00, 0x00, 0x00, 0x00, 0x00, 0x00, 0x00, 0x00, 0x00, 0x00,
	0x00, 0x00, 0x00, 0x00, 0x00, 0x00, 0x00, 0x00, 0x14, 0x00, 0x00, 0x00, 0x00, 0x00, 0x00, 0x00,
	0x00, 0x00, 0x16, 0x00, 0x00, 0x00, 0x00, 0x00, 0x20, 0x00, 0x00, 0xF6, 0x00, 0x00, 0x0E, 0x00,
	0x31, 0x00, 0x00, 0x00, 0xE0, 0x81, 0x00, 0x00, 0x0F, 0x00, 0x28, 0x00, 0x00, 0x00, 0x00, 0x00,
	0x00, 0x00, 0x00, 0x00, 0x00, 0x00, 0x38, 0x00, 0x00, 0x00, 0x00, 0x00, 0x00, 0x00, 0x00, 0x00,
	0xC4, 0x2B, 0x26, 0x00, 0x00, 0x00, 0x03, 0x00, 0x02, 0x00, 0x14, 0x05, 0x00, 0x00, 0x29, 0x00,
	0x38, 0x3C, 0x14, 0x20, 0x01, 0x00, 0x14, 0x80, 0x00, 0x00, 0x40, 0x0A, 0x6B, 0x00, 0x00, 0x00,
	0x00, 0x00, 0x00, 0x00, 0x00, 0x00, 0xDC, 0x80, 0x38, 0x00, 0x01, 0x00, 0x00, 0x00, 0x00, 0x00,
	0xC0, 0x0B, 0x76, 0x80, 0x00, 0x00, 0x00, 0x00, 0xC0, 0x03, 0x01, 0xC0, 0x12, 0x00, 0x00, 0x00,
	0x00, 0x00, 0x00, 0x00, 0x00, 0x00, 0x00, 0x00, 0x00, 0x00, 0x00, 0x00, 0x14, 0x00, 0x00, 0x00,
	0x00, 0x00, 0x00, 0x00, 0x00, 0x00, 0x16, 0x20, 0x01, 0x00, 0x00, 0x00, 0x20, 0x00, 0x10, 0xF6,
	0x00, 0x00, 0x0E, 0x00, 0x31, 0x00, 0x00, 0x00, 0xE0, 0x81, 0x00, 0xF0, 0x0F, 0x00, 0x28, 0x00,
	0x00, 0x00, 0x00, 0x00, 0x00, 0x00, 0x00, 0x00, 0x00, 0x00, 0x38, 0x00, 0x00, 0x00, 0x00, 0x00,
	0x00, 0x00, 0x00, 0x00, 0xC4, 0x2B, 0x26, 0x00, 0x00, 0x00, 0x03, 0x00, 0x02, 0x00, 0x28, 0x05,
	0x00, 0x00, 0x29, 0x00, 0x38, 0x3C, 0x14, 0x20, 0x01, 0x12, 0x68, 0x80, 0x00, 0x00, 0x40, 0x0A,
	0x6B, 0x00, 0x00, 0x00, 0x00, 0x00, 0x00, 0x00, 0x00, 0x00, 0xDC, 0x80, 0x38, 0x00, 0x01, 0x00,
	0x00, 0x00, 0x00, 0x00, 0xC0, 0x0B, 0x76, 0x80, 0x00, 0x00, 0x00, 0x00, 0xC0, 0x03, 0x01, 0xB0,
	0x13, 0x00, 0x00, 0x00, 0x00, 0x00, 0x00, 0x00, 0x00, 0x00, 0x00, 0x00, 0x00, 0x00, 0x00, 0x00,
	0x14, 0x00, 0x00, 0x00, 0x00, 0x00, 0x00, 0x00, 0x00, 0x00, 0x00, 0x00, 0x00, 0x00, 0x00, 0x00,
	0x00, 0x00, 0x00, 0x00, 0x00, 0x00, 0x00, 0x00, 0x14, 0x00, 0x00, 0x00, 0x00, 0x00, 0x00, 0x00,
	0x00, 0x00, 0x16, 0x00, 0x00, 0x00, 0x00, 0x00, 0x20, 0x00, 0x00, 0xFE, 0x00, 0x00, 0x66, 0x00,
	0x03, 0x00, 0x00, 0x00, 0x80, 0x02, 0x01, 0xA0, 0x14, 0x00, 0x0D, 0x00, 0x44, 0x00, 0x00, 0x00,
	0x0C, 0x00, 0x00, 0x00, 0x00, 0x01, 0x66, 0x00, 0x03, 0x00, 0x00, 0x00, 0x80, 0x02, 0x01, 0xC0,
	0x12, 0x00, 0x0D, 0x00, 0x45, 0x00, 0x00, 0x00, 0x0C, 0x00, 0x00, 0x00, 0x02, 0x01, 0x28, 0x00,
	0x00, 0x00, 0x00, 0x00, 0x00, 0x00, 0x00, 0x00, 0x00, 0x00, 0x38, 0x00, 0x00, 0x00, 0x00, 0x00,
	0x00, 0x00, 0x00, 0x00, 0x86, 0x2B, 0x26, 0x00, 0x00, 0x00, 0x01, 0x00, 0x02, 0x00, 0x00, 0x06,
	0x00, 0x00, 0x29, 0x70, 0x44, 0x48, 0x14, 0x00, 0x00, 0x00, 0x00, 0x80, 0x00, 0x00, 0x16, 0x20,
	0x01, 0x00, 0x00, 0x00, 0x20, 0x00, 0x10, 0x06, 0x01, 0x00, 0x26, 0x00, 0x00, 0x00, 0x03, 0x00,
	0x02, 0x00, 0x3C, 0x06, 0x00, 0x00, 0x29, 0x98, 0x44, 0x48, 0x14, 0x00, 0x00, 0x12, 0x7C, 0x80,
	0x00, 0x00, 0x2E, 0x00, 0x36, 0x00, 0x00, 0x00, 0xE0, 0xC1, 0x00, 0x00, 0x0F, 0x00, 0x00, 0x00,
	0x00, 0x00, 0x00, 0x00, 0x00, 0x00, 0x00, 0x00, 0x00, 0x00, 0x00, 0x00, 0x14, 0x00, 0x00, 0x00,
	0x00, 0x00, 0x00, 0x00, 0x00, 0x00, 0x16, 0x00, 0x00, 0x00, 0x00, 0x00, 0x20, 0x00, 0x00, 0xFE,
	0x00, 0x00, 0x66, 0x00, 0x03, 0x00, 0x00, 0x00, 0x80, 0x02, 0x01, 0x40, 0x15, 0x00, 0x0D, 0x00,
	0x44, 0x00, 0x00, 0x00, 0x0C, 0x00, 0x00, 0x00, 0x00, 0x01, 0x66, 0x00, 0x03, 0x00, 0x00, 0x00,
	0x80, 0x02, 0x01, 0x60, 0x13, 0x00, 0x0D, 0x00, 0x45, 0x00, 0x00, 0x00, 0x0C, 0x00, 0x00, 0x00,
	0x02, 0x01, 0x28, 0x00, 0x00, 0x00, 0x00, 0x00, 0x00, 0x00, 0x00, 0x00, 0x00, 0x00, 0x38, 0x00,
	0x00, 0x00, 0x00, 0x00, 0x00, 0x00, 0x00, 0x00, 0x86, 0x2B, 0x26, 0x00, 0x00, 0x00, 0x01, 0x00,
	0x02, 0x00, 0x14, 0x06, 0x00, 0x00, 0x29, 0x70, 0x44, 0x48, 0x14, 0x00, 0x00, 0x00, 0x14, 0x80,
	0x00, 0x00, 0x16, 0x20, 0x01, 0x00, 0x00, 0x00, 0x20, 0x00, 0x10, 0x06, 0x01, 0x00, 0x26, 0x00,
	0x00, 0x00, 0x03, 0x00, 0x02, 0x00, 0x28, 0x06, 0x00, 0x00, 0x29, 0x98, 0x44, 0x48, 0x14, 0x00,
	0x00, 0x12, 0x68, 0x80, 0x00, 0x00, 0x2E, 0x00, 0x36, 0x00, 0x00, 0x00, 0xE0, 0xC1, 0x00, 0xA0,
	0x0F, 0x00, 0x00, 0x00, 0x00, 0x00, 0x00, 0x00, 0x00, 0x00, 0x00, 0x00, 0x00, 0x00, 0x00, 0x00,
	0x14, 0x00, 0x00, 0x00, 0x00, 0x00, 0x00, 0x00, 0x00, 0x00, 0x16, 0x00, 0x00, 0x00, 0x00, 0x00,
	0x20, 0x00, 0x00, 0xFE, 0x00, 0x00, 0x66, 0x00, 0x03, 0x00, 0x00, 0x00, 0x80, 0x02, 0x01, 0xE0,
	0x15, 0x00, 0x0D, 0x00, 0x44, 0x00, 0x00, 0x00, 0x0C, 0x00, 0x00, 0x00, 0x00, 0x01, 0x66, 0x00,
	0x03, 0x00, 0x00, 0x00, 0x80, 0x02, 0x01, 0x00, 0x14, 0x00, 0x0D, 0x00, 0x45, 0x00, 0x00, 0x00,
	0x0C, 0x00, 0x00, 0x00, 0x02, 0x01, 0x28, 0x00, 0x00, 0x00, 0x00, 0x00, 0x00, 0x00, 0x00, 0x00,
	0x00, 0x00, 0x38, 0x00, 0x00, 0x00, 0x00, 0x00, 0x00, 0x00, 0x00, 0x00, 0x86, 0x2B, 0x26, 0x00,
	0x00, 0x00, 0x01, 0x00, 0x02, 0x00, 0x00, 0x06, 0x00, 0x00, 0x29, 0x70, 0x44, 0x48, 0x14, 0x00,
	0x00, 0x00, 0x00, 0x80, 0x00, 0x00, 0x16, 0x20, 0x01, 0x00, 0x00, 0x00, 0x20, 0x00, 0x10, 0x06,
	0x01, 0x00, 0x26, 0x00, 0x00, 0x00, 0x03, 0x00, 0x02, 0x00, 0x3C, 0x06, 0x00, 0x00, 0x29, 0x98,
	0x44, 0x48, 0x14, 0x00, 0x00, 0x12, 0x7C, 0x80, 0x00, 0x00, 0x2E, 0x00, 0x36, 0x00, 0x00, 0x00,
	0xE0, 0xC1, 0x00, 0x40, 0x10, 0x00, 0x00, 0x00, 0x00, 0x00, 0x00, 0x00, 0x00, 0x00, 0x00, 0x00,
	0x00, 0x00, 0x00, 0x00, 0x14, 0x00, 0x00, 0x00, 0x00, 0x00, 0x00, 0x00, 0x00, 0x00, 0x00, 0x00,
	0x00, 0x00, 0x00, 0x00, 0x00, 0x00, 0x00, 0x00, 0x00, 0x00, 0x00, 0x00, 0x14, 0x00, 0x00, 0x00,
	0x00, 0x00, 0x00, 0x00, 0x00, 0x00, 0x16, 0x00, 0x00, 0x00, 0x00, 0x00, 0x20, 0x01, 0x00, 0x0E,
	0x01, 0x00, 0x0E, 0x00, 0x30, 0x00, 0x00, 0x00, 0xE0, 0x01, 0x00, 0x00, 0x0F, 0x00, 0x28, 0x00,
	0x00, 0x00, 0x00, 0x00, 0x00, 0x00, 0x00, 0x00, 0x00, 0x00, 0x38, 0x00, 0x00, 0x00, 0x00, 0x00,
	0x00, 0x00, 0x00, 0x00, 0x88, 0x33, 0x26, 0x00, 0x00, 0x00, 0x01, 0x00, 0x02, 0x00, 0x14, 0x07,
	0x00, 0x00, 0x29, 0x84, 0x4C, 0x3C, 0x04, 0x00, 0x00, 0x00, 0x14, 0x80, 0x00, 0x00, 0x16, 0x20,
	0x01, 0x00, 0x00, 0x00, 0x20, 0x01, 0x10, 0x56, 0x01, 0x00, 0x26, 0x00, 0x00, 0x00, 0x03, 0x00,
	0x02, 0x00, 0x28, 0x07, 0x00, 0x00, 0x29, 0x93, 0x4C, 0x3C, 0x04, 0x00, 0x00, 0x12, 0x68, 0x80,
	0x00, 0x00, 0x16, 0x00, 0x00, 0x00, 0x00, 0x00, 0x20, 0x01, 0x00, 0x9E, 0x01, 0x00, 0x26, 0x00,
	0x00, 0x00, 0x01, 0x00, 0x02, 0x00, 0x00, 0x08, 0x00, 0x00, 0x29, 0xA2, 0x4C, 0x3C, 0x04, 0x00,
	0x00, 0x00, 0x00, 0x80, 0x00, 0x00, 0x16, 0x20, 0x01, 0x00, 0x00, 0x00, 0x20, 0x01, 0x10, 0xE6,
	0x01, 0x00, 0x26, 0x00, 0x00, 0x00, 0x03, 0x00, 0x02, 0x00, 0x3C, 0x08, 0x00, 0x00, 0x29, 0xB1,
	0x4C, 0x3C, 0x04, 0x00, 0x00, 0x12, 0x7C, 0x80, 0x00, 0x00, 0x2E, 0x80, 0x38, 0x00, 0x00, 0x00,
	0x78, 0x00, 0x01, 0xC0, 0x12, 0x00, 0x00, 0x00, 0x00, 0x00, 0x00, 0x00, 0x00, 0x00, 0x00, 0x00,
	0x00, 0x00, 0x00, 0x00, 0x14, 0x00, 0x00, 0x00, 0x00, 0x00, 0x00, 0x00, 0x00, 0x00, 0x16, 0x00,
	0x00, 0x00, 0x00, 0x00, 0x20, 0x01, 0x00, 0x0E, 0x01, 0x00, 0x0E, 0x00, 0x3C, 0x00, 0x00, 0x00,
	0xE0, 0x01, 0x00, 0xE6, 0x0F, 0x00, 0x28, 0x00, 0x00, 0x00, 0x00, 0x00, 0x00, 0x00, 0x00, 0x00,
	0x00, 0x00, 0x38, 0x00, 0x00, 0x00, 0x00, 0x00, 0x00, 0x00, 0x00, 0x00, 0x88, 0x33, 0x26, 0x00,
	0x00, 0x00, 0x01, 0x00, 0x02, 0x00, 0x14, 0x07, 0x00, 0x00, 0x29, 0x84, 0x4C, 0x50, 0x0C, 0x00,
	0x00, 0x00, 0x14, 0x80, 0x00, 0x00, 0x16, 0x20, 0x01, 0x00, 0x00, 0x00, 0x20, 0x01, 0x10, 0x56,
	0x01, 0x00, 0x26, 0x00, 0x00, 0x00, 0x03, 0x00, 0x02, 0x00, 0x28, 0x07, 0x00, 0x00, 0x29, 0x93,
	0x4C, 0x50, 0x0C, 0x00, 0x00, 0x12, 0x68, 0x80, 0x00, 0x00, 0x16, 0x00, 0x00, 0x00, 0x00, 0x00,
	0x20, 0x01, 0x00, 0x9E, 0x01, 0x00, 0x26, 0x00, 0x00, 0x00, 0x01, 0x00, 0x02, 0x00, 0x00, 0x08,
	0x00, 0x00, 0x29, 0xA2, 0x4C, 0x50, 0x0C, 0x00, 0x00, 0x00, 0x00, 0x80, 0x00, 0x00, 0x16, 0x20,
	0x01, 0x00, 0x00, 0x00, 0x20, 0x01, 0x10, 0xE6, 0x01, 0x00, 0x26, 0x00, 0x00, 0x00, 0x03, 0x00,
	0x02, 0x00, 0x3C, 0x08, 0x00, 0x00, 0x29, 0xB1, 0x4C, 0x50, 0x0C, 0x00, 0x00, 0x12, 0x7C, 0x80,
	0x00, 0x00, 0x2E, 0x80, 0x38, 0x00, 0x00, 0x00, 0x78, 0x00, 0x01, 0xFC, 0x12, 0x00, 0x00, 0x00,
	0x00, 0x00, 0x00, 0x00, 0x00, 0x00, 0x00, 0x00, 0x00, 0x00, 0x00, 0x00, 0x14, 0x00, 0x00, 0x00,
	0x00, 0x00, 0x00, 0x00, 0x00, 0x00, 0x16, 0x00, 0x00, 0x00, 0x00, 0x00, 0x40, 0x00, 0x00, 0x2E,
	0x02, 0x00, 0x66, 0x00, 0x00, 0x00, 0x00, 0x00, 0x80, 0x07, 0x00, 0xC0, 0x12, 0x00, 0x28, 0x00,
	0x00, 0x00, 0x00, 0x00, 0x00, 0x00, 0x00, 0x00, 0x00, 0x00, 0x38, 0x00, 0x00, 0x00, 0x00, 0x00,
	0x00, 0x00, 0x00, 0x00, 0x46, 0x33, 0x26, 0x00, 0x00, 0x00, 0x01, 0x00, 0x02, 0x00, 0x14, 0x09,
	0x00, 0x00, 0x29, 0x84, 0x54, 0x58, 0x14, 0x00, 0x00, 0x00, 0x14, 0x80, 0x00, 0x00, 0x16, 0x20,
	0x01, 0x00, 0x00, 0x00, 0x40, 0x00, 0x10, 0x3E, 0x02, 0x00, 0x26, 0x00, 0x00, 0x00, 0x03, 0x00,
	0x02, 0x00, 0x28, 0x09, 0x00, 0x00, 0x29, 0xA2, 0x54, 0x58, 0x14, 0x00, 0x00, 0x12, 0x68, 0x80,
	0x00, 0x00, 0x16, 0x00, 0x00, 0x00, 0x00, 0x00, 0x20, 0x00, 0x00, 0x4E, 0x02, 0x00, 0x28, 0x00,
	0x00, 0x00, 0x00, 0x00, 0x00, 0x00, 0x00, 0x00, 0x00, 0x00, 0x38, 0x00, 0x00, 0x00, 0x00, 0x00,
	0x00, 0x00, 0x00, 0x00, 0x84, 0x33, 0x26, 0x00, 0x00, 0x00, 0x01, 0x00, 0x02, 0x00, 0x00, 0x0A,
	0x00, 0x00, 0x29, 0x44, 0x54, 0x5C, 0x14, 0x10, 0x02, 0x00, 0x00, 0x80, 0x00, 0x00, 0x16, 0x20,
	0x01, 0x00, 0x00, 0x00, 0x20, 0x00, 0x10, 0x56, 0x02, 0x00, 0x26, 0x00, 0x00, 0x00, 0x03, 0x00,
	0x02, 0x00, 0x3C, 0x0A, 0x00, 0x00, 0x29, 0x62, 0x54, 0x5C, 0x14, 0x10, 0x02, 0x12, 0x7C, 0x80,
	0x00, 0x00, 0x16, 0x00, 0x00, 0x00, 0x00, 0x00, 0x20, 0x01, 0x00, 0x5E, 0x02, 0x00, 0x28, 0x00,
	0x00, 0x00, 0x00, 0x00, 0x00, 0x00, 0x00, 0x00, 0x00, 0x00, 0x38, 0x00, 0x00, 0x00, 0x00, 0x00,
	0x00, 0x00, 0x00, 0x00, 0x48, 0x33, 0x26, 0x00, 0x00, 0x00, 0x01, 0x00, 0x02, 0x00, 0x14, 0x0B,
	0x00, 0x00, 0x29, 0x00, 0x54, 0x5C, 0x40, 0x10, 0x01, 0x00, 0x14, 0x80, 0x00, 0x00, 0x16, 0x20,
	0x01, 0x00, 0x00, 0x00, 0x20, 0x01, 0x10, 0xA6, 0x02, 0x00, 0x26, 0x00, 0x00, 0x00, 0x03, 0x00,
	0x02, 0x00, 0x28, 0x0B, 0x00, 0x00, 0x29, 0x1E, 0x54, 0x5C, 0x40, 0x10, 0x01, 0x12, 0x68, 0x80,
	0x00, 0x00, 0x16, 0x00, 0x00, 0x00, 0x00, 0x00, 0x20, 0x00, 0x00, 0xEE, 0x02, 0x00, 0x40, 0xFE,
	0x6F, 0x74, 0x90, 0x01, 0x00, 0x00, 0x00, 0x00, 0x00, 0x00, 0x0B, 0x00, 0x5C, 0x00, 0x10, 0x00,
	0x02, 0x00, 0x00, 0x00, 0xDE, 0x1B, 0x28, 0x00, 0x00, 0x00, 0x00, 0x00, 0x00, 0x00, 0x00, 0x00,
	0x00, 0x00, 0x38, 0x00, 0x00, 0x00, 0x00, 0x00, 0x00, 0x00, 0x00, 0x00, 0x06, 0x33, 0x26, 0x00,
	0x00, 0x00, 0x01, 0x00, 0x02, 0x00, 0x00, 0x0C, 0x00, 0x00, 0x29, 0x40, 0x54, 0x5C, 0x14, 0x00,
	0x00, 0x00, 0x00, 0x80, 0x00, 0x00, 0x16, 0x20, 0x01, 0x00, 0x00, 0x00, 0x20, 0x00, 0x10, 0xF6,
	0x02, 0x00, 0x26, 0x00, 0x00, 0x00, 0x03, 0x00, 0x02, 0x00, 0x3C, 0x0C, 0x00, 0x00, 0x29, 0x5E,
	0x54, 0x5C, 0x14, 0x00, 0x00, 0x12, 0x7C, 0x80, 0x00, 0x00, 0x16, 0x00, 0x00, 0x00, 0x00, 0x00,
	0x20, 0x01, 0x00, 0xFE, 0x02, 0x00, 0x28, 0x00, 0x00, 0x00, 0x00, 0x00, 0x00, 0x00, 0x00, 0x00,
	0x00, 0x00, 0x38, 0x00, 0x00, 0x00, 0x00, 0x00, 0x00, 0x00, 0x00, 0x00, 0x48, 0x33, 0x26, 0x00,
	0x00, 0x00, 0x01, 0x00, 0x02, 0x00, 0x14, 0x0D, 0x00, 0x00, 0x29, 0x84, 0x54, 0x5C, 0x40, 0x00,
	0x01, 0x00, 0x14, 0x80, 0x00, 0x00, 0x16, 0x20, 0x01, 0x00, 0x00, 0x00, 0x20, 0x01, 0x10, 0x46,
	0x03, 0x00, 0x26, 0x00, 0x00, 0x00, 0x03, 0x00, 0x02, 0x00, 0x28, 0x0D, 0x00, 0x00, 0x29, 0xA2,
	0x54, 0x5C, 0x40, 0x00, 0x01, 0x12, 0x68, 0x80, 0x00, 0x00, 0x16, 0x00, 0x00, 0x00, 0x00, 0x00,
	0x20, 0x00, 0x00, 0x8E, 0x03, 0x00, 0x40, 0xED, 0x53, 0xBC, 0x4B, 0x01, 0x00, 0x00, 0x00, 0x00,
	0x00, 0x00, 0x0B, 0x80, 0x5C, 0x00, 0x01, 0x01, 0x00, 0x08, 0x00, 0x00, 0xDE, 0x1B, 0x28, 0x00,
	0x00, 0x00, 0x00, 0x00, 0x00, 0x00, 0x00, 0x00, 0x00, 0x00, 0x38, 0x00, 0x00, 0x00, 0x00, 0x00,
	0x00, 0x00, 0x00, 0x00, 0x84, 0x33, 0x26, 0x00, 0x00, 0x00, 0x01, 0x00, 0x02, 0x00, 0x00, 0x0E,
	0x00, 0x00, 0x29, 0x44, 0x54, 0x5C, 0x14, 0x10, 0x02, 0x00, 0x00, 0x80, 0x00, 0x00, 0x16, 0x20,
	0x01, 0x00, 0x00, 0x00, 0x20, 0x00, 0x10, 0x96, 0x03, 0x00, 0x26, 0x00, 0x00, 0x00, 0x03, 0x00,
	0x02, 0x00, 0x3C, 0x0E, 0x00, 0x00, 0x29, 0x62, 0x54, 0x5C, 0x14, 0x10, 0x02, 0x12, 0x7C, 0x80,
	0x00, 0x00, 0x16, 0x00, 0x00, 0x00, 0x00, 0x00, 0x20, 0x01, 0x00, 0x9E, 0x03, 0x00, 0x28, 0x00,
	0x00, 0x00, 0x00, 0x00, 0x00, 0x00, 0x00, 0x00, 0x00, 0x00, 0x38, 0x00, 0x00, 0x00, 0x00, 0x00,
	0x00, 0x00, 0x00, 0x00, 0x88, 0x33, 0x26, 0x00, 0x00, 0x00, 0x01, 0x00, 0x02, 0x00, 0x14, 0x0F,
	0x00, 0x00, 0x29, 0x00, 0x54, 0x5C, 0x40, 0x10, 0x01, 0x00, 0x14, 0x80, 0x00, 0x00, 0x16, 0x20,
	0x01, 0x00, 0x00, 0x00, 0x20, 0x01, 0x10, 0xE6, 0x03, 0x00, 0x26, 0x00, 0x00, 0x00, 0x03, 0x00,
	0x02, 0x00, 0x28, 0x0F, 0x00, 0x00, 0x29, 0x1E, 0x54, 0x5C, 0x40, 0x10, 0x01, 0x12, 0x68, 0x80,
	0x00, 0x00, 0x16, 0x00, 0x00, 0x00, 0x00, 0x00, 0x40, 0x00, 0x00, 0x2E, 0x04, 0x00, 0x40, 0xFF,
	0x55, 0xAC, 0x31, 0x01, 0x00, 0x00, 0x00, 0x00, 0x00, 0x00, 0x0B, 0x00, 0x5C, 0x00, 0x10, 0x00,
	0x02, 0x00, 0x00, 0x00, 0xDE, 0x1B, 0x40, 0x3A, 0x4E, 0x00, 0x00, 0x00, 0x00, 0x00, 0x00, 0x00,
	0x00, 0x00, 0xDC, 0x00, 0x5C, 0x80, 0x00, 0x00, 0x00, 0x00, 0x00, 0x00, 0x80, 0x0B, 0x76, 0x00,
	0x00, 0x00, 0x00, 0x00, 0xC0, 0x83, 0x00, 0xA0, 0x14, 0x00, 0x66, 0x00, 0x01, 0x00, 0x00, 0x00,
	0x80, 0x87, 0x00, 0xC0, 0x12, 0x00, 0x28, 0x00, 0x00, 0x00, 0x00, 0x00, 0x00, 0x00, 0x00, 0x00,
	0x00, 0x00, 0x38, 0x00, 0x00, 0x00, 0x00, 0x00, 0x00, 0x00, 0x00, 0x00, 0x46, 0x33, 0x26, 0x00,
	0x00, 0x00, 0x01, 0x00, 0x02, 0x00, 0x00, 0x10, 0x00, 0x00, 0x29, 0x00, 0x54, 0x58, 0x14, 0x20,
	0x01, 0x00, 0x00, 0x80, 0x00, 0x00, 0x16, 0x20, 0x01, 0x00, 0x00, 0x00, 0x40, 0x00, 0x10, 0x3E,
	0x04, 0x00, 0x26, 0x00, 0x00, 0x00, 0x03, 0x00, 0x02, 0x00, 0x3C, 0x10, 0x00, 0x00, 0x29, 0x1E,
	0x54, 0x58, 0x14, 0x20, 0x01, 0x12, 0x7C, 0x80, 0x00, 0x00, 0x40, 0x39, 0x53, 0x00, 0x00, 0x00,
	0x00, 0x00, 0x00, 0x00, 0x00, 0x00, 0xDC, 0x80, 0x5C, 0x00, 0x01, 0x00, 0x00, 0x00, 0x00, 0x00,
	0xC0, 0x0B, 0x76, 0x80, 0x00, 0x00, 0x00, 0x00, 0xC0, 0x03, 0x01, 0xC0, 0x12, 0x00, 0x00, 0x00,
	0x00, 0x00, 0x00, 0x00, 0x00, 0x00, 0x00, 0x00, 0x00, 0x00, 0x00, 0x00, 0x14, 0x00, 0x00, 0x00,
	0x00, 0x00, 0x00, 0x00, 0x00, 0x00, 0x16, 0x00, 0x00, 0x00, 0x00, 0x00, 0x40, 0x00, 0x00, 0x4E,
	0x04, 0x00, 0x0E, 0x40, 0x44, 0x00, 0x00, 0x00, 0x78, 0x40, 0x01, 0xA0, 0x14, 0x00, 0x0D, 0x00,
	0x60, 0x00, 0x00, 0x00, 0x01, 0x00, 0x00, 0x00, 0x40, 0x01, 0x0E, 0x40, 0x44, 0x00, 0x00, 0x00,
	0x78, 0x40, 0x01, 0xC0, 0x12, 0x00, 0x0D, 0xC0, 0x63, 0x00, 0x00, 0x00, 0x01, 0x00, 0x00, 0x00,
	0x40, 0x01, 0x28, 0x00, 0x00, 0x00, 0x00, 0x00, 0x00, 0x00, 0x00, 0x00, 0x00, 0x00, 0x38, 0x00,
	0x00, 0x00, 0x00, 0x00, 0x00, 0x00, 0x00, 0x00, 0x46, 0x33, 0x26, 0x00, 0x00, 0x00, 0x01, 0x00,
	0x02, 0x00, 0x14, 0x11, 0x00, 0x00, 0x29, 0x84, 0x4C, 0x64, 0x14, 0x00, 0x00, 0x00, 0x14, 0x80,
	0x00, 0x00, 0x16, 0x20, 0x01, 0x00, 0x00, 0x00, 0x40, 0x00, 0x10, 0x5E, 0x04, 0x00, 0x26, 0x00,
	0x00, 0x00, 0x03, 0x00, 0x02, 0x00, 0x28, 0x11, 0x00, 0x00, 0x29, 0x93, 0x4C, 0x64, 0x14, 0x00,
	0x00, 0x12, 0x68, 0x80, 0x00, 0x00, 0x16, 0x00, 0x00, 0x00, 0x00, 0x00, 0x40, 0x00, 0x00, 0x6E,
	0x04, 0x00, 0x26, 0x00, 0x00, 0x00, 0x01, 0x00, 0x02, 0x00, 0x00, 0x12, 0x00, 0x00, 0x29, 0xA2,
	0x4C, 0x64, 0x14, 0x00, 0x00, 0x00, 0x00, 0x80, 0x00, 0x00, 0x16, 0x20, 0x01, 0x00, 0x00, 0x00,
	0x40, 0x00, 0x10, 0x7E, 0x04, 0x00, 0x26, 0x00, 0x00, 0x00, 0x03, 0x00, 0x02, 0x00, 0x3C, 0x12,
	0x00, 0x00, 0x29, 0xB1, 0x4C, 0x64, 0x14, 0x00, 0x00, 0x12, 0x7C, 0x80, 0x00, 0x00, 0x2E, 0x80,
	0x38, 0x00, 0x00, 0x00, 0x78, 0x00, 0x01, 0x90, 0x15, 0x00, 0x00, 0x00, 0x00, 0x00, 0x00, 0x00,
	0x00, 0x00, 0x00, 0x00, 0x00, 0x00, 0x00, 0x00, 0x14, 0x00, 0x00, 0x00, 0x00, 0x00, 0x00, 0x00,
	0x00, 0x00, 0x16, 0x00, 0x00, 0x00, 0x00, 0x00, 0x40, 0x00, 0x00, 0x4E, 0x04, 0x00, 0x0E, 0x40,
	0x44, 0x00, 0x00, 0x00, 0x78, 0x40, 0x01, 0xDC, 0x14, 0x00, 0x0D, 0x00, 0x60, 0x00, 0x00, 0x00,
	0x01, 0x00, 0x00, 0x00, 0x40, 0x01, 0x0E, 0x40, 0x44, 0x00, 0x00, 0x00, 0x78, 0x40, 0x01, 0xFC,
	0x12, 0x00, 0x0D, 0xC0, 0x63, 0x00, 0x00, 0x00, 0x01, 0x00, 0x00, 0x00, 0x40, 0x01, 0x28, 0x00,
	0x00, 0x00, 0x00, 0x00, 0x00, 0x00, 0x00, 0x00, 0x00, 0x00, 0x38, 0x00, 0x00, 0x00, 0x00, 0x00,
	0x00, 0x00, 0x00, 0x00, 0x46, 0x33, 0x26, 0x00, 0x00, 0x00, 0x01, 0x00, 0x02, 0x00, 0x14, 0x11,
	0x00, 0x00, 0x29, 0x84, 0x4C, 0x64, 0x14, 0x00, 0x00, 0x00, 0x14, 0x80, 0x00, 0x00, 0x16, 0x20,
	0x01, 0x00, 0x00, 0x00, 0x40, 0x00, 0x10, 0x5E, 0x04, 0x00, 0x26, 0x00, 0x00, 0x00, 0x03, 0x00,
	0x02, 0x00, 0x28, 0x11, 0x00, 0x00, 0x29, 0x93, 0x4C, 0x64, 0x14, 0x00, 0x00, 0x12, 0x68, 0x80,
	0x00, 0x00, 0x16, 0x00, 0x00, 0x00, 0x00, 0x00, 0x40, 0x00, 0x00, 0x6E, 0x04, 0x00, 0x26, 0x00,
	0x00, 0x00, 0x01, 0x00, 0x02, 0x00, 0x00, 0x12, 0x00, 0x00, 0x29, 0xA2, 0x4C, 0x64, 0x14, 0x00,
	0x00, 0x00, 0x00, 0x80, 0x00, 0x00, 0x16, 0x20, 0x01, 0x00, 0x00, 0x00, 0x40, 0x00, 0x10, 0x7E,
	0x04, 0x00, 0x26, 0x00, 0x00, 0x00, 0x03, 0x00, 0x02, 0x00, 0x3C, 0x12, 0x00, 0x00, 0x29, 0xB1,
	0x4C, 0x64, 0x14, 0x00, 0x00, 0x12, 0x7C, 0x80, 0x00, 0x00, 0x2E, 0x80, 0x38, 0x00, 0x00, 0x00,
	0x78, 0x00, 0x01, 0xCC, 0x15, 0x00, 0x00, 0x00, 0x00, 0x00, 0x00, 0x00, 0x00, 0x00, 0x00, 0x00,
	0x00, 0x00, 0x00, 0x00, 0x14, 0x00, 0x00, 0x00, 0x00, 0x00, 0x00, 0x00, 0x00, 0x00, 0x16, 0x00,
	0x00, 0x00, 0x00, 0x00, 0x40, 0x02, 0x00, 0x8E, 0x04, 0x00, 0x66, 0x00, 0x00, 0x00, 0x00, 0x00,
	0x80, 0x07, 0x00, 0x90, 0x15, 0x00, 0x28, 0x00, 0x00, 0x00, 0x00, 0x00, 0x00, 0x00, 0x00, 0x00,
	0x00, 0x00, 0x38, 0x00, 0x00, 0x00, 0x00, 0x00, 0x00, 0x00, 0x00, 0x00, 0x4A, 0x33, 0x26, 0x00,
	0x00, 0x00, 0x01, 0x00, 0x02, 0x00, 0x14, 0x13, 0x00, 0x00, 0x29, 0x84, 0x68, 0x58, 0x04, 0x00,
	0x00, 0x00, 0x14, 0x80, 0x00, 0x00, 0x16, 0x20, 0x01, 0x00, 0x00, 0x00, 0x40, 0x02, 0x10, 0x1E,
	0x05, 0x00, 0x26, 0x00, 0x00, 0x00, 0x03, 0x00, 0x02, 0x00, 0x28, 0x13, 0x00, 0x00, 0x29, 0x8B,
	0x68, 0x58, 0x04, 0x00, 0x00, 0x12, 0x68, 0x80, 0x20, 0x00, 0x16, 0x00, 0x00, 0x00, 0x00, 0x00,
	0x40, 0x02, 0x00, 0xAE, 0x05, 0x00, 0x26, 0x00, 0x00, 0x00, 0x01, 0x00, 0x02, 0x00, 0x00, 0x14,
	0x00, 0x00, 0x29, 0x93, 0x68, 0x58, 0x04, 0x00, 0x00, 0x00, 0x00, 0x80, 0x00, 0x00, 0x16, 0x20,
	0x01, 0x00, 0x00, 0x00, 0x40, 0x02, 0x10, 0x3E, 0x06, 0x00, 0x26, 0x00, 0x00, 0x00, 0x03, 0x00,
	0x02, 0x00, 0x3C, 0x14, 0x00, 0x00, 0x29, 0x9A, 0x68, 0x58, 0x04, 0x00, 0x00, 0x12, 0x7C, 0x80,
	0x20, 0x00, 0x16, 0x00, 0x00, 0x00, 0x00, 0x00, 0x40, 0x02, 0x00, 0xCE, 0x06, 0x00, 0x26, 0x00,
	0x00, 0x00, 0x01, 0x00, 0x02, 0x00, 0x14, 0x15, 0x00, 0x00, 0x29, 0xA2, 0x68, 0x58, 0x04, 0x00,
	0x00, 0x00, 0x14, 0x80, 0x00, 0x00, 0x16, 0x20, 0x01, 0x00, 0x00, 0x00, 0x40, 0x02, 0x10, 0x5E,
	0x07, 0x00, 0x26, 0x00, 0x00, 0x00, 0x03, 0x00, 0x02, 0x00, 0x28, 0x15, 0x00, 0x00, 0x29, 0xA9,
	0x68, 0x58, 0x04, 0x00, 0x00, 0x12, 0x68, 0x80, 0x20, 0x00, 0x16, 0x00, 0x00, 0x00, 0x00, 0x00,
	0x40, 0x02, 0x00, 0xEE, 0x07, 0x00, 0x26, 0x00, 0x00, 0x00, 0x01, 0x00, 0x02, 0x00, 0x00, 0x16,
	0x00, 0x00, 0x29, 0xB1, 0x68, 0x58, 0x04, 0x00, 0x00, 0x00, 0x00, 0x80, 0x00, 0x00, 0x16, 0x20,
	0x01, 0x00, 0x00, 0x00, 0x40, 0x02, 0x10, 0x7E, 0x08, 0x00, 0x26, 0x00, 0x00, 0x00, 0x03, 0x00,
	0x02, 0x00, 0x3C, 0x16, 0x00, 0x00, 0x29, 0xB8, 0x68, 0x58, 0x04, 0x00, 0x00, 0x12, 0x7C, 0x80,
	0x20, 0x00, 0x16, 0x00, 0x00, 0x00, 0x00, 0x00, 0x80, 0x00, 0x00, 0x0E, 0x09, 0x00, 0x28, 0x00,
	0x00, 0x00, 0x00, 0x00, 0x00, 0x00, 0x00, 0x00, 0x00, 0x00, 0x38, 0x00, 0x00, 0x00, 0x00, 0x00,
	0x00, 0x00, 0x00, 0x00, 0x46, 0x33, 0x26, 0x00, 0x00, 0x00, 0x01, 0x00, 0x02, 0x00, 0x14, 0x17,
	0x00, 0x00, 0x29, 0x00, 0x68, 0x6C, 0x14, 0x10, 0x02, 0x00, 0x14, 0x80, 0x00, 0x00, 0x16, 0x20,
	0x01, 0x00, 0x00, 0x00, 0x80, 0x00, 0x10, 0x2E, 0x09, 0x00, 0x26, 0x00, 0x00, 0x00, 0x03, 0x00,
	0x02, 0x00, 0x28, 0x17, 0x00, 0x00, 0x29, 0x07, 0x68, 0x6C, 0x14, 0x10, 0x02, 0x12, 0x68, 0x80,
	0x20, 0x00, 0x16, 0x00, 0x00, 0x00, 0x00, 0x00, 0x80, 0x00, 0x00, 0x4E, 0x09, 0x00, 0x26, 0x00,
	0x00, 0x00, 0x01, 0x00, 0x02, 0x00, 0x00, 0x18, 0x00, 0x00, 0x29, 0x0F, 0x68, 0x6C, 0x14, 0x10,
	0x02, 0x00, 0x00, 0x80, 0x00, 0x00, 0x16, 0x20, 0x01, 0x00, 0x00, 0x00, 0x80, 0x00, 0x10, 0x6E,
	0x09, 0x00, 0x26, 0x00, 0x00, 0x00, 0x03, 0x00, 0x02, 0x00, 0x3C, 0x18, 0x00, 0x00, 0x29, 0x16,
	0x68, 0x6C, 0x14, 0x10, 0x02, 0x12, 0x7C, 0x80, 0x20, 0x00, 0x16, 0x00, 0x00, 0x00, 0x00, 0x00,
	0x40, 0x00, 0x00, 0x8E, 0x09, 0x00, 0x28, 0x00, 0x00, 0x00, 0x00, 0x00, 0x00, 0x00, 0x00, 0x00,
	0x00, 0x00, 0x38, 0x00, 0x00, 0x00, 0x00, 0x00, 0x00, 0x00, 0x00, 0x00, 0x86, 0x33, 0x26, 0x00,
	0x00, 0x00, 0x01, 0x00, 0x02, 0x00, 0x14, 0x19, 0x00, 0x00, 0x29, 0x20, 0x68, 0x70, 0x14, 0x00,
	0x00, 0x00, 0x14, 0x80, 0x00, 0x00, 0x16, 0x20, 0x01, 0x00, 0x00, 0x00, 0x40, 0x00, 0x10, 0x9E,
	0x09, 0x00, 0x26, 0x00, 0x00, 0x00, 0x03, 0x00, 0x02, 0x00, 0x28, 0x19, 0x00, 0x00, 0x29, 0x27,
	0x68, 0x70, 0x14, 0x00, 0x00, 0x12, 0x68, 0x80, 0x20, 0x00, 0x16, 0x00, 0x00, 0x00, 0x00, 0x00,
	0x40, 0x00, 0x00, 0xAE, 0x09, 0x00, 0x26, 0x00, 0x00, 0x00, 0x01, 0x00, 0x02, 0x00, 0x00, 0x1A,
	0x00, 0x00, 0x29, 0x2F, 0x68, 0x70, 0x14, 0x00, 0x00, 0x00, 0x00, 0x80, 0x00, 0x00, 0x16, 0x20,
	0x01, 0x00, 0x00, 0x00, 0x40, 0x00, 0x10, 0xBE, 0x09, 0x00, 0x26, 0x00, 0x00, 0x00, 0x03, 0x00,
	0x02, 0x00, 0x3C, 0x1A, 0x00, 0x00, 0x29, 0x36, 0x68, 0x70, 0x14, 0x00, 0x00, 0x12, 0x7C, 0x80,
	0x20, 0x00, 0x16, 0x00, 0x00, 0x00, 0x00, 0x00, 0x40, 0x02, 0x00, 0xCE, 0x09, 0x00, 0x28, 0x00,
	0x00, 0x00, 0x00, 0x00, 0x00, 0x00, 0x00, 0x00, 0x00, 0x00, 0x38, 0x00, 0x00, 0x00, 0x00, 0x00,
	0x00, 0x00, 0x00, 0x00, 0x48, 0x33, 0x26, 0x00, 0x00, 0x00, 0x01, 0x00, 0x02, 0x00, 0x14, 0x1B,
	0x00, 0x00, 0x29, 0x66, 0x68, 0x70, 0x40, 0x80, 0x00, 0x00, 0x14, 0x80, 0x00, 0x00, 0x16, 0x20,
	0x01, 0x00, 0x00, 0x00, 0x40, 0x02, 0x10, 0x5E, 0x0A, 0x00, 0x26, 0x00, 0x00, 0x00, 0x03, 0x00,
	0x02, 0x00, 0x28, 0x1B, 0x00, 0x00, 0x29, 0x6D, 0x68, 0x70, 0x40, 0x80, 0x00, 0x12, 0x68, 0x80,
	0x20, 0x00, 0x16, 0x00, 0x00, 0x00, 0x00, 0x00, 0x40, 0x02, 0x00, 0xEE, 0x0A, 0x00, 0x26, 0x00,
	0x00, 0x00, 0x01, 0x00, 0x02, 0x00, 0x00, 0x1C, 0x00, 0x00, 0x29, 0x75, 0x68, 0x70, 0x40, 0x80,
	0x00, 0x00, 0x00, 0x80, 0x00, 0x00, 0x16, 0x20, 0x01, 0x00, 0x00, 0x00, 0x40, 0x02, 0x10, 0x7E,
	0x0B, 0x00, 0x26, 0x00, 0x00, 0x00, 0x03, 0x00, 0x02, 0x00, 0x3C, 0x1C, 0x00, 0x00, 0x29, 0x7C,
	0x68, 0x70, 0x40, 0x80, 0x00, 0x12, 0x7C, 0x80, 0x20, 0x00, 0x16, 0x00, 0x00, 0x00, 0x00, 0x00,
	0x80, 0x00, 0x00, 0x0E, 0x0C, 0x00, 0x40, 0xD0, 0x55, 0xB4, 0xEC, 0x01, 0x00, 0x00, 0x00, 0x00,
	0x00, 0x00, 0x0B, 0xC0, 0x70, 0xC0, 0xC0, 0x00, 0x00, 0x0C, 0x00, 0x00, 0xDE, 0x1B, 0x40, 0xEE,
	0x79, 0x00, 0x00, 0x00, 0x00, 0x00, 0x00, 0x00, 0x00, 0x00, 0xDC, 0x40, 0x70, 0x80, 0x0C, 0x00,
	0x03, 0x00, 0x00, 0x00, 0xC0, 0x0B, 0x28, 0x00, 0x00, 0x00, 0x00, 0x00, 0x00, 0x00, 0x00, 0x00,
	0x00, 0x00, 0x38, 0x00, 0x00, 0x00, 0x00, 0x00, 0x00, 0x00, 0x00, 0x00, 0x86, 0x33, 0x26, 0x00,
	0x00, 0x00, 0x01, 0x00, 0x02, 0x00, 0x14, 0x1D, 0x00, 0x00, 0x29, 0x24, 0x68, 0x6C, 0x14, 0x10,
	0x02, 0x00, 0x14, 0x80, 0x00, 0x00, 0x16, 0x20, 0x01, 0x00, 0x00, 0x00, 0x80, 0x00, 0x10, 0x2E,
	0x0C, 0x00, 0x26, 0x00, 0x00, 0x00, 0x03, 0x00, 0x02, 0x00, 0x28, 0x1D, 0x00, 0x00, 0x29, 0x2B,
	0x68, 0x6C, 0x14, 0x10, 0x02, 0x12, 0x68, 0x80, 0x20, 0x00, 0x16, 0x00, 0x00, 0x00, 0x00, 0x00,
	0x80, 0x00, 0x00, 0x4E, 0x0C, 0x00, 0x26, 0x00, 0x00, 0x00, 0x01, 0x00, 0x02, 0x00, 0x00, 0x1E,
	0x00, 0x00, 0x29, 0x33, 0x68, 0x6C, 0x14, 0x10, 0x02, 0x00, 0x00, 0x80, 0x00, 0x00, 0x16, 0x20,
	0x01, 0x00, 0x00, 0x00, 0x80, 0x00, 0x10, 0x6E, 0x0C, 0x00, 0x26, 0x00, 0x00, 0x00, 0x03, 0x00,
	0x02, 0x00, 0x3C, 0x1E, 0x00, 0x00, 0x29, 0x3A, 0x68, 0x6C, 0x14, 0x10, 0x02, 0x12, 0x7C, 0x80,
	0x20, 0x00, 0x16, 0x00, 0x00, 0x00, 0x00, 0x00, 0x80, 0x00, 0x00, 0x8E, 0x0C, 0x00, 0x40, 0xAB,
	0x4A, 0x00, 0x00, 0x00, 0x00, 0x00, 0x00, 0x00, 0x00, 0x00, 0xDC, 0x00, 0x70, 0x00, 0x04, 0x00,
	0x02, 0x00, 0x00, 0x00, 0x80, 0x0B, 0x0D, 0x80, 0x70, 0x00, 0x00, 0x00, 0x01, 0x00, 0x00, 0x00,
	0x88, 0x00, 0x0D, 0x40, 0x70, 0x00, 0x00, 0x00, 0x00, 0x00, 0x00, 0x00, 0x0A, 0x00, 0x28, 0x00,
	0x00, 0x00, 0x00, 0x00, 0x00, 0x00, 0x00, 0x00, 0x00, 0x00, 0x38, 0x00, 0x00, 0x00, 0x00, 0x00,
	0x00, 0x00, 0x00, 0x00, 0x08, 0x33, 0x26, 0x00, 0x00, 0x00, 0x01, 0x00, 0x02, 0x00, 0x14, 0x1F,
	0x00, 0x00, 0x29, 0x00, 0x68, 0x6C, 0x14, 0x10, 0x02, 0x00, 0x14, 0x80, 0x00, 0x00, 0x16, 0x20,
	0x01, 0x00, 0x00, 0x00, 0x80, 0x00, 0x10, 0xAE, 0x0C, 0x00, 0x26, 0x00, 0x00, 0x00, 0x03, 0x00,
	0x02, 0x00, 0x28, 0x1F, 0x00, 0x00, 0x29, 0x07, 0x68, 0x6C, 0x14, 0x10, 0x02, 0x12, 0x68, 0x80,
	0x20, 0x00, 0x16, 0x00, 0x00, 0x00, 0x00, 0x00, 0x80, 0x00, 0x00, 0xCE, 0x0C, 0x00, 0x26, 0x00,
	0x00, 0x00, 0x01, 0x00, 0x02, 0x00, 0x00, 0x20, 0x00, 0x00, 0x29, 0x0F, 0x68, 0x6C, 0x14, 0x10,
	0x02, 0x00, 0x00, 0x80, 0x00, 0x00, 0x16, 0x20, 0x01, 0x00, 0x00, 0x00, 0x80, 0x00, 0x10, 0xEE,
	0x0C, 0x00, 0x26, 0x00, 0x00, 0x00, 0x03, 0x00, 0x02, 0x00, 0x3C, 0x20, 0x00, 0x00, 0x29, 0x16,
	0x68, 0x6C, 0x14, 0x10, 0x02, 0x12, 0x7C, 0x80, 0x20, 0x00, 0x16, 0x00, 0x00, 0x00, 0x00, 0x00,
	0x80, 0x00, 0x00, 0x0E, 0x0D, 0x00, 0x26, 0x00, 0x00, 0x00, 0x01, 0x00, 0x02, 0x00, 0x14, 0x21,
	0x00, 0x00, 0x29, 0x1E, 0x68, 0x6C, 0x14, 0x10, 0x02, 0x00, 0x14, 0x80, 0x00, 0x00, 0x16, 0x20,
	0x01, 0x00, 0x00, 0x00, 0x80, 0x00, 0x10, 0x2E, 0x0D, 0x00, 0x26, 0x00, 0x00, 0x00, 0x03, 0x00,
	0x02, 0x00, 0x28, 0x21, 0x00, 0x00, 0x29, 0x25, 0x68, 0x6C, 0x14, 0x10, 0x02, 0x12, 0x68, 0x80,
	0x20, 0x00, 0x16, 0x00, 0x00, 0x00, 0x00, 0x00, 0x80, 0x00, 0x00, 0x4E, 0x0D, 0x00, 0x26, 0x00,
	0x00, 0x00, 0x01, 0x00, 0x02, 0x00, 0x00, 0x22, 0x00, 0x00, 0x29, 0x2D, 0x68, 0x6C, 0x14, 0x10,
	0x02, 0x00, 0x00, 0x80, 0x00, 0x00, 0x16, 0x20, 0x01, 0x00, 0x00, 0x00, 0x80, 0x00, 0x10, 0x6E,
	0x0D, 0x00, 0x26, 0x00, 0x00, 0x00, 0x03, 0x00, 0x02, 0x00, 0x3C, 0x22, 0x00, 0x00, 0x29, 0x34,
	0x68, 0x6C, 0x14, 0x10, 0x02, 0x12, 0x7C, 0x80, 0x20, 0x00, 0x16, 0x00, 0x00, 0x00, 0x00, 0x00,
	0x80, 0x00, 0x00, 0x8E, 0x0D, 0x00, 0x28, 0x00, 0x00, 0x00, 0x00, 0x00, 0x00, 0x00, 0x00, 0x00,
	0x00, 0x00, 0x38, 0x00, 0x00, 0x00, 0x00, 0x00, 0x00, 0x00, 0x00, 0x00, 0x86, 0x33, 0x26, 0x00,
	0x00, 0x00, 0x01, 0x00, 0x02, 0x00, 0x14, 0x23, 0x00, 0x00, 0x29, 0xA2, 0x68, 0x6C, 0x14, 0x00,
	0x00, 0x00, 0x14, 0x80, 0x00, 0x00, 0x16, 0x20, 0x01, 0x00, 0x00, 0x00, 0x80, 0x00, 0x10, 0xAE,
	0x0D, 0x00, 0x26, 0x00, 0x00, 0x00, 0x03, 0x00, 0x02, 0x00, 0x28, 0x23, 0x00, 0x00, 0x29, 0xA9,
	0x68, 0x6C, 0x14, 0x00, 0x00, 0x12, 0x68, 0x80, 0x20, 0x00, 0x16, 0x00, 0x00, 0x00, 0x00, 0x00,
	0x80, 0x00, 0x00, 0xCE, 0x0D, 0x00, 0x26, 0x00, 0x00, 0x00, 0x01, 0x00, 0x02, 0x00, 0x00, 0x24,
	0x00, 0x00, 0x29, 0xB1, 0x68, 0x6C, 0x14, 0x00, 0x00, 0x00, 0x00, 0x80, 0x00, 0x00, 0x16, 0x20,
	0x01, 0x00, 0x00, 0x00, 0x80, 0x00, 0x10, 0xEE, 0x0D, 0x00, 0x26, 0x00, 0x00, 0x00, 0x03, 0x00,
	0x02, 0x00, 0x3C, 0x24, 0x00, 0x00, 0x29, 0xB8, 0x68, 0x6C, 0x14, 0x00, 0x00, 0x12, 0x7C, 0x80,
	0x20, 0x00, 0x16, 0x00, 0x00, 0x00, 0x00, 0x00, 0x00, 0x01, 0x00, 0x0E, 0x0E, 0x00, 0x30, 0x00,
	0x00, 0x00, 0x00, 0x00, 0x00, 0x00, 0x00, 0x00, 0x00, 0x00, 0x5A, 0x00, 0x70, 0x00, 0x48, 0x00,
	0x01, 0x0A, 0x00, 0x00, 0x00, 0x07, 0x40, 0x64, 0x66, 0x00, 0x00, 0x00, 0x00, 0x00, 0x00, 0x00,
	0x00, 0x00, 0xDC, 0x80, 0x70, 0x00, 0x01, 0x00, 0x00, 0x00, 0x00, 0x00, 0xC0, 0x0B, 0x30, 0x00,
	0x00, 0x00, 0x00, 0x00, 0x00, 0x00, 0x00, 0x00, 0x00, 0x00, 0x5A, 0x00, 0x70, 0x00, 0x48, 0x00,
	0x02, 0x08, 0x00, 0x00, 0x1C, 0x07, 0x30, 0x00, 0x00, 0x00, 0x00, 0x00, 0x00, 0x00, 0x00, 0x00,
	0x00, 0x00, 0x5A, 0xC0, 0x70, 0x00, 0x48, 0x00, 0x30, 0x00, 0x00, 0x00, 0x1C, 0x07, 0x40, 0x0E,
	0x78, 0x00, 0x00, 0x00, 0x00, 0x00, 0x00, 0x00, 0x00, 0x00, 0xDC, 0xC0, 0x73, 0x00, 0x0C, 0x00,
	0x03, 0x00, 0x00, 0x00, 0xC0, 0x0B, 0x76, 0xC0, 0x03, 0x00, 0x00, 0x00, 0xE0, 0x01, 0x00, 0xC0,
	0x12, 0x00, 0x40, 0x0E, 0x78, 0x00, 0x00, 0x00, 0x00, 0x00, 0x00, 0x00, 0x00, 0x00, 0xDC, 0xC0,
	0x70, 0xC0, 0x00, 0x00, 0x00, 0x00, 0x00, 0x00, 0xC0, 0x0B, 0x76, 0xC0, 0x00, 0x00, 0x00, 0x00,
	0xE0, 0xC1, 0x00, 0x38, 0x13, 0x00, 0x40, 0x0E, 0x78, 0x00, 0x00, 0x00, 0x00, 0x00, 0x00, 0x00,
	0x00, 0x00, 0xDC, 0x00, 0x70, 0x00, 0x10, 0x00, 0x02, 0x00, 0x00, 0x00, 0xC0, 0x0B, 0x40, 0x09,
	0x60, 0x00, 0x00, 0x00, 0x00, 0x00, 0x00, 0x00, 0x00, 0x00, 0xDC, 0xC0, 0x73, 0x00, 0x14, 0x00,
	0x01, 0x00, 0x00, 0x00, 0xC0, 0x0B, 0x0D, 0x00, 0x71, 0x00, 0x00, 0x00, 0x0F, 0x00, 0x00, 0x00,
	0x04, 0x00, 0x0D, 0xC0, 0x70, 0x00, 0x00, 0x00, 0x00, 0x00, 0x00, 0x00, 0x06, 0x00, 0x66, 0x00,
	0x00, 0x00, 0x00, 0x00, 0xE0, 0x01, 0x00, 0x38, 0x13, 0x00, 0x0D, 0x80, 0x70, 0x00, 0x00, 0x00,
	0x00, 0x00, 0x00, 0x00, 0x08, 0x00, 0x66, 0x00, 0x00, 0x00, 0x00, 0x00, 0xE0, 0x01, 0x00, 0xC0,
	0x12, 0x00, 0x0D, 0x40, 0x70, 0x00, 0x00, 0x00, 0x00, 0x00, 0x00, 0x00, 0x0A, 0x00, 0x28, 0x00,
	0x00, 0x00, 0x00, 0x00, 0x00, 0x00, 0x00, 0x00, 0x00, 0x00, 0x38, 0x00, 0x00, 0x00, 0x00, 0x00,
	0x00, 0x00, 0x00, 0x00, 0x08, 0x33, 0x26, 0x00, 0x00, 0x00, 0x01, 0x00, 0x02, 0x00, 0x14, 0x25,
	0x00, 0x00, 0x29, 0x00, 0x68, 0x74, 0x14, 0x20, 0x01, 0x00, 0x14, 0x80, 0x00, 0x00, 0x16, 0x20,
	0x01, 0x00, 0x00, 0x00, 0x00, 0x01, 0x10, 0x4E, 0x0E, 0x00, 0x26, 0x00, 0x00, 0x00, 0x03, 0x00,
	0x02, 0x00, 0x28, 0x25, 0x00, 0x00, 0x29, 0x07, 0x68, 0x74, 0x14, 0x20, 0x01, 0x12, 0x68, 0x80,
	0x20, 0x00, 0x16, 0x00, 0x00, 0x00, 0x00, 0x00, 0x00, 0x01, 0x00, 0x8E, 0x0E, 0x00, 0x26, 0x00,
	0x00, 0x00, 0x01, 0x00, 0x02, 0x00, 0x00, 0x26, 0x00, 0x00, 0x29, 0x0F, 0x68, 0x74, 0x14, 0x20,
	0x01, 0x00, 0x00, 0x80, 0x00, 0x00, 0x16, 0x20, 0x01, 0x00, 0x00, 0x00, 0x00, 0x01, 0x10, 0xCE,
	0x0E, 0x00, 0x26, 0x00, 0x00, 0x00, 0x03, 0x00, 0x02, 0x00, 0x3C, 0x26, 0x00, 0x00, 0x29, 0x16,
	0x68, 0x74, 0x14, 0x20, 0x01, 0x12, 0x7C, 0x80, 0x20, 0x00, 0x16, 0x00, 0x00, 0x00, 0x00, 0x00,
	0x00, 0x01, 0x00, 0x0E, 0x0F, 0x00, 0x26, 0x00, 0x00, 0x00, 0x01, 0x00, 0x02, 0x00, 0x14, 0x27,
	0x00, 0x00, 0x29, 0x1E, 0x68, 0x74, 0x14, 0x20, 0x01, 0x00, 0x14, 0x80, 0x00, 0x00, 0x16, 0x20,
	0x01, 0x00, 0x00, 0x00, 0x00, 0x01, 0x10, 0x4E, 0x0F, 0x00, 0x26, 0x00, 0x00, 0x00, 0x03, 0x00,
	0x02, 0x00, 0x28, 0x27, 0x00, 0x00, 0x29, 0x25, 0x68, 0x74, 0x14, 0x20, 0x01, 0x12, 0x68, 0x80,
	0x20, 0x00, 0x16, 0x00, 0x00, 0x00, 0x00, 0x00, 0x00, 0x01, 0x00, 0x8E, 0x0F, 0x00, 0x26, 0x00,
	0x00, 0x00, 0x01, 0x00, 0x02, 0x00, 0x00, 0x28, 0x00, 0x00, 0x29, 0x2D, 0x68, 0x74, 0x14, 0x20,
	0x01, 0x00, 0x00, 0x80, 0x00, 0x00, 0x16, 0x20, 0x01, 0x00, 0x00, 0x00, 0x00, 0x01, 0x10, 0xCE,
	0x0F, 0x00, 0x26, 0x00, 0x00, 0x00, 0x03, 0x00, 0x02, 0x00, 0x3C, 0x28, 0x00, 0x00, 0x29, 0x34,
	0x68, 0x74, 0x14, 0x20, 0x01, 0x12, 0x7C, 0x80, 0x20, 0x00, 0x16, 0x00, 0x00, 0x00, 0x00, 0x00,
	0x80, 0x00, 0x00, 0x0E, 0x10, 0x00, 0x28, 0x00, 0x00, 0x00, 0x00, 0x00, 0x00, 0x00, 0x00, 0x00,
	0x00, 0x00, 0x38, 0x00, 0x00, 0x00, 0x00, 0x00, 0x00, 0x00, 0x00, 0x00, 0x46, 0x33, 0x26, 0x00,
	0x00, 0x00, 0x01, 0x00, 0x02, 0x00, 0x14, 0x29, 0x00, 0x00, 0x29, 0xA2, 0x68, 0x6C, 0x14, 0x00,
	0x00, 0x00, 0x14, 0x80, 0x00, 0x00, 0x16, 0x20, 0x01, 0x00, 0x00, 0x00, 0x80, 0x00, 0x10, 0x2E,
	0x10, 0x00, 0x26, 0x00, 0x00, 0x00, 0x03, 0x00, 0x02, 0x00, 0x28, 0x29, 0x00, 0x00, 0x29, 0xA9,
	0x68, 0x6C, 0x14, 0x00, 0x00, 0x12, 0x68, 0x80, 0x20, 0x00, 0x16, 0x00, 0x00, 0x00, 0x00, 0x00,
	0x80, 0x00, 0x00, 0x4E, 0x10, 0x00, 0x26, 0x00, 0x00, 0x00, 0x01, 0x00, 0x02, 0x00, 0x00, 0x2A,
	0x00, 0x00, 0x29, 0xB1, 0x68, 0x6C, 0x14, 0x00, 0x00, 0x00, 0x00, 0x80, 0x00, 0x00, 0x16, 0x20,
	0x01, 0x00, 0x00, 0x00, 0x80, 0x00, 0x10, 0x6E, 0x10, 0x00, 0x26, 0x00, 0x00, 0x00, 0x03, 0x00,
	0x02, 0x00, 0x3C, 0x2A, 0x00, 0x00, 0x29, 0xB8, 0x68, 0x6C, 0x14, 0x00, 0x00, 0x12, 0x7C, 0x80,
	0x20, 0x00, 0x76, 0x40, 0x00, 0x00, 0x00, 0x00, 0xE0, 0x41, 0x01, 0xC0, 0x12, 0x00, 0x00, 0x00,
	0x00, 0x00, 0x00, 0x00, 0x00, 0x00, 0x00, 0x00, 0x00, 0x00, 0x00, 0x00, 0x14, 0x00, 0x00, 0x00,
	0x00, 0x00, 0x00, 0x00, 0x00, 0x00, 0x0E, 0x20, 0x4E, 0x00, 0x00, 0x00, 0x1E, 0x40, 0x01, 0xC0,
	0x12, 0x00, 0x35, 0x00, 0x50, 0x00, 0x00, 0x80, 0x28, 0x00, 0x00, 0x00, 0x40, 0x01, 0x35, 0x01,
	0x50, 0x00, 0x00, 0x80, 0x28, 0x00, 0x00, 0x00, 0x40, 0x01, 0x35, 0x28, 0x50, 0x00, 0x00, 0x80,
	0x28, 0x00, 0x00, 0x00, 0x40, 0x01, 0x35, 0x29, 0x50, 0x00, 0x00, 0x80, 0x28, 0x00, 0x00, 0x00,
	0x40, 0x01, 0x35, 0x50, 0x50, 0x00, 0x00, 0xD0, 0x28, 0x00, 0x00, 0x00, 0x40, 0x01, 0x35, 0x51,
	0x50, 0x00, 0x00, 0xD0, 0x28, 0x00, 0x00, 0x00, 0x40, 0x01, 0x35, 0x78, 0x50, 0x00, 0x00, 0xD0,
	0x28, 0x00, 0x00, 0x00, 0x40, 0x01, 0x35, 0x79, 0x50, 0x00, 0x00, 0xD0, 0x28, 0x00, 0x00, 0x00,
	0x40, 0x01, 0x35, 0xA0, 0x50, 0x00, 0x00, 0x20, 0x29, 0x00, 0x00, 0x00, 0x40, 0x01, 0x35, 0xA1,
	0x50, 0x00, 0x00, 0x20, 0x29, 0x00, 0x00, 0x00, 0x40, 0x01, 0x35, 0xC8, 0x50, 0x00, 0x00, 0x20,
	0x29, 0x00, 0x00, 0x00, 0x40, 0x01, 0x35, 0xC9, 0x50, 0x00, 0x00, 0x20, 0x29, 0x00, 0x00, 0x00,
	0x40, 0x01, 0x35, 0xF0, 0x50, 0x00, 0x00, 0x70, 0x29, 0x00, 0x00, 0x00, 0x40, 0x01, 0x35, 0xF1,
	0x50, 0x00, 0x00, 0x70, 0x29, 0x00, 0x00, 0x00, 0x40, 0x01, 0x35, 0x18, 0x51, 0x00, 0x00, 0x70,
	0x29, 0x00, 0x00, 0x00, 0x40, 0x01, 0x35, 0x19, 0x51, 0x00, 0x00, 0x70, 0x29, 0x00, 0x00, 0x00,
	0x40, 0x01, 0x35, 0x40, 0x51, 0x00, 0x00, 0xC0, 0x29, 0x00, 0x00, 0x00, 0x40, 0x01, 0x35, 0x41,
	0x51, 0x00, 0x00, 0xC0, 0x29, 0x00, 0x00, 0x00, 0x40, 0x01, 0x06, 0x00, 0x04, 0x00, 0x00, 0x00,
	0x10, 0x00, 0x00, 0x30, 0x00, 0x00, 0x08, 0x00, 0x00, 0x00, 0x00, 0x00, 0x00, 0x00, 0x00, 0x00,
	0x00, 0x00, 0x18, 0x00, 0x04, 0x00, 0x00, 0x00, 0x00, 0x00, 0x00, 0x00, 0x00, 0x00, 0x35, 0x68,
	0x51, 0x00, 0x00, 0xC0, 0x29, 0x00, 0x00, 0x00, 0x40, 0x01, 0x35, 0x69, 0x51, 0x00, 0x00, 0xC0,
	0x29, 0x00, 0x00, 0x00, 0x40, 0x01, 0x35, 0x90, 0x51, 0x00, 0x00, 0x10, 0x2A, 0x00, 0x00, 0x00,
	0x40, 0x01, 0x35, 0x91, 0x51, 0x00, 0x00, 0x10, 0x2A, 0x00, 0x00, 0x00, 0x40, 0x01, 0x35, 0xB8,
	0x51, 0x00, 0x00, 0x10, 0x2A, 0x00, 0x00, 0x00, 0x40, 0x01, 0x35, 0xB9, 0x51, 0x00, 0x00, 0x10,
	0x2A, 0x00, 0x00, 0x00, 0x40, 0x01, 0x35, 0xE0, 0x51, 0x00, 0x00, 0x60, 0x2A, 0x00, 0x00, 0x00,
	0x40, 0x01, 0x35, 0xE1, 0x51, 0x00, 0x00, 0x60, 0x2A, 0x00, 0x00, 0x00, 0x40, 0x01, 0x35, 0x08,
	0x52, 0x00, 0x00, 0x60, 0x2A, 0x00, 0x00, 0x00, 0x40, 0x01, 0x35, 0x09, 0x52, 0x00, 0x00, 0x60,
	0x2A, 0x00, 0x00, 0x00, 0x40, 0x01, 0x35, 0x30, 0x52, 0x00, 0x00, 0xB0, 0x2A, 0x00, 0x00, 0x00,
	0x40, 0x01, 0x35, 0x31, 0x52, 0x00, 0x00, 0xB0, 0x2A, 0x00, 0x00, 0x00, 0x40, 0x01, 0x35, 0x58,
	0x52, 0x00, 0x00, 0xB0, 0x2A, 0x00, 0x00, 0x00, 0x40, 0x01, 0x35, 0x59, 0x52, 0x00, 0x00, 0xB0,
	0x2A, 0x00, 0x00, 0x00, 0x40, 0x01, 0x35, 0x80, 0x52, 0x00, 0x00, 0x00, 0x2B, 0x00, 0x00, 0x00,
	0x40, 0x01, 0x35, 0x81, 0x52, 0x00, 0x00, 0x00, 0x2B, 0x00, 0x00, 0x00, 0x40, 0x01, 0x35, 0xA8,
	0x52, 0x00, 0x00, 0x00, 0x2B, 0x00, 0x00, 0x00, 0x40, 0x01, 0x35, 0xA9, 0x52, 0x00, 0x00, 0x00,
	0x2B, 0x00, 0x00, 0x00, 0x40, 0x01, 0x35, 0xD0, 0x52, 0x00, 0x00, 0x50, 0x2B, 0x00, 0x00, 0x00,
	0x40, 0x01, 0x35, 0xD1, 0x52, 0x00, 0x00, 0x50, 0x2B, 0x00, 0x00, 0x00, 0x40, 0x01, 0x35, 0xF8,
	0x52, 0x00, 0x00, 0x50, 0x2B, 0x00, 0x00, 0x00, 0x40, 0x01, 0x35, 0xF9, 0x52, 0x00, 0x00, 0x50,
	0x2B, 0x00, 0x00, 0x00, 0x40, 0x01, 0x35, 0x20, 0x53, 0x00, 0x00, 0xA0, 0x2B, 0x00, 0x00, 0x00,
	0x40, 0x01, 0x35, 0x21, 0x53, 0x00, 0x00, 0xA0, 0x2B, 0x00, 0x00, 0x00, 0x40, 0x01, 0x35, 0x48,
	0x53, 0x00, 0x00, 0xA0, 0x2B, 0x00, 0x00, 0x00, 0x40, 0x01, 0x35, 0x49, 0x53, 0x00, 0x00, 0xA0,
	0x2B, 0x00, 0x00, 0x00, 0x40, 0x01, 0x35, 0x70, 0x53, 0x00, 0x00, 0xF0, 0x2B, 0x00, 0x00, 0x00,
	0x40, 0x01, 0x35, 0x71, 0x53, 0x00, 0x00, 0xF0, 0x2B, 0x00, 0x00, 0x00, 0x40, 0x01, 0x35, 0x98,
	0x53, 0x00, 0x00, 0xF0, 0x2B, 0x00, 0x00, 0x00, 0x40, 0x01, 0x35, 0x99, 0x53, 0x00, 0x00, 0xF0,
	0x2B, 0x00, 0x00, 0x00, 0x40, 0x01, 0x35, 0xC0, 0x53, 0x00, 0x00, 0x40, 0x2C, 0x00, 0x00, 0x00,
	0x40, 0x01, 0x35, 0xC1, 0x53, 0x00, 0x00, 0x40, 0x2C, 0x00, 0x00, 0x00, 0x40, 0x01, 0x35, 0xE8,
	0x53, 0x00, 0x00, 0x40, 0x2C, 0x00, 0x00, 0x00, 0x40, 0x01, 0x35, 0xE9, 0x53, 0x00, 0x00, 0x40,
	0x2C, 0x00, 0x00, 0x00, 0x40, 0x01, 0x35, 0x10, 0x50, 0x00, 0x00, 0x90, 0x2C, 0x00, 0x00, 0x00,
	0x42, 0x01, 0x35, 0x11, 0x50, 0x00, 0x00, 0x90, 0x2C, 0x00, 0x00, 0x00, 0x42, 0x01, 0x35, 0x38,
	0x50, 0x00, 0x00, 0x90, 0x2C, 0x00, 0x00, 0x00, 0x42, 0x01, 0x35, 0x39, 0x50, 0x00, 0x00, 0x90,
	0x2C, 0x00, 0x00, 0x00, 0x42, 0x01, 0x35, 0x60, 0x50, 0x00, 0x00, 0xE0, 0x2C, 0x00, 0x00, 0x00,
	0x42, 0x01, 0x35, 0x61, 0x50, 0x00, 0x00, 0xE0, 0x2C, 0x00, 0x00, 0x00, 0x42, 0x01, 0x35, 0x88,
	0x50, 0x00, 0x00, 0xE0, 0x2C, 0x00, 0x00, 0x00, 0x42, 0x01, 0x35, 0x89, 0x50, 0x00, 0x00, 0xE0,
	0x2C, 0x00, 0x00, 0x00, 0x42, 0x01, 0x35, 0xB0, 0x50, 0x00, 0x00, 0x30, 0x2D, 0x00, 0x00, 0x00,
	0x42, 0x01, 0x35, 0xB1, 0x50, 0x00, 0x00, 0x30, 0x2D, 0x00, 0x00, 0x00, 0x42, 0x01, 0x35, 0xD8,
	0x50, 0x00, 0x00, 0x30, 0x2D, 0x00, 0x00, 0x00, 0x42, 0x01, 0x35, 0xD9, 0x50, 0x00, 0x00, 0x30,
	0x2D, 0x00, 0x00, 0x00, 0x42, 0x01, 0x35, 0x00, 0x51, 0x00, 0x00, 0x80, 0x2D, 0x00, 0x00, 0x00,
	0x42, 0x01, 0x35, 0x01, 0x51, 0x00, 0x00, 0x80, 0x2D, 0x00, 0x00, 0x00, 0x42, 0x01, 0x35, 0x28,
	0x51, 0x00, 0x00, 0x80, 0x2D, 0x00, 0x00, 0x00, 0x42, 0x01, 0x35, 0x29, 0x51, 0x00, 0x00, 0x80,
	0x2D, 0x00, 0x00, 0x00, 0x42, 0x01, 0x35, 0x50, 0x51, 0x00, 0x00, 0xD0, 0x2D, 0x00, 0x00, 0x00,
	0x42, 0x01, 0x35, 0x51, 0x51, 0x00, 0x00, 0xD0, 0x2D, 0x00, 0x00, 0x00, 0x42, 0x01, 0x35, 0x78,
	0x51, 0x00, 0x00, 0xD0, 0x2D, 0x00, 0x00, 0x00, 0x42, 0x01, 0x35, 0x79, 0x51, 0x00, 0x00, 0xD0,
	0x2D, 0x00, 0x00, 0x00, 0x42, 0x01, 0x35, 0xA0, 0x51, 0x00, 0x00, 0x20, 0x2E, 0x00, 0x00, 0x00,
	0x42, 0x01, 0x35, 0xA1, 0x51, 0x00, 0x00, 0x20, 0x2E, 0x00, 0x00, 0x00, 0x42, 0x01, 0x35, 0xC8,
	0x51, 0x00, 0x00, 0x20, 0x2E, 0x00, 0x00, 0x00, 0x42, 0x01, 0x35, 0xC9, 0x51, 0x00, 0x00, 0x20,
	0x2E, 0x00, 0x00, 0x00, 0x42, 0x01, 0x35, 0xF0, 0x51, 0x00, 0x00, 0x70, 0x2E, 0x00, 0x00, 0x00,
	0x42, 0x01, 0x35, 0xF1, 0x51, 0x00, 0x00, 0x70, 0x2E, 0x00, 0x00, 0x00, 0x42, 0x01, 0x35, 0x18,
	0x52, 0x00, 0x00, 0x70, 0x2E, 0x00, 0x00, 0x00, 0x42, 0x01, 0x35, 0x19, 0x52, 0x00, 0x00, 0x70,
	0x2E, 0x00, 0x00, 0x00, 0x42, 0x01, 0x35, 0x40, 0x52, 0x00, 0x00, 0xC0, 0x2E, 0x00, 0x00, 0x00,
	0x42, 0x01, 0x35, 0x41, 0x52, 0x00, 0x00, 0xC0, 0x2E, 0x00, 0x00, 0x00, 0x42, 0x01, 0x35, 0x68,
	0x52, 0x00, 0x00, 0xC0, 0x2E, 0x00, 0x00, 0x00, 0x42, 0x01, 0x35, 0x69, 0x52, 0x00, 0x00, 0xC0,
	0x2E, 0x00, 0x00, 0x00, 0x42, 0x01, 0x35, 0x90, 0x52, 0x00, 0x00, 0x10, 0x2F, 0x00, 0x00, 0x00,
	0x42, 0x01, 0x35, 0x91, 0x52, 0x00, 0x00, 0x10, 0x2F, 0x00, 0x00, 0x00, 0x42, 0x01, 0x35, 0xB8,
	0x52, 0x00, 0x00, 0x10, 0x2F, 0x00, 0x00, 0x00, 0x42, 0x01, 0x35, 0xB9, 0x52, 0x00, 0x00, 0x10,
	0x2F, 0x00, 0x00, 0x00, 0x42, 0x01, 0x35, 0xE0, 0x52, 0x00, 0x00, 0x60, 0x2F, 0x00, 0x00, 0x00,
	0x42, 0x01, 0x35, 0xE1, 0x52, 0x00, 0x00, 0x60, 0x2F, 0x00, 0x00, 0x00, 0x42, 0x01, 0x35, 0x08,
	0x53, 0x00, 0x00, 0x60, 0x2F, 0x00, 0x00, 0x00, 0x42, 0x01, 0x35, 0x09, 0x53, 0x00, 0x00, 0x60,
	0x2F, 0x00, 0x00, 0x00, 0x42, 0x01, 0x35, 0x30, 0x53, 0x00, 0x00, 0xB0, 0x2F, 0x00, 0x00, 0x00,
	0x42, 0x01, 0x35, 0x31, 0x53, 0x00, 0x00, 0xB0, 0x2F, 0x00, 0x00, 0x00, 0x42, 0x01, 0x35, 0x58,
	0x53, 0x00, 0x00, 0xB0, 0x2F, 0x00, 0x00, 0x00, 0x42, 0x01, 0x35, 0x59, 0x53, 0x00, 0x00, 0xB0,
	0x2F, 0x00, 0x00, 0x00, 0x42, 0x01, 0x40, 0xE8, 0x71, 0x00, 0x00, 0x00, 0x00, 0x00, 0x00, 0x00,
	0x00, 0x00, 0xDC, 0x80, 0x64, 0x00, 0x01, 0x00, 0x00, 0x00, 0x00, 0x00, 0xC0, 0x0B, 0x2E, 0x80,
	0x38, 0x00, 0x00, 0x00, 0x78, 0x00, 0x01, 0x38, 0x13, 0x00, 0x00, 0x00, 0x00, 0x00, 0x00, 0x00,
	0x00, 0x00, 0x00, 0x00, 0x00, 0x00, 0x00, 0x00, 0x14, 0x00, 0x00, 0x00, 0x00, 0x00, 0x00, 0x00,
	0x00, 0x00, 0x0E, 0x20, 0x4E, 0x00, 0x00, 0x00, 0x1E, 0x40, 0x01, 0xCF, 0x12, 0x00, 0x35, 0x00,
	0x50, 0x00, 0x00, 0x80, 0x28, 0x00, 0x00, 0x00, 0x40, 0x01, 0x35, 0x01, 0x50, 0x00, 0x00, 0x80,
	0x28, 0x00, 0x00, 0x00, 0x40, 0x01, 0x35, 0x28, 0x50, 0x00, 0x00, 0x80, 0x28, 0x00, 0x00, 0x00,
	0x40, 0x01, 0x35, 0x29, 0x50, 0x00, 0x00, 0x80, 0x28, 0x00, 0x00, 0x00, 0x40, 0x01, 0x35, 0x50,
	0x50, 0x00, 0x00, 0xD0, 0x28, 0x00, 0x00, 0x00, 0x40, 0x01, 0x35, 0x51, 0x50, 0x00, 0x00, 0xD0,
	0x28, 0x00, 0x00, 0x00, 0x40, 0x01, 0x35, 0x78, 0x50, 0x00, 0x00, 0xD0, 0x28, 0x00, 0x00, 0x00,
	0x40, 0x01, 0x35, 0x79, 0x50, 0x00, 0x00, 0xD0, 0x28, 0x00, 0x00, 0x00, 0x40, 0x01, 0x35, 0xA0,
	0x50, 0x00, 0x00, 0x20, 0x29, 0x00, 0x00, 0x00, 0x40, 0x01, 0x35, 0xA1, 0x50, 0x00, 0x00, 0x20,
	0x29, 0x00, 0x00, 0x00, 0x40, 0x01, 0x35, 0xC8, 0x50, 0x00, 0x00, 0x20, 0x29, 0x00, 0x00, 0x00,
	0x40, 0x01, 0x35, 0xC9, 0x50, 0x00, 0x00, 0x20, 0x29, 0x00, 0x00, 0x00, 0x40, 0x01, 0x35, 0xF0,
	0x50, 0x00, 0x00, 0x70, 0x29, 0x00, 0x00, 0x00, 0x40, 0x01, 0x35, 0xF1, 0x50, 0x00, 0x00, 0x70,
	0x29, 0x00, 0x00, 0x00, 0x40, 0x01, 0x35, 0x18, 0x51, 0x00, 0x00, 0x70, 0x29, 0x00, 0x00, 0x00,
	0x40, 0x01, 0x35, 0x19, 0x51, 0x00, 0x00, 0x70, 0x29, 0x00, 0x00, 0x00, 0x40, 0x01, 0x35, 0x40,
	0x51, 0x00, 0x00, 0xC0, 0x29, 0x00, 0x00, 0x00, 0x40, 0x01, 0x35, 0x41, 0x51, 0x00, 0x00, 0xC0,
	0x29, 0x00, 0x00, 0x00, 0x40, 0x01, 0x35, 0x68, 0x51, 0x00, 0x00, 0xC0, 0x29, 0x00, 0x00, 0x00,
	0x40, 0x01, 0x35, 0x69, 0x51, 0x00, 0x00, 0xC0, 0x29, 0x00, 0x00, 0x00, 0x40, 0x01, 0x35, 0x90,
	0x51, 0x00, 0x00, 0x10, 0x2A, 0x00, 0x00, 0x00, 0x40, 0x01, 0x35, 0x91, 0x51, 0x00, 0x00, 0x10,
	0x2A, 0x00, 0x00, 0x00, 0x40, 0x01, 0x35, 0xB8, 0x51, 0x00, 0x00, 0x10, 0x2A, 0x00, 0x00, 0x00,
	0x40, 0x01, 0x35, 0xB9, 0x51, 0x00, 0x00, 0x10, 0x2A, 0x00, 0x00, 0x00, 0x40, 0x01, 0x35, 0xE0,
	0x51, 0x00, 0x00, 0x60, 0x2A, 0x00, 0x00, 0x00, 0x40, 0x01, 0x35, 0xE1, 0x51, 0x00, 0x00, 0x60,
	0x2A, 0x00, 0x00, 0x00, 0x40, 0x01, 0x35, 0x08, 0x52, 0x00, 0x00, 0x60, 0x2A, 0x00, 0x00, 0x00,
	0x40, 0x01, 0x35, 0x09, 0x52, 0x00, 0x00, 0x60, 0x2A, 0x00, 0x00, 0x00, 0x40, 0x01, 0x35, 0x30,
	0x52, 0x00, 0x00, 0xB0, 0x2A, 0x00, 0x00, 0x00, 0x40, 0x01, 0x35, 0x31, 0x52, 0x00, 0x00, 0xB0,
	0x2A, 0x00, 0x00, 0x00, 0x40, 0x01, 0x35, 0x58, 0x52, 0x00, 0x00, 0xB0, 0x2A, 0x00, 0x00, 0x00,
	0x40, 0x01, 0x35, 0x59, 0x52, 0x00, 0x00, 0xB0, 0x2A, 0x00, 0x00, 0x00, 0x40, 0x01, 0x35, 0x80,
	0x52, 0x00, 0x00, 0x00, 0x2B, 0x00, 0x00, 0x00, 0x40, 0x01, 0x35, 0x81, 0x52, 0x00, 0x00, 0x00,
	0x2B, 0x00, 0x00, 0x00, 0x40, 0x01, 0x35, 0xA8, 0x52, 0x00, 0x00, 0x00, 0x2B, 0x00, 0x00, 0x00,
	0x40, 0x01, 0x35, 0xA9, 0x52, 0x00, 0x00, 0x00, 0x2B, 0x00, 0x00, 0x00, 0x40, 0x01, 0x35, 0xD0,
	0x52, 0x00, 0x00, 0x50, 0x2B, 0x00, 0x00, 0x00, 0x40, 0x01, 0x35, 0xD1, 0x52, 0x00, 0x00, 0x50,
	0x2B, 0x00, 0x00, 0x00, 0x40, 0x01, 0x35, 0xF8, 0x52, 0x00, 0x00, 0x50, 0x2B, 0x00, 0x00, 0x00,
	0x40, 0x01, 0x35, 0xF9, 0x52, 0x00, 0x00, 0x50, 0x2B, 0x00, 0x00, 0x00, 0x40, 0x01, 0x35, 0x20,
	0x53, 0x00, 0x00, 0xA0, 0x2B, 0x00, 0x00, 0x00, 0x40, 0x01, 0x35, 0x21, 0x53, 0x00, 0x00, 0xA0,
	0x2B, 0x00, 0x00, 0x00, 0x40, 0x01, 0x35, 0x48, 0x53, 0x00, 0x00, 0xA0, 0x2B, 0x00, 0x00, 0x00,
	0x40, 0x01, 0x35, 0x49, 0x53, 0x00, 0x00, 0xA0, 0x2B, 0x00, 0x00, 0x00, 0x40, 0x01, 0x35, 0x70,
	0x53, 0x00, 0x00, 0xF0, 0x2B, 0x00, 0x00, 0x00, 0x40, 0x01, 0x35, 0x71, 0x53, 0x00, 0x00, 0xF0,
	0x2B, 0x00, 0x00, 0x00, 0x40, 0x01, 0x35, 0x98, 0x53, 0x00, 0x00, 0xF0, 0x2B, 0x00, 0x00, 0x00,
	0x40, 0x01, 0x35, 0x99, 0x53, 0x00, 0x00, 0xF0, 0x2B, 0x00, 0x00, 0x00, 0x40, 0x01, 0x35, 0xC0,
	0x53, 0x00, 0x00, 0x40, 0x2C, 0x00, 0x00, 0x00, 0x40, 0x01, 0x35, 0xC1, 0x53, 0x00, 0x00, 0x40,
	0x2C, 0x00, 0x00, 0x00, 0x40, 0x01, 0x35, 0xE8, 0x53, 0x00, 0x00, 0x40, 0x2C, 0x00, 0x00, 0x00,
	0x40, 0x01, 0x35, 0xE9, 0x53, 0x00, 0x00, 0x40, 0x2C, 0x00, 0x00, 0x00, 0x40, 0x01, 0x35, 0x10,
	0x50, 0x00, 0x00, 0x90, 0x2C, 0x00, 0x00, 0x00, 0x42, 0x01, 0x35, 0x11, 0x50, 0x00, 0x00, 0x90,
	0x2C, 0x00, 0x00, 0x00, 0x42, 0x01, 0x35, 0x38, 0x50, 0x00, 0x00, 0x90, 0x2C, 0x00, 0x00, 0x00,
	0x42, 0x01, 0x35, 0x39, 0x50, 0x00, 0x00, 0x90, 0x2C, 0x00, 0x00, 0x00, 0x42, 0x01, 0x35, 0x60,
	0x50, 0x00, 0x00, 0xE0, 0x2C, 0x00, 0x00, 0x00, 0x42, 0x01, 0x35, 0x61, 0x50, 0x00, 0x00, 0xE0,
	0x2C, 0x00, 0x00, 0x00, 0x42, 0x01, 0x35, 0x88, 0x50, 0x00, 0x00, 0xE0, 0x2C, 0x00, 0x00, 0x00,
	0x42, 0x01, 0x35, 0x89, 0x50, 0x00, 0x00, 0xE0, 0x2C, 0x00, 0x00, 0x00, 0x42, 0x01, 0x35, 0xB0,
	0x50, 0x00, 0x00, 0x30, 0x2D, 0x00, 0x00, 0x00, 0x42, 0x01, 0x35, 0xB1, 0x50, 0x00, 0x00, 0x30,
	0x2D, 0x00, 0x00, 0x00, 0x42, 0x01, 0x35, 0xD8, 0x50, 0x00, 0x00, 0x30, 0x2D, 0x00, 0x00, 0x00,
	0x42, 0x01, 0x35, 0xD9, 0x50, 0x00, 0x00, 0x30, 0x2D, 0x00, 0x00, 0x00, 0x42, 0x01, 0x35, 0x00,
	0x51, 0x00, 0x00, 0x80, 0x2D, 0x00, 0x00, 0x00, 0x42, 0x01, 0x35, 0x01, 0x51, 0x00, 0x00, 0x80,
	0x2D, 0x00, 0x00, 0x00, 0x42, 0x01, 0x35, 0x28, 0x51, 0x00, 0x00, 0x80, 0x2D, 0x00, 0x00, 0x00,
	0x42, 0x01, 0x35, 0x29, 0x51, 0x00, 0x00, 0x80, 0x2D, 0x00, 0x00, 0x00, 0x42, 0x01, 0x35, 0x50,
	0x51, 0x00, 0x00, 0xD0, 0x2D, 0x00, 0x00, 0x00, 0x42, 0x01, 0x35, 0x51, 0x51, 0x00, 0x00, 0xD0,
	0x2D, 0x00, 0x00, 0x00, 0x42, 0x01, 0x35, 0x78, 0x51, 0x00, 0x00, 0xD0, 0x2D, 0x00, 0x00, 0x00,
	0x42, 0x01, 0x35, 0x79, 0x51, 0x00, 0x00, 0xD0, 0x2D, 0x00, 0x00, 0x00, 0x42, 0x01, 0x35, 0xA0,
	0x51, 0x00, 0x00, 0x20, 0x2E, 0x00, 0x00, 0x00, 0x42, 0x01, 0x35, 0xA1, 0x51, 0x00, 0x00, 0x20,
	0x2E, 0x00, 0x00, 0x00, 0x42, 0x01, 0x35, 0xC8, 0x51, 0x00, 0x00, 0x20, 0x2E, 0x00, 0x00, 0x00,
	0x42, 0x01, 0x35, 0xC9, 0x51, 0x00, 0x00, 0x20, 0x2E, 0x00, 0x00, 0x00, 0x42, 0x01, 0x35, 0xF0,
	0x51, 0x00, 0x00, 0x70, 0x2E, 0x00, 0x00, 0x00, 0x42, 0x01, 0x35, 0xF1, 0x51, 0x00, 0x00, 0x70,
	0x2E, 0x00, 0x00, 0x00, 0x42, 0x01, 0x35, 0x18, 0x52, 0x00, 0x00, 0x70, 0x2E, 0x00, 0x00, 0x00,
	0x42, 0x01, 0x35, 0x19, 0x52, 0x00, 0x00, 0x70, 0x2E, 0x00, 0x00, 0x00, 0x42, 0x01, 0x35, 0x40,
	0x52, 0x00, 0x00, 0xC0, 0x2E, 0x00, 0x00, 0x00, 0x42, 0x01, 0x35, 0x41, 0x52, 0x00, 0x00, 0xC0,
	0x2E, 0x00, 0x00, 0x00, 0x42, 0x01, 0x35, 0x68, 0x52, 0x00, 0x00, 0xC0, 0x2E, 0x00, 0x00, 0x00,
	0x42, 0x01, 0x35, 0x69, 0x52, 0x00, 0x00, 0xC0, 0x2E, 0x00, 0x00, 0x00, 0x42, 0x01, 0x35, 0x90,
	0x52, 0x00, 0x00, 0x10, 0x2F, 0x00, 0x00, 0x00, 0x42, 0x01, 0x35, 0x91, 0x52, 0x00, 0x00, 0x10,
	0x2F, 0x00, 0x00, 0x00, 0x42, 0x01, 0x35, 0xB8, 0x52, 0x00, 0x00, 0x10, 0x2F, 0x00, 0x00, 0x00,
	0x42, 0x01, 0x35, 0xB9, 0x52, 0x00, 0x00, 0x10, 0x2F, 0x00, 0x00, 0x00, 0x42, 0x01, 0x35, 0xE0,
	0x52, 0x00, 0x00, 0x60, 0x2F, 0x00, 0x00, 0x00, 0x42, 0x01, 0x35, 0xE1, 0x52, 0x00, 0x00, 0x60,
	0x2F, 0x00, 0x00, 0x00, 0x42, 0x01, 0x35, 0x08, 0x53, 0x00, 0x00, 0x60, 0x2F, 0x00, 0x00, 0x00,
	0x42, 0x01, 0x35, 0x09, 0x53, 0x00, 0x00, 0x60, 0x2F, 0x00, 0x00, 0x00, 0x42, 0x01, 0x35, 0x30,
	0x53, 0x00, 0x00, 0xB0, 0x2F, 0x00, 0x00, 0x00, 0x42, 0x01, 0x35, 0x31, 0x53, 0x00, 0x00, 0xB0,
	0x2F, 0x00, 0x00, 0x00, 0x42, 0x01, 0x35, 0x58, 0x53, 0x00, 0x00, 0xB0, 0x2F, 0x00, 0x00, 0x00,
	0x42, 0x01, 0x35, 0x59, 0x53, 0x00, 0x00, 0xB0, 0x2F, 0x00, 0x00, 0x00, 0x42, 0x01, 0x40, 0xE8,
	0x71, 0x00, 0x00, 0x00, 0x00, 0x00, 0x00, 0x00, 0x00, 0x00, 0xDC, 0x80, 0x64, 0x00, 0x01, 0x00,
	0x00, 0x00, 0x00, 0x00, 0xC0, 0x0B, 0x2E, 0x80, 0x38, 0x00, 0x00, 0x00, 0x78, 0x00, 0x01, 0x74,
	0x13, 0x00, 0x00, 0x00, 0x00, 0x00, 0x00, 0x00, 0x00, 0x00, 0x00, 0x00, 0x00, 0x00, 0x00, 0x00,
	0x14, 0x00, 0x00, 0x00, 0x00, 0x00, 0x00, 0x00, 0x00, 0x00, 0x00, 0x00, 0x00, 0x00, 0x00, 0x00,
	0x00, 0x00, 0x00, 0x00, 0x00, 0x00, 0x00, 0x00, 0x14, 0x00, 0x00, 0x00, 0x00, 0x00, 0x00, 0x00,
	0x00, 0x00, 0x0E, 0x00, 0x38, 0x00, 0x00, 0x00, 0x78, 0x00, 0x00, 0x38, 0x13, 0x00, 0x0D, 0x00,
	0x65, 0x00, 0x00, 0x00, 0x00, 0x00, 0x00, 0x00, 0x04, 0x00, 0x0E, 0x00, 0x38, 0x00, 0x00, 0x00,
	0x78, 0x00, 0x00, 0x90, 0x15, 0x00, 0x0D, 0x80, 0x64, 0x00, 0x00, 0x00, 0x00, 0x00, 0x00, 0x00,
	0x08, 0x00, 0x2E, 0x00, 0x55, 0x00, 0x00, 0x00, 0x78, 0x80, 0x00, 0x70, 0x17, 0x00, 0x00, 0x00,
	0x00, 0x00, 0x00, 0x00, 0x00, 0x00, 0x00, 0x00, 0x00, 0x00, 0x00, 0x00, 0x14, 0x00, 0x00, 0x00,
	0x00, 0x00, 0x00, 0x00, 0x00, 0x00, 0x0E, 0x00, 0x38, 0x00, 0x00, 0x00, 0x78, 0x00, 0x00, 0x74,
	0x13, 0x00, 0x0D, 0x00, 0x65, 0x00, 0x00, 0x00, 0x00, 0x00, 0x00, 0x00, 0x04, 0x00, 0x0E, 0x00,
	0x38, 0x00, 0x00, 0x00, 0x78, 0x00, 0x00, 0xCC, 0x15, 0x00, 0x0D, 0x80, 0x64, 0x00, 0x00, 0x00,
	0x00, 0x00, 0x00, 0x00, 0x08, 0x00, 0x2E, 0x00, 0x55, 0x00, 0x00, 0x00, 0x78, 0x80, 0x00, 0xAC,
	0x17, 0x00, 0x00, 0x00, 0x00, 0x00, 0x00, 0x00, 0x00, 0x00, 0x00, 0x00, 0x00, 0x00, 0x00, 0x00,
	0x14, 0x00, 0x00, 0x00, 0x00, 0x00, 0x00, 0x00, 0x00, 0x00, 0x00, 0x00, 0x00, 0x00, 0x00, 0x00,
	0x00, 0x00, 0x00, 0x00, 0x00, 0x00, 0x00, 0x00, 0x14, 0x00, 0x00, 0x00, 0x00, 0x00, 0x00, 0x00,
	0x00, 0x00, 0x16, 0x00, 0x00, 0x00, 0x00, 0x00, 0x80, 0x00, 0x00, 0x8E, 0x10, 0x00, 0x0E, 0xC0,
	0x58, 0x00, 0x00, 0x00, 0x78, 0xC0, 0x00, 0x70, 0x17, 0x00, 0x28, 0x00, 0x00, 0x00, 0x00, 0x00,
	0x00, 0x00, 0x00, 0x00, 0x00, 0x00, 0x38, 0x00, 0x00, 0x00, 0x00, 0x00, 0x00, 0x00, 0x00, 0x00,
	0x46, 0x33, 0x26, 0x00, 0x00, 0x00, 0x01, 0x00, 0x02, 0x00, 0x14, 0x2B, 0x00, 0x00, 0x29, 0x00,
	0x78, 0x7C, 0x14, 0x98, 0x01, 0x00, 0x14, 0x80, 0x00, 0x00, 0x16, 0x20, 0x01, 0x00, 0x00, 0x00,
	0x80, 0x00, 0x10, 0xAE, 0x10, 0x00, 0x26, 0x00, 0x00, 0x00, 0x03, 0x00, 0x02, 0x00, 0x28, 0x2B,
	0x00, 0x00, 0x29, 0x0B, 0x78, 0x7C, 0x14, 0x98, 0x01, 0x12, 0x68, 0x80, 0x10, 0x00, 0x16, 0x00,
	0x00, 0x00, 0x00, 0x00, 0x20, 0x00, 0x00, 0xCE, 0x10, 0x00, 0x28, 0x00, 0x00, 0x00, 0x00, 0x00,
	0x00, 0x00, 0x00, 0x00, 0x00, 0x00, 0x38, 0x00, 0x00, 0x00, 0x00, 0x00, 0x00, 0x00, 0x00, 0x00,
	0x44, 0x33, 0x26, 0x00, 0x00, 0x00, 0x01, 0x00, 0x02, 0x00, 0x00, 0x2C, 0x00, 0x00, 0x29, 0xA9,
	0x78, 0x80, 0x14, 0x00, 0x00, 0x00, 0x00, 0x80, 0x20, 0x00, 0x16, 0x20, 0x01, 0x00, 0x00, 0x00,
	0x20, 0x00, 0x10, 0xD6, 0x10, 0x00, 0x26, 0x00, 0x00, 0x00, 0x03, 0x00, 0x02, 0x00, 0x3C, 0x2C,
	0x00, 0x00, 0x29, 0xB4, 0x78, 0x80, 0x14, 0x00, 0x00, 0x12, 0x7C, 0x80, 0x30, 0x00, 0x16, 0x00,
	0x00, 0x00, 0x00, 0x00, 0x20, 0x01, 0x00, 0xDE, 0x10, 0x00, 0x28, 0x00, 0x00, 0x00, 0x00, 0x00,
	0x00, 0x00, 0x00, 0x00, 0x00, 0x00, 0x38, 0x00, 0x00, 0x00, 0x00, 0x00, 0x00, 0x00, 0x00, 0x00,
	0x48, 0x33, 0x26, 0x00, 0x00, 0x00, 0x01, 0x00, 0x02, 0x00, 0x14, 0x2D, 0x00, 0x00, 0x29, 0x00,
	0x84, 0x80, 0x18, 0xA4, 0x02, 0x00, 0x14, 0x80, 0x00, 0x04, 0x16, 0x20, 0x01, 0x00, 0x00, 0x00,
	0x20, 0x01, 0x10, 0x26, 0x11, 0x00, 0x26, 0x00, 0x00, 0x00, 0x03, 0x00, 0x02, 0x00, 0x28, 0x2D,
	0x00, 0x00, 0x29, 0x0A, 0x84, 0x80, 0x18, 0xA4, 0x02, 0x12, 0x68, 0x80, 0x00, 0x04, 0x40, 0xD1,
	0x45, 0x00, 0x00, 0x00, 0x00, 0x00, 0x00, 0x00, 0x00, 0x00, 0xDC, 0x80, 0x89, 0x40, 0x01, 0x00,
	0x00, 0x00, 0x00, 0x00, 0x80, 0x0B, 0x2E, 0x80, 0x5D, 0x00, 0x00, 0x00, 0x78, 0x40, 0x01, 0x38,
	0x13, 0x00, 0x00, 0x00, 0x00, 0x00, 0x00, 0x00, 0x00, 0x00, 0x00, 0x00, 0x00, 0x00, 0x00, 0x00,
	0x14, 0x00, 0x00, 0x00, 0x00, 0x00, 0x00, 0x00, 0x00, 0x00, 0x16, 0x00, 0x00, 0x00, 0x00, 0x00,
	0x80, 0x00, 0x00, 0x8E, 0x10, 0x00, 0x0E, 0x80, 0x63, 0x00, 0x00, 0x00, 0x78, 0x80, 0x00, 0x93,
	0x17, 0x00, 0x28, 0x00, 0x00, 0x00, 0x00, 0x00, 0x00, 0x00, 0x00, 0x00, 0x00, 0x00, 0x38, 0x00,
	0x00, 0x00, 0x00, 0x00, 0x00, 0x00, 0x00, 0x00, 0x46, 0x33, 0x26, 0x00, 0x00, 0x00, 0x01, 0x00,
	0x02, 0x00, 0x00, 0x2B, 0x00, 0x00, 0x29, 0x00, 0x8C, 0x90, 0x14, 0x70, 0x01, 0x00, 0x00, 0x80,
	0x00, 0x00, 0x16, 0x20, 0x01, 0x00, 0x00, 0x00, 0x80, 0x00, 0x10, 0xAE, 0x10, 0x00, 0x26, 0x00,
	0x00, 0x00, 0x03, 0x00, 0x02, 0x00, 0x3C, 0x2B, 0x00, 0x00, 0x29, 0x0C, 0x8C, 0x90, 0x14, 0x70,
	0x01, 0x12, 0x7C, 0x80, 0x20, 0x00, 0x16, 0x00, 0x00, 0x00, 0x00, 0x00, 0x20, 0x00, 0x00, 0xCE,
	0x10, 0x00, 0x28, 0x00, 0x00, 0x00, 0x00, 0x00, 0x00, 0x00, 0x00, 0x00, 0x00, 0x00, 0x38, 0x00,
	0x00, 0x00, 0x00, 0x00, 0x00, 0x00, 0x00, 0x00, 0x44, 0x33, 0x26, 0x00, 0x00, 0x00, 0x01, 0x00,
	0x02, 0x00, 0x14, 0x2C, 0x00, 0x00, 0x29, 0xA7, 0x8C, 0x94, 0x14, 0x00, 0x00, 0x00, 0x14, 0x80,
	0x00, 0x00, 0x16, 0x20, 0x01, 0x00, 0x00, 0x00, 0x20, 0x00, 0x10, 0xD6, 0x10, 0x00, 0x26, 0x00,
	0x00, 0x00, 0x03, 0x00, 0x02, 0x00, 0x28, 0x2C, 0x00, 0x00, 0x29, 0xB3, 0x8C, 0x94, 0x14, 0x00,
	0x00, 0x12, 0x68, 0x80, 0x20, 0x00, 0x16, 0x00, 0x00, 0x00, 0x00, 0x00, 0x20, 0x01, 0x00, 0xDE,
	0x10, 0x00, 0x28, 0x00, 0x00, 0x00, 0x00, 0x00, 0x00, 0x00, 0x00, 0x00, 0x00, 0x00, 0x38, 0x00,
	0x00, 0x00, 0x00, 0x00, 0x00, 0x00, 0x00, 0x00, 0x48, 0x33, 0x26, 0x00, 0x00, 0x00, 0x01, 0x00,
	0x02, 0x00, 0x00, 0x2D, 0x00, 0x00, 0x29, 0x00, 0x84, 0x94, 0x1C, 0x9C, 0x02, 0x00, 0x00, 0x80,
	0x00, 0x00, 0x16, 0x20, 0x01, 0x00, 0x00, 0x00, 0x20, 0x01, 0x10, 0x26, 0x11, 0x00, 0x26, 0x00,
	0x00, 0x00, 0x03, 0x00, 0x02, 0x00, 0x3C, 0x2D, 0x00, 0x00, 0x29, 0x0A, 0x84, 0x94, 0x1C, 0x9C,
	0x02, 0x12, 0x7C, 0x80, 0x00, 0x00, 0x40, 0xD1, 0x45, 0x00, 0x00, 0x00, 0x00, 0x00, 0x00, 0x00,
	0x00, 0x00, 0xDC, 0x80, 0x89, 0x40, 0x01, 0x00, 0x00, 0x00, 0x00, 0x00, 0x80, 0x0B, 0x2E, 0x80,
	0x5D, 0x00, 0x00, 0x00, 0x78, 0x40, 0x01, 0x60, 0x13, 0x00, 0x00, 0x00, 0x00, 0x00, 0x00, 0x00,
	0x00, 0x00, 0x00, 0x00, 0x00, 0x00, 0x00, 0x00, 0x14, 0x00, 0x00, 0x00, 0x00, 0x00, 0x00, 0x00,
	0x00, 0x00, 0x16, 0x00, 0x00, 0x00, 0x00, 0x00, 0x80, 0x00, 0x00, 0x8E, 0x10, 0x00, 0x0E, 0xC0,
	0x58, 0x00, 0x00, 0x00, 0x78, 0xC0, 0x00, 0xBB, 0x17, 0x00, 0x28, 0x00, 0x00, 0x00, 0x00, 0x00,
	0x00, 0x00, 0x00, 0x00, 0x00, 0x00, 0x38, 0x00, 0x00, 0x00, 0x00, 0x00, 0x00, 0x00, 0x00, 0x00,
	0x46, 0x33, 0x26, 0x00, 0x00, 0x00, 0x01, 0x00, 0x02, 0x00, 0x14, 0x2B, 0x00, 0x00, 0x29, 0x00,
	0x78, 0x7C, 0x14, 0x98, 0x01, 0x00, 0x14, 0x80, 0x00, 0x00, 0x16, 0x20, 0x01, 0x00, 0x00, 0x00,
	0x80, 0x00, 0x10, 0xAE, 0x10, 0x00, 0x26, 0x00, 0x00, 0x00, 0x03, 0x00, 0x02, 0x00, 0x28, 0x2B,
	0x00, 0x00, 0x29, 0x0B, 0x78, 0x7C, 0x14, 0x98, 0x01, 0x12, 0x68, 0x80, 0x10, 0x00, 0x16, 0x00,
	0x00, 0x00, 0x00, 0x00, 0x20, 0x00, 0x00, 0xCE, 0x10, 0x00, 0x28, 0x00, 0x00, 0x00, 0x00, 0x00,
	0x00, 0x00, 0x00, 0x00, 0x00, 0x00, 0x38, 0x00, 0x00, 0x00, 0x00, 0x00, 0x00, 0x00, 0x00, 0x00,
	0x44, 0x33, 0x26, 0x00, 0x00, 0x00, 0x01, 0x00, 0x02, 0x00, 0x00, 0x2C, 0x00, 0x00, 0x29, 0xA9,
	0x78, 0x80, 0x14, 0x00, 0x00, 0x00, 0x00, 0x80, 0x20, 0x00, 0x16, 0x20, 0x01, 0x00, 0x00, 0x00,
	0x20, 0x00, 0x10, 0xD6, 0x10, 0x00, 0x26, 0x00, 0x00, 0x00, 0x03, 0x00, 0x02, 0x00, 0x3C, 0x2C,
	0x00, 0x00, 0x29, 0xB4, 0x78, 0x80, 0x14, 0x00, 0x00, 0x12, 0x7C, 0x80, 0x30, 0x00, 0x16, 0x00,
	0x00, 0x00, 0x00, 0x00, 0x20, 0x01, 0x00, 0xDE, 0x10, 0x00, 0x28, 0x00, 0x00, 0x00, 0x00, 0x00,
	0x00, 0x00, 0x00, 0x00, 0x00, 0x00, 0x38, 0x00, 0x00, 0x00, 0x00, 0x00, 0x00, 0x00, 0x00, 0x00,
	0x48, 0x33, 0x26, 0x00, 0x00, 0x00, 0x01, 0x00, 0x02, 0x00, 0x14, 0x2D, 0x00, 0x00, 0x29, 0x00,
	0x84, 0x80, 0x20, 0xA4, 0x02, 0x00, 0x14, 0x80, 0x00, 0x04, 0x16, 0x20, 0x01, 0x00, 0x00, 0x00,
	0x20, 0x01, 0x10, 0x26, 0x11, 0x00, 0x26, 0x00, 0x00, 0x00, 0x03, 0x00, 0x02, 0x00, 0x28, 0x2D,
	0x00, 0x00, 0x29, 0x0A, 0x84, 0x80, 0x20, 0xA4, 0x02, 0x12, 0x68, 0x80, 0x00, 0x04, 0x40, 0xD1,
	0x45, 0x00, 0x00, 0x00, 0x00, 0x00, 0x00, 0x00, 0x00, 0x00, 0xDC, 0x80, 0x89, 0x40, 0x01, 0x00,
	0x00, 0x00, 0x00, 0x00, 0x80, 0x0B, 0x2E, 0x80, 0x5D, 0x00, 0x00, 0x00, 0x78, 0x40, 0x01, 0x88,
	0x13, 0x00, 0x00, 0x00, 0x00, 0x00, 0x00, 0x00, 0x00, 0x00, 0x00, 0x00, 0x00, 0x00, 0x00, 0x00,
	0x14, 0x00, 0x00, 0x00, 0x00, 0x00, 0x00, 0x00, 0x00, 0x00, 0x00, 0x00, 0x00, 0x00, 0x00, 0x00,
	0x00, 0x00, 0x00, 0x00, 0x00, 0x00, 0x00, 0x00, 0x14, 0x00, 0x00, 0x00, 0x00, 0x00, 0x00, 0x00,
	0x00, 0x00, 0x16, 0x00, 0x00, 0x00, 0x00, 0x00, 0x80, 0x00, 0x00, 0x6E, 0x11, 0x00, 0x0E, 0x00,
	0x55, 0x00, 0x00, 0x00, 0x78, 0x80, 0x00, 0x70, 0x17, 0x00, 0x28, 0x00, 0x00, 0x00, 0x00, 0x00,
	0x00, 0x00, 0x00, 0x00, 0x00, 0x00, 0x38, 0x00, 0x00, 0x00, 0x00, 0x00, 0x00, 0x00, 0x00, 0x00,
	0x46, 0x33, 0x26, 0x00, 0x00, 0x00, 0x01, 0x00, 0x02, 0x00, 0x00, 0x2E, 0x00, 0x00, 0x29, 0x00,
	0x4C, 0x98, 0x14, 0x20, 0x01, 0x00, 0x00, 0x80, 0x00, 0x00, 0x16, 0x20, 0x01, 0x00, 0x00, 0x00,
	0x80, 0x00, 0x10, 0x8E, 0x11, 0x00, 0x26, 0x00, 0x00, 0x00, 0x03, 0x00, 0x02, 0x00, 0x3C, 0x2E,
	0x00, 0x00, 0x29, 0x0F, 0x4C, 0x98, 0x14, 0x20, 0x01, 0x12, 0x7C, 0x80, 0x00, 0x00, 0x40, 0x8B,
	0x60, 0x00, 0x00, 0x00, 0x00, 0x00, 0x00, 0x00, 0x00, 0x00, 0xDC, 0x40, 0x60, 0x40, 0x01, 0x00,
	0x00, 0x00, 0x00, 0x00, 0xC0, 0x0B, 0x2E, 0x40, 0x44, 0x00, 0x00, 0x00, 0x78, 0x40, 0x01, 0x28,
	0x14, 0x00, 0x00, 0x00, 0x00, 0x00, 0x00, 0x00, 0x00, 0x00, 0x00, 0x00, 0x00, 0x00, 0x00, 0x00,
	0x14, 0x00, 0x00, 0x00, 0x00, 0x00, 0x00, 0x00, 0x00, 0x00, 0x16, 0x00, 0x00, 0x00, 0x00, 0x00,
	0x80, 0x00, 0x00, 0x6E, 0x11, 0x00, 0x0E, 0x00, 0x55, 0x00, 0x00, 0x00, 0x78, 0x80, 0x00, 0xAC,
	0x17, 0x00, 0x28, 0x00, 0x00, 0x00, 0x00, 0x00, 0x00, 0x00, 0x00, 0x00, 0x00, 0x00, 0x38, 0x00,
	0x00, 0x00, 0x00, 0x00, 0x00, 0x00, 0x00, 0x00, 0x46, 0x33, 0x26, 0x00, 0x00, 0x00, 0x01, 0x00,
	0x02, 0x00, 0x14, 0x2E, 0x00, 0x00, 0x29, 0x00, 0x4C, 0x98, 0x14, 0x20, 0x01, 0x00, 0x14, 0x80,
	0x00, 0x00, 0x16, 0x20, 0x01, 0x00, 0x00, 0x00, 0x80, 0x00, 0x10, 0x8E, 0x11, 0x00, 0x26, 0x00,
	0x00, 0x00, 0x03, 0x00, 0x02, 0x00, 0x28, 0x2E, 0x00, 0x00, 0x29, 0x0F, 0x4C, 0x98, 0x14, 0x20,
	0x01, 0x12, 0x68, 0x80, 0x00, 0x00, 0x40, 0x8B, 0x60, 0x00, 0x00, 0x00, 0x00, 0x00, 0x00, 0x00,
	0x00, 0x00, 0xDC, 0x40, 0x60, 0x40, 0x01, 0x00, 0x00, 0x00, 0x00, 0x00, 0xC0, 0x0B, 0x2E, 0x40,
	0x44, 0x00, 0x00, 0x00, 0x78, 0x40, 0x01, 0x64, 0x14, 0x00, 0x00, 0x00, 0x00, 0x00, 0x00, 0x00,
	0x00, 0x00, 0x00, 0x00, 0x00, 0x00, 0x00, 0x00, 0x14, 0x00, 0x00, 0x00, 0x00, 0x00, 0x00, 0x00,
	0x00, 0x00, 0x00, 0x00, 0x00, 0x00, 0x00, 0x00, 0x00, 0x00, 0x00, 0x00, 0x00, 0x00, 0x00, 0x00,
	0x14, 0x00, 0x00, 0x00, 0x00, 0x00, 0x00, 0x00, 0x00, 0x00, 0x16, 0x00, 0x00, 0x00, 0x00, 0x00,
	0x40, 0x00, 0x00, 0xAE, 0x11, 0x00, 0x0E, 0x00, 0x44, 0x00, 0x00, 0x00, 0x78, 0x00, 0x00, 0x38,
	0x13, 0x00, 0x0D, 0x80, 0x60, 0x00, 0x00, 0x00, 0x00, 0x00, 0x00, 0x00, 0x08, 0x00, 0x0E, 0x00,
	0x44, 0x00, 0x00, 0x00, 0x78, 0x00, 0x00, 0x28, 0x14, 0x00, 0x0D, 0x40, 0x60, 0x00, 0x00, 0x00,
	0x00, 0x00, 0x00, 0x00, 0x0A, 0x00, 0x28, 0x00, 0x00, 0x00, 0x00, 0x00, 0x00, 0x00, 0x00, 0x00,
	0x00, 0x00, 0x38, 0x00, 0x00, 0x00, 0x00, 0x00, 0x00, 0x00, 0x00, 0x00, 0x46, 0x33, 0x26, 0x00,
	0x00, 0x00, 0x01, 0x00, 0x02, 0x00, 0x00, 0x2F, 0x00, 0x00, 0x29, 0x00, 0x4C, 0x64, 0x14, 0x10,
	0x02, 0x00, 0x00, 0x80, 0x00, 0x00, 0x16, 0x20, 0x01, 0x00, 0x00, 0x00, 0x40, 0x00, 0x10, 0xBE,
	0x11, 0x00, 0x26, 0x00, 0x00, 0x00, 0x03, 0x00, 0x02, 0x00, 0x3C, 0x2F, 0x00, 0x00, 0x29, 0x0F,
	0x4C, 0x64, 0x14, 0x10, 0x02, 0x12, 0x7C, 0x80, 0x00, 0x00, 0x16, 0x00, 0x00, 0x00, 0x00, 0x00,
	0x40, 0x00, 0x00, 0xCE, 0x11, 0x00, 0x26, 0x00, 0x00, 0x00, 0x01, 0x00, 0x02, 0x00, 0x14, 0x30,
	0x00, 0x00, 0x29, 0x1E, 0x4C, 0x64, 0x14, 0x10, 0x02, 0x00, 0x14, 0x80, 0x00, 0x00, 0x16, 0x20,
	0x01, 0x00, 0x00, 0x00, 0x40, 0x00, 0x10, 0xDE, 0x11, 0x00, 0x26, 0x00, 0x00, 0x00, 0x03, 0x00,
	0x02, 0x00, 0x28, 0x30, 0x00, 0x00, 0x29, 0x2D, 0x4C, 0x64, 0x14, 0x10, 0x02, 0x12, 0x68, 0x80,
	0x00, 0x00, 0x16, 0x00, 0x00, 0x00, 0x00, 0x00, 0x40, 0x00, 0x00, 0xEE, 0x11, 0x00, 0x28, 0x00,
	0x00, 0x00, 0x00, 0x00, 0x00, 0x00, 0x00, 0x00, 0x00, 0x00, 0x38, 0x00, 0x00, 0x00, 0x00, 0x00,
	0x00, 0x00, 0x00, 0x00, 0x46, 0x33, 0x26, 0x00, 0x00, 0x00, 0x01, 0x00, 0x02, 0x00, 0x00, 0x31,
	0x00, 0x00, 0x29, 0xA2, 0x4C, 0x64, 0x14, 0x00, 0x00, 0x00, 0x00, 0x80, 0x00, 0x00, 0x16, 0x20,
	0x01, 0x00, 0x00, 0x00, 0x40, 0x00, 0x10, 0xFE, 0x11, 0x00, 0x26, 0x00, 0x00, 0x00, 0x03, 0x00,
	0x02, 0x00, 0x3C, 0x31, 0x00, 0x00, 0x29, 0xB1, 0x4C, 0x64, 0x14, 0x00, 0x00, 0x12, 0x7C, 0x80,
	0x00, 0x00, 0x2E, 0x40, 0x44, 0x00, 0x00, 0x00, 0x78, 0x40, 0x01, 0x18, 0x15, 0x00, 0x00, 0x00,
	0x00, 0x00, 0x00, 0x00, 0x00, 0x00, 0x00, 0x00, 0x00, 0x00, 0x00, 0x00, 0x14, 0x00, 0x00, 0x00,
	0x00, 0x00, 0x00, 0x00, 0x00, 0x00, 0x16, 0x00, 0x00, 0x00, 0x00, 0x00, 0x40, 0x00, 0x00, 0xAE,
	0x11, 0x00, 0x0E, 0x00, 0x44, 0x00, 0x00, 0x00, 0x78, 0x00, 0x00, 0x74, 0x13, 0x00, 0x0D, 0x80,
	0x60, 0x00, 0x00, 0x00, 0x00, 0x00, 0x00, 0x00, 0x08, 0x00, 0x0E, 0x00, 0x44, 0x00, 0x00, 0x00,
	0x78, 0x00, 0x00, 0x64, 0x14, 0x00, 0x0D, 0x40, 0x60, 0x00, 0x00, 0x00, 0x00, 0x00, 0x00, 0x00,
	0x0A, 0x00, 0x28, 0x00, 0x00, 0x00, 0x00, 0x00, 0x00, 0x00, 0x00, 0x00, 0x00, 0x00, 0x38, 0x00,
	0x00, 0x00, 0x00, 0x00, 0x00, 0x00, 0x00, 0x00, 0x46, 0x33, 0x26, 0x00, 0x00, 0x00, 0x01, 0x00,
	0x02, 0x00, 0x14, 0x2F, 0x00, 0x00, 0x29, 0x00, 0x4C, 0x64, 0x14, 0x10, 0x02, 0x00, 0x14, 0x80,
	0x00, 0x00, 0x16, 0x20, 0x01, 0x00, 0x00, 0x00, 0x40, 0x00, 0x10, 0xBE, 0x11, 0x00, 0x26, 0x00,
	0x00, 0x00, 0x03, 0x00, 0x02, 0x00, 0x28, 0x2F, 0x00, 0x00, 0x29, 0x0F, 0x4C, 0x64, 0x14, 0x10,
	0x02, 0x12, 0x68, 0x80, 0x00, 0x00, 0x16, 0x00, 0x00, 0x00, 0x00, 0x00, 0x40, 0x00, 0x00, 0xCE,
	0x11, 0x00, 0x26, 0x00, 0x00, 0x00, 0x01, 0x00, 0x02, 0x00, 0x00, 0x30, 0x00, 0x00, 0x29, 0x1E,
	0x4C, 0x64, 0x14, 0x10, 0x02, 0x00, 0x00, 0x80, 0x00, 0x00, 0x16, 0x20, 0x01, 0x00, 0x00, 0x00,
	0x40, 0x00, 0x10, 0xDE, 0x11, 0x00, 0x26, 0x00, 0x00, 0x00, 0x03, 0x00, 0x02, 0x00, 0x3C, 0x30,
	0x00, 0x00, 0x29, 0x2D, 0x4C, 0x64, 0x14, 0x10, 0x02, 0x12, 0x7C, 0x80, 0x00, 0x00, 0x16, 0x00,
	0x00, 0x00, 0x00, 0x00, 0x40, 0x00, 0x00, 0xEE, 0x11, 0x00, 0x28, 0x00, 0x00, 0x00, 0x00, 0x00,
	0x00, 0x00, 0x00, 0x00, 0x00, 0x00, 0x38, 0x00, 0x00, 0x00, 0x00, 0x00, 0x00, 0x00, 0x00, 0x00,
	0x46, 0x33, 0x26, 0x00, 0x00, 0x00, 0x01, 0x00, 0x02, 0x00, 0x14, 0x31, 0x00, 0x00, 0x29, 0xA2,
	0x4C, 0x64, 0x14, 0x00, 0x00, 0x00, 0x14, 0x80, 0x00, 0x00, 0x16, 0x20, 0x01, 0x00, 0x00, 0x00,
	0x40, 0x00, 0x10, 0xFE, 0x11, 0x00, 0x26, 0x00, 0x00, 0x00, 0x03, 0x00, 0x02, 0x00, 0x28, 0x31,
	0x00, 0x00, 0x29, 0xB1, 0x4C, 0x64, 0x14, 0x00, 0x00, 0x12, 0x68, 0x80, 0x00, 0x00, 0x2E, 0x40,
	0x44, 0x00, 0x00, 0x00, 0x78, 0x40, 0x01, 0x54, 0x15, 0x00, 0x00, 0x00, 0x00, 0x00, 0x00, 0x00,
	0x00, 0x00, 0x00, 0x00, 0x00, 0x00, 0x00, 0x00, 0x14, 0x00, 0x00, 0x00, 0x00, 0x00, 0x00, 0x00,
	0x00, 0x00, 0x00, 0x00, 0x00, 0x00, 0x00, 0x00, 0x00, 0x00, 0x00, 0x00, 0x00, 0x00, 0x00, 0x00,
	0x14, 0x00, 0x00, 0x00, 0x00, 0x00, 0x00, 0x00, 0x00, 0x00, 0x0E, 0x80, 0x5D, 0x00, 0x00, 0x00,
	0x78, 0x40, 0x01, 0x18, 0x15, 0x00, 0x35, 0x00, 0x64, 0x00, 0x00, 0x00, 0x26, 0x00, 0x00, 0x00,
	0x40, 0x01, 0x35, 0x01, 0x64, 0x00, 0x00, 0x00, 0x26, 0x00, 0x00, 0x00, 0x40, 0x01, 0x35, 0x50,
	0x64, 0x00, 0x00, 0x00, 0x26, 0x00, 0x00, 0x00, 0x40, 0x01, 0x35, 0x51, 0x64, 0x00, 0x00, 0x00,
	0x26, 0x00, 0x00, 0x00, 0x40, 0x01, 0x35, 0xA0, 0x64, 0x00, 0x00, 0xA0, 0x26, 0x00, 0x00, 0x00,
	0x40, 0x01, 0x35, 0xA1, 0x64, 0x00, 0x00, 0xA0, 0x26, 0x00, 0x00, 0x00, 0x40, 0x01, 0x35, 0xF0,
	0x64, 0x00, 0x00, 0xA0, 0x26, 0x00, 0x00, 0x00, 0x40, 0x01, 0x35, 0xF1, 0x64, 0x00, 0x00, 0xA0,
	0x26, 0x00, 0x00, 0x00, 0x40, 0x01, 0x35, 0x40, 0x65, 0x00, 0x00, 0x40, 0x27, 0x00, 0x00, 0x00,
	0x40, 0x01, 0x35, 0x41, 0x65, 0x00, 0x00, 0x40, 0x27, 0x00, 0x00, 0x00, 0x40, 0x01, 0x35, 0x90,
	0x65, 0x00, 0x00, 0x40, 0x27, 0x00, 0x00, 0x00, 0x40, 0x01, 0x35, 0x91, 0x65, 0x00, 0x00, 0x40,
	0x27, 0x00, 0x00, 0x00, 0x40, 0x01, 0x35, 0xE0, 0x65, 0x00, 0x00, 0xE0, 0x27, 0x00, 0x00, 0x00,
	0x40, 0x01, 0x35, 0xE1, 0x65, 0x00, 0x00, 0xE0, 0x27, 0x00, 0x00, 0x00, 0x40, 0x01, 0x35, 0x30,
	0x66, 0x00, 0x00, 0xE0, 0x27, 0x00, 0x00, 0x00, 0x40, 0x01, 0x35, 0x31, 0x66, 0x00, 0x00, 0xE0,
	0x27, 0x00, 0x00, 0x00, 0x40, 0x01, 0x35, 0x80, 0x66, 0x00, 0x00, 0x80, 0x28, 0x00, 0x00, 0x00,
	0x40, 0x01, 0x35, 0x81, 0x66, 0x00, 0x00, 0x80, 0x28, 0x00, 0x00, 0x00, 0x40, 0x01, 0x35, 0xD0,
	0x66, 0x00, 0x00, 0x80, 0x28, 0x00, 0x00, 0x00, 0x40, 0x01, 0x35, 0xD1, 0x66, 0x00, 0x00, 0x80,
	0x28, 0x00, 0x00, 0x00, 0x40, 0x01, 0x35, 0x20, 0x67, 0x00, 0x00, 0x20, 0x29, 0x00, 0x00, 0x00,
	0x40, 0x01, 0x35, 0x21, 0x67, 0x00, 0x00, 0x20, 0x29, 0x00, 0x00, 0x00, 0x40, 0x01, 0x35, 0x70,
	0x67, 0x00, 0x00, 0x20, 0x29, 0x00, 0x00, 0x00, 0x40, 0x01, 0x35, 0x71, 0x67, 0x00, 0x00, 0x20,
	0x29, 0x00, 0x00, 0x00, 0x40, 0x01, 0x35, 0xC0, 0x67, 0x00, 0x00, 0xC0, 0x29, 0x00, 0x00, 0x00,
	0x40, 0x01, 0x35, 0xC1, 0x67, 0x00, 0x00, 0xC0, 0x29, 0x00, 0x00, 0x00, 0x40, 0x01, 0x35, 0x10,
	0x64, 0x00, 0x00, 0xC0, 0x29, 0x00, 0x00, 0x00, 0x42, 0x01, 0x35, 0x11, 0x64, 0x00, 0x00, 0xC0,
	0x29, 0x00, 0x00, 0x00, 0x42, 0x01, 0x35, 0x60, 0x64, 0x00, 0x00, 0x60, 0x2A, 0x00, 0x00, 0x00,
	0x42, 0x01, 0x35, 0x61, 0x64, 0x00, 0x00, 0x60, 0x2A, 0x00, 0x00, 0x00, 0x42, 0x01, 0x35, 0xB0,
	0x64, 0x00, 0x00, 0x60, 0x2A, 0x00, 0x00, 0x00, 0x42, 0x01, 0x35, 0xB1, 0x64, 0x00, 0x00, 0x60,
	0x2A, 0x00, 0x00, 0x00, 0x42, 0x01, 0x35, 0x00, 0x65, 0x00, 0x00, 0x00, 0x2B, 0x00, 0x00, 0x00,
	0x42, 0x01, 0x35, 0x01, 0x65, 0x00, 0x00, 0x00, 0x2B, 0x00, 0x00, 0x00, 0x42, 0x01, 0x35, 0x50,
	0x65, 0x00, 0x00, 0x00, 0x2B, 0x00, 0x00, 0x00, 0x42, 0x01, 0x35, 0x51, 0x65, 0x00, 0x00, 0x00,
	0x2B, 0x00, 0x00, 0x00, 0x42, 0x01, 0x35, 0xA0, 0x65, 0x00, 0x00, 0xA0, 0x2B, 0x00, 0x00, 0x00,
	0x42, 0x01, 0x35, 0xA1, 0x65, 0x00, 0x00, 0xA0, 0x2B, 0x00, 0x00, 0x00, 0x42, 0x01, 0x35, 0xF0,
	0x65, 0x00, 0x00, 0xA0, 0x2B, 0x00, 0x00, 0x00, 0x42, 0x01, 0x35, 0xF1, 0x65, 0x00, 0x00, 0xA0,
	0x2B, 0x00, 0x00, 0x00, 0x42, 0x01, 0x35, 0x40, 0x66, 0x00, 0x00, 0x40, 0x2C, 0x00, 0x00, 0x00,
	0x42, 0x01, 0x35, 0x41, 0x66, 0x00, 0x00, 0x40, 0x2C, 0x00, 0x00, 0x00, 0x42, 0x01, 0x35, 0x90,
	0x66, 0x00, 0x00, 0x40, 0x2C, 0x00, 0x00, 0x00, 0x42, 0x01, 0x35, 0x91, 0x66, 0x00, 0x00, 0x40,
	0x2C, 0x00, 0x00, 0x00, 0x42, 0x01, 0x35, 0xE0, 0x66, 0x00, 0x00, 0xE0, 0x2C, 0x00, 0x00, 0x00,
	0x42, 0x01, 0x35, 0xE1, 0x66, 0x00, 0x00, 0xE0, 0x2C, 0x00, 0x00, 0x00, 0x42, 0x01, 0x35, 0x30,
	0x67, 0x00, 0x00, 0xE0, 0x2C, 0x00, 0x00, 0x00, 0x42, 0x01, 0x35, 0x31, 0x67, 0x00, 0x00, 0xE0,
	0x2C, 0x00, 0x00, 0x00, 0x42, 0x01, 0x35, 0x80, 0x67, 0x00, 0x00, 0x80, 0x2D, 0x00, 0x00, 0x00,
	0x42, 0x01, 0x35, 0x81, 0x67, 0x00, 0x00, 0x80, 0x2D, 0x00, 0x00, 0x00, 0x42, 0x01, 0x35, 0xD0,
	0x67, 0x00, 0x00, 0x80, 0x2D, 0x00, 0x00, 0x00, 0x42, 0x01, 0x35, 0xD1, 0x67, 0x00, 0x00, 0x80,
	0x2D, 0x00, 0x00, 0x00, 0x42, 0x01, 0x35, 0x20, 0x64, 0x00, 0x00, 0x20, 0x2E, 0x00, 0x00, 0x00,
	0x44, 0x01, 0x35, 0x21, 0x64, 0x00, 0x00, 0x20, 0x2E, 0x00, 0x00, 0x00, 0x44, 0x01, 0x35, 0x70,
	0x64, 0x00, 0x00, 0x20, 0x2E, 0x00, 0x00, 0x00, 0x44, 0x01, 0x35, 0x71, 0x64, 0x00, 0x00, 0x20,
	0x2E, 0x00, 0x00, 0x00, 0x44, 0x01, 0x35, 0xC0, 0x64, 0x00, 0x00, 0xC0, 0x2E, 0x00, 0x00, 0x00,
	0x44, 0x01, 0x35, 0xC1, 0x64, 0x00, 0x00, 0xC0, 0x2E, 0x00, 0x00, 0x00, 0x44, 0x01, 0x35, 0x10,
	0x65, 0x00, 0x00, 0xC0, 0x2E, 0x00, 0x00, 0x00, 0x44, 0x01, 0x35, 0x11, 0x65, 0x00, 0x00, 0xC0,
	0x2E, 0x00, 0x00, 0x00, 0x44, 0x01, 0x35, 0x60, 0x65, 0x00, 0x00, 0x60, 0x2F, 0x00, 0x00, 0x00,
	0x44, 0x01, 0x35, 0x61, 0x65, 0x00, 0x00, 0x60, 0x2F, 0x00, 0x00, 0x00, 0x44, 0x01, 0x35, 0xB0,
	0x65, 0x00, 0x00, 0x60, 0x2F, 0x00, 0x00, 0x00, 0x44, 0x01, 0x35, 0xB1, 0x65, 0x00, 0x00, 0x60,
	0x2F, 0x00, 0x00, 0x00, 0x44, 0x01, 0x40, 0xA0, 0x4D, 0x00, 0x00, 0x00, 0x00, 0x00, 0x00, 0x00,
	0x00, 0x00, 0xDC, 0x00, 0x4A, 0xC0, 0x00, 0x00, 0x00, 0x00, 0x00, 0x00, 0x80, 0x0B, 0x2E, 0x00,
	0x36, 0x00, 0x00, 0x00, 0xE0, 0xC1, 0x00, 0x08, 0x16, 0x00, 0x00, 0x00, 0x00, 0x00, 0x00, 0x00,
	0x00, 0x00, 0x00, 0x00, 0x00, 0x00, 0x00, 0x00, 0x14, 0x00, 0x00, 0x00, 0x00, 0x00, 0x00, 0x00,
	0x00, 0x00, 0x0E, 0x80, 0x5D, 0x00, 0x00, 0x00, 0x78, 0x40, 0x01, 0x40, 0x15, 0x00, 0x35, 0x00,
	0x64, 0x00, 0x00, 0x00, 0x26, 0x00, 0x00, 0x00, 0x40, 0x01, 0x35, 0x01, 0x64, 0x00, 0x00, 0x00,
	0x26, 0x00, 0x00, 0x00, 0x40, 0x01, 0x35, 0x50, 0x64, 0x00, 0x00, 0x00, 0x26, 0x00, 0x00, 0x00,
	0x40, 0x01, 0x35, 0x51, 0x64, 0x00, 0x00, 0x00, 0x26, 0x00, 0x00, 0x00, 0x40, 0x01, 0x35, 0xA0,
	0x64, 0x00, 0x00, 0xA0, 0x26, 0x00, 0x00, 0x00, 0x40, 0x01, 0x35, 0xA1, 0x64, 0x00, 0x00, 0xA0,
	0x26, 0x00, 0x00, 0x00, 0x40, 0x01, 0x35, 0xF0, 0x64, 0x00, 0x00, 0xA0, 0x26, 0x00, 0x00, 0x00,
	0x40, 0x01, 0x35, 0xF1, 0x64, 0x00, 0x00, 0xA0, 0x26, 0x00, 0x00, 0x00, 0x40, 0x01, 0x35, 0x40,
	0x65, 0x00, 0x00, 0x40, 0x27, 0x00, 0x00, 0x00, 0x40, 0x01, 0x35, 0x41, 0x65, 0x00, 0x00, 0x40,
	0x27, 0x00, 0x00, 0x00, 0x40, 0x01, 0x35, 0x90, 0x65, 0x00, 0x00, 0x40, 0x27, 0x00, 0x00, 0x00,
	0x40, 0x01, 0x35, 0x91, 0x65, 0x00, 0x00, 0x40, 0x27, 0x00, 0x00, 0x00, 0x40, 0x01, 0x35, 0xE0,
	0x65, 0x00, 0x00, 0xE0, 0x27, 0x00, 0x00, 0x00, 0x40, 0x01, 0x35, 0xE1, 0x65, 0x00, 0x00, 0xE0,
	0x27, 0x00, 0x00, 0x00, 0x40, 0x01, 0x35, 0x30, 0x66, 0x00, 0x00, 0xE0, 0x27, 0x00, 0x00, 0x00,
	0x40, 0x01, 0x35, 0x31, 0x66, 0x00, 0x00, 0xE0, 0x27, 0x00, 0x00, 0x00, 0x40, 0x01, 0x35, 0x80,
	0x66, 0x00, 0x00, 0x80, 0x28, 0x00, 0x00, 0x00, 0x40, 0x01, 0x35, 0x81, 0x66, 0x00, 0x00, 0x80,
	0x28, 0x00, 0x00, 0x00, 0x40, 0x01, 0x35, 0xD0, 0x66, 0x00, 0x00, 0x80, 0x28, 0x00, 0x00, 0x00,
	0x40, 0x01, 0x35, 0xD1, 0x66, 0x00, 0x00, 0x80, 0x28, 0x00, 0x00, 0x00, 0x40, 0x01, 0x35, 0x20,
	0x67, 0x00, 0x00, 0x20, 0x29, 0x00, 0x00, 0x00, 0x40, 0x01, 0x35, 0x21, 0x67, 0x00, 0x00, 0x20,
	0x29, 0x00, 0x00, 0x00, 0x40, 0x01, 0x35, 0x70, 0x67, 0x00, 0x00, 0x20, 0x29, 0x00, 0x00, 0x00,
	0x40, 0x01, 0x35, 0x71, 0x67, 0x00, 0x00, 0x20, 0x29, 0x00, 0x00, 0x00, 0x40, 0x01, 0x35, 0xC0,
	0x67, 0x00, 0x00, 0xC0, 0x29, 0x00, 0x00, 0x00, 0x40, 0x01, 0x35, 0xC1, 0x67, 0x00, 0x00, 0xC0,
	0x29, 0x00, 0x00, 0x00, 0x40, 0x01, 0x35, 0x10, 0x64, 0x00, 0x00, 0xC0, 0x29, 0x00, 0x00, 0x00,
	0x42, 0x01, 0x35, 0x11, 0x64, 0x00, 0x00, 0xC0, 0x29, 0x00, 0x00, 0x00, 0x42, 0x01, 0x35, 0x60,
	0x64, 0x00, 0x00, 0x60, 0x2A, 0x00, 0x00, 0x00, 0x42, 0x01, 0x35, 0x61, 0x64, 0x00, 0x00, 0x60,
	0x2A, 0x00, 0x00, 0x00, 0x42, 0x01, 0x35, 0xB0, 0x64, 0x00, 0x00, 0x60, 0x2A, 0x00, 0x00, 0x00,
	0x42, 0x01, 0x35, 0xB1, 0x64, 0x00, 0x00, 0x60, 0x2A, 0x00, 0x00, 0x00, 0x42, 0x01, 0x35, 0x00,
	0x65, 0x00, 0x00, 0x00, 0x2B, 0x00, 0x00, 0x00, 0x42, 0x01, 0x35, 0x01, 0x65, 0x00, 0x00, 0x00,
	0x2B, 0x00, 0x00, 0x00, 0x42, 0x01, 0x35, 0x50, 0x65, 0x00, 0x00, 0x00, 0x2B, 0x00, 0x00, 0x00,
	0x42, 0x01, 0x35, 0x51, 0x65, 0x00, 0x00, 0x00, 0x2B, 0x00, 0x00, 0x00, 0x42, 0x01, 0x35, 0xA0,
	0x65, 0x00, 0x00, 0xA0, 0x2B, 0x00, 0x00, 0x00, 0x42, 0x01, 0x35, 0xA1, 0x65, 0x00, 0x00, 0xA0,
	0x2B, 0x00, 0x00, 0x00, 0x42, 0x01, 0x35, 0xF0, 0x65, 0x00, 0x00, 0xA0, 0x2B, 0x00, 0x00, 0x00,
	0x42, 0x01, 0x35, 0xF1, 0x65, 0x00, 0x00, 0xA0, 0x2B, 0x00, 0x00, 0x00, 0x42, 0x01, 0x35, 0x40,
	0x66, 0x00, 0x00, 0x40, 0x2C, 0x00, 0x00, 0x00, 0x42, 0x01, 0x35, 0x41, 0x66, 0x00, 0x00, 0x40,
	0x2C, 0x00, 0x00, 0x00, 0x42, 0x01, 0x35, 0x90, 0x66, 0x00, 0x00, 0x40, 0x2C, 0x00, 0x00, 0x00,
	0x42, 0x01, 0x35, 0x91, 0x66, 0x00, 0x00, 0x40, 0x2C, 0x00, 0x00, 0x00, 0x42, 0x01, 0x35, 0xE0,
	0x66, 0x00, 0x00, 0xE0, 0x2C, 0x00, 0x00, 0x00, 0x42, 0x01, 0x35, 0xE1, 0x66, 0x00, 0x00, 0xE0,
	0x2C, 0x00, 0x00, 0x00, 0x42, 0x01, 0x35, 0x30, 0x67, 0x00, 0x00, 0xE0, 0x2C, 0x00, 0x00, 0x00,
	0x42, 0x01, 0x35, 0x31, 0x67, 0x00, 0x00, 0xE0, 0x2C, 0x00, 0x00, 0x00, 0x42, 0x01, 0x35, 0x80,
	0x67, 0x00, 0x00, 0x80, 0x2D, 0x00, 0x00, 0x00, 0x42, 0x01, 0x35, 0x81, 0x67, 0x00, 0x00, 0x80,
	0x2D, 0x00, 0x00, 0x00, 0x42, 0x01, 0x35, 0xD0, 0x67, 0x00, 0x00, 0x80, 0x2D, 0x00, 0x00, 0x00,
	0x42, 0x01, 0x35, 0xD1, 0x67, 0x00, 0x00, 0x80, 0x2D, 0x00, 0x00, 0x00, 0x42, 0x01, 0x35, 0x20,
	0x64, 0x00, 0x00, 0x20, 0x2E, 0x00, 0x00, 0x00, 0x44, 0x01, 0x35, 0x21, 0x64, 0x00, 0x00, 0x20,
	0x2E, 0x00, 0x00, 0x00, 0x44, 0x01, 0x35, 0x70, 0x64, 0x00, 0x00, 0x20, 0x2E, 0x00, 0x00, 0x00,
	0x44, 0x01, 0x35, 0x71, 0x64, 0x00, 0x00, 0x20, 0x2E, 0x00, 0x00, 0x00, 0x44, 0x01, 0x35, 0xC0,
	0x64, 0x00, 0x00, 0xC0, 0x2E, 0x00, 0x00, 0x00, 0x44, 0x01, 0x35, 0xC1, 0x64, 0x00, 0x00, 0xC0,
	0x2E, 0x00, 0x00, 0x00, 0x44, 0x01, 0x35, 0x10, 0x65, 0x00, 0x00, 0xC0, 0x2E, 0x00, 0x00, 0x00,
	0x44, 0x01, 0x35, 0x11, 0x65, 0x00, 0x00, 0xC0, 0x2E, 0x00, 0x00, 0x00, 0x44, 0x01, 0x35, 0x60,
	0x65, 0x00, 0x00, 0x60, 0x2F, 0x00, 0x00, 0x00, 0x44, 0x01, 0x35, 0x61, 0x65, 0x00, 0x00, 0x60,
	0x2F, 0x00, 0x00, 0x00, 0x44, 0x01, 0x35, 0xB0, 0x65, 0x00, 0x00, 0x60, 0x2F, 0x00, 0x00, 0x00,
	0x44, 0x01, 0x35, 0xB1, 0x65, 0x00, 0x00, 0x60, 0x2F, 0x00, 0x00, 0x00, 0x44, 0x01, 0x40, 0xA0,
	0x4D, 0x00, 0x00, 0x00, 0x00, 0x00, 0x00, 0x00, 0x00, 0x00, 0xDC, 0x00, 0x4A, 0xC0, 0x00, 0x00,
	0x00, 0x00, 0x00, 0x00, 0x80, 0x0B, 0x2E, 0x00, 0x36, 0x00, 0x00, 0x00, 0xE0, 0xC1, 0x00, 0xA8,
	0x16, 0x00, 0x00, 0x00, 0x00, 0x00, 0x00, 0x00, 0x00, 0x00, 0x00, 0x00, 0x00, 0x00, 0x00, 0x00,
	0x14, 0x00, 0x00, 0x00, 0x00, 0x00, 0x00, 0x00, 0x00, 0x00, 0x0E, 0x80, 0x5D, 0x00, 0x00, 0x00,
	0x78, 0x40, 0x01, 0x68, 0x15, 0x00, 0x35, 0x00, 0x64, 0x00, 0x00, 0x00, 0x26, 0x00, 0x00, 0x00,
	0x40, 0x01, 0x35, 0x01, 0x64, 0x00, 0x00, 0x00, 0x26, 0x00, 0x00, 0x00, 0x40, 0x01, 0x35, 0x50,
	0x64, 0x00, 0x00, 0x00, 0x26, 0x00, 0x00, 0x00, 0x40, 0x01, 0x35, 0x51, 0x64, 0x00, 0x00, 0x00,
	0x26, 0x00, 0x00, 0x00, 0x40, 0x01, 0x35, 0xA0, 0x64, 0x00, 0x00, 0xA0, 0x26, 0x00, 0x00, 0x00,
	0x40, 0x01, 0x35, 0xA1, 0x64, 0x00, 0x00, 0xA0, 0x26, 0x00, 0x00, 0x00, 0x40, 0x01, 0x35, 0xF0,
	0x64, 0x00, 0x00, 0xA0, 0x26, 0x00, 0x00, 0x00, 0x40, 0x01, 0x35, 0xF1, 0x64, 0x00, 0x00, 0xA0,
	0x26, 0x00, 0x00, 0x00, 0x40, 0x01, 0x35, 0x40, 0x65, 0x00, 0x00, 0x40, 0x27, 0x00, 0x00, 0x00,
	0x40, 0x01, 0x35, 0x41, 0x65, 0x00, 0x00, 0x40, 0x27, 0x00, 0x00, 0x00, 0x40, 0x01, 0x35, 0x90,
	0x65, 0x00, 0x00, 0x40, 0x27, 0x00, 0x00, 0x00, 0x40, 0x01, 0x35, 0x91, 0x65, 0x00, 0x00, 0x40,
	0x27, 0x00, 0x00, 0x00, 0x40, 0x01, 0x35, 0xE0, 0x65, 0x00, 0x00, 0xE0, 0x27, 0x00, 0x00, 0x00,
	0x40, 0x01, 0x35, 0xE1, 0x65, 0x00, 0x00, 0xE0, 0x27, 0x00, 0x00, 0x00, 0x40, 0x01, 0x35, 0x30,
	0x66, 0x00, 0x00, 0xE0, 0x27, 0x00, 0x00, 0x00, 0x40, 0x01, 0x35, 0x31, 0x66, 0x00, 0x00, 0xE0,
	0x27, 0x00, 0x00, 0x00, 0x40, 0x01, 0x35, 0x80, 0x66, 0x00, 0x00, 0x80, 0x28, 0x00, 0x00, 0x00,
	0x40, 0x01, 0x35, 0x81, 0x66, 0x00, 0x00, 0x80, 0x28, 0x00, 0x00, 0x00, 0x40, 0x01, 0x35, 0xD0,
	0x66, 0x00, 0x00, 0x80, 0x28, 0x00, 0x00, 0x00, 0x40, 0x01, 0x35, 0xD1, 0x66, 0x00, 0x00, 0x80,
	0x28, 0x00, 0x00, 0x00, 0x40, 0x01, 0x35, 0x20, 0x67, 0x00, 0x00, 0x20, 0x29, 0x00, 0x00, 0x00,
	0x40, 0x01, 0x35, 0x21, 0x67, 0x00, 0x00, 0x20, 0x29, 0x00, 0x00, 0x00, 0x40, 0x01, 0x35, 0x70,
	0x67, 0x00, 0x00, 0x20, 0x29, 0x00, 0x00, 0x00, 0x40, 0x01, 0x35, 0x71, 0x67, 0x00, 0x00, 0x20,
	0x29, 0x00, 0x00, 0x00, 0x40, 0x01, 0x35, 0xC0, 0x67, 0x00, 0x00, 0xC0, 0x29, 0x00, 0x00, 0x00,
	0x40, 0x01, 0x35, 0xC1, 0x67, 0x00, 0x00, 0xC0, 0x29, 0x00, 0x00, 0x00, 0x40, 0x01, 0x35, 0x10,
	0x64, 0x00, 0x00, 0xC0, 0x29, 0x00, 0x00, 0x00, 0x42, 0x01, 0x35, 0x11, 0x64, 0x00, 0x00, 0xC0,
	0x29, 0x00, 0x00, 0x00, 0x42, 0x01, 0x35, 0x60, 0x64, 0x00, 0x00, 0x60, 0x2A, 0x00, 0x00, 0x00,
	0x42, 0x01, 0x35, 0x61, 0x64, 0x00, 0x00, 0x60, 0x2A, 0x00, 0x00, 0x00, 0x42, 0x01, 0x35, 0xB0,
	0x64, 0x00, 0x00, 0x60, 0x2A, 0x00, 0x00, 0x00, 0x42, 0x01, 0x35, 0xB1, 0x64, 0x00, 0x00, 0x60,
	0x2A, 0x00, 0x00, 0x00, 0x42, 0x01, 0x35, 0x00, 0x65, 0x00, 0x00, 0x00, 0x2B, 0x00, 0x00, 0x00,
	0x42, 0x01, 0x35, 0x01, 0x65, 0x00, 0x00, 0x00, 0x2B, 0x00, 0x00, 0x00, 0x42, 0x01, 0x35, 0x50,
	0x65, 0x00, 0x00, 0x00, 0x2B, 0x00, 0x00, 0x00, 0x42, 0x01, 0x35, 0x51, 0x65, 0x00, 0x00, 0x00,
	0x2B, 0x00, 0x00, 0x00, 0x42, 0x01, 0x35, 0xA0, 0x65, 0x00, 0x00, 0xA0, 0x2B, 0x00, 0x00, 0x00,
	0x42, 0x01, 0x35, 0xA1, 0x65, 0x00, 0x00, 0xA0, 0x2B, 0x00, 0x00, 0x00, 0x42, 0x01, 0x35, 0xF0,
	0x65, 0x00, 0x00, 0xA0, 0x2B, 0x00, 0x00, 0x00, 0x42, 0x01, 0x35, 0xF1, 0x65, 0x00, 0x00, 0xA0,
	0x2B, 0x00, 0x00, 0x00, 0x42, 0x01, 0x35, 0x40, 0x66, 0x00, 0x00, 0x40, 0x2C, 0x00, 0x00, 0x00,
	0x42, 0x01, 0x35, 0x41, 0x66, 0x00, 0x00, 0x40, 0x2C, 0x00, 0x00, 0x00, 0x42, 0x01, 0x35, 0x90,
	0x66, 0x00, 0x00, 0x40, 0x2C, 0x00, 0x00, 0x00, 0x42, 0x01, 0x35, 0x91, 0x66, 0x00, 0x00, 0x40,
	0x2C, 0x00, 0x00, 0x00, 0x42, 0x01, 0x35, 0xE0, 0x66, 0x00, 0x00, 0xE0, 0x2C, 0x00, 0x00, 0x00,
	0x42, 0x01, 0x35, 0xE1, 0x66, 0x00, 0x00, 0xE0, 0x2C, 0x00, 0x00, 0x00, 0x42, 0x01, 0x35, 0x30,
	0x67, 0x00, 0x00, 0xE0, 0x2C, 0x00, 0x00, 0x00, 0x42, 0x01, 0x35, 0x31, 0x67, 0x00, 0x00, 0xE0,
	0x2C, 0x00, 0x00, 0x00, 0x42, 0x01, 0x35, 0x80, 0x67, 0x00, 0x00, 0x80, 0x2D, 0x00, 0x00, 0x00,
	0x42, 0x01, 0x35, 0x81, 0x67, 0x00, 0x00, 0x80, 0x2D, 0x00, 0x00, 0x00, 0x42, 0x01, 0x35, 0xD0,
	0x67, 0x00, 0x00, 0x80, 0x2D, 0x00, 0x00, 0x00, 0x42, 0x01, 0x35, 0xD1, 0x67, 0x00, 0x00, 0x80,
	0x2D, 0x00, 0x00, 0x00, 0x42, 0x01, 0x35, 0x20, 0x64, 0x00, 0x00, 0x20, 0x2E, 0x00, 0x00, 0x00,
	0x44, 0x01, 0x35, 0x21, 0x64, 0x00, 0x00, 0x20, 0x2E, 0x00, 0x00, 0x00, 0x44, 0x01, 0x35, 0x70,
	0x64, 0x00, 0x00, 0x20, 0x2E, 0x00, 0x00, 0x00, 0x44, 0x01, 0x35, 0x71, 0x64, 0x00, 0x00, 0x20,
	0x2E, 0x00, 0x00, 0x00, 0x44, 0x01, 0x35, 0xC0, 0x64, 0x00, 0x00, 0xC0, 0x2E, 0x00, 0x00, 0x00,
	0x44, 0x01, 0x35, 0xC1, 0x64, 0x00, 0x00, 0xC0, 0x2E, 0x00, 0x00, 0x00, 0x44, 0x01, 0x35, 0x10,
	0x65, 0x00, 0x00, 0xC0, 0x2E, 0x00, 0x00, 0x00, 0x44, 0x01, 0x35, 0x11, 0x65, 0x00, 0x00, 0xC0,
	0x2E, 0x00, 0x00, 0x00, 0x44, 0x01, 0x35, 0x60, 0x65, 0x00, 0x00, 0x60, 0x2F, 0x00, 0x00, 0x00,
	0x44, 0x01, 0x35, 0x61, 0x65, 0x00, 0x00, 0x60, 0x2F, 0x00, 0x00, 0x00, 0x44, 0x01, 0x35, 0xB0,
	0x65, 0x00, 0x00, 0x60, 0x2F, 0x00, 0x00, 0x00, 0x44, 0x01, 0x35, 0xB1, 0x65, 0x00, 0x00, 0x60,
	0x2F, 0x00, 0x00, 0x00, 0x44, 0x01, 0x40, 0xA0, 0x4D, 0x00, 0x00, 0x00, 0x00, 0x00, 0x00, 0x00,
	0x00, 0x00, 0xDC, 0x00, 0x4A, 0xC0, 0x00, 0x00, 0x00, 0x00, 0x00, 0x00, 0x80, 0x0B, 0x2E, 0x00,
	0x36, 0x00, 0x00, 0x00, 0xE0, 0xC1, 0x00, 0x48, 0x17, 0x00, 0x00, 0x00, 0x00, 0x00, 0x00, 0x00,
	0x00, 0x00, 0x00, 0x00, 0x00, 0x00, 0x00, 0x00, 0x14, 0x00, 0x00, 0x00, 0x00, 0x00, 0x00, 0x00,
	0x00, 0x00, 0x66, 0x00, 0x00, 0x00, 0x00, 0x00, 0xC0, 0x03, 0x00, 0x18, 0x15, 0x00, 0x40, 0x67,
	0x46, 0x00, 0x00, 0x00, 0x00, 0x00, 0x00, 0x00, 0x00, 0x00, 0xDC, 0x80, 0x5C, 0x00, 0x01, 0x00,
	0x00, 0x00, 0x00, 0x00, 0x80, 0x0B, 0x76, 0x80, 0x00, 0x00, 0x00, 0x00, 0xC0, 0x03, 0x01, 0x38,
	0x13, 0x00, 0x66, 0x00, 0x00, 0x00, 0x00, 0x00, 0xE0, 0x01, 0x00, 0xC0, 0x12, 0x00, 0x40, 0x55,
	0x64, 0x00, 0x00, 0x00, 0x00, 0x00, 0x00, 0x00, 0x00, 0x00, 0xDC, 0x40, 0x70, 0x40, 0x01, 0x00,
	0x00, 0x00, 0x00, 0x00, 0xC0, 0x0B, 0x76, 0x40, 0x00, 0x00, 0x00, 0x00, 0xE0, 0x41, 0x01, 0xC0,
	0x12, 0x00, 0x00, 0x00, 0x00, 0x00, 0x00, 0x00, 0x00, 0x00, 0x00, 0x00, 0x00, 0x00, 0x00, 0x00,
	0x14, 0x00, 0x00, 0x00, 0x00, 0x00, 0x00, 0x00, 0x00, 0x00, 0x0E, 0x00, 0x34, 0x00, 0x00, 0x00,
	0xE0, 0x01, 0x00, 0x00, 0x0F, 0x00, 0x40, 0x16, 0x47, 0x00, 0x00, 0x00, 0x00, 0x00, 0x00, 0x00,
	0x00, 0x00, 0xDC, 0x00, 0x4A, 0xC0, 0x00, 0x00, 0x00, 0x00, 0x00, 0x00, 0xC0, 0x0B, 0x2E, 0x00,
	0x36, 0x00, 0x00, 0x00, 0xE0, 0xC1, 0x00, 0xC8, 0x19, 0x00, 0x00, 0x00, 0x00, 0x00, 0x00, 0x00,
	0x00, 0x00, 0x00, 0x00, 0x00, 0x00, 0x00, 0x00, 0x14, 0x00, 0x00, 0x00, 0x00, 0x00, 0x00, 0x00,
	0x00, 0x00, 0x0E, 0x00, 0x34, 0x00, 0x00, 0x00, 0xE0, 0x01, 0x00, 0xA0, 0x0F, 0x00, 0x40, 0x16,
	0x47, 0x00, 0x00, 0x00, 0x00, 0x00, 0x00, 0x00, 0x00, 0x00, 0xDC, 0x00, 0x4A, 0xC0, 0x00, 0x00,
	0x00, 0x00, 0x00, 0x00, 0xC0, 0x0B, 0x2E, 0x00, 0x36, 0x00, 0x00, 0x00, 0xE0, 0xC1, 0x00, 0x68,
	0x1A, 0x00, 0x00, 0x00, 0x00, 0x00, 0x00, 0x00, 0x00, 0x00, 0x00, 0x00, 0x00, 0x00, 0x00, 0x00,
	0x14, 0x00, 0x00, 0x00, 0x00, 0x00, 0x00, 0x00, 0x00, 0x00, 0x0E, 0x00, 0x34, 0x00, 0x00, 0x00,
	0xE0, 0x01, 0x00, 0x40, 0x10, 0x00, 0x40, 0x16, 0x47, 0x00, 0x00, 0x00, 0x00, 0x00, 0x00, 0x00,
	0x00, 0x00, 0xDC, 0x00, 0x4A, 0xC0, 0x00, 0x00, 0x00, 0x00, 0x00, 0x00, 0xC0, 0x0B, 0x2E, 0x00,
	0x36, 0x00, 0x00, 0x00, 0xE0, 0xC1, 0x00, 0x08, 0x1B, 0x00, 0x00, 0x00, 0x00, 0x00, 0x00, 0x00,
	0x00, 0x00, 0x00, 0x00, 0x00, 0x00, 0x00, 0x00, 0x14, 0x00, 0x00, 0x00, 0x00, 0x00, 0x00, 0x00,
	0x00, 0x00, 0x00, 0x00, 0x00, 0x00, 0x00, 0x00, 0x00, 0x00, 0x00, 0x00, 0x00, 0x00, 0x00, 0x00,
	0x14, 0x00, 0x00, 0x00, 0x00, 0x00, 0x00, 0x00, 0x00, 0x00, 0x0E, 0x00, 0x68, 0x00, 0x00, 0x00,
	0xE0, 0x01, 0x00, 0x08, 0x16, 0x00, 0x0D, 0x00, 0x9D, 0x00, 0x00, 0x00, 0x00, 0x00, 0x00, 0x00,
	0x04, 0x00, 0x0E, 0x00, 0x68, 0x00, 0x00, 0x00, 0xE0, 0x01, 0x00, 0xC8, 0x19, 0x00, 0x0D, 0x80,
	0x9C, 0x00, 0x00, 0x00, 0x00, 0x00, 0x00, 0x00, 0x08, 0x00, 0x2E, 0x00, 0x6D, 0x00, 0x00, 0x00,
	0xE0, 0x81, 0x00, 0x88, 0x1D, 0x00, 0x00, 0x00, 0x00, 0x00, 0x00, 0x00, 0x00, 0x00, 0x00, 0x00,
	0x00, 0x00, 0x00, 0x00, 0x14, 0x00, 0x00, 0x00, 0x00, 0x00, 0x00, 0x00, 0x00, 0x00, 0x0E, 0x00,
	0x68, 0x00, 0x00, 0x00, 0xE0, 0x01, 0x00, 0x80, 0x16, 0x00, 0x0D, 0x00, 0x9D, 0x00, 0x00, 0x00,
	0x00, 0x00, 0x00, 0x00, 0x04, 0x00, 0x0E, 0x00, 0x68, 0x00, 0x00, 0x00, 0xE0, 0x01, 0x00, 0x40,
	0x1A, 0x00, 0x0D, 0x80, 0x9C, 0x00, 0x00, 0x00, 0x00, 0x00, 0x00, 0x00, 0x08, 0x00, 0x2E, 0x00,
	0x6D, 0x00, 0x00, 0x00, 0xE0, 0x81, 0x00, 0x00, 0x1E, 0x00, 0x00, 0x00, 0x00, 0x00, 0x00, 0x00,
	0x00, 0x00, 0x00, 0x00, 0x00, 0x00, 0x00, 0x00, 0x14, 0x00, 0x00, 0x00, 0x00, 0x00, 0x00, 0x00,
	0x00, 0x00, 0x0E, 0x00, 0x68, 0x00, 0x00, 0x00, 0xE0, 0x01, 0x00, 0xF8, 0x16, 0x00, 0x0D, 0x00,
	0x9D, 0x00, 0x00, 0x00, 0x00, 0x00, 0x00, 0x00, 0x04, 0x00, 0x0E, 0x00, 0x68, 0x00, 0x00, 0x00,
	0xE0, 0x01, 0x00, 0xB8, 0x1A, 0x00, 0x0D, 0x80, 0x9C, 0x00, 0x00, 0x00, 0x00, 0x00, 0x00, 0x00,
	0x08, 0x00, 0x2E, 0x00, 0x6D, 0x00, 0x00, 0x00, 0xE0, 0x81, 0x00, 0x78, 0x1E, 0x00, 0x00, 0x00,
	0x00, 0x00, 0x00, 0x00, 0x00, 0x00, 0x00, 0x00, 0x00, 0x00, 0x00, 0x00, 0x14, 0x00, 0x00, 0x00,
	0x00, 0x00, 0x00, 0x00, 0x00, 0x00, 0x0E, 0x00, 0x68, 0x00, 0x00, 0x00, 0xE0, 0x01, 0x00, 0x70,
	0x17, 0x00, 0x0D, 0x00, 0x9D, 0x00, 0x00, 0x00, 0x00, 0x00, 0x00, 0x00, 0x04, 0x00, 0x0E, 0x00,
	0x68, 0x00, 0x00, 0x00, 0xE0, 0x01, 0x00, 0x30, 0x1B, 0x00, 0x0D, 0x80, 0x9C, 0x00, 0x00, 0x00,
	0x00, 0x00, 0x00, 0x00, 0x08, 0x00, 0x2E, 0x00, 0x6D, 0x00, 0x00, 0x00, 0xE0, 0x81, 0x00, 0xF0,
	0x1E, 0x00, 0x00, 0x00, 0x00, 0x00, 0x00, 0x00, 0x00, 0x00, 0x00, 0x00, 0x00, 0x00, 0x00, 0x00,
	0x14, 0x00, 0x00, 0x00, 0x00, 0x00, 0x00, 0x00, 0x00, 0x00, 0x00, 0x00, 0x00, 0x00, 0x00, 0x00,
	0x00, 0x00, 0x00, 0x00, 0x00, 0x00, 0x00, 0x00, 0x14, 0x00, 0x00, 0x00, 0x00, 0x00, 0x00, 0x00,
	0x00, 0x00, 0x16, 0x00, 0x00, 0x00, 0x00, 0x00, 0x40, 0x00, 0x00, 0x0E, 0x12, 0x00, 0x0E, 0x00,
	0x70, 0x00, 0x00, 0x00, 0xE0, 0x01, 0x00, 0x88, 0x1D, 0x00, 0x28, 0x00, 0x00, 0x00, 0x00, 0x00,
	0x00, 0x00, 0x00, 0x00, 0x00, 0x00, 0x38, 0x00, 0x00, 0x00, 0x00, 0x00, 0x00, 0x00, 0x00, 0x00,
	0x84, 0x33, 0x26, 0x00, 0x00, 0x00, 0x01, 0x00, 0x02, 0x00, 0x00, 0x32, 0x00, 0x00, 0x29, 0xA9,
	0xA0, 0xA4, 0x14, 0x00, 0x00, 0x00, 0x00, 0x80, 0x20, 0x00, 0x16, 0x20, 0x01, 0x00, 0x00, 0x00,
	0x10, 0x00, 0x10, 0x1E, 0x12, 0x00, 0x28, 0x00, 0x00, 0x00, 0x00, 0x00, 0x00, 0x00, 0x00, 0x00,
	0x00, 0x00, 0x38, 0x00, 0x00, 0x00, 0x00, 0x00, 0x00, 0x00, 0x00, 0x00, 0x44, 0x33, 0x26, 0x00,
	0x00, 0x00, 0x03, 0x00, 0x02, 0x00, 0x3C, 0x32, 0x00, 0x00, 0x29, 0x00, 0xA0, 0xA0, 0x14, 0xA4,
	0x02, 0x12, 0x7C, 0x80, 0x00, 0x04, 0x16, 0x00, 0x00, 0x00, 0x00, 0x00, 0x90, 0x00, 0x00, 0x22,
	0x12, 0x00, 0x28, 0x00, 0x00, 0x00, 0x00, 0x00, 0x00, 0x00, 0x00, 0x00, 0x00, 0x00, 0x38, 0x00,
	0x00, 0x00, 0x00, 0x00, 0x00, 0x00, 0x00, 0x00, 0x86, 0x2B, 0x26, 0x00, 0x00, 0x00, 0x01, 0x00,
	0x02, 0x00, 0x14, 0x33, 0x00, 0x00, 0x29, 0xAC, 0x30, 0xA0, 0x18, 0x00, 0x00, 0x00, 0x14, 0x80,
	0x00, 0x00, 0x76, 0x80, 0x01, 0x00, 0x00, 0x00, 0x40, 0x41, 0x01, 0x00, 0x0F, 0x00, 0x00, 0x00,
	0x00, 0x00, 0x00, 0x00, 0x00, 0x00, 0x00, 0x00, 0x00, 0x00, 0x00, 0x00, 0x14, 0x00, 0x00, 0x00,
	0x00, 0x00, 0x00, 0x00, 0x00, 0x00, 0x16, 0x20, 0x01, 0x00, 0x00, 0x00, 0x40, 0x00, 0x10, 0x0E,
	0x12, 0x00, 0x0E, 0x00, 0x74, 0x00, 0x00, 0x00, 0xE0, 0x01, 0x00, 0xCE, 0x1D, 0x00, 0x28, 0x00,
	0x00, 0x00, 0x00, 0x00, 0x00, 0x00, 0x00, 0x00, 0x00, 0x00, 0x38, 0x00, 0x00, 0x00, 0x00, 0x00,
	0x00, 0x00, 0x00, 0x00, 0x84, 0x33, 0x26, 0x00, 0x00, 0x00, 0x01, 0x00, 0x02, 0x00, 0x28, 0x32,
	0x00, 0x00, 0x29, 0xA7, 0xA8, 0xAC, 0x14, 0x00, 0x00, 0x12, 0x68, 0x80, 0x00, 0x00, 0x16, 0x00,
	0x00, 0x00, 0x00, 0x00, 0x10, 0x00, 0x00, 0x1E, 0x12, 0x00, 0x28, 0x00, 0x00, 0x00, 0x00, 0x00,
	0x00, 0x00, 0x00, 0x00, 0x00, 0x00, 0x38, 0x00, 0x00, 0x00, 0x00, 0x00, 0x00, 0x00, 0x00, 0x00,
	0x44, 0x33, 0x26, 0x00, 0x00, 0x00, 0x03, 0x00, 0x02, 0x00, 0x00, 0x32, 0x00, 0x00, 0x29, 0x00,
	0xA8, 0xA8, 0x14, 0x9C, 0x02, 0x00, 0x00, 0x80, 0x00, 0x00, 0x16, 0x20, 0x01, 0x00, 0x00, 0x00,
	0x90, 0x00, 0x10, 0x22, 0x12, 0x00, 0x28, 0x00, 0x00, 0x00, 0x00, 0x00, 0x00, 0x00, 0x00, 0x00,
	0x00, 0x00, 0x38, 0x00, 0x00, 0x00, 0x00, 0x00, 0x00, 0x00, 0x00, 0x00, 0x86, 0x2B, 0x26, 0x00,
	0x00, 0x00, 0x01, 0x00, 0x02, 0x00, 0x3C, 0x33, 0x00, 0x00, 0x29, 0xAC, 0x30, 0xA8, 0x1C, 0x00,
	0x00, 0x12, 0x7C, 0x80, 0x00, 0x00, 0x76, 0x80, 0x01, 0x00, 0x00, 0x00, 0x40, 0x41, 0x01, 0x50,
	0x0F, 0x00, 0x00, 0x00, 0x00, 0x00, 0x00, 0x00, 0x00, 0x00, 0x00, 0x00, 0x00, 0x00, 0x00, 0x00,
	0x14, 0x00, 0x00, 0x00, 0x00, 0x00, 0x00, 0x00, 0x00, 0x00, 0x16, 0x00, 0x00, 0x00, 0x00, 0x00,
	0x40, 0x00, 0x00, 0x0E, 0x12, 0x00, 0x0E, 0x00, 0x74, 0x00, 0x00, 0x00, 0xE0, 0x01, 0x00, 0x1E,
	0x1E, 0x00, 0x28, 0x00, 0x00, 0x00, 0x00, 0x00, 0x00, 0x00, 0x00, 0x00, 0x00, 0x00, 0x38, 0x00,
	0x00, 0x00, 0x00, 0x00, 0x00, 0x00, 0x00, 0x00, 0x84, 0x33, 0x26, 0x00, 0x00, 0x00, 0x01, 0x00,
	0x02, 0x00, 0x14, 0x32, 0x00, 0x00, 0x29, 0xA7, 0xA8, 0xAC, 0x14, 0x00, 0x00, 0x00, 0x14, 0x80,
	0x00, 0x00, 0x16, 0x20, 0x01, 0x00, 0x00, 0x00, 0x10, 0x00, 0x10, 0x1E, 0x12, 0x00, 0x28, 0x00,
	0x00, 0x00, 0x00, 0x00, 0x00, 0x00, 0x00, 0x00, 0x00, 0x00, 0x38, 0x00, 0x00, 0x00, 0x00, 0x00,
	0x00, 0x00, 0x00, 0x00, 0x44, 0x33, 0x26, 0x00, 0x00, 0x00, 0x03, 0x00, 0x02, 0x00, 0x28, 0x32,
	0x00, 0x00, 0x29, 0x00, 0xA8, 0xA8, 0x14, 0x9C, 0x02, 0x12, 0x68, 0x80, 0x00, 0x00, 0x16, 0x00,
	0x00, 0x00, 0x00, 0x00, 0x90, 0x00, 0x00, 0x22, 0x12, 0x00, 0x28, 0x00, 0x00, 0x00, 0x00, 0x00,
	0x00, 0x00, 0x00, 0x00, 0x00, 0x00, 0x38, 0x00, 0x00, 0x00, 0x00, 0x00, 0x00, 0x00, 0x00, 0x00,
	0x86, 0x2B, 0x26, 0x00, 0x00, 0x00, 0x01, 0x00, 0x02, 0x00, 0x00, 0x33, 0x00, 0x00, 0x29, 0xAC,
	0x30, 0xA8, 0x1C, 0x00, 0x00, 0x00, 0x00, 0x80, 0x00, 0x00, 0x76, 0x80, 0x01, 0x00, 0x00, 0x00,
	0x40, 0x41, 0x01, 0xA0, 0x0F, 0x00, 0x00, 0x00, 0x00, 0x00, 0x00, 0x00, 0x00, 0x00, 0x00, 0x00,
	0x00, 0x00, 0x00, 0x00, 0x14, 0x00, 0x00, 0x00, 0x00, 0x00, 0x00, 0x00, 0x00, 0x00, 0x16, 0x20,
	0x01, 0x00, 0x00, 0x00, 0x40, 0x00, 0x10, 0x0E, 0x12, 0x00, 0x0E, 0x00, 0x74, 0x00, 0x00, 0x00,
	0xE0, 0x01, 0x00, 0x6E, 0x1E, 0x00, 0x28, 0x00, 0x00, 0x00, 0x00, 0x00, 0x00, 0x00, 0x00, 0x00,
	0x00, 0x00, 0x38, 0x00, 0x00, 0x00, 0x00, 0x00, 0x00, 0x00, 0x00, 0x00, 0x84, 0x33, 0x26, 0x00,
	0x00, 0x00, 0x01, 0x00, 0x02, 0x00, 0x3C, 0x32, 0x00, 0x00, 0x29, 0xA7, 0xA8, 0xAC, 0x14, 0x00,
	0x00, 0x12, 0x7C, 0x80, 0x00, 0x00, 0x16, 0x00, 0x00, 0x00, 0x00, 0x00, 0x10, 0x00, 0x00, 0x1E,
	0x12, 0x00, 0x28, 0x00, 0x00, 0x00, 0x00, 0x00, 0x00, 0x00, 0x00, 0x00, 0x00, 0x00, 0x38, 0x00,
	0x00, 0x00, 0x00, 0x00, 0x00, 0x00, 0x00, 0x00, 0x44, 0x33, 0x26, 0x00, 0x00, 0x00, 0x03, 0x00,
	0x02, 0x00, 0x14, 0x32, 0x00, 0x00, 0x29, 0x00, 0xA8, 0xA8, 0x14, 0x9C, 0x02, 0x00, 0x14, 0x80,
	0x00, 0x00, 0x16, 0x20, 0x01, 0x00, 0x00, 0x00, 0x90, 0x00, 0x10, 0x22, 0x12, 0x00, 0x28, 0x00,
	0x00, 0x00, 0x00, 0x00, 0x00, 0x00, 0x00, 0x00, 0x00, 0x00, 0x38, 0x00, 0x00, 0x00, 0x00, 0x00,
	0x00, 0x00, 0x00, 0x00, 0x86, 0x2B, 0x26, 0x00, 0x00, 0x00, 0x01, 0x00, 0x02, 0x00, 0x28, 0x33,
	0x00, 0x00, 0x29, 0xAC, 0x30, 0xA8, 0x1C, 0x00, 0x00, 0x12, 0x68, 0x80, 0x00, 0x00, 0x76, 0x80,
	0x01, 0x00, 0x00, 0x00, 0x40, 0x41, 0x01, 0xF0, 0x0F, 0x00, 0x00, 0x00, 0x00, 0x00, 0x00, 0x00,
	0x00, 0x00, 0x00, 0x00, 0x00, 0x00, 0x00, 0x00, 0x14, 0x00, 0x00, 0x00, 0x00, 0x00, 0x00, 0x00,
	0x00, 0x00, 0x16, 0x00, 0x00, 0x00, 0x00, 0x00, 0x40, 0x00, 0x00, 0x0E, 0x12, 0x00, 0x0E, 0x00,
	0x74, 0x00, 0x00, 0x00, 0xE0, 0x01, 0x00, 0xBE, 0x1E, 0x00, 0x28, 0x00, 0x00, 0x00, 0x00, 0x00,
	0x00, 0x00, 0x00, 0x00, 0x00, 0x00, 0x38, 0x00, 0x00, 0x00, 0x00, 0x00, 0x00, 0x00, 0x00, 0x00,
	0x84, 0x33, 0x26, 0x00, 0x00, 0x00, 0x01, 0x00, 0x02, 0x00, 0x00, 0x32, 0x00, 0x00, 0x29, 0xA7,
	0xA8, 0xAC, 0x14, 0x00, 0x00, 0x00, 0x00, 0x80, 0x00, 0x00, 0x16, 0x20, 0x01, 0x00, 0x00, 0x00,
	0x10, 0x00, 0x10, 0x1E, 0x12, 0x00, 0x28, 0x00, 0x00, 0x00, 0x00, 0x00, 0x00, 0x00, 0x00, 0x00,
	0x00, 0x00, 0x38, 0x00, 0x00, 0x00, 0x00, 0x00, 0x00, 0x00, 0x00, 0x00, 0x44, 0x33, 0x26, 0x00,
	0x00, 0x00, 0x03, 0x00, 0x02, 0x00, 0x3C, 0x32, 0x00, 0x00, 0x29, 0x00, 0xA8, 0xA8, 0x14, 0x9C,
	0x02, 0x12, 0x7C, 0x80, 0x00, 0x00, 0x16, 0x00, 0x00, 0x00, 0x00, 0x00, 0x90, 0x00, 0x00, 0x22,
	0x12, 0x00, 0x28, 0x00, 0x00, 0x00, 0x00, 0x00, 0x00, 0x00, 0x00, 0x00, 0x00, 0x00, 0x38, 0x00,
	0x00, 0x00, 0x00, 0x00, 0x00, 0x00, 0x00, 0x00, 0x86, 0x2B, 0x26, 0x00, 0x00, 0x00, 0x01, 0x00,
	0x02, 0x00, 0x14, 0x33, 0x00, 0x00, 0x29, 0xAC, 0x30, 0xA8, 0x1C, 0x00, 0x00, 0x00, 0x14, 0x80,
	0x00, 0x00, 0x76, 0x80, 0x01, 0x00, 0x00, 0x00, 0x40, 0x41, 0x01, 0x40, 0x10, 0x00, 0x00, 0x00,
	0x00, 0x00, 0x00, 0x00, 0x00, 0x00, 0x00, 0x00, 0x00, 0x00, 0x00, 0x00, 0x14, 0x00, 0x00, 0x00,
	0x00, 0x00, 0x00, 0x00, 0x00, 0x00, 0x16, 0x20, 0x01, 0x00, 0x00, 0x00, 0x40, 0x00, 0x10, 0x0E,
	0x12, 0x00, 0x0E, 0x00, 0x70, 0x00, 0x00, 0x00, 0xE0, 0x01, 0x00, 0x0E, 0x1F, 0x00, 0x28, 0x00,
	0x00, 0x00, 0x00, 0x00, 0x00, 0x00, 0x00, 0x00, 0x00, 0x00, 0x38, 0x00, 0x00, 0x00, 0x00, 0x00,
	0x00, 0x00, 0x00, 0x00, 0x84, 0x33, 0x26, 0x00, 0x00, 0x00, 0x01, 0x00, 0x02, 0x00, 0x28, 0x32,
	0x00, 0x00, 0x29, 0xA9, 0xA0, 0xA4, 0x14, 0x00, 0x00, 0x12, 0x68, 0x80, 0x20, 0x00, 0x16, 0x00,
	0x00, 0x00, 0x00, 0x00, 0x10, 0x00, 0x00, 0x1E, 0x12, 0x00, 0x28, 0x00, 0x00, 0x00, 0x00, 0x00,
	0x00, 0x00, 0x00, 0x00, 0x00, 0x00, 0x38, 0x00, 0x00, 0x00, 0x00, 0x00, 0x00, 0x00, 0x00, 0x00,
	0x44, 0x33, 0x26, 0x00, 0x00, 0x00, 0x03, 0x00, 0x02, 0x00, 0x00, 0x32, 0x00, 0x00, 0x29, 0x00,
	0xA0, 0xA0, 0x14, 0xA4, 0x02, 0x00, 0x00, 0x80, 0x00, 0x04, 0x16, 0x20, 0x01, 0x00, 0x00, 0x00,
	0x90, 0x00, 0x10, 0x22, 0x12, 0x00, 0x28, 0x00, 0x00, 0x00, 0x00, 0x00, 0x00, 0x00, 0x00, 0x00,
	0x00, 0x00, 0x38, 0x00, 0x00, 0x00, 0x00, 0x00, 0x00, 0x00, 0x00, 0x00, 0x86, 0x2B, 0x26, 0x00,
	0x00, 0x00, 0x01, 0x00, 0x02, 0x00, 0x3C, 0x33, 0x00, 0x00, 0x29, 0xAC, 0x30, 0xA0, 0x20, 0x00,
	0x00, 0x12, 0x7C, 0x80, 0x00, 0x00, 0x76, 0x80, 0x01, 0x00, 0x00, 0x00, 0x40, 0x41, 0x01, 0x90,
	0x10, 0x00, 0x00, 0x00, 0x00, 0x00, 0x00, 0x00, 0x00, 0x00, 0x00, 0x00, 0x00, 0x00, 0x00, 0x00,
	0x14, 0x00, 0x00, 0x00, 0x00, 0x00, 0x00, 0x00, 0x00, 0x00, 0x00, 0x00, 0x00, 0x00, 0x00, 0x00,
	0x00, 0x00, 0x00, 0x00, 0x00, 0x00, 0x00, 0x00, 0x14, 0x00, 0x00, 0x00, 0x00, 0x00, 0x00, 0x00,
	0x00, 0x00, 0x16, 0x00, 0x00, 0x00, 0x00, 0x00, 0x40, 0x00, 0x00, 0x46, 0x12, 0x00, 0x0E, 0x00,
	0x6D, 0x00, 0x00, 0x00, 0xE0, 0x81, 0x00, 0x88, 0x1D, 0x00, 0x28, 0x00, 0x00, 0x00, 0x00, 0x00,
	0x00, 0x00, 0x00, 0x00, 0x00, 0x00, 0x38, 0x00, 0x00, 0x00, 0x00, 0x00, 0x00, 0x00, 0x00, 0x00,
	0x46, 0x33, 0x26, 0x00, 0x00, 0x00, 0x03, 0x00, 0x02, 0x00, 0x14, 0x33, 0x00, 0x00, 0x29, 0x00,
	0xB0, 0xB4, 0x14, 0x20, 0x01, 0x00, 0x14, 0x80, 0x00, 0x00, 0x40, 0x64, 0x42, 0x00, 0x00, 0x00,
	0x00, 0x00, 0x00, 0x00, 0x00, 0x00, 0xDC, 0x40, 0xB0, 0x40, 0x01, 0x00, 0x00, 0x00, 0x00, 0x00,
	0x80, 0x0B, 0x76, 0x40, 0x00, 0x00, 0x00, 0x00, 0xE0, 0x41, 0x01, 0xE0, 0x10, 0x00, 0x00, 0x00,
	0x00, 0x00, 0x00, 0x00, 0x00, 0x00, 0x00, 0x00, 0x00, 0x00, 0x00, 0x00, 0x14, 0x00, 0x00, 0x00,
	0x00, 0x00, 0x00, 0x00, 0x00, 0x00, 0x16, 0x20, 0x01, 0x00, 0x00, 0x00, 0x40, 0x00, 0x10, 0x46,
	0x12, 0x00, 0x0E, 0x00, 0x6D, 0x00, 0x00, 0x00, 0xE0, 0x81, 0x00, 0x00, 0x1E, 0x00, 0x28, 0x00,
	0x00, 0x00, 0x00, 0x00, 0x00, 0x00, 0x00, 0x00, 0x00, 0x00, 0x38, 0x00, 0x00, 0x00, 0x00, 0x00,
	0x00, 0x00, 0x00, 0x00, 0x46, 0x33, 0x26, 0x00, 0x00, 0x00, 0x03, 0x00, 0x02, 0x00, 0x28, 0x33,
	0x00, 0x00, 0x29, 0x00, 0xB0, 0xB4, 0x14, 0x20, 0x01, 0x12, 0x68, 0x80, 0x00, 0x00, 0x40, 0x64,
	0x42, 0x00, 0x00, 0x00, 0x00, 0x00, 0x00, 0x00, 0x00, 0x00, 0xDC, 0x40, 0xB0, 0x40, 0x01, 0x00,
	0x00, 0x00, 0x00, 0x00, 0x80, 0x0B, 0x76, 0x40, 0x00, 0x00, 0x00, 0x00, 0xE0, 0x41, 0x01, 0x58,
	0x11, 0x00, 0x00, 0x00, 0x00, 0x00, 0x00, 0x00, 0x00, 0x00, 0x00, 0x00, 0x00, 0x00, 0x00, 0x00,
	0x14, 0x00, 0x00, 0x00, 0x00, 0x00, 0x00, 0x00, 0x00, 0x00, 0x16, 0x00, 0x00, 0x00, 0x00, 0x00,
	0x40, 0x00, 0x00, 0x46, 0x12, 0x00, 0x0E, 0x00, 0x6D, 0x00, 0x00, 0x00, 0xE0, 0x81, 0x00, 0x78,
	0x1E, 0x00, 0x28, 0x00, 0x00, 0x00, 0x00, 0x00, 0x00, 0x00, 0x00, 0x00, 0x00, 0x00, 0x38, 0x00,
	0x00, 0x00, 0x00, 0x00, 0x00, 0x00, 0x00, 0x00, 0x46, 0x33, 0x26, 0x00, 0x00, 0x00, 0x03, 0x00,
	0x02, 0x00, 0x00, 0x33, 0x00, 0x00, 0x29, 0x00, 0xB0, 0xB4, 0x14, 0x20, 0x01, 0x00, 0x00, 0x80,
	0x00, 0x00, 0x40, 0x64, 0x42, 0x00, 0x00, 0x00, 0x00, 0x00, 0x00, 0x00, 0x00, 0x00, 0xDC, 0x40,
	0xB0, 0x40, 0x01, 0x00, 0x00, 0x00, 0x00, 0x00, 0x80, 0x0B, 0x76, 0x40, 0x00, 0x00, 0x00, 0x00,
	0xE0, 0x41, 0x01, 0xD0, 0x11, 0x00, 0x00, 0x00, 0x00, 0x00, 0x00, 0x00, 0x00, 0x00, 0x00, 0x00,
	0x00, 0x00, 0x00, 0x00, 0x14, 0x00, 0x00, 0x00, 0x00, 0x00, 0x00, 0x00, 0x00, 0x00, 0x16, 0x20,
	0x01, 0x00, 0x00, 0x00, 0x40, 0x00, 0x10, 0x46, 0x12, 0x00, 0x0E, 0x00, 0x6D, 0x00, 0x00, 0x00,
	0xE0, 0x81, 0x00, 0xF0, 0x1E, 0x00, 0x28, 0x00, 0x00, 0x00, 0x00, 0x00, 0x00, 0x00, 0x00, 0x00,
	0x00, 0x00, 0x38, 0x00, 0x00, 0x00, 0x00, 0x00, 0x00, 0x00, 0x00, 0x00, 0x46, 0x33, 0x26, 0x00,
	0x00, 0x00, 0x03, 0x00, 0x02, 0x00, 0x3C, 0x33, 0x00, 0x00, 0x29, 0x00, 0xB0, 0xB4, 0x14, 0x20,
	0x01, 0x12, 0x7C, 0x80, 0x00, 0x00, 0x40, 0x64, 0x42, 0x00, 0x00, 0x00, 0x00, 0x00, 0x00, 0x00,
	0x00, 0x00, 0xDC, 0x40, 0xB0, 0x40, 0x01, 0x00, 0x00, 0x00, 0x00, 0x00, 0x80, 0x0B, 0x76, 0x40,
	0x00, 0x00, 0x00, 0x00, 0xE0, 0x41, 0x01, 0x48, 0x12, 0x00, 0x00, 0x00, 0x00, 0x00, 0x00, 0x00,
	0x00, 0x00, 0x00, 0x00, 0x00, 0x00, 0x00, 0x00, 0x14, 0x00, 0x00, 0x00, 0x00, 0x00, 0x00, 0x00,
	0x00, 0x00, 0x00, 0x00, 0x00, 0x00, 0x00, 0x00, 0x00, 0x00, 0x00, 0x00, 0x00, 0x00, 0x00, 0x00,
	0x14, 0x00, 0x00, 0x00, 0x00, 0x00, 0x00, 0x00, 0x00, 0x00, 0x16, 0x00, 0x00, 0x00, 0x00, 0x00,
	0x20, 0x00, 0x00, 0x56, 0x12, 0x00, 0x66, 0x00, 0x03, 0x00, 0x00, 0x00, 0x80, 0x02, 0x01, 0x00,
	0x0F, 0x00, 0x0D, 0x00, 0x44, 0x00, 0x00, 0x00, 0x0C, 0x00, 0x00, 0x00, 0x00, 0x01, 0x66, 0x00,
	0x03, 0x00, 0x00, 0x00, 0x80, 0x02, 0x01, 0xE0, 0x10, 0x00, 0x0D, 0x00, 0x45, 0x00, 0x00, 0x00,
	0x0C, 0x00, 0x00, 0x00, 0x02, 0x01, 0x28, 0x00, 0x00, 0x00, 0x00, 0x00, 0x00, 0x00, 0x00, 0x00,
	0x00, 0x00, 0x38, 0x00, 0x00, 0x00, 0x00, 0x00, 0x00, 0x00, 0x00, 0x00, 0x44, 0x33, 0x26, 0x00,
	0x00, 0x00, 0x01, 0x00, 0x02, 0x00, 0x14, 0x34, 0x00, 0x00, 0x29, 0x70, 0x44, 0x48, 0x14, 0x00,
	0x00, 0x00, 0x14, 0x80, 0x00, 0x00, 0x16, 0x20, 0x01, 0x00, 0x00, 0x00, 0x20, 0x00, 0x10, 0x5E,
	0x12, 0x00, 0x26, 0x00, 0x00, 0x00, 0x03, 0x00, 0x02, 0x00, 0x28, 0x34, 0x00, 0x00, 0x29, 0x98,
	0x44, 0x48, 0x14, 0x00, 0x00, 0x12, 0x68, 0x80, 0x00, 0x00, 0x2E, 0x00, 0x36, 0x00, 0x00, 0x00,
	0xE0, 0xC1, 0x00, 0x28, 0x14, 0x00, 0x00, 0x00, 0x00, 0x00, 0x00, 0x00, 0x00, 0x00, 0x00, 0x00,
	0x00, 0x00, 0x00, 0x00, 0x14, 0x00, 0x00, 0x00, 0x00, 0x00, 0x00, 0x00, 0x00, 0x00, 0x16, 0x00,
	0x00, 0x00, 0x00, 0x00, 0x20, 0x00, 0x00, 0x56, 0x12, 0x00, 0x66, 0x00, 0x03, 0x00, 0x00, 0x00,
	0x80, 0x02, 0x01, 0xA0, 0x0F, 0x00, 0x0D, 0x00, 0x44, 0x00, 0x00, 0x00, 0x0C, 0x00, 0x00, 0x00,
	0x00, 0x01, 0x66, 0x00, 0x03, 0x00, 0x00, 0x00, 0x80, 0x02, 0x01, 0x80, 0x11, 0x00, 0x0D, 0x00,
	0x45, 0x00, 0x00, 0x00, 0x0C, 0x00, 0x00, 0x00, 0x02, 0x01, 0x28, 0x00, 0x00, 0x00, 0x00, 0x00,
	0x00, 0x00, 0x00, 0x00, 0x00, 0x00, 0x38, 0x00, 0x00, 0x00, 0x00, 0x00, 0x00, 0x00, 0x00, 0x00,
	0x44, 0x33, 0x26, 0x00, 0x00, 0x00, 0x01, 0x00, 0x02, 0x00, 0x00, 0x34, 0x00, 0x00, 0x29, 0x70,
	0x44, 0x48, 0x14, 0x00, 0x00, 0x00, 0x00, 0x80, 0x00, 0x00, 0x16, 0x20, 0x01, 0x00, 0x00, 0x00,
	0x20, 0x00, 0x10, 0x5E, 0x12, 0x00, 0x26, 0x00, 0x00, 0x00, 0x03, 0x00, 0x02, 0x00, 0x3C, 0x34,
	0x00, 0x00, 0x29, 0x98, 0x44, 0x48, 0x14, 0x00, 0x00, 0x12, 0x7C, 0x80, 0x00, 0x00, 0x2E, 0x00,
	0x36, 0x00, 0x00, 0x00, 0xE0, 0xC1, 0x00, 0xC8, 0x14, 0x00, 0x00, 0x00, 0x00, 0x00, 0x00, 0x00,
	0x00, 0x00, 0x00, 0x00, 0x00, 0x00, 0x00, 0x00, 0x14, 0x00, 0x00, 0x00, 0x00, 0x00, 0x00, 0x00,
	0x00, 0x00, 0x16, 0x00, 0x00, 0x00, 0x00, 0x00, 0x20, 0x00, 0x00, 0x56, 0x12, 0x00, 0x66, 0x00,
	0x03, 0x00, 0x00, 0x00, 0x80, 0x02, 0x01, 0x40, 0x10, 0x00, 0x0D, 0x00, 0x44, 0x00, 0x00, 0x00,
	0x0C, 0x00, 0x00, 0x00, 0x00, 0x01, 0x66, 0x00, 0x03, 0x00, 0x00, 0x00, 0x80, 0x02, 0x01, 0x20,
	0x12, 0x00, 0x0D, 0x00, 0x45, 0x00, 0x00, 0x00, 0x0C, 0x00, 0x00, 0x00, 0x02, 0x01, 0x28, 0x00,
	0x00, 0x00, 0x00, 0x00, 0x00, 0x00, 0x00, 0x00, 0x00, 0x00, 0x38, 0x00, 0x00, 0x00, 0x00, 0x00,
	0x00, 0x00, 0x00, 0x00, 0x44, 0x33, 0x26, 0x00, 0x00, 0x00, 0x01, 0x00, 0x02, 0x00, 0x14, 0x34,
	0x00, 0x00, 0x29, 0x70, 0x44, 0x48, 0x14, 0x00, 0x00, 0x00, 0x14, 0x80, 0x00, 0x00, 0x16, 0x20,
	0x01, 0x00, 0x00, 0x00, 0x20, 0x00, 0x10, 0x5E, 0x12, 0x00, 0x26, 0x00, 0x00, 0x00, 0x03, 0x00,
	0x02, 0x00, 0x28, 0x34, 0x00, 0x00, 0x29, 0x98, 0x44, 0x48, 0x14, 0x00, 0x00, 0x12, 0x68, 0x80,
	0x00, 0x00, 0x2E, 0x00, 0x36, 0x00, 0x00, 0x00, 0xE0, 0xC1, 0x00, 0x68, 0x15, 0x00, 0x00, 0x00,
	0x00, 0x00, 0x00, 0x00, 0x00, 0x00, 0x00, 0x00, 0x00, 0x00, 0x00, 0x00, 0x14, 0x00, 0x00, 0x00,
	0x00, 0x00, 0x00, 0x00, 0x00, 0x00, 0x00, 0x00, 0x00, 0x00, 0x00, 0x00, 0x00, 0x00, 0x00, 0x00,
	0x00, 0x00, 0x00, 0x00, 0x14, 0x00, 0x00, 0x00, 0x00, 0x00, 0x00, 0x00, 0x00, 0x00, 0x16, 0x00,
	0x00, 0x00, 0x00, 0x00, 0x20, 0x01, 0x00, 0x66, 0x12, 0x00, 0x0E, 0x00, 0x31, 0x00, 0x00, 0x00,
	0xE0, 0x81, 0x00, 0x28, 0x14, 0x00, 0x28, 0x00, 0x00, 0x00, 0x00, 0x00, 0x00, 0x00, 0x00, 0x00,
	0x00, 0x00, 0x38, 0x00, 0x00, 0x00, 0x00, 0x00, 0x00, 0x00, 0x00, 0x00, 0x46, 0x33, 0x26, 0x00,
	0x00, 0x00, 0x01, 0x00, 0x02, 0x00, 0x00, 0x35, 0x00, 0x00, 0x29, 0x00, 0x4C, 0x3C, 0x04, 0x20,
	0x01, 0x00, 0x00, 0x80, 0x00, 0x00, 0x16, 0x20, 0x01, 0x00, 0x00, 0x00, 0x20, 0x01, 0x10, 0xAE,
	0x12, 0x00, 0x26, 0x00, 0x00, 0x00, 0x03, 0x00, 0x02, 0x00, 0x3C, 0x35, 0x00, 0x00, 0x29, 0x0F,
	0x4C, 0x3C, 0x04, 0x20, 0x01, 0x12, 0x7C, 0x80, 0x00, 0x00, 0x40, 0x75, 0x72, 0x00, 0x00, 0x00,
	0x00, 0x00, 0x00, 0x00, 0x00, 0x00, 0xDC, 0x40, 0x60, 0x40, 0x01, 0x00, 0x00, 0x00, 0x00, 0x00,
	0xC0, 0x0B, 0x2E, 0x40, 0x44, 0x00, 0x00, 0x00, 0x78, 0x40, 0x01, 0x00, 0x0F, 0x00, 0x00, 0x00,
	0x00, 0x00, 0x00, 0x00, 0x00, 0x00, 0x00, 0x00, 0x00, 0x00, 0x00, 0x00, 0x14, 0x00, 0x00, 0x00,
	0x00, 0x00, 0x00, 0x00, 0x00, 0x00, 0x16, 0x00, 0x00, 0x00, 0x00, 0x00, 0x20, 0x01, 0x00, 0x66,
	0x12, 0x00, 0x0E, 0x60, 0x3C, 0x00, 0x00, 0x00, 0xE0, 0x81, 0x00, 0x0E, 0x15, 0x00, 0x28, 0x00,
	0x00, 0x00, 0x00, 0x00, 0x00, 0x00, 0x00, 0x00, 0x00, 0x00, 0x38, 0x00, 0x00, 0x00, 0x00, 0x00,
	0x00, 0x00, 0x00, 0x00, 0x46, 0x33, 0x26, 0x00, 0x00, 0x00, 0x01, 0x00, 0x02, 0x00, 0x14, 0x35,
	0x00, 0x00, 0x29, 0x00, 0x4C, 0x50, 0x0C, 0x0C, 0x01, 0x00, 0x14, 0x80, 0x00, 0x00, 0x16, 0x20,
	0x01, 0x00, 0x00, 0x00, 0x20, 0x01, 0x10, 0xAE, 0x12, 0x00, 0x26, 0x00, 0x00, 0x00, 0x03, 0x00,
	0x02, 0x00, 0x28, 0x35, 0x00, 0x00, 0x29, 0x0F, 0x4C, 0x50, 0x0C, 0x0C, 0x01, 0x12, 0x68, 0x80,
	0x00, 0x00, 0x40, 0x75, 0x72, 0x00, 0x00, 0x00, 0x00, 0x00, 0x00, 0x00, 0x00, 0x00, 0xDC, 0x40,
	0x60, 0x40, 0x01, 0x00, 0x00, 0x00, 0x00, 0x00, 0xC0, 0x0B, 0x2E, 0x40, 0x44, 0x00, 0x00, 0x00,
	0x78, 0x40, 0x01, 0x3C, 0x0F, 0x00, 0x00, 0x00, 0x00, 0x00, 0x00, 0x00, 0x00, 0x00, 0x00, 0x00,
	0x00, 0x00, 0x00, 0x00, 0x14, 0x00, 0x00, 0x00, 0x00, 0x00, 0x00, 0x00, 0x00, 0x00, 0x16, 0x00,
	0x00, 0x00, 0x00, 0x00, 0x40, 0x00, 0x00, 0xF6, 0x12, 0x00, 0x66, 0x00, 0x00, 0x00, 0x00, 0x00,
	0xC0, 0x03, 0x00, 0x00, 0x0F, 0x00, 0x0D, 0x00, 0x5D, 0x00, 0x00, 0x00, 0x00, 0x00, 0x00, 0x00,
	0x04, 0x00, 0x66, 0x00, 0x00, 0x00, 0x00, 0x00, 0xC0, 0x03, 0x00, 0x38, 0x13, 0x00, 0x0D, 0x80,
	0x5C, 0x00, 0x00, 0x00, 0x00, 0x00, 0x00, 0x00, 0x08, 0x00, 0x76, 0x00, 0x01, 0x00, 0x00, 0x00,
	0x80, 0x87, 0x00, 0x00, 0x0F, 0x00, 0x28, 0x00, 0x00, 0x00, 0x00, 0x00, 0x00, 0x00, 0x00, 0x00,
	0x00, 0x00, 0x38, 0x00, 0x00, 0x00, 0x00, 0x00, 0x00, 0x00, 0x00, 0x00, 0x46, 0x33, 0x26, 0x00,
	0x00, 0x00, 0x01, 0x00, 0x02, 0x00, 0x00, 0x36, 0x00, 0x00, 0x29, 0x00, 0x54, 0x58, 0x14, 0x20,
	0x01, 0x00, 0x00, 0x80, 0x00, 0x00, 0x16, 0x20, 0x01, 0x00, 0x00, 0x00, 0x40, 0x00, 0x10, 0x06,
	0x13, 0x00, 0x26, 0x00, 0x00, 0x00, 0x03, 0x00, 0x02, 0x00, 0x3C, 0x36, 0x00, 0x00, 0x29, 0x1E,
	0x54, 0x58, 0x14, 0x20, 0x01, 0x12, 0x7C, 0x80, 0x00, 0x00, 0x16, 0x00, 0x00, 0x00, 0x00, 0x00,
	0x20, 0x00, 0x00, 0x16, 0x13, 0x00, 0x28, 0x00, 0x00, 0x00, 0x00, 0x00, 0x00, 0x00, 0x00, 0x00,
	0x00, 0x00, 0x38, 0x00, 0x00, 0x00, 0x00, 0x00, 0x00, 0x00, 0x00, 0x00, 0x84, 0x33, 0x26, 0x00,
	0x00, 0x00, 0x01, 0x00, 0x02, 0x00, 0x14, 0x37, 0x00, 0x00, 0x29, 0x84, 0x54, 0x5C, 0x14, 0x00,
	0x00, 0x00, 0x14, 0x80, 0x00, 0x00, 0x16, 0x20, 0x01, 0x00, 0x00, 0x00, 0x20, 0x00, 0x10, 0x1E,
	0x13, 0x00, 0x26, 0x00, 0x00, 0x00, 0x03, 0x00, 0x02, 0x00, 0x28, 0x37, 0x00, 0x00, 0x29, 0xA2,
	0x54, 0x5C, 0x14, 0x00, 0x00, 0x12, 0x68, 0x80, 0x00, 0x00, 0x16, 0x00, 0x00, 0x00, 0x00, 0x00,
	0x20, 0x01, 0x00, 0x26, 0x13, 0x00, 0x28, 0x00, 0x00, 0x00, 0x00, 0x00, 0x00, 0x00, 0x00, 0x00,
	0x00, 0x00, 0x38, 0x00, 0x00, 0x00, 0x00, 0x00, 0x00, 0x00, 0x00, 0x00, 0x08, 0x33, 0x26, 0x00,
	0x00, 0x00, 0x01, 0x00, 0x02, 0x00, 0x00, 0x38, 0x00, 0x00, 0x29, 0x00, 0x54, 0x5C, 0x40, 0x10,
	0x02, 0x00, 0x00, 0x80, 0x00, 0x00, 0x16, 0x20, 0x01, 0x00, 0x00, 0x00, 0x20, 0x01, 0x10, 0x6E,
	0x13, 0x00, 0x26, 0x00, 0x00, 0x00, 0x03, 0x00, 0x02, 0x00, 0x3C, 0x38, 0x00, 0x00, 0x29, 0x1E,
	0x54, 0x5C, 0x40, 0x10, 0x02, 0x12, 0x7C, 0x80, 0x00, 0x00, 0x16, 0x00, 0x00, 0x00, 0x00, 0x00,
	0x40, 0x00, 0x00, 0xB6, 0x13, 0x00, 0x76, 0x00, 0x00, 0x00, 0x00, 0x00, 0xC0, 0x03, 0x00, 0xE0,
	0x10, 0x00, 0x66, 0x00, 0x01, 0x00, 0x00, 0x00, 0x80, 0x87, 0x00, 0x00, 0x0F, 0x00, 0x28, 0x00,
	0x00, 0x00, 0x00, 0x00, 0x00, 0x00, 0x00, 0x00, 0x00, 0x00, 0x38, 0x00, 0x00, 0x00, 0x00, 0x00,
	0x00, 0x00, 0x00, 0x00, 0x44, 0x33, 0x26, 0x00, 0x00, 0x00, 0x01, 0x00, 0x02, 0x00, 0x14, 0x39,
	0x00, 0x00, 0x29, 0x00, 0x54, 0x58, 0x14, 0x20, 0x01, 0x00, 0x14, 0x80, 0x00, 0x00, 0x16, 0x20,
	0x01, 0x00, 0x00, 0x00, 0x40, 0x00, 0x10, 0xC6, 0x13, 0x00, 0x26, 0x00, 0x00, 0x00, 0x03, 0x00,
	0x02, 0x00, 0x28, 0x39, 0x00, 0x00, 0x29, 0x1E, 0x54, 0x58, 0x14, 0x20, 0x01, 0x12, 0x68, 0x80,
	0x00, 0x00, 0x40, 0xA4, 0x59, 0x00, 0x00, 0x00, 0x00, 0x00, 0x00, 0x00, 0x00, 0x00, 0xDC, 0x80,
	0x5C, 0x00, 0x01, 0x00, 0x00, 0x00, 0x00, 0x00, 0xC0, 0x0B, 0x76, 0x80, 0x00, 0x00, 0x00, 0x00,
	0xC0, 0x03, 0x01, 0x00, 0x0F, 0x00, 0x00, 0x00, 0x00, 0x00, 0x00, 0x00, 0x00, 0x00, 0x00, 0x00,
	0x00, 0x00, 0x00, 0x00, 0x14, 0x00, 0x00, 0x00, 0x00, 0x00, 0x00, 0x00, 0x00, 0x00, 0x16, 0x00,
	0x00, 0x00, 0x00, 0x00, 0x40, 0x00, 0x00, 0xD6, 0x13, 0x00, 0x0E, 0x40, 0x44, 0x00, 0x00, 0x00,
	0x78, 0x40, 0x01, 0xE0, 0x10, 0x00, 0x0D, 0x00, 0x60, 0x00, 0x00, 0x00, 0x01, 0x00, 0x00, 0x00,
	0x40, 0x01, 0x0E, 0x40, 0x44, 0x00, 0x00, 0x00, 0x78, 0x40, 0x01, 0x00, 0x0F, 0x00, 0x0D, 0xC0,
	0x63, 0x00, 0x00, 0x00, 0x01, 0x00, 0x00, 0x00, 0x40, 0x01, 0x28, 0x00, 0x00, 0x00, 0x00, 0x00,
	0x00, 0x00, 0x00, 0x00, 0x00, 0x00, 0x38, 0x00, 0x00, 0x00, 0x00, 0x00, 0x00, 0x00, 0x00, 0x00,
	0x06, 0x33, 0x26, 0x00, 0x00, 0x00, 0x01, 0x00, 0x02, 0x00, 0x00, 0x3A, 0x00, 0x00, 0x29, 0x84,
	0x4C, 0x64, 0x14, 0x00, 0x00, 0x00, 0x00, 0x80, 0x00, 0x00, 0x16, 0x20, 0x01, 0x00, 0x00, 0x00,
	0x40, 0x00, 0x10, 0xE6, 0x13, 0x00, 0x26, 0x00, 0x00, 0x00, 0x03, 0x00, 0x02, 0x00, 0x3C, 0x3A,
	0x00, 0x00, 0x29, 0x93, 0x4C, 0x64, 0x14, 0x00, 0x00, 0x12, 0x7C, 0x80, 0x00, 0x00, 0x16, 0x00,
	0x00, 0x00, 0x00, 0x00, 0x40, 0x00, 0x00, 0xF6, 0x13, 0x00, 0x26, 0x00, 0x00, 0x00, 0x01, 0x00,
	0x02, 0x00, 0x14, 0x3B, 0x00, 0x00, 0x29, 0xA2, 0x4C, 0x64, 0x14, 0x00, 0x00, 0x00, 0x14, 0x80,
	0x00, 0x00, 0x16, 0x20, 0x01, 0x00, 0x00, 0x00, 0x40, 0x00, 0x10, 0x06, 0x14, 0x00, 0x26, 0x00,
	0x00, 0x00, 0x03, 0x00, 0x02, 0x00, 0x28, 0x3B, 0x00, 0x00, 0x29, 0xB1, 0x4C, 0x64, 0x14, 0x00,
	0x00, 0x12, 0x68, 0x80, 0x00, 0x00, 0x2E, 0x80, 0x38, 0x00, 0x00, 0x00, 0x78, 0x00, 0x01, 0xE8,
	0x17, 0x00, 0x00, 0x00, 0x00, 0x00, 0x00, 0x00, 0x00, 0x00, 0x00, 0x00, 0x00, 0x00, 0x00, 0x00,
	0x14, 0x00, 0x00, 0x00, 0x00, 0x00, 0x00, 0x00, 0x00, 0x00, 0x16, 0x00, 0x00, 0x00, 0x00, 0x00,
	0x40, 0x00, 0x00, 0xD6, 0x13, 0x00, 0x0E, 0x40, 0x44, 0x00, 0x00, 0x00, 0x78, 0x40, 0x01, 0x1C,
	0x11, 0x00, 0x0D, 0x00, 0x60, 0x00, 0x00, 0x00, 0x01, 0x00, 0x00, 0x00, 0x40, 0x01, 0x0E, 0x40,
	0x44, 0x00, 0x00, 0x00, 0x78, 0x40, 0x01, 0x3C, 0x0F, 0x00, 0x0D, 0xC0, 0x63, 0x00, 0x00, 0x00,
	0x01, 0x00, 0x00, 0x00, 0x40, 0x01, 0x28, 0x00, 0x00, 0x00, 0x00, 0x00, 0x00, 0x00, 0x00, 0x00,
	0x00, 0x00, 0x38, 0x00, 0x00, 0x00, 0x00, 0x00, 0x00, 0x00, 0x00, 0x00, 0x06, 0x33, 0x26, 0x00,
	0x00, 0x00, 0x01, 0x00, 0x02, 0x00, 0x00, 0x3A, 0x00, 0x00, 0x29, 0x84, 0x4C, 0x64, 0x14, 0x00,
	0x00, 0x00, 0x00, 0x80, 0x00, 0x00, 0x16, 0x20, 0x01, 0x00, 0x00, 0x00, 0x40, 0x00, 0x10, 0xE6,
	0x13, 0x00, 0x26, 0x00, 0x00, 0x00, 0x03, 0x00, 0x02, 0x00, 0x3C, 0x3A, 0x00, 0x00, 0x29, 0x93,
	0x4C, 0x64, 0x14, 0x00, 0x00, 0x12, 0x7C, 0x80, 0x00, 0x00, 0x16, 0x00, 0x00, 0x00, 0x00, 0x00,
	0x40, 0x00, 0x00, 0xF6, 0x13, 0x00, 0x26, 0x00, 0x00, 0x00, 0x01, 0x00, 0x02, 0x00, 0x14, 0x3B,
	0x00, 0x00, 0x29, 0xA2, 0x4C, 0x64, 0x14, 0x00, 0x00, 0x00, 0x14, 0x80, 0x00, 0x00, 0x16, 0x20,
	0x01, 0x00, 0x00, 0x00, 0x40, 0x00, 0x10, 0x06, 0x14, 0x00, 0x26, 0x00, 0x00, 0x00, 0x03, 0x00,
	0x02, 0x00, 0x28, 0x3B, 0x00, 0x00, 0x29, 0xB1, 0x4C, 0x64, 0x14, 0x00, 0x00, 0x12, 0x68, 0x80,
	0x00, 0x00, 0x2E, 0x80, 0x38, 0x00, 0x00, 0x00, 0x78, 0x00, 0x01, 0x24, 0x18, 0x00, 0x00, 0x00,
	0x00, 0x00, 0x00, 0x00, 0x00, 0x00, 0x00, 0x00, 0x00, 0x00, 0x00, 0x00, 0x14, 0x00, 0x00, 0x00,
	0x00, 0x00, 0x00, 0x00, 0x00, 0x00, 0x16, 0x00, 0x00, 0x00, 0x00, 0x00, 0x40, 0x02, 0x00, 0x16,
	0x14, 0x00, 0x66, 0x00, 0x01, 0x00, 0x00, 0x00, 0x80, 0x87, 0x00, 0xE8, 0x17, 0x00, 0x28, 0x00,
	0x00, 0x00, 0x00, 0x00, 0x00, 0x00, 0x00, 0x00, 0x00, 0x00, 0x38, 0x00, 0x00, 0x00, 0x00, 0x00,
	0x00, 0x00, 0x00, 0x00, 0x08, 0x33, 0x26, 0x00, 0x00, 0x00, 0x01, 0x00, 0x02, 0x00, 0x00, 0x3C,
	0x00, 0x00, 0x29, 0x00, 0x68, 0x58, 0x04, 0x20, 0x01, 0x00, 0x00, 0x80, 0x00, 0x00, 0x16, 0x20,
	0x01, 0x00, 0x00, 0x00, 0x40, 0x02, 0x10, 0xA6, 0x14, 0x00, 0x26, 0x00, 0x00, 0x00, 0x03, 0x00,
	0x02, 0x00, 0x3C, 0x3C, 0x00, 0x00, 0x29, 0x07, 0x68, 0x58, 0x04, 0x20, 0x01, 0x12, 0x7C, 0x80,
	0x20, 0x00, 0x16, 0x00, 0x00, 0x00, 0x00, 0x00, 0x40, 0x02, 0x00, 0x36, 0x15, 0x00, 0x26, 0x00,
	0x00, 0x00, 0x01, 0x00, 0x02, 0x00, 0x14, 0x3D, 0x00, 0x00, 0x29, 0x0F, 0x68, 0x58, 0x04, 0x20,
	0x01, 0x00, 0x14, 0x80, 0x00, 0x00, 0x16, 0x20, 0x01, 0x00, 0x00, 0x00, 0x40, 0x02, 0x10, 0xC6,
	0x15, 0x00, 0x26, 0x00, 0x00, 0x00, 0x03, 0x00, 0x02, 0x00, 0x28, 0x3D, 0x00, 0x00, 0x29, 0x16,
	0x68, 0x58, 0x04, 0x20, 0x01, 0x12, 0x68, 0x80, 0x20, 0x00, 0x16, 0x00, 0x00, 0x00, 0x00, 0x00,
	0x80, 0x00, 0x00, 0x56, 0x16, 0x00, 0x40, 0x1D, 0x47, 0x00, 0x00, 0x00, 0x00, 0x00, 0x00, 0x00,
	0x00, 0x00, 0xDC, 0x40, 0x70, 0x40, 0x01, 0x00, 0x00, 0x00, 0x00, 0x00, 0x80, 0x0B, 0x0D, 0x00,
	0x70, 0x00, 0x00, 0x00, 0x01, 0x00, 0x00, 0x00, 0x40, 0x01, 0x66, 0x40, 0x00, 0x00, 0x00, 0x00,
	0xE0, 0x41, 0x01, 0xC0, 0x12, 0x00, 0x0D, 0xC0, 0x73, 0x00, 0x00, 0x00, 0x01, 0x00, 0x00, 0x00,
	0x40, 0x01, 0x28, 0x00, 0x00, 0x00, 0x00, 0x00, 0x00, 0x00, 0x00, 0x00, 0x00, 0x00, 0x38, 0x00,
	0x00, 0x00, 0x00, 0x00, 0x00, 0x00, 0x00, 0x00, 0x46, 0x33, 0x26, 0x00, 0x00, 0x00, 0x01, 0x00,
	0x02, 0x00, 0x00, 0x3E, 0x00, 0x00, 0x29, 0x40, 0x68, 0x6C, 0x14, 0x00, 0x00, 0x00, 0x00, 0x80,
	0x00, 0x00, 0x16, 0x20, 0x01, 0x00, 0x00, 0x00, 0x80, 0x00, 0x10, 0x76, 0x16, 0x00, 0x26, 0x00,
	0x00, 0x00, 0x03, 0x00, 0x02, 0x00, 0x3C, 0x3E, 0x00, 0x00, 0x29, 0x47, 0x68, 0x6C, 0x14, 0x00,
	0x00, 0x12, 0x7C, 0x80, 0x20, 0x00, 0x16, 0x00, 0x00, 0x00, 0x00, 0x00, 0x80, 0x00, 0x00, 0x96,
	0x16, 0x00, 0x26, 0x00, 0x00, 0x00, 0x01, 0x00, 0x02, 0x00, 0x14, 0x3F, 0x00, 0x00, 0x29, 0x4F,
	0x68, 0x6C, 0x14, 0x00, 0x00, 0x00, 0x14, 0x80, 0x00, 0x00, 0x16, 0x20, 0x01, 0x00, 0x00, 0x00,
	0x80, 0x00, 0x10, 0xB6, 0x16, 0x00, 0x26, 0x00, 0x00, 0x00, 0x03, 0x00, 0x02, 0x00, 0x28, 0x3F,
	0x00, 0x00, 0x29, 0x56, 0x68, 0x6C, 0x14, 0x00, 0x00, 0x12, 0x68, 0x80, 0x20, 0x00, 0x16, 0x00,
	0x00, 0x00, 0x00, 0x00, 0x40, 0x00, 0x00, 0xD6, 0x16, 0x00, 0x28, 0x00, 0x00, 0x00, 0x00, 0x00,
	0x00, 0x00, 0x00, 0x00, 0x00, 0x00, 0x38, 0x00, 0x00, 0x00, 0x00, 0x00, 0x00, 0x00, 0x00, 0x00,
	0x06, 0x33, 0x26, 0x00, 0x00, 0x00, 0x01, 0x00, 0x02, 0x00, 0x00, 0x40, 0x00, 0x00, 0x29, 0xA2,
	0x68, 0x70, 0x14, 0x00, 0x01, 0x00, 0x00, 0x80, 0x00, 0x00, 0x16, 0x20, 0x01, 0x00, 0x00, 0x00,
	0x40, 0x00, 0x10, 0xE6, 0x16, 0x00, 0x26, 0x00, 0x00, 0x00, 0x03, 0x00, 0x02, 0x00, 0x3C, 0x40,
	0x00, 0x00, 0x29, 0xA9, 0x68, 0x70, 0x14, 0x00, 0x01, 0x12, 0x7C, 0x80, 0x20, 0x00, 0x16, 0x00,
	0x00, 0x00, 0x00, 0x00, 0x40, 0x00, 0x00, 0xF6, 0x16, 0x00, 0x06, 0x00, 0x00, 0x00, 0x00, 0xE4,
	0x01, 0x00, 0x00, 0x60, 0x00, 0x00, 0x08, 0x00, 0x00, 0x00, 0x00, 0x00, 0x00, 0x00, 0x00, 0x00,
	0x00, 0x00, 0x18, 0x00, 0x00, 0x00, 0x00, 0x00, 0x00, 0x00, 0x00, 0x00, 0x00, 0x00, 0x26, 0x00,
	0x00, 0x00, 0x01, 0x00, 0x02, 0x00, 0x14, 0x41, 0x00, 0x00, 0x29, 0xB1, 0x68, 0x70, 0x14, 0x00,
	0x01, 0x00, 0x14, 0x80, 0x00, 0x00, 0x16, 0x20, 0x01, 0x00, 0x00, 0x00, 0x40, 0x00, 0x10, 0x06,
	0x17, 0x00, 0x26, 0x00, 0x00, 0x00, 0x03, 0x00, 0x02, 0x00, 0x28, 0x41, 0x00, 0x00, 0x29, 0xB8,
	0x68, 0x70, 0x14, 0x00, 0x01, 0x12, 0x68, 0x80, 0x20, 0x00, 0x16, 0x00, 0x00, 0x00, 0x00, 0x00,
	0x40, 0x02, 0x00, 0x16, 0x17, 0x00, 0x28, 0x00, 0x00, 0x00, 0x00, 0x00, 0x00, 0x00, 0x00, 0x00,
	0x00, 0x00, 0x38, 0x00, 0x00, 0x00, 0x00, 0x00, 0x00, 0x00, 0x00, 0x00, 0x48, 0x33, 0x26, 0x00,
	0x00, 0x00, 0x01, 0x00, 0x02, 0x00, 0x00, 0x42, 0x00, 0x00, 0x29, 0x3C, 0x68, 0x70, 0x40, 0x88,
	0x02, 0x00, 0x00, 0x80, 0x00, 0x00, 0x16, 0x20, 0x01, 0x00, 0x00, 0x00, 0x40, 0x02, 0x10, 0xA6,
	0x17, 0x00, 0x26, 0x00, 0x00, 0x00, 0x03, 0x00, 0x02, 0x00, 0x3C, 0x42, 0x00, 0x00, 0x29, 0x43,
	0x68, 0x70, 0x40, 0x88, 0x02, 0x12, 0x7C, 0x80, 0x20, 0x00, 0x16, 0x00, 0x00, 0x00, 0x00, 0x00,
	0x40, 0x02, 0x00, 0x36, 0x18, 0x00, 0x26, 0x00, 0x00, 0x00, 0x01, 0x00, 0x02, 0x00, 0x14, 0x43,
	0x00, 0x00, 0x29, 0x4B, 0x68, 0x70, 0x40, 0x88, 0x02, 0x00, 0x14, 0x80, 0x00, 0x00, 0x16, 0x20,
	0x01, 0x00, 0x00, 0x00, 0x40, 0x02, 0x10, 0xC6, 0x18, 0x00, 0x26, 0x00, 0x00, 0x00, 0x03, 0x00,
	0x02, 0x00, 0x28, 0x43, 0x00, 0x00, 0x29, 0x52, 0x68, 0x70, 0x40, 0x88, 0x02, 0x12, 0x68, 0x80,
	0x20, 0x00, 0x16, 0x00, 0x00, 0x00, 0x00, 0x00, 0x80, 0x00, 0x00, 0x56, 0x19, 0x00, 0x40, 0x74,
	0x43, 0x00, 0x00, 0x00, 0x00, 0x00, 0x00, 0x00, 0x00, 0x00, 0xDC, 0x40, 0x70, 0x40, 0x05, 0x00,
	0x0E, 0x00, 0x00, 0x00, 0x80, 0x0B, 0x28, 0x00, 0x00, 0x00, 0x00, 0x00, 0x00, 0x00, 0x00, 0x00,
	0x00, 0x00, 0x38, 0x00, 0x00, 0x00, 0x00, 0x00, 0x00, 0x00, 0x00, 0x00, 0x46, 0x33, 0x26, 0x00,
	0x00, 0x00, 0x01, 0x00, 0x02, 0x00, 0x00, 0x44, 0x00, 0x00, 0x29, 0x84, 0x68, 0x6C, 0x14, 0x00,
	0x00, 0x00, 0x00, 0x80, 0x00, 0x00, 0x16, 0x20, 0x01, 0x00, 0x00, 0x00, 0x80, 0x00, 0x10, 0x76,
	0x19, 0x00, 0x26, 0x00, 0x00, 0x00, 0x03, 0x00, 0x02, 0x00, 0x3C, 0x44, 0x00, 0x00, 0x29, 0x8B,
	0x68, 0x6C, 0x14, 0x00, 0x00, 0x12, 0x7C, 0x80, 0x20, 0x00, 0x16, 0x00, 0x00, 0x00, 0x00, 0x00,
	0x80, 0x00, 0x00, 0x96, 0x19, 0x00, 0x26, 0x00, 0x00, 0x00, 0x01, 0x00, 0x02, 0x00, 0x14, 0x45,
	0x00, 0x00, 0x29, 0x93, 0x68, 0x6C, 0x14, 0x00, 0x00, 0x00, 0x14, 0x80, 0x00, 0x00, 0x16, 0x20,
	0x01, 0x00, 0x00, 0x00, 0x80, 0x00, 0x10, 0xB6, 0x19, 0x00, 0x26, 0x00, 0x00, 0x00, 0x03, 0x00,
	0x02, 0x00, 0x28, 0x45, 0x00, 0x00, 0x29, 0x9A, 0x68, 0x6C, 0x14, 0x00, 0x00, 0x12, 0x68, 0x80,
	0x20, 0x00, 0x16, 0x00, 0x00, 0x00, 0x00, 0x00, 0x80, 0x00, 0x00, 0xD6, 0x19, 0x00, 0x0D, 0x80,
	0x70, 0x00, 0x00, 0x00, 0x01, 0x00, 0x00, 0x00, 0x44, 0x01, 0x0D, 0x40, 0x70, 0x00, 0x00, 0x00,
	0x02, 0x00, 0x00, 0x00, 0x06, 0x01, 0x28, 0x00, 0x00, 0x00, 0x00, 0x00, 0x00, 0x00, 0x00, 0x00,
	0x00, 0x00, 0x38, 0x00, 0x00, 0x00, 0x00, 0x00, 0x00, 0x00, 0x00, 0x00, 0x8A, 0x32, 0x26, 0x00,
	0x00, 0x00, 0x01, 0x00, 0x02, 0x00, 0x00, 0x46, 0x00, 0x00, 0x29, 0x00, 0x68, 0x6C, 0x14, 0x10,
	0x01, 0x00, 0x00, 0x80, 0x00, 0x00, 0x16, 0x20, 0x01, 0x00, 0x00, 0x00, 0x80, 0x00, 0x10, 0xF6,
	0x19, 0x00, 0x26, 0x00, 0x00, 0x00, 0x03, 0x00, 0x02, 0x00, 0x3C, 0x46, 0x00, 0x00, 0x29, 0x07,
	0x68, 0x6C, 0x14, 0x10, 0x01, 0x12, 0x7C, 0x80, 0x20, 0x00, 0x16, 0x00, 0x00, 0x00, 0x00, 0x00,
	0x80, 0x00, 0x00, 0x16, 0x1A, 0x00, 0x26, 0x00, 0x00, 0x00, 0x01, 0x00, 0x02, 0x00, 0x14, 0x47,
	0x00, 0x00, 0x29, 0x0F, 0x68, 0x6C, 0x14, 0x10, 0x01, 0x00, 0x14, 0x80, 0x00, 0x00, 0x16, 0x20,
	0x01, 0x00, 0x00, 0x00, 0x80, 0x00, 0x10, 0x36, 0x1A, 0x00, 0x26, 0x00, 0x00, 0x00, 0x03, 0x00,
	0x02, 0x00, 0x28, 0x47, 0x00, 0x00, 0x29, 0x16, 0x68, 0x6C, 0x14, 0x10, 0x01, 0x12, 0x68, 0x80,
	0x20, 0x00, 0x16, 0x00, 0x00, 0x00, 0x00, 0x00, 0x80, 0x00, 0x00, 0x56, 0x1A, 0x00, 0x26, 0x00,
	0x00, 0x00, 0x01, 0x00, 0x02, 0x00, 0x00, 0x48, 0x00, 0x00, 0x29, 0x1E, 0x68, 0x6C, 0x14, 0x10,
	0x01, 0x00, 0x00, 0x80, 0x00, 0x00, 0x16, 0x20, 0x01, 0x00, 0x00, 0x00, 0x80, 0x00, 0x10, 0x76,
	0x1A, 0x00, 0x26, 0x00, 0x00, 0x00, 0x03, 0x00, 0x02, 0x00, 0x3C, 0x48, 0x00, 0x00, 0x29, 0x25,
	0x68, 0x6C, 0x14, 0x10, 0x01, 0x12, 0x7C, 0x80, 0x20, 0x00, 0x16, 0x00, 0x00, 0x00, 0x00, 0x00,
	0x80, 0x00, 0x00, 0x96, 0x1A, 0x00, 0x26, 0x00, 0x00, 0x00, 0x01, 0x00, 0x02, 0x00, 0x14, 0x49,
	0x00, 0x00, 0x29, 0x2D, 0x68, 0x6C, 0x14, 0x10, 0x01, 0x00, 0x14, 0x80, 0x00, 0x00, 0x16, 0x20,
	0x01, 0x00, 0x00, 0x00, 0x80, 0x00, 0x10, 0xB6, 0x1A, 0x00, 0x26, 0x00, 0x00, 0x00, 0x03, 0x00,
	0x02, 0x00, 0x28, 0x49, 0x00, 0x00, 0x29, 0x34, 0x68, 0x6C, 0x14, 0x10, 0x01, 0x12, 0x68, 0x80,
	0x20, 0x00, 0x16, 0x00, 0x00, 0x00, 0x00, 0x00, 0x56, 0x00, 0x00, 0xD6, 0x1A, 0x00, 0x28, 0x00,
	0x00, 0x00, 0x00, 0x00, 0x00, 0x00, 0x00, 0x00, 0x00, 0x00, 0x38, 0x00, 0x00, 0x00, 0x00, 0x00,
	0x00, 0x00, 0x00, 0x00, 0x86, 0x3B, 0x26, 0x00, 0x00, 0x00, 0x01, 0x80, 0x01, 0x00, 0x00, 0x4A,
	0x00, 0x00, 0x29, 0xB8, 0xB8, 0x6C, 0x14, 0x00, 0x00, 0x00, 0x00, 0x80, 0x20, 0x00, 0x16, 0x20,
	0x01, 0x00, 0x02, 0x00, 0x2E, 0x00, 0x10, 0xEB, 0x1A, 0x00, 0x40, 0x11, 0x4B, 0x00, 0x00, 0x00,
	0x00, 0x00, 0x00, 0x00, 0x00, 0x00, 0xDC, 0x00, 0xB8, 0x00, 0x14, 0x40, 0x0C, 0x00, 0x00, 0x00,
	0x40, 0x03, 0x66, 0x00, 0x01, 0x00, 0x00, 0x00, 0x80, 0x87, 0x00, 0xE8, 0x17, 0x00, 0x28, 0x00,
	0x00, 0x00, 0x00, 0x00, 0x00, 0x00, 0x00, 0x00, 0x00, 0x00, 0x38, 0x00, 0x00, 0x00, 0x00, 0x00,
	0x00, 0x00, 0x00, 0x00, 0x84, 0x3B, 0x26, 0x00, 0x00, 0x00, 0x03, 0x80, 0x01, 0x00, 0x3C, 0x4A,
	0x00, 0x00, 0x29, 0x07, 0xBC, 0x58, 0x14, 0x20, 0x01, 0x12, 0x7C, 0x80, 0x20, 0x00, 0x40, 0x12,
	0x48, 0x00, 0x00, 0x00, 0x00, 0x00, 0x00, 0x00, 0x00, 0x00, 0xDC, 0x40, 0xBC, 0x40, 0x01, 0xC0,
	0x03, 0x00, 0x00, 0x00, 0x40, 0x03, 0x76, 0x40, 0x00, 0x00, 0x00, 0x00, 0xE0, 0x41, 0x01, 0x00,
	0x0F, 0x00, 0x00, 0x00, 0x00, 0x00, 0x00, 0x00, 0x00, 0x00, 0x00, 0x00, 0x00, 0x00, 0x00, 0x00,
	0x14, 0x00, 0x00, 0x00, 0x00, 0x00, 0x00, 0x00, 0x00, 0x00, 0x16, 0x00, 0x00, 0x00, 0x00, 0x00,
	0x1A, 0x00, 0x00, 0xF7, 0x1A, 0x00, 0x0E, 0xF0, 0x30, 0x00, 0x00, 0x00, 0xE0, 0x01, 0x00, 0x28,
	0x14, 0x00, 0x28, 0x00, 0x00, 0x00, 0x00, 0x00, 0x00, 0x00, 0x00, 0x00, 0x00, 0x00, 0x38, 0x00,
	0x00, 0x00, 0x00, 0x00, 0x00, 0x00, 0x00, 0x00, 0xC4, 0x3B, 0x26, 0x00, 0x00, 0x00, 0x01, 0x80,
	0x01, 0x00, 0x14, 0x4B, 0x00, 0x00, 0x29, 0x84, 0xC0, 0x3C, 0x14, 0x1C, 0x00, 0x00, 0x14, 0x80,
	0x00, 0x04, 0x40, 0x1E, 0x6C, 0x00, 0x00, 0x00, 0x00, 0x00, 0x00, 0x00, 0x00, 0x00, 0xDC, 0xF0,
	0xC0, 0x00, 0x10, 0x00, 0x02, 0x00, 0x00, 0x00, 0x40, 0x03, 0x26, 0x00, 0x00, 0x00, 0x03, 0x00,
	0x04, 0x00, 0x28, 0x4B, 0x00, 0x00, 0x7D, 0x80, 0xC4, 0x00, 0x01, 0xC0, 0x03, 0x00, 0x28, 0x00,
	0x00, 0x00, 0x3D, 0xFF, 0x03, 0x00, 0x00, 0x00, 0xC2, 0xFF, 0x0F, 0x00, 0x0A, 0x01, 0x76, 0x80,
	0x00, 0x00, 0x40, 0x00, 0xC0, 0x03, 0x01, 0x78, 0x0F, 0x00, 0x00, 0x00, 0x00, 0x00, 0x00, 0x00,
	0x00, 0x00, 0x00, 0x00, 0x00, 0x00, 0x00, 0x00, 0x14, 0x00, 0x00, 0x00, 0x00, 0x00, 0x00, 0x00,
	0x00, 0x00, 0x16, 0x20, 0x01, 0x00, 0x00, 0x00, 0x1A, 0x00, 0x10, 0xF7, 0x1A, 0x00, 0x0E, 0xF0,
	0x30, 0x00, 0x00, 0x00, 0xE0, 0x01, 0x00, 0x18, 0x15, 0x00, 0x28, 0x00, 0x00, 0x00, 0x00, 0x00,
	0x00, 0x00, 0x00, 0x00, 0x00, 0x00, 0x38, 0x00, 0x00, 0x00, 0x00, 0x00, 0x00, 0x00, 0x00, 0x00,
	0xC4, 0x3B, 0x26, 0x00, 0x00, 0x00, 0x01, 0x80, 0x01, 0x00, 0x00, 0x4B, 0x00, 0x00, 0x29, 0x84,
	0xC0, 0x3C, 0x14, 0x1C, 0x00, 0x12, 0x40, 0x80, 0x00, 0x04, 0x40, 0x1E, 0x6C, 0x00, 0x00, 0x00,
	0x00, 0x00, 0x00, 0x00, 0x00, 0x00, 0xDC, 0xF0, 0xC0, 0x00, 0x10, 0x00, 0x02, 0x00, 0x00, 0x00,
	0x40, 0x03, 0x26, 0x00, 0x00, 0x00, 0x03, 0x00, 0x04, 0x00, 0x3C, 0x4B, 0x00, 0x00, 0x7D, 0x80,
	0xC4, 0x00, 0x01, 0xC0, 0x03, 0x00, 0x3C, 0x00, 0x00, 0x00, 0x3D, 0xFF, 0x03, 0x00, 0x00, 0x00,
	0xC2, 0xFF, 0x0F, 0x00, 0x0A, 0x01, 0x76, 0x80, 0x00, 0x00, 0x40, 0x00, 0xC0, 0x03, 0x01, 0x68,
	0x10, 0x00, 0x00, 0x00, 0x00, 0x00, 0x00, 0x00, 0x00, 0x00, 0x00, 0x00, 0x00, 0x00, 0x00, 0x00,
	0x14, 0x00, 0x00, 0x00, 0x00, 0x00, 0x00, 0x00, 0x00, 0x00, 0x66, 0xF0, 0x00, 0x00, 0x00, 0x00,
	0xE0, 0x01, 0x00, 0x00, 0x0F, 0x00, 0x3D, 0xAF, 0x00, 0x00, 0x00, 0xC0, 0xC3, 0xFF, 0x0F, 0x00,
	0x02, 0x00, 0x26, 0x00, 0x00, 0x00, 0x03, 0x00, 0x04, 0x00, 0x14, 0x4C, 0x00, 0x00, 0x7D, 0x40,
	0xC8, 0x40, 0x01, 0xC0, 0x03, 0x00, 0x14, 0x00, 0x00, 0x00, 0x3D, 0xFF, 0x03, 0x00, 0x00, 0x00,
	0xC1, 0xFF, 0x0F, 0x00, 0x4A, 0x01, 0x76, 0x40, 0x00, 0x00, 0x40, 0x00, 0xE0, 0x41, 0x01, 0x00,
	0x0F, 0x00, 0x26, 0x00, 0x00, 0x00, 0x03, 0x00, 0x04, 0x00, 0x28, 0x4D, 0x00, 0x00, 0x7D, 0x10,
	0xCF, 0x40, 0x01, 0x00, 0x00, 0x00, 0x28, 0x00, 0x00, 0x00, 0x3D, 0xFF, 0x03, 0x00, 0x00, 0x40,
	0xCC, 0xFF, 0x0F, 0x00, 0x4A, 0x01, 0x76, 0x10, 0x03, 0x00, 0x40, 0x00, 0x78, 0x40, 0x01, 0x58,
	0x11, 0x00, 0x08, 0x00, 0x00, 0x00, 0x00, 0x00, 0x00, 0x00, 0x00, 0x00, 0x00, 0x00, 0x10, 0x00,
	0x00, 0x00, 0x00, 0x00, 0x00, 0x00, 0x00, 0x00, 0x00, 0x00, 0x00, 0x00, 0x00, 0x00, 0x00, 0x00,
	0x00, 0x00, 0x00, 0x00, 0x00, 0x00, 0x00, 0x00, 0x00, 0x00, 0x00, 0x00, 0x00, 0x00, 0x00, 0x00,
	0x00, 0x00, 0x00, 0x00, 0x00, 0x00, 0x00, 0x00, 0x00, 0x00, 0x00, 0x00, 0x00, 0x00, 0x66, 0x22,
	0x02, 0x22, 0x10, 0x00, 0x14, 0x10, 0x30, 0x00, 0x00, 0x00, 0x33, 0x22, 0x01, 0x01, 0x22, 0x00,
	0x28, 0x03, 0x30, 0x00, 0x00, 0x00, 0x66, 0x22, 0x00, 0x22, 0x08, 0x00, 0x0A, 0x20, 0x20, 0x00,
	0x00, 0x00, 0x33, 0x22, 0x00, 0x01, 0x11, 0x00, 0x14, 0x10, 0x30, 0x00, 0x00, 0x00, 0x66, 0x22,
	0x20, 0x22, 0x26, 0x00, 0x28, 0x03, 0x30, 0x00, 0x00, 0x00, 0x11, 0x11, 0x00, 0x00, 0x24, 0x00,
	0x28, 0x03, 0x30, 0x00, 0x00, 0x00, 0x33, 0x11, 0x01, 0x11, 0x18, 0x00, 0x0A, 0x10, 0x30, 0x00,
	0x00, 0x00, 0x33, 0x11, 0x00, 0x11, 0x18, 0x00, 0x0A, 0x20, 0x20, 0x00, 0x00, 0x00, 0x33, 0x11,
	0x10, 0x11, 0x21, 0x00, 0x0A, 0x10, 0x30, 0x00, 0x00, 0x00, 0x00, 0x0A, 0x04, 0x00, 0x20, 0x00,
	0x0A, 0x10, 0x30, 0x00, 0x00, 0x00, 0x02, 0x00, 0x00, 0x05, 0x22, 0x00, 0x0A, 0x10, 0x30, 0x00,
	0x00, 0x00, 0xA0, 0x0A, 0x04, 0x00, 0x10, 0x00, 0x0A, 0x20, 0x20, 0x00, 0x00, 0x00, 0x02, 0x00,
	0x00, 0x0F, 0x08, 0x00, 0x05, 0x20, 0x20, 0x00, 0x00, 0x00, 0x02, 0x00, 0x00, 0x0A, 0x11, 0x00,
	0x0A, 0x20, 0x20, 0x00, 0x00, 0x00, 0x04, 0x00, 0xC0, 0x03, 0x18, 0x00, 0x05, 0x20, 0x20, 0x00,
	0x00, 0x00, 0x02, 0x00, 0xA0, 0x0F, 0x18, 0x00, 0x05, 0x40, 0x20, 0x00, 0x00, 0x00, 0x33, 0x11,
	0x11, 0x11, 0x19, 0x00, 0x05, 0x20, 0x20, 0x00, 0x00, 0x00, 0x02, 0x00, 0xC0, 0x03, 0x10, 0x00,
	0x05, 0x20, 0x20, 0x00, 0x00, 0x00, 0x55, 0x11, 0x22, 0x22, 0x10, 0x00, 0x05, 0x40, 0x20, 0x00,
	0x00, 0x00, 0x04, 0x00, 0xF0, 0x00, 0x0C, 0x80, 0x02, 0x20, 0x20, 0x00, 0x00, 0x00, 0x14, 0x40,
	0x00, 0x00, 0x19, 0x00, 0x05, 0x40, 0x20, 0x00, 0x00, 0x00, 0x08, 0x00, 0xC0, 0x03, 0x18, 0x80,
	0x02, 0x20, 0x20, 0x00, 0x00, 0x00, 0x08, 0x00, 0xD0, 0x02, 0x18, 0x80, 0x02, 0x80, 0x20, 0x00,
	0x00, 0x00, 0x02, 0x00, 0x80, 0x02, 0x18, 0x80, 0x02, 0x40, 0x20, 0x00, 0x00, 0x00, 0x08, 0x00,
	0x20, 0x03, 0x0C, 0x80, 0x02, 0x40, 0x20, 0x00, 0x00, 0x00, 0x28, 0x40, 0x00, 0x00, 0x0C, 0x80,
	0x02, 0x80, 0x20, 0x00, 0x00, 0x00, 0x02, 0x00, 0x80, 0x07, 0x0C, 0x40, 0x01, 0x20, 0x20, 0x00,
	0x00, 0x00, 0x04, 0x00, 0x80, 0x07, 0x0C, 0x40, 0x01, 0x00, 0x21, 0x00, 0x00, 0x00, 0x04, 0x00,
	0xA0, 0x05, 0x0C, 0x40, 0x01, 0x80, 0x20, 0x00, 0x00, 0x00, 0x04, 0x00, 0x40, 0x06, 0x0C, 0x40,
	0x01, 0x00, 0x22, 0x00, 0x00, 0x00, 0x00, 0x00, 0x00, 0x00, 0x09, 0x80, 0x02, 0x20, 0x20, 0x00,
	0x00, 0x00, 0x00, 0x00, 0x00, 0x00, 0x09, 0x80, 0x02, 0x00, 0x21, 0x00, 0x00, 0x00, 0x00, 0x00,
	0x00, 0x00, 0x09, 0x80, 0x02, 0x40, 0x20, 0x00, 0x00, 0x00, 0x00, 0x00, 0x00, 0x00, 0x08, 0x80,
	0x02, 0x20, 0x20, 0x00, 0x00, 0x00, 0x00, 0x00, 0x00, 0x00, 0x08, 0x80, 0x02, 0x40, 0x20, 0x00,
	0x00, 0x00, 0x00, 0x00, 0x00, 0x00, 0x0A, 0x80, 0x02, 0x20, 0x20, 0x00, 0x00, 0x00, 0x00, 0x00,
	0x00, 0x00, 0x0A, 0x80, 0x02, 0x00, 0x21, 0x00, 0x00, 0x00, 0x00, 0x00, 0x00, 0x00, 0x0A, 0x80,
	0x02, 0x40, 0x20, 0x00, 0x00, 0x00, 0x00, 0x00, 0x00, 0x00, 0x0C, 0x80, 0x02, 0x00, 0x21, 0x00,
	0x00, 0x00, 0x00, 0x00, 0x00, 0x00, 0x0C, 0x00, 0x05, 0x40, 0x20, 0x00, 0x00, 0x00, 0x00, 0x00,
	0x00, 0x00, 0x09, 0x00, 0x05, 0x20, 0x20, 0x00, 0x00, 0x00, 0x00, 0x00, 0x00, 0x00, 0x09, 0x00,
	0x05, 0x80, 0x20, 0x00, 0x00, 0x00, 0x00, 0x00, 0x00, 0x00, 0x0A, 0x00, 0x05, 0x20, 0x20, 0x00,
	0x00, 0x00, 0x00, 0x00, 0x00, 0x00, 0x0A, 0x00, 0x05, 0x80, 0x20, 0x00, 0x00, 0x00, 0x00, 0x00,
	0x00, 0x00, 0x0C, 0x00, 0x05, 0x20, 0x20, 0x00, 0x00, 0x00, 0x00, 0x00, 0x00, 0x00, 0x0C, 0x00,
	0x05, 0x80, 0x20, 0x00, 0x00, 0x00, 0x00, 0x00, 0x00, 0x00, 0x0C, 0x40, 0x01, 0x12, 0x00, 0x00,
	0x00, 0x00, 0x00, 0x00, 0x00, 0x00, 0x18, 0x80, 0x02, 0x12, 0x00, 0x00, 0x00, 0x00, 0x00, 0x00,
	0x00, 0x00, 0x18, 0x00, 0x05, 0x12, 0x00, 0x00, 0x00, 0x00, 0x00, 0x00, 0x00, 0x00, 0x18, 0x00,
	0x05, 0x12, 0x20, 0x00, 0x00, 0x00, 0x00, 0x00, 0x00, 0x00, 0x18, 0x80, 0x02, 0x12, 0x20, 0x00,
	0x00, 0x00, 0x00, 0x00, 0x00, 0x00, 0x0C, 0x40, 0x01, 0x12, 0x20, 0x00, 0x00, 0x00, 0x00, 0x00,
	0x00, 0x00, 0x00, 0x00, 0x00, 0x00, 0x00, 0x00, 0x00, 0x00, 0x1A, 0x30, 0x06, 0x00, 0x08, 0x40,
	0x03, 0xD0, 0x00, 0x00, 0x00, 0x65, 0x00, 0x00, 0x06, 0x00, 0x00, 0x00, 0x00, 0x00, 0x10, 0x00,
	0x00, 0x00, 0x00, 0x00, 0x08, 0x00, 0x00, 0x00, 0x00, 0x00, 0x00, 0x00, 0x00, 0x00, 0x00, 0x00,
	0x18, 0x00, 0x00, 0x00, 0x00, 0x00, 0x00, 0x00, 0x00, 0x00, 0x00, 0x00, 0x22, 0x00, 0x28, 0x00,
	0x30, 0x00, 0x38, 0xC0, 0x9D, 0x01, 0x40, 0x00, 0x48, 0xC0, 0x98, 0x6D, 0x50, 0x00, 0x58, 0x81,
	0x10, 0x60, 0xF9, 0x10, 0x4A, 0x4F, 0x0A, 0x04, 0x08, 0x00, 0x10, 0x11, 0x0A, 0x04, 0x08, 0x11,
	0x10, 0x20, 0x0A, 0x04, 0x08, 0x20, 0x10, 0x2F, 0x0A, 0x04, 0x08, 0x2F, 0x10, 0x3E, 0x0A, 0x04,
	0x08, 0x3E, 0x10, 0x4D, 0x0A, 0x04, 0x08, 0x4D, 0x10, 0x5C, 0x0A, 0x04, 0x08, 0x5C, 0x10, 0x6B,
	0x0A, 0x04, 0x08, 0x6B, 0x10, 0x7A, 0x0A, 0x05, 0x08, 0x7A, 0x10, 0x89, 0x01, 0x0A, 0x06, 0x08,
	0x89, 0x01, 0x10, 0x98, 0x01, 0x0A, 0x06, 0x08, 0x98, 0x01, 0x10, 0xA7, 0x01, 0x0A, 0x06, 0x08,
	0xA7, 0x01, 0x10, 0xB6, 0x01, 0x4A, 0x20, 0x0A, 0x06, 0x08, 0xB6, 0x01, 0x10, 0xC1, 0x01, 0x0A,
	0x06, 0x08, 0xC1, 0x01, 0x10, 0xCA, 0x01, 0x0A, 0x06, 0x08, 0xCA, 0x01, 0x10, 0xD3, 0x01, 0x0A,
	0x06, 0x08, 0xD3, 0x01, 0x10, 0xDC, 0x01, 0x4A, 0x18, 0x0A, 0x06, 0x08, 0xDC, 0x01, 0x10, 0xEC,
	0x01, 0x0A, 0x06, 0x08, 0xEC, 0x01, 0x10, 0xFA, 0x01, 0x0A, 0x06, 0x08, 0xFA, 0x01, 0x10, 0x88,
	0x02, 0x4A, 0x18, 0x0A, 0x06, 0x08, 0x88, 0x02, 0x10, 0x93, 0x02, 0x0A, 0x06, 0x08, 0x93, 0x02,
	0x10, 0x9C, 0x02, 0x0A, 0x06, 0x08, 0x9C, 0x02, 0x10, 0xA5, 0x02, 0x4A, 0x20, 0x0A, 0x06, 0x08,
	0xA5, 0x02, 0x10, 0xB2, 0x02, 0x0A, 0x06, 0x08, 0xB2, 0x02, 0x10, 0xBD, 0x02, 0x0A, 0x06, 0x08,
	0xBD, 0x02, 0x10, 0xC8, 0x02, 0x0A, 0x06, 0x08, 0xC8, 0x02, 0x10, 0xD3, 0x02, 0x4A, 0x30, 0x0A,
	0x06, 0x08, 0xD3, 0x02, 0x10, 0xE9, 0x02, 0x0A, 0x06, 0x08, 0xE9, 0x02, 0x10, 0xFD, 0x02, 0x0A,
	0x06, 0x08, 0xFD, 0x02, 0x10, 0x91, 0x03, 0x0A, 0x06, 0x08, 0x91, 0x03, 0x10, 0xA5, 0x03, 0x0A,
	0x06, 0x08, 0xA5, 0x03, 0x10, 0xB9, 0x03, 0x0A, 0x06, 0x08, 0xB9, 0x03, 0x10, 0xCD, 0x03, 0x4A,
	0x10, 0x0A, 0x06, 0x08, 0xCD, 0x03, 0x10, 0xD8, 0x03, 0x0A, 0x06, 0x08, 0xD8, 0x03, 0x10, 0xE1,
	0x03, 0x4A, 0x10, 0x0A, 0x06, 0x08, 0xE1, 0x03, 0x10, 0xF1, 0x03, 0x0A, 0x06, 0x08, 0xF1, 0x03,
	0x10, 0xFF, 0x03, 0x4A, 0x10, 0x0A, 0x06, 0x08, 0xFF, 0x03, 0x10, 0x88, 0x04, 0x0A, 0x06, 0x08,
	0x88, 0x04, 0x10, 0x8F, 0x04, 0x4A, 0x10, 0x0A, 0x06, 0x08, 0x8F, 0x04, 0x10, 0x9F, 0x04, 0x0A,
	0x06, 0x08, 0x9F, 0x04, 0x10, 0xAD, 0x04, 0x4A, 0x10, 0x0A, 0x06, 0x08, 0xAD, 0x04, 0x10, 0xB6,
	0x04, 0x0A, 0x06, 0x08, 0xB6, 0x04, 0x10, 0xBD, 0x04, 0x4A, 0x10, 0x0A, 0x06, 0x08, 0xBD, 0x04,
	0x10, 0xCA, 0x04, 0x0A, 0x06, 0x08, 0xCA, 0x04, 0x10, 0xD5, 0x04, 0x4A, 0x18, 0x0A, 0x06, 0x08,
	0xD5, 0x04, 0x10, 0xE6, 0x04, 0x0A, 0x06, 0x08, 0xE6, 0x04, 0x10, 0xF5, 0x04, 0x0A, 0x06, 0x08,
	0xF5, 0x04, 0x10, 0x84, 0x05, 0x4A, 0x10, 0x0A, 0x06, 0x08, 0x84, 0x05, 0x10, 0x98, 0x05, 0x0A,
	0x06, 0x08, 0x98, 0x05, 0x10, 0xAA, 0x05, 0x4A, 0x10, 0x0A, 0x06, 0x08, 0xF8, 0x05, 0x10, 0x8F,
	0x06, 0x0A, 0x06, 0x08, 0x8F, 0x06, 0x10, 0xA4, 0x06, 0x4A, 0x10, 0x0A, 0x06, 0x08, 0xE8, 0x07,
	0x10, 0xD3, 0x08, 0x0A, 0x06, 0x08, 0xD3, 0x08, 0x10, 0xB9, 0x09, 0x4A, 0x10, 0x0A, 0x06, 0x08,
	0xB9, 0x09, 0x10, 0xC2, 0x09, 0x0A, 0x06, 0x08, 0xC2, 0x09, 0x10, 0xC9, 0x09, 0x4A, 0x18, 0x0A,
	0x06, 0x08, 0xC9, 0x09, 0x10, 0xE9, 0x09, 0x0A, 0x06, 0x08, 0xE9, 0x09, 0x10, 0x87, 0x0A, 0x0A,
	0x06, 0x08, 0x87, 0x0A, 0x10, 0xA5, 0x0A, 0x4A, 0x10, 0x0A, 0x06, 0x08, 0xA5, 0x0A, 0x10, 0xB5,
	0x0A, 0x0A, 0x06, 0x08, 0xB5, 0x0A, 0x10, 0xC3, 0x0A, 0x4A, 0x10, 0x0A, 0x06, 0x08, 0xC3, 0x0A,
	0x10, 0xE2, 0x0A, 0x0A, 0x06, 0x08, 0xE2, 0x0A, 0x10, 0xFF, 0x0A, 0x4A, 0x18, 0x0A, 0x06, 0x08,
	0xFF, 0x0A, 0x10, 0xC7, 0x0B, 0x0A, 0x06, 0x08, 0xC7, 0x0B, 0x10, 0x8D, 0x0C, 0x0A, 0x06, 0x08,
	0x8D, 0x0C, 0x10, 0xD3, 0x0C, 0x4A, 0x18, 0x0A, 0x06, 0x08, 0xDB, 0x0C, 0x10, 0xE3, 0x0C, 0x0A,
	0x06, 0x08, 0xE3, 0x0C, 0x10, 0xE9, 0x0C, 0x0A, 0x06, 0x08, 0xE9, 0x0C, 0x10, 0xEF, 0x0C, 0x4A,
	0x20, 0x0A, 0x06, 0x08, 0xEF, 0x0C, 0x10, 0xF8, 0x0C, 0x0A, 0x06, 0x08, 0xF8, 0x0C, 0x10, 0xFF,
	0x0C, 0x0A, 0x06, 0x08, 0xFF, 0x0C, 0x10, 0x86, 0x0D, 0x0A, 0x06, 0x08, 0x86, 0x0D, 0x10, 0x8D,
	0x0D, 0x4A, 0x30, 0x0A, 0x06, 0x08, 0x8D, 0x0D, 0x10, 0xA2, 0x0D, 0x0A, 0x06, 0x08, 0xA2, 0x0D,
	0x10, 0xB5, 0x0D, 0x0A, 0x06, 0x08, 0xB5, 0x0D, 0x10, 0xC8, 0x0D, 0x0A, 0x06, 0x08, 0xC8, 0x0D,
	0x10, 0xDB, 0x0D, 0x0A, 0x06, 0x08, 0xDB, 0x0D, 0x10, 0xEE, 0x0D, 0x0A, 0x06, 0x08, 0xEE, 0x0D,
	0x10, 0x81, 0x0E, 0x4A, 0x20, 0x0A, 0x06, 0x08, 0x81, 0x0E, 0x10, 0x8E, 0x0E, 0x0A, 0x06, 0x08,
	0x8E, 0x0E, 0x10, 0x99, 0x0E, 0x0A, 0x06, 0x08, 0x99, 0x0E, 0x10, 0xA4, 0x0E, 0x0A, 0x06, 0x08,
	0xA4, 0x0E, 0x10, 0xAF, 0x0E, 0x4A, 0x18, 0x0A, 0x06, 0x08, 0xAF, 0x0E, 0x10, 0xC0, 0x0E, 0x0A,
	0x06, 0x08, 0xC0, 0x0E, 0x10, 0xCF, 0x0E, 0x0A, 0x06, 0x08, 0xCF, 0x0E, 0x10, 0xDE, 0x0E, 0x4A,
	0x10, 0x0A, 0x06, 0x08, 0xDE, 0x0E, 0x10, 0xEE, 0x0E, 0x0A, 0x06, 0x08, 0xEE, 0x0E, 0x10, 0xFC,
	0x0E, 0x4A, 0x10, 0x0A, 0x06, 0x08, 0xA6, 0x0F, 0x10, 0xBD, 0x0F, 0x0A, 0x06, 0x08, 0xBD, 0x0F,
	0x10, 0xD2, 0x0F, 0x4A, 0x10, 0x0A, 0x06, 0x08, 0xCF, 0x10, 0x10, 0xDF, 0x10, 0x0A, 0x06, 0x08,
	0xDF, 0x10, 0x10, 0xED, 0x10, 0x50, 0x0C, 0x58, 0x86, 0x80, 0x80, 0x18, 0x58, 0x84, 0x80, 0x80,
	0x01, 0x58, 0x82, 0x80, 0x80, 0x09, 
};

#endif /*  facedetect_cfg.cfg converted to HEX.h file!!!  */
