#ifndef GC9108_H
#define GC9108_H
#include <linux/ioctl.h>    /* needed for the _IOW etc stuff used later */

#define GC9108_ID_REG			0x04	/* ID值 */


////test_cloor
#define WHITE            0xFFFF
#define BLACK            0x0000   
#define BLUE             0x001F  
#define BRED             0XF81F
#define GRED             0XFFE0
#define GBLUE            0X07FF
#define RED              0xF800
#define MAGENTA          0xF81F
#define GREEN            0x07E0
#define CYAN             0x7FFF
#define YELLOW           0xFFE0
#define BROWN            0XBC40 //棕色
#define BRRED            0XFC07 //棕红色
#define GRAY             0X8430 //灰色

typedef struct lcd_buffer_t {
    unsigned int size;
    unsigned int phys_addr;
    unsigned long   base;
    unsigned long   virt_addr;
} lcd_buffer_t;




typedef struct
{
    unsigned char cmd;
    unsigned char data[16];
    unsigned char databytes; //The number of data in data[]; bit 7 = delay flag after set; 0xFF = end of cmds.
    int delay_ms;
} lcd_init_cmd_t;
/*
 * Ioctl definitions
 */
/* Use 'j' as magic number */
#define GC9108_IOC_MAGIC  'j'


#define GC9108_IOC_BUFFERBASE     _IOR(GC9108_IOC_MAGIC,  3, unsigned long)
#define GC9108_IOC_BUFFERSIZE     _IOR(GC9108_IOC_MAGIC,  4, unsigned int)
#define GC9108_IOC_REFRESH        _IO(GC9108_IOC_MAGIC,  5)
#define GC9108_IOC_ALLOCATE_PHYSICAL_MEMORY   _IOR(GC9108_IOC_MAGIC,  6, unsigned int)


#define GC9108_IOC_MAXNR 10
const char lcd_screen_rgb565[] = {
0x20,0x61,0x20,0x81,0x20,0x61,0x20,0x81,0x20,0x61,0x20,0x81,0x20,0x81,0x20,0x81,
0x20,0x81,0x20,0x81,0x20,0x81,0x20,0xa2,0x28,0x81,0x20,0xa2,0x28,0x81,0x20,0x82,
0x28,0x81,0x20,0xa2,0x28,0x81,0x20,0xa2,0x28,0x81,0x20,0xa2,0x28,0x81,0x20,0xa2,
0x28,0xa1,0x20,0xc2,0x28,0xa1,0x20,0xc2,0x28,0xa1,0x20,0xc2,0x28,0xa1,0x20,0xc2,
0x28,0xa1,0x20,0xc2,0x28,0xa1,0x20,0xc2,0x28,0xc2,0x20,0xc2,0x28,0xa1,0x20,0xc2,
0x28,0xa1,0x28,0xc2,0x28,0xa1,0x28,0xc2,0x28,0xa1,0x28,0xc2,0x28,0xa1,0x28,0xc2,
0x28,0xc1,0x28,0xc2,0x28,0xc1,0x28,0xc2,0x28,0xc2,0x28,0xc2,0x28,0xc2,0x28,0xc2,
0x30,0xc2,0x28,0xe2,0x30,0xc2,0x28,0xc2,0x30,0xc2,0x31,0x03,0x30,0xc2,0x28,0xc2,
0x28,0xc2,0x28,0xe3,0x30,0xe2,0x28,0xe2,0x28,0xc1,0x28,0xc2,0x28,0xc1,0x28,0xc2,
0x28,0xc1,0x28,0xc2,0x28,0xc1,0x28,0xc2,0x28,0xc2,0x28,0xe2,0x28,0xa1,0x28,0xc2,
0x28,0xc1,0x28,0xc2,0x28,0xc1,0x28,0xc2,0x28,0xc1,0x28,0xc2,0x28,0xa1,0x20,0xc2,
0x28,0xa1,0x20,0xc2,0x28,0xa1,0x20,0xc2,0x28,0xa1,0x28,0xc2,0x28,0xa1,0x20,0xc2,
0x28,0xa1,0x20,0xa1,0x28,0x81,0x20,0xa1,0x20,0x81,0x20,0xa2,0x20,0x81,0x20,0x81,
0x20,0x81,0x20,0x81,0x20,0x61,0x20,0x81,0x28,0x81,0x20,0x81,0x20,0x81,0x20,0x81,
0x20,0x81,0x20,0x81,0x20,0x81,0x20,0x81,0x20,0x61,0x18,0x81,0x20,0x61,0x18,0x81,
0x20,0x61,0x18,0x81,0x20,0x61,0x18,0x81,0x20,0x61,0x18,0x81,0x20,0x61,0x18,0x81,
0x18,0x81,0x20,0x61,0x20,0x82,0x20,0x81,0x18,0x61,0x20,0x61,0x18,0x81,0x20,0x61,
0x18,0x81,0x20,0x61,0x20,0xa2,0x28,0xa2,0x20,0x82,0x28,0x81,0x20,0x82,0x20,0x81,
0x20,0xa2,0x20,0x81,0x20,0x82,0x28,0x81,0x20,0xa2,0x20,0x82,0x20,0xa2,0x20,0x82,
0x20,0xa2,0x28,0xa2,0x20,0xa2,0x28,0xa2,0x20,0xa2,0x28,0xa2,0x20,0xa2,0x28,0xa2,
0x20,0xa2,0x28,0xa2,0x20,0xa2,0x28,0xa2,0x20,0xa2,0x28,0xc2,0x28,0xc3,0x28,0x82,
0x20,0xc2,0x28,0xa2,0x20,0xc2,0x28,0xa2,0x20,0xc2,0x28,0xa2,0x28,0xc2,0x28,0xa2,
0x20,0xc2,0x28,0xa2,0x20,0xc2,0x28,0xc2,0x28,0xc2,0x28,0xc2,0x28,0xc3,0x28,0xc2,
0x28,0xc3,0x28,0xc2,0x28,0xe3,0x30,0xc2,0x28,0xc3,0x28,0xc2,0x28,0xc2,0x28,0xc2,
0x28,0xc3,0x28,0xc2,0x28,0xc3,0x28,0xa2,0x20,0xc2,0x28,0xc2,0x28,0xc2,0x28,0xa2,
0x28,0xc2,0x28,0xa2,0x20,0xc2,0x28,0xa2,0x20,0xc2,0x28,0xa2,0x20,0xc2,0x28,0xa2,
0x20,0xc2,0x28,0xa2,0x20,0xc2,0x28,0xa2,0x20,0xc2,0x28,0xa2,0x20,0xa2,0x28,0xa1,
0x20,0xa2,0x28,0xa1,0x20,0xa2,0x28,0xa1,0x20,0xa2,0x28,0xa2,0x20,0xa2,0x28,0x81,
0x20,0xa2,0x20,0x81,0x20,0x82,0x20,0x81,0x20,0x82,0x20,0x81,0x20,0x82,0x20,0x61,
0x18,0x82,0x20,0x61,0x18,0x81,0x20,0x61,0x28,0xe3,0x20,0x61,0x18,0x81,0x20,0x61,
0x18,0x81,0x20,0x81,0x18,0x81,0x20,0x61,0x18,0x82,0x20,0x61,0x18,0x61,0x20,0x61,
0x18,0x61,0x20,0x61,0x18,0x61,0x20,0x61,0x18,0x61,0x20,0x61,0x18,0x61,0x20,0x61,
0x20,0x61,0x20,0x81,0x28,0x81,0x20,0xa2,0x20,0x81,0x20,0x81,0x20,0x61,0x20,0x81,
0x20,0x61,0x20,0x81,0x20,0x81,0x20,0xa2,0x28,0x81,0x20,0x82,0x28,0x81,0x20,0x82,
0x28,0x81,0x20,0xa2,0x28,0x81,0x20,0xa2,0x28,0x81,0x20,0xa2,0x28,0x81,0x20,0xa2,
0x28,0xa1,0x20,0xc2,0x28,0xa1,0x20,0xc2,0x28,0xa1,0x20,0xc2,0x28,0xa1,0x20,0xc2,
0x28,0xa1,0x20,0xc2,0x28,0xa2,0x20,0xc2,0x28,0xa1,0x20,0xc2,0x28,0xa1,0x20,0xc2,
0x28,0xa1,0x28,0xc2,0x28,0xa1,0x28,0xc2,0x28,0xc1,0x28,0xe2,0x28,0xc2,0x28,0xc2,
0x28,0xc1,0x28,0xc2,0x28,0xc1,0x28,0xc2,0x28,0xc2,0x28,0xe2,0x30,0xc2,0x28,0xc2,
0x30,0xc2,0x28,0xe2,0x30,0xc2,0x28,0xe2,0x30,0xc2,0x28,0xe2,0x30,0xe2,0x28,0xe2,
0x28,0xc1,0x31,0x03,0x30,0xe2,0x28,0xc2,0x28,0xc1,0x28,0xc2,0x30,0xc2,0x28,0xe2,
0x28,0xc2,0x28,0xc2,0x28,0xc1,0x28,0xc2,0x28,0xc1,0x28,0xc2,0x28,0xc1,0x28,0xc2,
0x28,0xc2,0x28,0xe2,0x28,0xa1,0x28,0xc2,0x28,0xa1,0x28,0xc2,0x28,0xa1,0x20,0xc2,
0x28,0xa1,0x20,0xc2,0x28,0xa1,0x20,0xc2,0x28,0xa1,0x20,0xc2,0x28,0xa1,0x20,0xa2,
0x28,0x81,0x20,0xa1,0x20,0x81,0x20,0xa2,0x20,0x81,0x20,0xa2,0x20,0x81,0x20,0x81,
0x20,0x81,0x20,0x81,0x20,0x81,0x20,0x81,0x28,0x81,0x20,0x81,0x20,0x61,0x20,0x81,
0x20,0x61,0x20,0x81,0x20,0x61,0x20,0x81,0x20,0x61,0x18,0x81,0x20,0x61,0x18,0x81,
0x20,0x61,0x18,0x81,0x20,0x61,0x18,0x81,0x20,0x61,0x18,0x81,0x20,0x61,0x18,0x81,
0x18,0x81,0x20,0x61,0x18,0x81,0x20,0x61,0x18,0x81,0x20,0x61,0x18,0x81,0x20,0x61,
0x18,0x82,0x20,0x81,0x20,0x82,0x20,0x81,0x20,0x82,0x20,0x81,0x20,0x82,0x20,0x81,
0x20,0xa2,0x28,0x81,0x20,0x82,0x28,0x81,0x20,0xa2,0x20,0x82,0x20,0xa2,0x20,0x82,
0x20,0xa2,0x28,0xa2,0x20,0xa2,0x28,0xa2,0x20,0xc2,0x28,0xa2,0x20,0xa2,0x28,0xa2,
0x20,0xa2,0x28,0xa2,0x20,0xc2,0x28,0xa2,0x20,0xc2,0x28,0xa2,0x20,0xa2,0x28,0xa2,
0x20,0xc2,0x28,0xa2,0x20,0xc2,0x28,0xa2,0x20,0xc2,0x28,0xa2,0x28,0xc2,0x28,0xa2,
0x20,0xc2,0x28,0xa2,0x20,0xc2,0x28,0xc2,0x28,0xc2,0x28,0xc2,0x28,0xc3,0x28,0xc2,
0x28,0xc3,0x28,0xc2,0x28,0xc3,0x28,0xc2,0x28,0xc3,0x28,0xc2,0x28,0xc2,0x28,0xc2,
0x20,0xc2,0x30,0xc2,0x28,0xc2,0x28,0xa2,0x28,0xc2,0x28,0xa2,0x28,0xe3,0x30,0xe2,
0x28,0xc2,0x28,0xa2,0x20,0xc2,0x28,0xa2,0x20,0xc2,0x28,0xa2,0x20,0xc2,0x28,0xa2,
0x20,0xc2,0x28,0xa2,0x20,0xc2,0x28,0xa2,0x20,0xc2,0x28,0xa2,0x20,0xa2,0x28,0xa1,
0x20,0xa2,0x28,0xa1,0x20,0xa2,0x28,0xa1,0x20,0xa2,0x28,0xa1,0x20,0xa2,0x28,0x81,
0x20,0xa2,0x20,0x81,0x20,0x82,0x20,0x81,0x20,0x82,0x20,0x81,0x20,0x82,0x20,0x61,
0x18,0x82,0x20,0x61,0x18,0x82,0x20,0x61,0x18,0x61,0x20,0x61,0x18,0x81,0x20,0x61,
0x18,0x81,0x20,0x61,0x20,0x82,0x20,0x61,0x18,0x82,0x20,0x61,0x18,0x61,0x20,0x61,
0x18,0x61,0x20,0x61,0x18,0x61,0x20,0x61,0x18,0x61,0x20,0x61,0x18,0x61,0x20,0x61,
0x20,0x60,0x18,0x81,0x20,0x61,0x20,0x81,0x20,0x61,0x20,0x81,0x20,0x81,0x20,0x81,
0x20,0x81,0x20,0x81,0x20,0x61,0x20,0xa2,0x28,0x81,0x20,0x81,0x28,0x81,0x20,0x82,
0x28,0x81,0x20,0x82,0x28,0x81,0x20,0xa2,0x28,0x81,0x20,0xa2,0x28,0xa1,0x20,0xa2,
0x28,0xa1,0x20,0xa2,0x28,0xa1,0x20,0xc2,0x28,0xa1,0x20,0xc2,0x28,0xa1,0x20,0xc2,
0x28,0xa1,0x20,0xc2,0x28,0xa1,0x20,0xc2,0x28,0xa1,0x28,0xa2,0x28,0xa2,0x28,0xc2,
0x28,0xc2,0x28,0xc2,0x28,0xc2,0x28,0xc2,0x28,0xc2,0x28,0xc2,0x28,0xc1,0x28,0xc2,
0x30,0xc2,0x28,0xc2,0x30,0xc2,0x28,0xc2,0x30,0xc2,0x28,0xc2,0x30,0xc2,0x28,0xc2,
0x30,0xc2,0x28,0xc2,0x30,0xc2,0x28,0xe2,0x30,0xc2,0x28,0xe2,0x30,0xc2,0x28,0xc2,
0x30,0xc2,0x28,0xc2,0x30,0xc2,0x28,0xc2,0x28,0xa1,0x28,0xc2,0x30,0xe2,0x30,0xe3,
0x28,0xc1,0x28,0xe2,0x28,0xc2,0x28,0xc2,0x28,0xc2,0x28,0xc2,0x28,0xc1,0x28,0xc2,
0x28,0xc1,0x28,0xc2,0x28,0xc1,0x28,0xc2,0x28,0xa1,0x28,0xc2,0x28,0xa1,0x28,0xc2,
0x28,0xa1,0x20,0xc2,0x28,0xa1,0x20,0xc2,0x28,0xa1,0x20,0xc2,0x28,0xa1,0x20,0xa2,
0x28,0x81,0x20,0xa2,0x28,0x81,0x20,0xa2,0x20,0x81,0x20,0x81,0x20,0x81,0x20,0x81,
0x20,0x81,0x20,0x81,0x20,0x81,0x20,0x81,0x20,0x81,0x20,0x81,0x20,0x61,0x20,0x81,
0x20,0x61,0x20,0x81,0x30,0xc2,0x20,0xc2,0x20,0x61,0x20,0x81,0x20,0x61,0x20,0x81,
0x20,0x61,0x18,0x81,0x20,0x61,0x18,0x81,0x20,0x61,0x18,0x81,0x20,0x61,0x18,0x81,
0x20,0xa2,0x20,0x81,0x18,0x82,0x20,0x61,0x18,0x81,0x20,0x61,0x20,0x82,0x20,0x61,
0x18,0x82,0x20,0x81,0x20,0x82,0x20,0x81,0x20,0x82,0x20,0x61,0x20,0x82,0x20,0x81,
0x20,0x82,0x20,0x81,0x20,0x82,0x20,0x81,0x20,0x82,0x20,0x81,0x20,0xa2,0x20,0x82,
0x20,0xa2,0x28,0x82,0x20,0xa2,0x28,0xa2,0x20,0xa2,0x28,0xa2,0x20,0xa2,0x28,0xa2,
0x20,0xa2,0x28,0x81,0x20,0xa2,0x28,0x81,0x20,0xc2,0x28,0xa2,0x20,0xc2,0x28,0xa2,
0x20,0xc3,0x28,0xa2,0x20,0xc3,0x28,0xa2,0x20,0xc3,0x28,0xa2,0x20,0xc2,0x28,0xa2,
0x28,0xc2,0x28,0xa2,0x28,0xc2,0x28,0xa2,0x28,0xc2,0x28,0xc2,0x28,0xc3,0x28,0xc2,
0x28,0xc3,0x28,0xc2,0x28,0xc3,0x30,0xc2,0x28,0xe2,0x30,0xc2,0x28,0xc3,0x28,0xc2,
0x28,0xc3,0x28,0xa2,0x28,0xc3,0x28,0xc2,0x28,0xc3,0x28,0xc2,0x28,0xc2,0x28,0xa2,
0x20,0xa2,0x28,0xa2,0x28,0xc2,0x28,0xc2,0x28,0xc2,0x28,0xa2,0x20,0xc2,0x28,0xa2,
0x20,0xc2,0x28,0xa2,0x20,0xc2,0x28,0xa2,0x20,0xc2,0x28,0xa2,0x20,0xc2,0x28,0xa2,
0x20,0xa2,0x28,0xa2,0x20,0xa2,0x28,0xa2,0x20,0xa2,0x28,0xa2,0x20,0xa2,0x28,0x82,
0x20,0xa2,0x20,0x81,0x20,0xa2,0x20,0x81,0x20,0x82,0x20,0x81,0x20,0x82,0x20,0x81,
0x18,0x82,0x20,0x61,0x18,0x82,0x20,0x61,0x18,0x82,0x20,0x61,0x18,0x82,0x20,0x61,
0x18,0x81,0x20,0x61,0x20,0x82,0x20,0x81,0x18,0x82,0x20,0x61,0x18,0x82,0x20,0x61,
0x18,0x82,0x20,0x61,0x18,0x61,0x20,0x61,0x18,0x61,0x20,0x61,0x18,0x61,0x20,0x61,
0x20,0x81,0x20,0x81,0x20,0x81,0x20,0x81,0x20,0x60,0x20,0x81,0x20,0x81,0x20,0x81,
0x20,0x81,0x20,0x81,0x20,0x61,0x20,0xc2,0x28,0x81,0x20,0x82,0x28,0x81,0x20,0x82,
0x28,0x81,0x20,0x82,0x28,0x81,0x20,0xa2,0x28,0x81,0x20,0xa2,0x28,0xa1,0x20,0xa2,
0x28,0xa1,0x20,0xa2,0x28,0xa1,0x20,0xc2,0x28,0xa1,0x20,0xc2,0x28,0xa1,0x20,0xc2,
0x28,0xa1,0x28,0xa2,0x28,0xa1,0x28,0xa2,0x28,0xa2,0x28,0xa2,0x28,0xa2,0x28,0xc2,
0x28,0xa2,0x28,0xc2,0x28,0xa2,0x28,0xc2,0x28,0xc2,0x28,0xc2,0x28,0xc1,0x28,0xc2,
0x30,0xc2,0x28,0xc2,0x30,0xc2,0x28,0xc2,0x30,0xc2,0x28,0xc2,0x30,0xc2,0x28,0xc2,
0x30,0xc2,0x28,0xc2,0x30,0xc2,0x28,0xe2,0x30,0xc2,0x28,0xe2,0x30,0xc2,0x28,0xc2,
0x30,0xc2,0x28,0xc2,0x30,0xc2,0x28,0xc2,0x30,0xc2,0x28,0xe2,0x30,0xc2,0x28,0xc2,
0x30,0xc2,0x28,0xc2,0x28,0xc2,0x28,0xc2,0x28,0xc2,0x28,0xc2,0x28,0xc1,0x28,0xc2,
0x28,0xc1,0x28,0xc2,0x28,0xc1,0x28,0xc2,0x28,0xa1,0x28,0xc2,0x28,0xa1,0x28,0xc2,
0x28,0xa1,0x20,0xc2,0x28,0xa1,0x20,0xc2,0x28,0xa1,0x20,0xc2,0x28,0xa1,0x20,0xa2,
0x28,0x81,0x20,0xa2,0x28,0x81,0x20,0xa2,0x20,0x81,0x20,0x81,0x20,0x81,0x20,0x81,
0x20,0x81,0x20,0x81,0x20,0x81,0x20,0x81,0x20,0x81,0x20,0x81,0x28,0x81,0x20,0x81,
0x20,0x61,0x20,0x81,0x20,0x81,0x20,0x81,0x20,0x61,0x20,0x81,0x20,0x61,0x20,0x81,
0x20,0x61,0x18,0x81,0x20,0x61,0x18,0x81,0x20,0x61,0x18,0x81,0x20,0x61,0x18,0x81,
0x18,0x81,0x20,0x61,0x20,0xa2,0x20,0x81,0x18,0x82,0x20,0x61,0x18,0x82,0x20,0x61,
0x18,0x82,0x20,0x61,0x18,0x82,0x20,0x61,0x20,0x82,0x20,0x81,0x20,0x82,0x20,0x81,
0x20,0xa2,0x20,0x81,0x20,0x82,0x20,0x81,0x20,0x82,0x20,0x81,0x20,0xa2,0x20,0x82,
0x20,0xa2,0x28,0x82,0x20,0xa2,0x28,0xa2,0x20,0xa2,0x28,0xa2,0x20,0xa2,0x28,0xa2,
0x20,0xa2,0x28,0x81,0x20,0xa2,0x28,0x81,0x20,0xa2,0x28,0xc2,0x28,0xc3,0x28,0xa2,
0x28,0xc3,0x28,0xa2,0x28,0xc3,0x28,0xa2,0x28,0xe3,0x28,0xa2,0x28,0xc2,0x28,0xa2,
0x28,0xc2,0x28,0xa2,0x28,0xc3,0x28,0xc2,0x28,0xc2,0x28,0xc2,0x28,0xc3,0x30,0xc2,
0x28,0xc2,0x28,0xa2,0x28,0xe2,0x30,0xc2,0x28,0xe2,0x30,0xc2,0x28,0xc3,0x28,0xc2,
0x28,0xc3,0x28,0xc2,0x28,0xc3,0x28,0xa2,0x28,0xc2,0x28,0xa2,0x28,0xc2,0x28,0xa2,
0x28,0xc2,0x28,0xa2,0x28,0xc2,0x28,0xc2,0x28,0xc2,0x28,0xa2,0x20,0xc2,0x28,0xa2,
0x20,0xc2,0x28,0xa2,0x20,0xc2,0x28,0xa2,0x20,0xc2,0x28,0xa2,0x20,0xc2,0x28,0xa2,
0x20,0xa2,0x28,0xa2,0x20,0xa2,0x28,0xa2,0x20,0xa2,0x28,0xa2,0x20,0xa2,0x28,0x82,
0x20,0xa2,0x20,0x81,0x20,0xa2,0x20,0x81,0x18,0x82,0x20,0x81,0x20,0x82,0x20,0x81,
0x18,0x82,0x20,0x61,0x18,0x82,0x20,0x61,0x18,0x82,0x20,0x61,0x18,0x81,0x20,0x81,
0x18,0x82,0x20,0x61,0x18,0x81,0x20,0x61,0x18,0x82,0x20,0x61,0x18,0x82,0x20,0x61,
0x18,0x82,0x20,0x61,0x18,0x61,0x20,0x61,0x18,0x61,0x20,0x61,0x18,0x61,0x20,0x61,
0x20,0x61,0x20,0x81,0x20,0x81,0x20,0xa2,0x20,0x81,0x20,0x81,0x28,0x81,0x20,0x81,
0x20,0x81,0x20,0x81,0x20,0x81,0x20,0x81,0x28,0xa2,0x20,0x81,0x28,0x81,0x20,0x82,
0x28,0x81,0x20,0x82,0x28,0x81,0x20,0xa2,0x28,0x81,0x20,0xa2,0x28,0xa1,0x20,0xa2,
0x28,0xa1,0x20,0xa2,0x28,0xa1,0x20,0xc2,0x28,0xa1,0x20,0xc2,0x28,0xa1,0x28,0xc2,
0x30,0xc2,0x28,0xa2,0x28,0xa1,0x28,0xa2,0x28,0xa1,0x28,0xc2,0x28,0xa2,0x28,0xc2,
0x28,0xa2,0x28,0xc2,0x28,0xa2,0x28,0xc2,0x30,0xe2,0x28,0xc2,0x28,0xa1,0x28,0xc2,
0x30,0xc2,0x28,0xc2,0x30,0xc2,0x28,0xc2,0x30,0xc2,0x28,0xc2,0x30,0xc2,0x28,0xc2,
0x30,0xc2,0x28,0xc2,0x30,0xc2,0x28,0xe2,0x30,0xc2,0x28,0xe2,0x30,0xc2,0x28,0xc2,
0x30,0xc2,0x28,0xc2,0x30,0xc2,0x28,0xc2,0x30,0xc2,0x28,0xc2,0x30,0xc2,0x28,0xc2,
0x30,0xc2,0x28,0xc2,0x28,0xc2,0x28,0xc2,0x28,0xc2,0x28,0xc2,0x28,0xc1,0x28,0xc2,
0x28,0xc1,0x28,0xc2,0x28,0xc1,0x28,0xc2,0x28,0xa1,0x28,0xc2,0x28,0xa1,0x28,0xc2,
0x28,0xa1,0x20,0xc2,0x28,0xa1,0x20,0xc2,0x28,0xa1,0x20,0xc2,0x28,0xa1,0x20,0xa2,
0x28,0x81,0x20,0xa2,0x28,0x81,0x20,0xa2,0x20,0x81,0x20,0x81,0x20,0x81,0x20,0x81,
0x20,0x81,0x20,0x81,0x20,0x81,0x20,0x81,0x20,0x81,0x20,0x81,0x28,0x81,0x20,0x81,
0x20,0x81,0x20,0x81,0x20,0x61,0x20,0x81,0x20,0x61,0x20,0x81,0x20,0x61,0x20,0x81,
0x20,0x61,0x18,0x81,0x20,0x61,0x18,0x81,0x20,0x61,0x18,0x81,0x20,0x61,0x18,0x81,
0x18,0x81,0x20,0x61,0x18,0x81,0x20,0x61,0x18,0x81,0x20,0x61,0x20,0x82,0x20,0x61,
0x18,0x82,0x20,0x61,0x20,0x82,0x20,0x81,0x20,0x82,0x20,0x61,0x20,0x82,0x20,0x61,
0x20,0x82,0x20,0x81,0x20,0x82,0x20,0x81,0x20,0x82,0x20,0x82,0x20,0xa2,0x28,0x82,
0x20,0xa2,0x28,0x82,0x20,0xa2,0x28,0x82,0x20,0xa2,0x28,0xa2,0x20,0xa2,0x28,0xa2,
0x28,0xc3,0x28,0xa2,0x20,0xa2,0x28,0xa2,0x20,0xa2,0x28,0xa2,0x28,0xc2,0x28,0xa2,
0x28,0xc3,0x28,0xa2,0x28,0xc3,0x28,0xa2,0x28,0xc2,0x28,0xa2,0x28,0xc2,0x28,0xa2,
0x28,0xc3,0x28,0xc2,0x28,0xc3,0x28,0xa2,0x31,0x03,0x30,0xc2,0x28,0xc3,0x28,0xc2,
0x28,0xc3,0x30,0xe3,0x28,0xc3,0x28,0xc2,0x28,0xc3,0x30,0xc2,0x28,0xc3,0x28,0xc2,
0x28,0xc3,0x28,0xc2,0x28,0xc2,0x28,0xa2,0x28,0xc2,0x28,0xa2,0x28,0xc2,0x28,0xa2,
0x28,0xc2,0x28,0xa2,0x28,0xc2,0x28,0xc2,0x28,0xc2,0x28,0xa2,0x20,0xc2,0x28,0xa2,
0x20,0xc2,0x28,0xc2,0x20,0xc2,0x28,0xa2,0x20,0xc2,0x28,0xa2,0x20,0xc2,0x28,0xa2,
0x20,0xc2,0x28,0xa2,0x20,0xc2,0x28,0xa2,0x20,0xa2,0x28,0x82,0x20,0xa2,0x28,0x82,
0x20,0xa2,0x20,0x81,0x20,0xa2,0x20,0x81,0x18,0x82,0x20,0x81,0x18,0x82,0x20,0x61,
0x18,0x82,0x20,0x61,0x18,0x82,0x20,0x61,0x18,0x82,0x20,0x61,0x20,0xa2,0x20,0x61,
0x20,0x82,0x20,0x81,0x18,0x81,0x20,0x61,0x20,0xa2,0x20,0x82,0x18,0x82,0x20,0x61,
0x18,0x61,0x20,0x61,0x18,0x61,0x20,0x61,0x18,0x61,0x20,0x61,0x18,0x61,0x20,0x61,
0x20,0x61,0x20,0x81,0x20,0x81,0x20,0x81,0x20,0x61,0x20,0x81,0x20,0x81,0x20,0x81,
0x20,0x81,0x20,0x81,0x20,0x81,0x20,0xa2,0x20,0x61,0x20,0x81,0x28,0x81,0x20,0x81,
0x28,0x81,0x20,0x81,0x28,0x81,0x20,0x82,0x28,0x81,0x20,0xa2,0x28,0x81,0x20,0xa2,
0x28,0x81,0x20,0xa2,0x28,0xa1,0x20,0xa2,0x28,0xa1,0x20,0xc2,0x28,0xa1,0x28,0xc2,
0x28,0xa2,0x28,0xa2,0x28,0xa1,0x28,0xc2,0x28,0xa1,0x28,0xc2,0x28,0xa1,0x28,0xc2,
0x28,0xa2,0x28,0xc2,0x28,0xa2,0x28,0xc2,0x28,0xa1,0x28,0xc2,0x28,0xa1,0x28,0xc2,
0x30,0xc1,0x28,0xe2,0x30,0xc2,0x28,0xc2,0x30,0xe2,0x28,0xc2,0x30,0xc2,0x28,0xc2,
0x30,0xc2,0x28,0xc2,0x30,0xc2,0x28,0xc2,0x30,0xc2,0x28,0xe3,0x30,0xc2,0x28,0xc2,
0x30,0xc2,0x28,0xc2,0x30,0xc2,0x28,0xc2,0x30,0xc2,0x28,0xc2,0x30,0xc2,0x28,0xc2,
0x30,0xc2,0x28,0xc2,0x28,0xc2,0x28,0xc2,0x28,0xc2,0x28,0xc2,0x28,0xc1,0x28,0xc2,
0x30,0xc2,0x28,0xe3,0x28,0xc1,0x28,0xe2,0x28,0xc2,0x28,0xc2,0x30,0xc2,0x28,0xc2,
0x28,0xa2,0x28,0xc2,0x28,0xa2,0x20,0xc2,0x28,0xa1,0x20,0xa2,0x28,0xa1,0x20,0xa2,
0x28,0x81,0x20,0xa2,0x28,0x81,0x20,0xa2,0x20,0x81,0x20,0x81,0x20,0x81,0x20,0x81,
0x20,0x81,0x20,0x81,0x20,0x81,0x20,0x81,0x20,0x81,0x20,0x81,0x20,0x81,0x20,0x81,
0x20,0x61,0x20,0x81,0x20,0x61,0x20,0x81,0x20,0x81,0x20,0x81,0x20,0x61,0x18,0x81,
0x20,0x61,0x18,0x81,0x20,0x61,0x18,0x81,0x20,0x61,0x18,0x81,0x20,0x61,0x18,0x81,
0x18,0x81,0x20,0x61,0x20,0x82,0x28,0xa2,0x20,0x82,0x20,0x61,0x18,0x81,0x20,0x61,
0x18,0x82,0x20,0x61,0x18,0x81,0x20,0x61,0x20,0x82,0x20,0x61,0x20,0x82,0x20,0x61,
0x20,0x82,0x20,0x61,0x20,0x82,0x20,0x81,0x20,0x82,0x28,0x81,0x20,0xa2,0x28,0x82,
0x20,0x82,0x28,0x82,0x20,0xa2,0x28,0x82,0x20,0xa2,0x28,0xa2,0x20,0xa2,0x28,0xa2,
0x20,0xa2,0x28,0xa2,0x20,0xa2,0x28,0xa2,0x20,0xa2,0x28,0xa2,0x28,0xc2,0x28,0xa2,
0x28,0xc3,0x28,0xa2,0x28,0xc3,0x28,0xa2,0x28,0xc2,0x28,0xa2,0x28,0xc2,0x28,0xc2,
0x28,0xc2,0x28,0xc2,0x28,0xc3,0x28,0xc2,0x28,0xc2,0x28,0xc2,0x28,0xc3,0x28,0xc2,
0x28,0xc3,0x28,0xc2,0x28,0xc3,0x28,0xc2,0x28,0xc3,0x28,0xc2,0x28,0xc3,0x28,0xc2,
0x28,0xc3,0x28,0xc2,0x28,0xc3,0x28,0xc2,0x28,0xc3,0x28,0xa2,0x28,0xc2,0x28,0xa2,
0x28,0xc2,0x28,0xa2,0x28,0xc2,0x28,0xc2,0x28,0xc2,0x28,0xa2,0x20,0xc2,0x28,0xa2,
0x28,0xe3,0x28,0xc2,0x20,0xc2,0x28,0xc2,0x28,0xc2,0x28,0xa2,0x20,0xa2,0x28,0xa2,
0x20,0xc2,0x28,0xa2,0x20,0xc2,0x28,0xa2,0x20,0xa2,0x28,0x82,0x20,0xa2,0x28,0x82,
0x20,0xa2,0x20,0x81,0x20,0x82,0x20,0x81,0x18,0x82,0x20,0x81,0x18,0x82,0x20,0x61,
0x18,0x82,0x20,0x61,0x18,0x82,0x20,0x61,0x18,0x82,0x20,0x61,0x18,0x82,0x20,0x61,
0x18,0x81,0x20,0x61,0x20,0xa2,0x20,0x81,0x18,0x82,0x20,0x81,0x18,0x82,0x20,0x61,
0x18,0x61,0x20,0x61,0x18,0x61,0x20,0x61,0x18,0x61,0x20,0x61,0x18,0x61,0x20,0x61,
0x20,0x60,0x18,0x81,0x20,0x61,0x18,0x81,0x28,0x81,0x20,0x81,0x20,0x61,0x20,0x81,
0x20,0x81,0x20,0xa2,0x20,0x81,0x20,0x81,0x20,0x61,0x20,0x81,0x28,0x81,0x20,0x81,
0x28,0x81,0x20,0x82,0x28,0x81,0x20,0x82,0x28,0x81,0x20,0xa2,0x28,0x81,0x20,0xa2,
0x28,0x81,0x20,0xa2,0x28,0xa1,0x20,0xa2,0x28,0xa1,0x20,0xc2,0x28,0xa1,0x20,0xc2,
0x28,0xa1,0x28,0xc2,0x28,0xa2,0x28,0xc2,0x28,0xa1,0x28,0xc2,0x28,0xa1,0x28,0xc2,
0x28,0xa2,0x28,0xc2,0x28,0xa2,0x28,0xc2,0x30,0xc2,0x28,0xc2,0x30,0xc2,0x28,0xc2,
0x30,0xc1,0x28,0xe2,0x30,0xc2,0x28,0xc2,0x30,0xe2,0x28,0xc2,0x30,0xc2,0x31,0x03,
0x30,0xc2,0x28,0xe2,0x30,0xc2,0x28,0xc2,0x30,0xc2,0x28,0xc2,0x30,0xc2,0x28,0xc2,
0x30,0xc2,0x28,0xc2,0x30,0xc2,0x28,0xc2,0x30,0xc2,0x28,0xc2,0x30,0xc2,0x28,0xc2,
0x30,0xc2,0x28,0xc2,0x28,0xc2,0x28,0xc2,0x28,0xc2,0x28,0xc2,0x28,0xc1,0x28,0xc2,
0x28,0xc1,0x28,0xc2,0x28,0xc1,0x28,0xc2,0x28,0xc1,0x28,0xc2,0x28,0xa1,0x28,0xc2,
0x28,0xa2,0x28,0xc2,0x28,0xa2,0x20,0xc2,0x28,0xa1,0x20,0xa2,0x28,0xa1,0x20,0xa2,
0x28,0x81,0x20,0xa2,0x20,0x81,0x20,0xa2,0x20,0x81,0x20,0x81,0x20,0x81,0x20,0x81,
0x20,0x81,0x20,0x81,0x20,0x81,0x20,0x81,0x20,0x81,0x20,0x81,0x20,0x61,0x20,0x81,
0x20,0x61,0x20,0x81,0x20,0x61,0x20,0x81,0x20,0x81,0x20,0x82,0x20,0x61,0x18,0x81,
0x20,0x61,0x18,0x81,0x20,0x61,0x18,0x81,0x20,0x61,0x18,0x81,0x20,0x61,0x18,0x81,
0x18,0x61,0x20,0x61,0x18,0x81,0x20,0x61,0x18,0x82,0x20,0x61,0x18,0x81,0x20,0x61,
0x20,0xa2,0x28,0x82,0x18,0x82,0x20,0x61,0x18,0x61,0x20,0x61,0x20,0x82,0x20,0x61,
0x20,0x82,0x20,0x81,0x20,0x82,0x20,0x81,0x20,0x82,0x28,0x82,0x20,0xa2,0x28,0x81,
0x20,0x82,0x28,0x82,0x20,0xa2,0x28,0x82,0x20,0xa2,0x28,0x82,0x20,0xa2,0x28,0xa2,
0x20,0xa2,0x28,0xa2,0x20,0xa2,0x28,0xa2,0x20,0xa2,0x28,0xa2,0x28,0xc2,0x28,0xa2,
0x28,0xc3,0x28,0xa2,0x28,0xc3,0x28,0xa2,0x28,0xc3,0x28,0xc2,0x28,0xc3,0x28,0xc2,
0x28,0xc2,0x28,0xc2,0x28,0xc3,0x28,0xc2,0x28,0xe3,0x30,0xc2,0x28,0xe3,0x30,0xc2,
0x28,0xe3,0x30,0xc2,0x28,0xc3,0x30,0xc2,0x28,0xc3,0x28,0xc2,0x28,0xc3,0x28,0xc2,
0x28,0xc3,0x28,0xc2,0x28,0xc3,0x28,0xc2,0x28,0xc3,0x28,0xc2,0x28,0xc3,0x28,0xc2,
0x28,0xc3,0x28,0xa2,0x28,0xc2,0x28,0xc2,0x28,0xc2,0x28,0xa2,0x20,0xc2,0x28,0xa2,
0x20,0xc2,0x28,0xa2,0x20,0xc2,0x28,0xa2,0x20,0xc2,0x28,0xc2,0x20,0xc2,0x28,0xa2,
0x20,0xc2,0x28,0xa2,0x20,0xc2,0x28,0xa2,0x20,0xa2,0x28,0x82,0x20,0xa2,0x28,0x82,
0x20,0xa2,0x20,0x81,0x20,0x82,0x20,0x81,0x18,0x82,0x20,0x81,0x18,0x82,0x20,0x61,
0x18,0x82,0x20,0x61,0x18,0x82,0x20,0x61,0x18,0x82,0x20,0x61,0x18,0x81,0x20,0x61,
0x18,0x81,0x20,0x61,0x18,0x81,0x20,0x61,0x18,0x82,0x20,0x61,0x18,0x82,0x20,0x61,
0x18,0x61,0x20,0x61,0x18,0x61,0x20,0x61,0x18,0x61,0x20,0x61,0x18,0x61,0x20,0x61,
0x20,0x60,0x18,0x81,0x20,0x61,0x20,0x81,0x20,0x61,0x20,0xa2,0x20,0x61,0x20,0x81,
0x28,0x81,0x20,0x81,0x20,0x81,0x20,0xa2,0x20,0x61,0x20,0x81,0x28,0x81,0x20,0x81,
0x28,0x81,0x20,0x82,0x28,0x81,0x20,0x82,0x28,0x81,0x28,0xc2,0x28,0xa2,0x20,0xa2,
0x28,0x81,0x20,0xa2,0x28,0xa1,0x20,0xa2,0x28,0x81,0x20,0xa2,0x28,0x81,0x28,0xa2,
0x28,0xa1,0x28,0xc2,0x28,0xa2,0x28,0xc2,0x28,0xa1,0x28,0xc2,0x28,0xa1,0x28,0xc2,
0x28,0xa2,0x28,0xc2,0x28,0xa2,0x28,0xc2,0x30,0xc2,0x28,0xc2,0x30,0xc2,0x28,0xc2,
0x30,0xc1,0x28,0xe2,0x30,0xc2,0x28,0xc2,0x30,0xc2,0x28,0xe3,0x30,0xc2,0x30,0xe3,
0x30,0xc2,0x28,0xe3,0x30,0xc2,0x28,0xe2,0x30,0xc2,0x28,0xe3,0x30,0xe2,0x28,0xe2,
0x30,0xc2,0x28,0xc2,0x30,0xc2,0x28,0xc2,0x30,0xc2,0x28,0xc2,0x30,0xc2,0x28,0xc2,
0x30,0xc2,0x28,0xc2,0x28,0xc1,0x28,0xe2,0x28,0xc2,0x28,0xc2,0x28,0xc2,0x28,0xc2,
0x28,0xc1,0x28,0xc2,0x28,0xc1,0x28,0xc2,0x28,0xa1,0x28,0xe2,0x28,0xc1,0x28,0xc2,
0x28,0xa2,0x28,0xc2,0x28,0xa2,0x20,0xc2,0x28,0xa1,0x20,0xa2,0x28,0xa1,0x20,0xa2,
0x28,0x81,0x20,0xa2,0x28,0x81,0x20,0xa2,0x20,0x81,0x20,0x81,0x20,0x81,0x20,0x81,
0x20,0x81,0x20,0x81,0x20,0x81,0x20,0x81,0x20,0x81,0x20,0x81,0x20,0x61,0x20,0x81,
0x20,0x61,0x20,0x81,0x20,0x61,0x18,0x81,0x20,0x61,0x18,0x81,0x20,0x61,0x18,0x81,
0x20,0x61,0x18,0x81,0x20,0x61,0x18,0x81,0x20,0x61,0x18,0x81,0x20,0x61,0x18,0x81,
0x18,0x61,0x20,0x61,0x18,0x81,0x20,0x61,0x18,0x82,0x20,0x81,0x18,0x82,0x20,0x61,
0x20,0x82,0x20,0x61,0x20,0x82,0x20,0x61,0x20,0x82,0x20,0x61,0x20,0x82,0x20,0x61,
0x20,0x82,0x20,0x81,0x20,0x82,0x20,0x81,0x20,0xa2,0x28,0x82,0x20,0x82,0x28,0x81,
0x20,0x82,0x28,0x82,0x20,0xa2,0x28,0x82,0x20,0xa2,0x28,0x82,0x20,0xa2,0x28,0x82,
0x20,0xa2,0x28,0x82,0x20,0xa2,0x28,0x82,0x20,0xa2,0x28,0xa2,0x28,0xc2,0x28,0xa2,
0x28,0xc3,0x28,0xa2,0x28,0xc2,0x28,0xa2,0x28,0xc3,0x28,0xc2,0x28,0xc3,0x28,0xa2,
0x28,0xc3,0x28,0xc2,0x28,0xc3,0x28,0xc2,0x28,0xe2,0x30,0xe2,0x28,0xe3,0x30,0xe2,
0x29,0x03,0x30,0xe2,0x28,0xe3,0x30,0xe2,0x28,0xe3,0x30,0xc2,0x28,0xe3,0x30,0xc2,
0x28,0xe3,0x30,0xc2,0x28,0xe3,0x30,0xc2,0x28,0xe3,0x30,0xc2,0x28,0xc3,0x30,0xc2,
0x28,0xc3,0x28,0xc2,0x28,0xc3,0x28,0xc2,0x28,0xc3,0x28,0xa2,0x28,0xc2,0x28,0xc2,
0x28,0xc2,0x28,0xa2,0x28,0xc2,0x28,0xa2,0x28,0xc2,0x28,0xa2,0x28,0xc2,0x28,0xa2,
0x20,0xc2,0x28,0xa2,0x20,0xc2,0x28,0xa2,0x20,0xa2,0x28,0x82,0x20,0xa2,0x28,0x82,
0x20,0xa2,0x20,0x81,0x20,0xa2,0x20,0x81,0x20,0x82,0x20,0x81,0x20,0x82,0x20,0x81,
0x20,0x82,0x20,0x61,0x18,0x81,0x20,0x61,0x18,0x81,0x20,0x61,0x18,0x82,0x20,0x61,
0x18,0x81,0x20,0x61,0x18,0x82,0x20,0x81,0x18,0x82,0x20,0x61,0x18,0x61,0x20,0x61,
0x18,0x61,0x20,0x61,0x18,0x61,0x20,0x61,0x18,0x61,0x20,0x61,0x18,0x61,0x20,0x61,
0x20,0x60,0x20,0x81,0x20,0x81,0x20,0x81,0x20,0x61,0x18,0x81,0x20,0x81,0x20,0x81,
0x20,0x61,0x20,0x81,0x20,0x61,0x20,0x81,0x20,0x61,0x20,0x82,0x28,0x81,0x20,0x81,
0x28,0x81,0x20,0x82,0x28,0x81,0x20,0xa2,0x28,0xa2,0x28,0xa2,0x28,0x81,0x20,0xa2,
0x28,0x81,0x20,0xa2,0x28,0x81,0x20,0xa2,0x28,0x81,0x28,0xc2,0x28,0xa2,0x28,0xa2,
0x28,0xa1,0x28,0xa2,0x28,0xa1,0x28,0xa2,0x28,0xa1,0x28,0xc2,0x28,0xa1,0x28,0xc2,
0x28,0xa2,0x28,0xc2,0x28,0xa1,0x28,0xc2,0x30,0xc1,0x28,0xc2,0x30,0xc2,0x28,0xc2,
0x30,0xc2,0x28,0xc2,0x30,0xc2,0x28,0xc2,0x30,0xe2,0x29,0x02,0x31,0x02,0x31,0x03,
0x30,0xe2,0x29,0x02,0x30,0xe2,0x31,0x02,0x30,0xc2,0x28,0xe3,0x30,0xe2,0x28,0xe2,
0x30,0xe2,0x28,0xe2,0x30,0xe2,0x28,0xe2,0x30,0xe2,0x28,0xe2,0x30,0xc2,0x28,0xe2,
0x30,0xc2,0x28,0xc2,0x30,0xc2,0x28,0xc2,0x30,0xc2,0x28,0xc2,0x30,0xc1,0x28,0xc2,
0x30,0xc2,0x28,0xc2,0x30,0xc2,0x28,0xc2,0x30,0xc2,0x28,0xc2,0x28,0xa1,0x28,0xc2,
0x28,0xa2,0x28,0xc2,0x28,0xa2,0x20,0xc2,0x28,0xa1,0x20,0xa2,0x28,0xa1,0x20,0xa2,
0x28,0x81,0x20,0xa2,0x28,0x81,0x20,0xa2,0x20,0x81,0x20,0xa2,0x20,0x81,0x20,0x81,
0x20,0x81,0x20,0x81,0x20,0x61,0x20,0x81,0x20,0x61,0x20,0x81,0x20,0x61,0x18,0x81,
0x20,0x61,0x18,0x81,0x20,0x81,0x20,0x82,0x20,0x81,0x18,0x81,0x20,0x61,0x18,0x81,
0x20,0x61,0x18,0x81,0x20,0x61,0x18,0x81,0x20,0x61,0x18,0x81,0x20,0x61,0x18,0x81,
0x18,0x81,0x20,0x61,0x18,0x82,0x20,0x61,0x18,0x81,0x20,0x61,0x18,0x82,0x20,0x61,
0x20,0x82,0x20,0x61,0x20,0x82,0x20,0x61,0x20,0x82,0x20,0x61,0x20,0x82,0x28,0x81,
0x20,0x82,0x20,0x61,0x20,0x82,0x20,0x81,0x20,0x82,0x28,0x81,0x20,0x82,0x28,0x81,
0x20,0x82,0x28,0x82,0x20,0xa2,0x28,0x82,0x20,0xa2,0x28,0x82,0x20,0xa2,0x28,0x82,
0x20,0xa2,0x28,0x82,0x20,0xa2,0x28,0x82,0x20,0xa2,0x28,0xa2,0x28,0xc2,0x28,0xa2,
0x28,0xc2,0x30,0xc2,0x28,0xc2,0x28,0xa2,0x28,0xc3,0x28,0xc2,0x28,0xc3,0x28,0xc2,
0x28,0xc3,0x28,0xc2,0x28,0xc3,0x30,0xc2,0x28,0xe3,0x30,0xc2,0x29,0x03,0x30,0xe2,
0x29,0x03,0x30,0xe2,0x28,0xe3,0x30,0xe2,0x28,0xe3,0x30,0xc2,0x28,0xe3,0x30,0xc2,
0x28,0xe3,0x30,0xc2,0x28,0xe3,0x30,0xc2,0x28,0xe3,0x30,0xc2,0x28,0xe3,0x30,0xc2,
0x28,0xc3,0x28,0xc2,0x28,0xc3,0x28,0xc2,0x28,0xc3,0x28,0xc2,0x28,0xc2,0x28,0xc2,
0x28,0xc3,0x28,0xa2,0x28,0xc2,0x28,0xa2,0x28,0xc2,0x28,0xa2,0x28,0xc2,0x28,0xa2,
0x20,0xc2,0x28,0xa2,0x20,0xc2,0x28,0xa2,0x20,0xa2,0x28,0x82,0x20,0xa2,0x28,0x82,
0x20,0xa2,0x20,0x81,0x20,0xa2,0x20,0x81,0x20,0x82,0x20,0x81,0x20,0x82,0x20,0x81,
0x20,0x82,0x20,0x61,0x18,0x81,0x20,0x61,0x18,0x81,0x20,0x61,0x18,0x82,0x20,0x61,
0x18,0x81,0x20,0x61,0x18,0x82,0x20,0x61,0x18,0x82,0x20,0x61,0x18,0x61,0x20,0x61,
0x18,0x61,0x20,0x61,0x18,0x61,0x20,0x61,0x18,0x61,0x20,0x61,0x18,0x61,0x18,0x41,
0x20,0x61,0x20,0x81,0x20,0x81,0x20,0x81,0x20,0x61,0x20,0x81,0x20,0x61,0x20,0x81,
0x20,0x61,0x20,0x81,0x20,0x61,0x20,0x81,0x20,0x61,0x20,0x81,0x20,0x61,0x20,0x82,
0x28,0x81,0x20,0x81,0x20,0x61,0x20,0x81,0x28,0x81,0x20,0xa2,0x28,0x81,0x20,0xa2,
0x28,0x81,0x20,0xa2,0x28,0x81,0x20,0xa2,0x28,0x81,0x28,0xa2,0x28,0xa1,0x28,0xa2,
0x28,0xa1,0x28,0xa2,0x28,0xa1,0x28,0xa2,0x28,0xa2,0x28,0xc2,0x28,0xa2,0x28,0xc2,
0x30,0xc2,0x28,0xc2,0x30,0xc2,0x28,0xc2,0x30,0xc2,0x28,0xc2,0x30,0xc2,0x28,0xc2,
0x30,0xc2,0x28,0xc2,0x30,0xc2,0x28,0xe2,0x30,0xc2,0x30,0xe3,0x30,0xe2,0x31,0x02,
0x30,0xe2,0x31,0x02,0x30,0xe2,0x31,0x03,0x30,0xe2,0x28,0xe3,0x30,0xe2,0x31,0x02,
0x30,0xe2,0x31,0x02,0x30,0xe2,0x28,0xe2,0x30,0xe2,0x28,0xe2,0x30,0xc2,0x28,0xe2,
0x30,0xc2,0x28,0xe2,0x30,0xc2,0x28,0xe2,0x30,0xc2,0x28,0xe2,0x30,0xc2,0x28,0xe2,
0x30,0xc2,0x28,0xc2,0x30,0xc2,0x28,0xc2,0x28,0xa1,0x28,0xc2,0x28,0xa1,0x28,0xc2,
0x28,0xa2,0x28,0xc2,0x28,0xa2,0x20,0xc2,0x28,0xa1,0x20,0xa2,0x28,0xa1,0x20,0xa2,
0x28,0x81,0x20,0xa2,0x28,0x81,0x20,0xa2,0x20,0x81,0x20,0xa2,0x20,0x81,0x20,0x81,
0x20,0x81,0x20,0x81,0x20,0x61,0x20,0x81,0x20,0x61,0x20,0x81,0x20,0x61,0x18,0x81,
0x20,0x61,0x18,0x81,0x20,0x61,0x18,0x81,0x20,0x61,0x18,0x81,0x20,0x61,0x18,0x81,
0x20,0x61,0x18,0x81,0x20,0x61,0x18,0x81,0x20,0x61,0x18,0x81,0x20,0x61,0x18,0x61,
0x18,0x81,0x20,0x61,0x18,0x61,0x20,0x61,0x18,0x81,0x20,0x61,0x18,0x81,0x20,0x61,
0x20,0x82,0x20,0x61,0x20,0x82,0x20,0x61,0x20,0x82,0x20,0x61,0x20,0x82,0x20,0x61,
0x20,0x82,0x20,0x61,0x20,0x82,0x20,0x61,0x20,0x82,0x20,0x81,0x20,0x82,0x28,0x81,
0x20,0x82,0x28,0x82,0x20,0xa2,0x28,0x82,0x20,0xa2,0x28,0x82,0x20,0xa2,0x28,0x82,
0x20,0xa2,0x28,0x82,0x20,0xa2,0x28,0x82,0x20,0xa2,0x28,0xa2,0x28,0xc3,0x28,0xa2,
0x28,0xc3,0x30,0xc2,0x28,0xe3,0x28,0xa2,0x28,0xc3,0x28,0xc2,0x28,0xc3,0x28,0xc2,
0x28,0xc3,0x28,0xc2,0x28,0xc3,0x30,0xc2,0x28,0xc3,0x30,0xc2,0x28,0xe3,0x30,0xe2,
0x28,0xe3,0x30,0xe2,0x28,0xe3,0x30,0xe2,0x28,0xe3,0x30,0xc2,0x28,0xe3,0x30,0xe2,
0x28,0xe3,0x30,0xe2,0x28,0xe3,0x30,0xc2,0x28,0xe3,0x30,0xc2,0x28,0xe3,0x30,0xc2,
0x28,0xc3,0x30,0xc2,0x28,0xc3,0x30,0xc2,0x28,0xe2,0x30,0xc2,0x28,0xe2,0x30,0xc2,
0x28,0xc3,0x28,0xc2,0x28,0xc3,0x28,0xa2,0x28,0xc2,0x28,0xa2,0x28,0xc2,0x28,0xa2,
0x20,0xc2,0x28,0xa2,0x20,0xc2,0x28,0xa2,0x20,0xa2,0x28,0x82,0x20,0xa2,0x28,0x82,
0x20,0xa2,0x20,0x81,0x20,0xa2,0x20,0x81,0x20,0x82,0x20,0x81,0x20,0x82,0x20,0x81,
0x20,0x82,0x20,0x61,0x18,0x81,0x20,0x61,0x18,0x81,0x20,0x61,0x18,0x82,0x20,0x61,
0x18,0x81,0x20,0x61,0x18,0x81,0x20,0x61,0x18,0x61,0x20,0x61,0x18,0x61,0x20,0x61,
0x18,0x61,0x20,0x61,0x18,0x61,0x20,0x61,0x18,0x61,0x20,0x61,0x18,0x61,0x18,0x41,
0x20,0x81,0x20,0x81,0x20,0x61,0x20,0x81,0x20,0x61,0x18,0x81,0x20,0x61,0x20,0x81,
0x20,0x61,0x20,0x81,0x20,0x61,0x20,0x81,0x20,0x61,0x20,0x81,0x28,0x81,0x20,0xa2,
0x20,0x61,0x20,0x81,0x28,0x81,0x20,0x82,0x28,0x81,0x20,0xa2,0x28,0x81,0x20,0xa2,
0x28,0x81,0x20,0xa2,0x28,0x81,0x20,0xa2,0x28,0x81,0x28,0xa2,0x28,0xa1,0x28,0xa2,
0x28,0xa1,0x28,0xa2,0x28,0xa1,0x28,0xa2,0x28,0xa2,0x28,0xc2,0x28,0xa2,0x28,0xc2,
0x30,0xc2,0x28,0xc2,0x30,0xc2,0x28,0xe2,0x30,0xc2,0x28,0xe2,0x30,0xc2,0x28,0xe2,
0x30,0xc2,0x28,0xe3,0x30,0xe2,0x31,0x02,0x30,0xe2,0x31,0x03,0x30,0xe2,0x31,0x03,
0x30,0xe2,0x31,0x03,0x30,0xe2,0x31,0x03,0x30,0xe2,0x30,0xe3,0x30,0xe2,0x30,0xe2,
0x30,0xe2,0x30,0xe2,0x30,0xe2,0x28,0xe2,0x30,0xe2,0x31,0x02,0x30,0xc2,0x30,0xe2,
0x30,0xc2,0x28,0xe2,0x30,0xc2,0x28,0xe2,0x30,0xc2,0x28,0xe2,0x30,0xc2,0x28,0xe2,
0x30,0xc2,0x28,0xc2,0x30,0xc2,0x28,0xc2,0x28,0xc1,0x28,0xc2,0x28,0xc1,0x28,0xc2,
0x28,0xa2,0x28,0xc2,0x28,0xa2,0x20,0xa2,0x28,0xa1,0x20,0xa2,0x28,0xa1,0x20,0xa2,
0x28,0x81,0x20,0xa2,0x28,0x81,0x20,0xa2,0x20,0x81,0x20,0xa2,0x20,0x81,0x20,0x81,
0x20,0x81,0x20,0x81,0x20,0x61,0x18,0x81,0x20,0x61,0x18,0x81,0x20,0x61,0x18,0x81,
0x20,0x61,0x18,0x81,0x20,0x60,0x18,0x81,0x20,0x61,0x18,0x81,0x20,0x61,0x18,0x81,
0x20,0x61,0x18,0x81,0x20,0x61,0x18,0x81,0x20,0x60,0x18,0x61,0x20,0x60,0x18,0x61,
0x18,0x61,0x20,0x61,0x18,0x82,0x20,0x81,0x18,0x61,0x20,0x61,0x18,0x61,0x20,0x61,
0x18,0x62,0x20,0x61,0x18,0x62,0x20,0x61,0x20,0x82,0x20,0x61,0x20,0x82,0x20,0x61,
0x20,0x82,0x20,0x61,0x20,0x82,0x20,0x81,0x20,0x82,0x20,0x81,0x20,0x82,0x28,0x81,
0x20,0x82,0x28,0x82,0x20,0xa2,0x28,0x82,0x20,0xa2,0x28,0x82,0x20,0xa2,0x28,0x82,
0x20,0xa2,0x28,0x82,0x20,0xa2,0x28,0x82,0x20,0xa2,0x28,0xa2,0x28,0xc3,0x28,0xa2,
0x28,0xc2,0x28,0xa2,0x28,0xc3,0x28,0xc2,0x28,0xe3,0x30,0xc2,0x28,0xe3,0x30,0xc2,
0x28,0xe3,0x30,0xc2,0x28,0xe3,0x30,0xe2,0x29,0x03,0x30,0xe2,0x29,0x03,0x30,0xe2,
0x29,0x03,0x30,0xe2,0x29,0x03,0x30,0xe2,0x28,0xe3,0x30,0xc2,0x30,0xe3,0x30,0xc2,
0x30,0xe3,0x30,0xc2,0x30,0xe3,0x30,0xc2,0x30,0xe3,0x30,0xc2,0x28,0xe3,0x30,0xc2,
0x28,0xe3,0x30,0xc2,0x28,0xe2,0x30,0xc2,0x28,0xe2,0x30,0xc2,0x28,0xe2,0x30,0xc2,
0x28,0xc3,0x28,0xc2,0x28,0xc3,0x28,0xc2,0x28,0xc2,0x28,0xc2,0x20,0xc2,0x28,0xa2,
0x20,0xc2,0x28,0xa2,0x20,0xc2,0x28,0x82,0x20,0xa2,0x28,0x82,0x20,0xa2,0x28,0x82,
0x20,0xa2,0x20,0x81,0x20,0xa2,0x20,0x81,0x20,0x82,0x20,0x81,0x20,0x82,0x20,0x81,
0x18,0x82,0x20,0x61,0x18,0x82,0x20,0x61,0x18,0x82,0x20,0x61,0x18,0x82,0x20,0x61,
0x18,0x81,0x20,0x61,0x18,0x61,0x20,0x61,0x18,0x61,0x18,0x41,0x18,0x61,0x20,0x61,
0x18,0x61,0x20,0x61,0x18,0x61,0x20,0x61,0x18,0x61,0x18,0x41,0x18,0x61,0x18,0x41,
0x20,0x60,0x20,0x81,0x20,0x60,0x18,0x81,0x20,0x61,0x18,0x81,0x20,0x61,0x18,0x81,
0x20,0x61,0x20,0x81,0x20,0x61,0x20,0x81,0x20,0x61,0x20,0x81,0x20,0x61,0x20,0x81,
0x20,0x61,0x20,0x81,0x28,0x81,0x20,0x82,0x28,0x81,0x20,0x82,0x28,0x81,0x20,0xa2,
0x28,0x81,0x20,0xa2,0x28,0x81,0x20,0xa2,0x28,0x81,0x28,0xa2,0x28,0xa1,0x28,0xa2,
0x28,0xa1,0x28,0xa2,0x28,0xa2,0x28,0xc2,0x28,0xa2,0x28,0xc2,0x28,0xa2,0x28,0xc2,
0x30,0xc2,0x28,0xe2,0x30,0xc2,0x28,0xc2,0x30,0xe2,0x28,0xe2,0x30,0xe2,0x28,0xe2,
0x30,0xc2,0x28,0xe3,0x30,0xe2,0x31,0x03,0x30,0xe2,0x31,0x03,0x30,0xe2,0x31,0x03,
0x30,0xe2,0x31,0x03,0x30,0xe2,0x31,0x03,0x30,0xe2,0x31,0x02,0x30,0xe2,0x30,0xe2,
0x30,0xe2,0x30,0xe2,0x30,0xe2,0x30,0xe2,0x30,0xe2,0x30,0xe2,0x30,0xc2,0x30,0xe2,
0x30,0xe2,0x28,0xe2,0x30,0xc2,0x28,0xe2,0x30,0xc2,0x28,0xe2,0x30,0xc2,0x28,0xe2,
0x30,0xc2,0x28,0xc2,0x30,0xc2,0x28,0xc2,0x30,0xc2,0x28,0xc2,0x28,0xc1,0x28,0xc2,
0x28,0xa2,0x28,0xc2,0x28,0xa2,0x20,0xa2,0x28,0xa1,0x20,0xa2,0x28,0xa1,0x20,0xa2,
0x28,0x81,0x20,0xa2,0x28,0x81,0x20,0xa2,0x20,0x81,0x20,0xa2,0x20,0x81,0x20,0x81,
0x20,0x81,0x20,0x81,0x20,0x61,0x18,0x81,0x20,0x61,0x18,0x81,0x20,0x61,0x18,0x81,
0x20,0x61,0x18,0x81,0x20,0x60,0x18,0x81,0x20,0x61,0x18,0x81,0x20,0x61,0x18,0x81,
0x20,0x61,0x18,0x81,0x20,0x61,0x18,0x81,0x20,0x60,0x18,0x61,0x20,0x60,0x18,0x61,
0x18,0x61,0x20,0x61,0x18,0x61,0x20,0x61,0x18,0x61,0x20,0x61,0x18,0x61,0x20,0x61,
0x18,0x61,0x20,0x61,0x18,0x62,0x20,0x61,0x18,0x62,0x20,0x61,0x20,0x82,0x20,0x61,
0x20,0x82,0x20,0x61,0x20,0x82,0x20,0x81,0x20,0x82,0x20,0x81,0x20,0x82,0x28,0x81,
0x20,0x82,0x28,0x82,0x20,0xa2,0x28,0x82,0x20,0xa2,0x28,0x82,0x20,0xa2,0x28,0x82,
0x20,0xa2,0x28,0x82,0x20,0xa2,0x28,0xa2,0x28,0xc3,0x28,0xa2,0x28,0xc3,0x28,0xa2,
0x28,0xe3,0x30,0xc2,0x28,0xc2,0x30,0xc2,0x28,0xe3,0x30,0xc2,0x28,0xe3,0x30,0xc2,
0x28,0xe3,0x30,0xc2,0x28,0xe3,0x30,0xe2,0x29,0x03,0x30,0xe2,0x29,0x03,0x30,0xe2,
0x29,0x03,0x30,0xe2,0x29,0x03,0x30,0xe2,0x30,0xe3,0x39,0x03,0x30,0xe3,0x30,0xc2,
0x30,0xe3,0x30,0xc2,0x30,0xe3,0x30,0xc2,0x30,0xe3,0x30,0xc2,0x28,0xe3,0x30,0xc2,
0x28,0xe3,0x30,0xc2,0x28,0xe2,0x30,0xc2,0x28,0xe2,0x30,0xc2,0x28,0xe2,0x30,0xc2,
0x28,0xc3,0x28,0xc2,0x28,0xc3,0x28,0xc2,0x28,0xc3,0x28,0xc2,0x28,0xc2,0x28,0xa2,
0x20,0xc3,0x28,0xa2,0x20,0xc3,0x28,0xa2,0x20,0xa2,0x28,0x82,0x20,0xa2,0x28,0x82,
0x20,0xa2,0x20,0x81,0x20,0xa2,0x20,0x81,0x20,0x82,0x20,0x81,0x20,0x82,0x20,0x61,
0x18,0x81,0x20,0x61,0x18,0x82,0x20,0x61,0x18,0x82,0x20,0x61,0x18,0x82,0x20,0x61,
0x18,0x81,0x20,0x61,0x18,0x61,0x20,0x61,0x18,0x61,0x20,0x61,0x18,0x61,0x20,0x61,
0x18,0x61,0x20,0x61,0x18,0x61,0x20,0x61,0x18,0x61,0x18,0x41,0x18,0x61,0x18,0x41,
0x20,0x60,0x18,0x81,0x20,0x61,0x18,0x81,0x20,0x61,0x18,0x81,0x20,0x61,0x18,0x81,
0x20,0x61,0x20,0x61,0x20,0x61,0x20,0x81,0x20,0x61,0x20,0x81,0x20,0x61,0x20,0x81,
0x20,0x61,0x20,0x81,0x28,0x81,0x20,0x82,0x28,0x81,0x20,0x82,0x28,0x81,0x20,0xa2,
0x28,0x81,0x20,0xa2,0x28,0x81,0x20,0xa2,0x28,0x81,0x28,0xa2,0x28,0xa1,0x28,0xa2,
0x28,0xa1,0x28,0xa2,0x28,0xa2,0x28,0xc2,0x28,0xa2,0x28,0xc2,0x28,0xa2,0x28,0xc2,
0x28,0xa1,0x28,0xe2,0x30,0xc2,0x28,0xe2,0x30,0xe2,0x28,0xe2,0x30,0xe2,0x28,0xe2,
0x30,0xc2,0x28,0xe3,0x30,0xe2,0x31,0x03,0x30,0xe2,0x31,0x03,0x30,0xe2,0x31,0x03,
0x30,0xe2,0x31,0x03,0x30,0xe2,0x31,0x02,0x38,0xe2,0x31,0x03,0x30,0xe2,0x30,0xe2,
0x30,0xe2,0x30,0xe2,0x30,0xe2,0x30,0xe2,0x30,0xe2,0x30,0xe2,0x30,0xc2,0x30,0xe2,
0x30,0xe2,0x28,0xe2,0x30,0xc2,0x28,0xe2,0x30,0xc2,0x28,0xe2,0x30,0xc2,0x28,0xe2,
0x30,0xc2,0x28,0xc2,0x30,0xc2,0x28,0xc2,0x30,0xc2,0x28,0xe2,0x28,0xc2,0x28,0xc2,
0x28,0xc2,0x28,0xc2,0x28,0xc2,0x20,0xc2,0x28,0xa1,0x20,0xa2,0x28,0xa1,0x20,0xa2,
0x28,0x81,0x20,0xa2,0x28,0x81,0x20,0xa2,0x20,0x81,0x20,0xa2,0x20,0x81,0x20,0x81,
0x20,0x61,0x20,0x81,0x20,0x61,0x18,0x81,0x20,0x61,0x18,0x81,0x20,0x61,0x18,0x81,
0x20,0x60,0x18,0x81,0x20,0x60,0x18,0x81,0x20,0x61,0x18,0x81,0x20,0x61,0x20,0x81,
0x20,0x60,0x18,0x61,0x20,0x61,0x18,0x81,0x20,0x60,0x18,0x61,0x20,0x60,0x18,0x61,
0x18,0x61,0x20,0x61,0x18,0x61,0x20,0x61,0x18,0x61,0x20,0x61,0x18,0x61,0x20,0x61,
0x18,0x61,0x20,0x41,0x18,0x62,0x20,0x61,0x18,0x62,0x20,0x61,0x20,0x82,0x20,0x61,
0x20,0x82,0x20,0x61,0x20,0x82,0x20,0x81,0x20,0x82,0x20,0x81,0x20,0x82,0x28,0x81,
0x20,0x82,0x28,0x82,0x20,0xa2,0x28,0x82,0x20,0xa2,0x28,0x82,0x20,0xa2,0x28,0x82,
0x20,0xa2,0x28,0x82,0x20,0xa2,0x28,0xa2,0x28,0xc3,0x28,0xa2,0x28,0xc3,0x28,0xa2,
0x28,0xc2,0x30,0xc2,0x28,0xe2,0x30,0xc2,0x28,0xe3,0x30,0xc2,0x28,0xe3,0x30,0xc2,
0x28,0xe3,0x30,0xe2,0x28,0xe3,0x30,0xe2,0x29,0x03,0x30,0xe2,0x29,0x03,0x30,0xe2,
0x29,0x03,0x30,0xe2,0x29,0x03,0x30,0xe2,0x30,0xe3,0x39,0x03,0x31,0x03,0x30,0xe2,
0x30,0xe3,0x30,0xe2,0x30,0xe3,0x30,0xc2,0x30,0xe3,0x30,0xc2,0x28,0xe3,0x30,0xc2,
0x28,0xe3,0x30,0xc2,0x28,0xe2,0x30,0xc2,0x28,0xe2,0x30,0xc2,0x28,0xe2,0x30,0xc2,
0x28,0xc3,0x30,0xc2,0x28,0xe3,0x28,0xc2,0x28,0xc3,0x28,0xc2,0x28,0xc2,0x28,0xa2,
0x20,0xc3,0x28,0xa2,0x20,0xc3,0x28,0xa2,0x20,0xa2,0x28,0x82,0x20,0xa2,0x28,0x82,
0x20,0xa2,0x20,0x81,0x20,0xa2,0x20,0x81,0x20,0x82,0x20,0x81,0x20,0x82,0x20,0x61,
0x18,0x81,0x20,0x61,0x18,0x82,0x20,0x61,0x18,0x82,0x20,0x61,0x18,0x61,0x28,0xa2,
0x18,0x82,0x20,0x61,0x18,0x61,0x20,0x61,0x18,0x61,0x20,0x61,0x18,0x82,0x20,0x61,
0x18,0x82,0x20,0x61,0x18,0x61,0x20,0x61,0x18,0x61,0x18,0x41,0x18,0x61,0x18,0x41,
0x20,0x61,0x18,0x81,0x20,0x61,0x18,0x81,0x20,0x61,0x18,0x81,0x20,0x61,0x18,0x81,
0x20,0x61,0x20,0x81,0x20,0x61,0x20,0x81,0x20,0x61,0x20,0x81,0x20,0x61,0x20,0x81,
0x20,0x61,0x20,0x82,0x20,0x61,0x20,0x81,0x28,0x81,0x20,0x82,0x28,0x81,0x20,0xa2,
0x28,0x81,0x20,0xa2,0x28,0x81,0x20,0xa2,0x28,0xa1,0x28,0xa2,0x28,0xa1,0x28,0xa2,
0x28,0xa1,0x28,0xa2,0x28,0xa2,0x28,0xc2,0x28,0xa1,0x28,0xc2,0x30,0xc2,0x28,0xc2,
0x30,0xc2,0x28,0xc3,0x30,0xc2,0x30,0xe2,0x30,0xc2,0x30,0xe2,0x30,0xc2,0x30,0xe2,
0x30,0xe2,0x30,0xe2,0x30,0xc2,0x31,0x03,0x38,0xe2,0x31,0x03,0x38,0xe2,0x31,0x03,
0x38,0xe2,0x31,0x02,0x38,0xe2,0x31,0x03,0x38,0xe2,0x31,0x03,0x38,0xe2,0x31,0x03,
0x38,0xe2,0x31,0x03,0x38,0xe2,0x30,0xe3,0x38,0xe2,0x30,0xe3,0x30,0xc2,0x30,0xe3,
0x30,0xe2,0x30,0xe2,0x30,0xc2,0x30,0xe2,0x30,0xc2,0x28,0xe2,0x30,0xc2,0x28,0xe2,
0x30,0xc2,0x28,0xe2,0x30,0xc2,0x28,0xe2,0x30,0xc2,0x28,0xc2,0x30,0xc2,0x28,0xc2,
0x30,0xc2,0x28,0xc2,0x28,0xa1,0x28,0xc2,0x28,0xa1,0x20,0xa2,0x28,0xa1,0x20,0xa2,
0x28,0xa1,0x20,0xc2,0x28,0x81,0x20,0xa2,0x20,0x81,0x20,0x81,0x20,0x81,0x20,0x81,
0x20,0x61,0x20,0x81,0x20,0x81,0x20,0x81,0x20,0x81,0x20,0x81,0x20,0x61,0x18,0x81,
0x20,0x60,0x18,0x81,0x20,0x61,0x18,0x81,0x20,0x61,0x18,0x81,0x20,0x61,0x18,0x81,
0x20,0x61,0x18,0x81,0x20,0x61,0x18,0x81,0x20,0x61,0x18,0x61,0x20,0x60,0x18,0x61,
0x18,0x61,0x20,0x61,0x18,0x61,0x20,0x61,0x18,0x61,0x20,0x61,0x18,0x61,0x20,0x61,
0x18,0x61,0x20,0x61,0x18,0x62,0x20,0x61,0x18,0x62,0x20,0x61,0x18,0x62,0x20,0x61,
0x20,0x82,0x20,0x81,0x20,0x82,0x20,0x61,0x20,0x82,0x20,0x81,0x20,0x82,0x28,0x81,
0x20,0x82,0x28,0x81,0x20,0x82,0x28,0x82,0x20,0xa2,0x28,0x82,0x20,0xa2,0x28,0x82,
0x20,0xa2,0x28,0x82,0x20,0xa2,0x28,0xa2,0x28,0xc2,0x30,0xc2,0x28,0xc3,0x28,0xc2,
0x28,0xc3,0x28,0xc2,0x28,0xc2,0x30,0xc2,0x30,0xe3,0x30,0xc2,0x28,0xe3,0x30,0xc2,
0x28,0xe3,0x30,0xc2,0x30,0xe3,0x30,0xe2,0x30,0xe3,0x30,0xe2,0x30,0xe3,0x30,0xe2,
0x31,0x03,0x30,0xe2,0x30,0xe3,0x30,0xe2,0x30,0xe3,0x38,0xe2,0x30,0xe3,0x38,0xe2,
0x30,0xe3,0x38,0xe2,0x30,0xe3,0x30,0xc2,0x30,0xe3,0x30,0xc2,0x30,0xe3,0x30,0xc2,
0x30,0xe3,0x30,0xc2,0x28,0xe3,0x30,0xc2,0x28,0xe2,0x30,0xc2,0x28,0xe2,0x30,0xc2,
0x28,0xc3,0x30,0xc2,0x28,0xc3,0x30,0xc2,0x28,0xc3,0x28,0xc2,0x28,0xc2,0x28,0xa2,
0x28,0xc2,0x28,0xa2,0x28,0xc2,0x28,0xa2,0x20,0xa2,0x28,0xa2,0x20,0xa2,0x28,0x82,
0x20,0xa2,0x20,0x81,0x20,0xa2,0x20,0x81,0x20,0x82,0x20,0x81,0x18,0x82,0x20,0x61,
0x18,0x81,0x20,0x61,0x18,0x82,0x20,0x61,0x18,0x82,0x20,0x61,0x18,0x82,0x20,0x61,
0x18,0x61,0x20,0x61,0x18,0x61,0x20,0x61,0x18,0x61,0x20,0x61,0x18,0x82,0x20,0x61,
0x18,0x61,0x20,0x61,0x18,0x61,0x20,0x61,0x18,0x61,0x18,0x41,0x18,0x61,0x18,0x41,
0x20,0x61,0x18,0x81,0x20,0x61,0x18,0x81,0x20,0x61,0x18,0x81,0x20,0x61,0x18,0x81,
0x20,0x61,0x20,0x81,0x20,0x61,0x20,0x81,0x20,0x61,0x20,0x81,0x20,0x61,0x20,0x81,
0x28,0x81,0x20,0x82,0x20,0x61,0x20,0x81,0x20,0x61,0x20,0x82,0x28,0x81,0x20,0xa2,
0x28,0x81,0x20,0xa2,0x28,0x81,0x20,0xa2,0x28,0xa1,0x28,0xa2,0x28,0xa1,0x28,0xa2,
0x28,0xa1,0x28,0xa2,0x28,0xa2,0x28,0xc2,0x28,0xa1,0x28,0xc2,0x30,0xc2,0x28,0xc2,
0x30,0xc2,0x28,0xc3,0x30,0xc2,0x28,0xe2,0x30,0xc2,0x30,0xc2,0x30,0xc2,0x30,0xe3,
0x30,0xc2,0x30,0xe2,0x38,0xe2,0x31,0x03,0x38,0xe2,0x30,0xe2,0x38,0xe2,0x31,0x03,
0x39,0x02,0x31,0x02,0x41,0x23,0x31,0x03,0x39,0x02,0x31,0x03,0x38,0xe2,0x31,0x02,
0x38,0xe2,0x31,0x03,0x38,0xe2,0x30,0xe3,0x38,0xe2,0x30,0xe3,0x38,0xe2,0x30,0xe2,
0x30,0xe2,0x30,0xe2,0x30,0xe2,0x30,0xe2,0x30,0xe2,0x28,0xe2,0x30,0xc2,0x28,0xe2,
0x30,0xc2,0x28,0xe2,0x30,0xc2,0x28,0xe2,0x30,0xc2,0x28,0xc2,0x30,0xc2,0x28,0xc2,
0x30,0xc2,0x28,0xc2,0x28,0xa1,0x28,0xc2,0x28,0xa1,0x20,0xc2,0x28,0xa1,0x20,0xa2,
0x28,0x81,0x20,0xa2,0x28,0x81,0x20,0xa2,0x20,0x81,0x20,0x81,0x20,0x81,0x20,0x81,
0x20,0x61,0x20,0x81,0x20,0x61,0x18,0x81,0x20,0x61,0x18,0x81,0x20,0x61,0x18,0x81,
0x20,0x60,0x18,0x81,0x20,0x61,0x18,0x81,0x20,0x61,0x18,0x81,0x20,0x61,0x18,0x81,
0x20,0x61,0x18,0x81,0x20,0x61,0x18,0x81,0x20,0x61,0x18,0x81,0x20,0x60,0x18,0x61,
0x18,0x61,0x20,0x61,0x18,0x61,0x20,0x61,0x18,0x61,0x20,0x61,0x18,0x61,0x20,0x61,
0x18,0x61,0x20,0x61,0x18,0x62,0x20,0x61,0x18,0x61,0x20,0x41,0x18,0x62,0x20,0x61,
0x20,0x82,0x28,0x82,0x20,0xa2,0x20,0x61,0x20,0x82,0x20,0x81,0x20,0x82,0x28,0x81,
0x20,0x82,0x28,0x81,0x20,0x82,0x28,0x82,0x20,0xa2,0x28,0x82,0x20,0xa2,0x28,0xa2,
0x20,0xa2,0x28,0x82,0x20,0xa2,0x28,0xa2,0x28,0xc2,0x28,0xa2,0x28,0xc3,0x28,0xc2,
0x28,0xc3,0x28,0xc2,0x28,0xc3,0x30,0xc2,0x28,0xc3,0x30,0xc2,0x28,0xc3,0x30,0xc2,
0x30,0xe3,0x30,0xe2,0x31,0x03,0x30,0xe2,0x30,0xe3,0x30,0xe2,0x31,0x03,0x38,0xe2,
0x31,0x03,0x38,0xe2,0x39,0x24,0x39,0x02,0x31,0x03,0x31,0x02,0x31,0x03,0x38,0xe2,
0x31,0x03,0x30,0xe2,0x30,0xe3,0x38,0xe2,0x31,0x03,0x38,0xe2,0x30,0xe3,0x30,0xc2,
0x30,0xe3,0x30,0xc2,0x30,0xe3,0x30,0xc2,0x28,0xe3,0x30,0xc2,0x28,0xe2,0x30,0xc2,
0x28,0xc3,0x30,0xc2,0x28,0xe3,0x30,0xc2,0x28,0xe3,0x30,0xc2,0x28,0xc3,0x28,0xa2,
0x28,0xc2,0x28,0xa2,0x28,0xc2,0x28,0xa2,0x20,0xa2,0x28,0xa2,0x20,0xa2,0x28,0x82,
0x20,0xa2,0x20,0x81,0x20,0xa2,0x20,0x81,0x20,0x82,0x20,0x81,0x18,0x82,0x20,0x61,
0x18,0x81,0x20,0x61,0x18,0x82,0x20,0x61,0x18,0x82,0x20,0x61,0x18,0x81,0x20,0x61,
0x18,0x81,0x20,0x61,0x18,0x81,0x20,0x61,0x18,0x61,0x20,0x61,0x18,0x61,0x20,0x61,
0x18,0x61,0x20,0x61,0x18,0x61,0x20,0x61,0x18,0x61,0x20,0x61,0x18,0x61,0x18,0x41,
0x20,0x61,0x18,0x81,0x20,0x61,0x18,0x81,0x20,0x61,0x18,0x81,0x20,0x61,0x18,0x81,
0x20,0x61,0x20,0x81,0x20,0x61,0x20,0x81,0x20,0x61,0x20,0x82,0x20,0x61,0x20,0x81,
0x20,0x61,0x28,0xa2,0x28,0x81,0x20,0x82,0x28,0x81,0x20,0x82,0x28,0x81,0x20,0xa2,
0x28,0x81,0x20,0xa2,0x28,0x81,0x20,0xa2,0x28,0xa1,0x28,0xa2,0x28,0xa1,0x28,0xc2,
0x28,0xa2,0x28,0xa2,0x28,0xa2,0x28,0xc2,0x28,0xa1,0x28,0xc2,0x30,0xc2,0x28,0xc2,
0x30,0xc2,0x28,0xe3,0x30,0xc2,0x30,0xc3,0x30,0xc2,0x30,0xc3,0x30,0xc2,0x30,0xe3,
0x30,0xe2,0x31,0x03,0x39,0x02,0x31,0x03,0x30,0xe2,0x31,0x03,0x39,0x02,0x31,0x03,
0x39,0x02,0x31,0x03,0x39,0x02,0x31,0x02,0x39,0x02,0x31,0x03,0x39,0x02,0x39,0x03,
0x38,0xe2,0x31,0x03,0x38,0xe2,0x31,0x03,0x39,0x02,0x31,0x03,0x38,0xe2,0x30,0xe3,
0x38,0xe2,0x30,0xe2,0x30,0xe2,0x30,0xe2,0x30,0xe2,0x28,0xe2,0x30,0xc2,0x28,0xe2,
0x30,0xc2,0x28,0xe3,0x30,0xe2,0x28,0xe3,0x30,0xc2,0x28,0xe3,0x30,0xc2,0x28,0xc2,
0x30,0xc2,0x28,0xc2,0x28,0xa1,0x28,0xc2,0x28,0xa1,0x20,0xc2,0x28,0xa1,0x20,0xa2,
0x28,0xa1,0x20,0xa2,0x28,0x81,0x20,0xa2,0x20,0x81,0x20,0x81,0x20,0x81,0x20,0x81,
0x20,0x61,0x20,0x81,0x20,0x61,0x18,0x81,0x20,0x61,0x18,0x81,0x20,0x61,0x18,0x81,
0x20,0x61,0x20,0x81,0x20,0x61,0x18,0x81,0x20,0x61,0x18,0x81,0x20,0x61,0x18,0x81,
0x20,0x61,0x18,0x81,0x20,0x61,0x18,0x81,0x20,0x61,0x18,0x81,0x20,0x60,0x18,0x61,
0x18,0x61,0x18,0x41,0x18,0x61,0x20,0x41,0x18,0x61,0x20,0x41,0x18,0x61,0x20,0x61,
0x18,0x61,0x20,0x61,0x18,0x61,0x20,0x61,0x18,0x62,0x20,0x61,0x20,0x82,0x20,0x61,
0x20,0x82,0x20,0x61,0x20,0xa2,0x20,0x61,0x20,0x82,0x20,0x81,0x20,0x82,0x28,0x81,
0x20,0x82,0x28,0x81,0x20,0x82,0x28,0x82,0x20,0xa2,0x28,0x82,0x20,0xa2,0x28,0x82,
0x20,0xa2,0x28,0xa2,0x28,0xc3,0x28,0xa2,0x28,0xc2,0x28,0xa2,0x28,0xc2,0x28,0xc2,
0x28,0xc3,0x30,0xa2,0x28,0xc3,0x30,0xc2,0x28,0xc3,0x30,0xc2,0x30,0xc3,0x30,0xc2,
0x30,0xe2,0x30,0xe2,0x31,0x03,0x30,0xe2,0x30,0xe3,0x30,0xe2,0x31,0x03,0x38,0xe2,
0x31,0x03,0x39,0x02,0x31,0x03,0x39,0x02,0x31,0x03,0x39,0x02,0x31,0x03,0x38,0xe2,
0x31,0x03,0x38,0xe2,0x31,0x03,0x39,0x03,0x39,0x44,0x39,0x03,0x30,0xe3,0x38,0xe2,
0x30,0xe3,0x30,0xc2,0x30,0xe3,0x38,0xe3,0x30,0xe3,0x30,0xc2,0x28,0xe3,0x30,0xc2,
0x28,0xc2,0x30,0xc2,0x28,0xe3,0x30,0xe2,0x28,0xe3,0x30,0xc2,0x28,0xc3,0x28,0xa2,
0x28,0xc2,0x28,0xa2,0x28,0xc2,0x28,0xa2,0x20,0xc2,0x28,0xa2,0x20,0xa2,0x28,0x82,
0x20,0xa2,0x20,0x81,0x20,0xa2,0x20,0x81,0x20,0x82,0x20,0x81,0x18,0x82,0x20,0x61,
0x18,0x81,0x20,0x61,0x18,0x61,0x20,0x61,0x18,0x61,0x20,0x61,0x18,0x61,0x20,0x61,
0x18,0x61,0x20,0x61,0x18,0x82,0x20,0x61,0x18,0x61,0x20,0x61,0x18,0x61,0x20,0x61,
0x18,0x61,0x20,0x61,0x18,0x61,0x20,0x61,0x18,0x81,0x18,0x61,0x18,0x61,0x18,0x61,
0x20,0x60,0x18,0x61,0x20,0x60,0x18,0x61,0x20,0x60,0x18,0x61,0x20,0x60,0x18,0x81,
0x20,0x61,0x18,0x81,0x20,0x61,0x18,0x81,0x20,0x61,0x20,0x61,0x20,0x61,0x20,0x81,
0x20,0x61,0x20,0x81,0x20,0x61,0x20,0x81,0x20,0x61,0x20,0x82,0x28,0x81,0x20,0xa2,
0x28,0x81,0x20,0xa2,0x28,0x81,0x20,0xa2,0x28,0xa1,0x28,0xa2,0x28,0xa2,0x28,0xc2,
0x28,0xa2,0x28,0xc2,0x30,0xa2,0x28,0xc2,0x30,0xa2,0x28,0xc2,0x30,0xc2,0x28,0xc3,
0x30,0xc2,0x28,0xc3,0x30,0xc2,0x30,0xc2,0x30,0xc2,0x30,0xe2,0x38,0xc2,0x39,0x44,
0x39,0x02,0x31,0x02,0x38,0xe2,0x31,0x03,0x38,0xe2,0x31,0x03,0x38,0xe2,0x31,0x03,
0x39,0x02,0x31,0x03,0x39,0x02,0x31,0x03,0x39,0x02,0x39,0x03,0x39,0x02,0x39,0x03,
0x39,0x02,0x31,0x03,0x39,0x02,0x39,0x03,0x39,0x02,0x31,0x03,0x39,0x02,0x31,0x02,
0x38,0xe2,0x31,0x02,0x38,0xe2,0x39,0x03,0x38,0xe2,0x30,0xe2,0x30,0xe2,0x30,0xe2,
0x30,0xe2,0x31,0x03,0x30,0xc2,0x30,0xe2,0x30,0xc2,0x28,0xe2,0x30,0xc2,0x28,0xc2,
0x30,0xc2,0x28,0xc2,0x28,0xa1,0x28,0xc2,0x28,0xa2,0x20,0xc2,0x28,0xa1,0x20,0xa2,
0x28,0xa1,0x20,0xa2,0x28,0x81,0x20,0xa2,0x20,0x81,0x20,0x81,0x20,0x81,0x20,0x81,
0x20,0x61,0x20,0x81,0x20,0x61,0x18,0x81,0x20,0x61,0x18,0x81,0x20,0x61,0x18,0x81,
0x20,0x61,0x18,0x81,0x20,0x61,0x18,0x81,0x20,0x61,0x18,0x81,0x20,0x61,0x18,0x81,
0x20,0x61,0x18,0x81,0x20,0x61,0x18,0x81,0x20,0x61,0x18,0x81,0x18,0x60,0x18,0x81,
0x18,0x61,0x18,0x41,0x18,0x61,0x18,0x41,0x18,0x61,0x20,0x41,0x18,0x61,0x20,0x61,
0x18,0x61,0x20,0x61,0x18,0x61,0x20,0x61,0x18,0x61,0x20,0x41,0x18,0x62,0x20,0x61,
0x20,0x82,0x20,0x61,0x20,0x82,0x20,0x61,0x20,0x82,0x20,0x81,0x20,0x82,0x28,0x81,
0x20,0x82,0x28,0x81,0x20,0x82,0x28,0x82,0x20,0xa2,0x28,0x82,0x20,0xa2,0x28,0xa2,
0x28,0xa2,0x28,0x82,0x28,0xa3,0x28,0xa2,0x28,0xc3,0x30,0xa2,0x28,0xc3,0x30,0xa2,
0x28,0xc3,0x30,0xa2,0x28,0xc3,0x30,0xc2,0x30,0xc3,0x30,0xc2,0x30,0xe3,0x30,0xc2,
0x30,0xe2,0x30,0xe2,0x30,0xe3,0x30,0xe2,0x31,0x03,0x39,0x03,0x39,0x23,0x39,0x03,
0x31,0x03,0x39,0x02,0x31,0x03,0x39,0x03,0x31,0x03,0x39,0x02,0x39,0x03,0x39,0x02,
0x31,0x03,0x39,0x02,0x31,0x03,0x38,0xe2,0x31,0x03,0x30,0xe2,0x31,0x03,0x38,0xe2,
0x30,0xe3,0x38,0xe2,0x30,0xe3,0x30,0xc2,0x30,0xe3,0x30,0xc2,0x28,0xe3,0x30,0xc2,
0x28,0xc2,0x30,0xc2,0x28,0xc2,0x30,0xc2,0x28,0xc3,0x28,0xa2,0x30,0xe3,0x30,0xc2,
0x28,0xc2,0x28,0xa2,0x28,0xc2,0x28,0xa2,0x20,0xc2,0x28,0xa2,0x20,0xa2,0x28,0x82,
0x20,0xa2,0x20,0x81,0x20,0xa2,0x20,0x81,0x20,0x82,0x20,0x81,0x20,0x82,0x20,0x61,
0x18,0x81,0x20,0x61,0x18,0x82,0x20,0x61,0x18,0x61,0x20,0x61,0x18,0x61,0x20,0x61,
0x18,0x61,0x20,0x61,0x18,0x61,0x20,0x61,0x18,0x61,0x20,0x61,0x18,0x61,0x20,0x61,
0x18,0x61,0x20,0x61,0x18,0x61,0x20,0x61,0x18,0x81,0x18,0x61,0x18,0x61,0x18,0x61,
0x20,0x60,0x18,0x61,0x20,0x60,0x18,0x61,0x20,0x60,0x18,0x61,0x20,0x60,0x18,0x81,
0x20,0x61,0x18,0x81,0x20,0x61,0x18,0x81,0x20,0x61,0x20,0x61,0x20,0x61,0x20,0x81,
0x20,0x61,0x20,0x81,0x20,0x61,0x20,0x81,0x20,0x61,0x20,0x82,0x28,0x81,0x20,0xa2,
0x28,0x81,0x20,0xa2,0x28,0x81,0x20,0xa2,0x28,0xa1,0x28,0xa2,0x28,0xa1,0x28,0xc2,
0x28,0x81,0x28,0xa2,0x30,0xa2,0x28,0xc2,0x30,0xa2,0x28,0xc2,0x30,0xc2,0x28,0xc3,
0x30,0xc2,0x30,0xc3,0x30,0xc2,0x30,0xc3,0x30,0xc2,0x30,0xe2,0x38,0xe2,0x30,0xe2,
0x38,0xe2,0x31,0x03,0x38,0xe2,0x31,0x03,0x39,0x02,0x39,0x23,0x39,0x02,0x31,0x03,
0x39,0x02,0x39,0x23,0x39,0x02,0x39,0x03,0x39,0x02,0x39,0x03,0x41,0x43,0x41,0x44,
0x39,0x02,0x39,0x23,0x39,0x02,0x31,0x03,0x39,0x02,0x39,0x23,0x39,0x02,0x31,0x03,
0x38,0xe2,0x31,0x02,0x38,0xe2,0x30,0xe3,0x38,0xe2,0x30,0xe3,0x38,0xc2,0x30,0xe2,
0x38,0xc2,0x30,0xe2,0x30,0xc2,0x30,0xc2,0x30,0xc2,0x28,0xe3,0x39,0x03,0x28,0xc2,
0x30,0xc2,0x28,0xc2,0x28,0xa1,0x28,0xc2,0x28,0xa2,0x20,0xc2,0x28,0xa1,0x20,0xa2,
0x28,0xa1,0x20,0xa2,0x28,0x81,0x20,0xa2,0x20,0x81,0x20,0x82,0x20,0x81,0x20,0x81,
0x20,0x81,0x20,0x81,0x20,0x81,0x18,0x81,0x20,0x60,0x18,0x81,0x20,0x61,0x20,0x81,
0x20,0x61,0x18,0x81,0x20,0x61,0x18,0x81,0x20,0x61,0x18,0x81,0x20,0x61,0x18,0x81,
0x20,0x61,0x18,0x81,0x20,0x61,0x18,0x81,0x20,0x61,0x18,0x81,0x18,0x60,0x18,0x81,
0x18,0x61,0x18,0x41,0x18,0x61,0x18,0x41,0x18,0x61,0x20,0x41,0x18,0x61,0x20,0x61,
0x18,0x61,0x20,0x61,0x18,0x61,0x20,0x61,0x18,0x61,0x20,0x41,0x18,0x62,0x20,0x61,
0x20,0x82,0x20,0x61,0x20,0x82,0x20,0x61,0x20,0x82,0x20,0x81,0x20,0x82,0x28,0x81,
0x20,0x82,0x28,0x81,0x20,0x82,0x28,0x82,0x20,0xa2,0x28,0x82,0x20,0xa2,0x28,0x82,
0x28,0xa2,0x28,0x82,0x28,0xa3,0x28,0xa2,0x28,0xc3,0x30,0xc2,0x28,0xc3,0x30,0xa2,
0x28,0xc3,0x30,0xc2,0x28,0xc3,0x30,0xc2,0x30,0xc3,0x30,0xc2,0x30,0xe3,0x30,0xc2,
0x30,0xe3,0x38,0xe3,0x30,0xe3,0x38,0xe3,0x31,0x03,0x39,0x03,0x31,0x03,0x38,0xe2,
0x31,0x03,0x39,0x03,0x31,0x03,0x38,0xe2,0x39,0x03,0x39,0x03,0x39,0x03,0x39,0x03,
0x31,0x03,0x39,0x03,0x31,0x03,0x38,0xe2,0x31,0x03,0x39,0x02,0x31,0x03,0x30,0xe2,
0x31,0x03,0x30,0xe2,0x31,0x03,0x30,0xc2,0x30,0xe3,0x30,0xc2,0x30,0xe3,0x30,0xc2,
0x30,0xe3,0x30,0xc2,0x30,0xc3,0x30,0xc2,0x28,0xc2,0x30,0xc2,0x28,0xc3,0x28,0xc2,
0x28,0xc2,0x28,0xa2,0x28,0xc2,0x28,0xa2,0x20,0xc2,0x28,0xa2,0x20,0xa2,0x28,0x82,
0x20,0xa2,0x20,0x81,0x20,0xa2,0x20,0x81,0x18,0x82,0x20,0x81,0x20,0x82,0x20,0x61,
0x18,0x82,0x20,0x61,0x20,0x82,0x20,0x61,0x18,0x61,0x20,0x61,0x18,0x81,0x20,0x61,
0x18,0x61,0x20,0x61,0x18,0x61,0x20,0x61,0x18,0x61,0x20,0x61,0x18,0x61,0x20,0x61,
0x18,0x61,0x20,0x61,0x18,0x61,0x20,0x61,0x18,0x81,0x18,0x61,0x18,0x81,0x18,0x61,
0x20,0x60,0x18,0x61,0x20,0x60,0x18,0x61,0x20,0x60,0x18,0x61,0x20,0x60,0x18,0x81,
0x20,0x61,0x18,0x81,0x20,0x61,0x18,0x81,0x20,0x61,0x20,0x61,0x20,0x61,0x20,0x81,
0x20,0x61,0x20,0x81,0x20,0x61,0x20,0x81,0x20,0x61,0x20,0x82,0x28,0x81,0x20,0xa2,
0x28,0x81,0x20,0xa2,0x28,0x81,0x20,0xa2,0x28,0xa1,0x28,0xa2,0x28,0xa1,0x28,0xa2,
0x28,0x81,0x28,0xa2,0x30,0xa2,0x28,0xc2,0x30,0xc2,0x28,0xc2,0x30,0xc2,0x28,0xc3,
0x30,0xc2,0x30,0xc3,0x38,0xc2,0x30,0xe3,0x38,0xc2,0x30,0xe3,0x38,0xe2,0x31,0x03,
0x38,0xe2,0x31,0x03,0x38,0xe2,0x31,0x03,0x39,0x02,0x39,0x23,0x39,0x02,0x39,0x03,
0x39,0x02,0x39,0x03,0x39,0x02,0x39,0x03,0x39,0x02,0x39,0x23,0x39,0x02,0x39,0x23,
0x39,0x02,0x39,0x23,0x39,0x02,0x31,0x03,0x39,0x02,0x31,0x03,0x39,0x02,0x39,0x03,
0x38,0xe2,0x31,0x02,0x38,0xe2,0x30,0xe2,0x30,0xe2,0x30,0xe2,0x38,0xe2,0x39,0x03,
0x38,0xe2,0x30,0xe2,0x30,0xc2,0x30,0xc2,0x30,0xc2,0x30,0xe2,0x30,0xc2,0x28,0xc2,
0x30,0xc2,0x28,0xc2,0x28,0xa1,0x28,0xc2,0x28,0xa2,0x20,0xc2,0x28,0xa1,0x20,0xa2,
0x28,0xa1,0x20,0xa2,0x28,0x81,0x20,0xa2,0x20,0x81,0x20,0x82,0x20,0x81,0x20,0x81,
0x20,0x61,0x20,0x81,0x20,0x81,0x20,0x81,0x20,0x60,0x18,0x81,0x20,0x61,0x18,0x81,
0x20,0x61,0x18,0x81,0x20,0x61,0x18,0x81,0x20,0x61,0x18,0x81,0x20,0x61,0x18,0x81,
0x20,0x61,0x18,0x81,0x20,0x61,0x18,0x81,0x20,0x61,0x18,0x81,0x20,0x61,0x18,0x81,
0x18,0x61,0x18,0x41,0x18,0x61,0x18,0x41,0x18,0x61,0x20,0x41,0x18,0x61,0x20,0x61,
0x18,0x61,0x20,0x61,0x18,0x61,0x20,0x61,0x18,0x62,0x20,0x61,0x18,0x62,0x20,0x61,
0x18,0x62,0x20,0x61,0x20,0x82,0x20,0x61,0x20,0x82,0x20,0x61,0x20,0x82,0x28,0x81,
0x20,0x82,0x28,0x81,0x20,0x82,0x28,0x82,0x20,0xa2,0x28,0x82,0x28,0xa2,0x28,0x82,
0x28,0xa2,0x28,0xa2,0x28,0xc2,0x28,0xa2,0x28,0xc2,0x30,0xc2,0x28,0xc2,0x30,0xc2,
0x28,0xc3,0x30,0xc2,0x30,0xc3,0x30,0xa2,0x30,0xe3,0x30,0xc2,0x30,0xe3,0x38,0xe2,
0x30,0xe3,0x38,0xe3,0x31,0x03,0x39,0x02,0x31,0x03,0x39,0x02,0x39,0x03,0x39,0x03,
0x39,0x03,0x39,0x03,0x39,0x03,0x39,0x03,0x39,0x23,0x39,0x03,0x39,0x23,0x39,0x03,
0x31,0x23,0x39,0x03,0x31,0x03,0x38,0xe2,0x39,0x24,0x39,0x23,0x31,0x03,0x41,0x43,
0x39,0x23,0x38,0xe2,0x31,0x03,0x30,0xe2,0x30,0xe3,0x30,0xc2,0x30,0xe3,0x38,0xe3,
0x30,0xe3,0x30,0xc2,0x30,0xe3,0x30,0xc2,0x28,0xc3,0x28,0xc2,0x28,0xc3,0x28,0xa2,
0x28,0xc2,0x28,0xa2,0x28,0xc2,0x28,0xa2,0x20,0xa2,0x28,0x82,0x20,0xa2,0x20,0x82,
0x20,0xa2,0x20,0x81,0x20,0x82,0x20,0x81,0x20,0x82,0x20,0x81,0x20,0x82,0x20,0x81,
0x18,0x81,0x20,0x81,0x18,0x81,0x20,0x61,0x18,0x61,0x20,0x61,0x18,0x61,0x20,0x61,
0x18,0x61,0x20,0x61,0x18,0x61,0x20,0x61,0x18,0x61,0x20,0x61,0x18,0x61,0x20,0x61,
0x18,0x61,0x20,0x61,0x18,0x61,0x20,0x61,0x18,0x81,0x18,0x61,0x18,0x81,0x18,0x61,
0x20,0x60,0x18,0x61,0x20,0x60,0x18,0x61,0x20,0x60,0x18,0x61,0x20,0x60,0x18,0x81,
0x20,0x61,0x18,0x81,0x20,0x61,0x20,0x81,0x20,0x61,0x20,0x81,0x20,0x61,0x20,0x81,
0x20,0x61,0x20,0x81,0x20,0x61,0x20,0x81,0x20,0x81,0x20,0x81,0x28,0x81,0x20,0xa2,
0x28,0x81,0x20,0xa2,0x28,0x81,0x20,0xa2,0x28,0xa1,0x28,0xa2,0x28,0x81,0x28,0xa2,
0x28,0xa1,0x28,0xc2,0x28,0xa1,0x28,0xc2,0x30,0xc1,0x28,0xc2,0x30,0xa2,0x28,0xc2,
0x30,0xc2,0x28,0xc3,0x30,0xc2,0x30,0xe3,0x38,0xc2,0x30,0xe3,0x38,0xe2,0x31,0x03,
0x38,0xe2,0x31,0x03,0x39,0x02,0x31,0x03,0x39,0x02,0x39,0x23,0x49,0x63,0x39,0x23,
0x41,0x02,0x39,0x23,0x41,0x02,0x39,0x23,0x41,0x43,0x39,0x43,0x41,0x02,0x39,0x23,
0x39,0x02,0x39,0x23,0x39,0x02,0x31,0x03,0x39,0x02,0x39,0x23,0x39,0x02,0x31,0x03,
0x39,0x02,0x31,0x03,0x39,0x02,0x31,0x03,0x38,0xe2,0x31,0x03,0x38,0xe2,0x30,0xe2,
0x38,0xe2,0x30,0xe2,0x38,0xe2,0x30,0xe2,0x30,0xc2,0x28,0xc2,0x30,0xc2,0x28,0xc2,
0x30,0xc2,0x28,0xc2,0x28,0xa1,0x28,0xc2,0x28,0xa2,0x20,0xc2,0x28,0xa1,0x20,0xa2,
0x28,0xa1,0x20,0xa2,0x20,0x81,0x20,0x81,0x20,0x81,0x20,0x81,0x20,0x81,0x20,0x81,
0x20,0x81,0x20,0xa2,0x20,0x60,0x20,0x81,0x20,0x60,0x18,0x81,0x20,0x61,0x18,0x81,
0x20,0x61,0x18,0x81,0x20,0x61,0x18,0x81,0x20,0x61,0x18,0x81,0x20,0x61,0x18,0x81,
0x20,0x61,0x18,0x81,0x20,0x61,0x18,0x81,0x20,0x61,0x18,0x81,0x20,0x61,0x18,0x81,
0x18,0x61,0x18,0x41,0x18,0x61,0x18,0x41,0x18,0x61,0x20,0x41,0x18,0x61,0x20,0x61,
0x18,0x61,0x20,0x61,0x18,0x61,0x20,0x61,0x18,0x62,0x20,0x61,0x18,0x62,0x20,0x61,
0x18,0x62,0x20,0x61,0x20,0x82,0x20,0x61,0x20,0x82,0x20,0x61,0x20,0x82,0x20,0x81,
0x20,0x82,0x28,0x81,0x20,0x82,0x28,0x82,0x20,0xa2,0x28,0x82,0x28,0xa2,0x28,0x82,
0x20,0xa2,0x28,0xa2,0x28,0xc2,0x28,0xa2,0x28,0xc2,0x30,0xa2,0x28,0xc2,0x30,0xa2,
0x28,0xc3,0x30,0xc2,0x30,0xc3,0x30,0xc2,0x30,0xe3,0x30,0xc2,0x30,0xe3,0x38,0xe2,
0x31,0x03,0x38,0xe2,0x31,0x03,0x39,0x02,0x31,0x03,0x39,0x02,0x39,0x03,0x39,0x03,
0x39,0x03,0x39,0x03,0x39,0x03,0x39,0x02,0x39,0x43,0x41,0x23,0x39,0x24,0x39,0x03,
0x39,0x03,0x41,0x23,0x31,0x03,0x38,0xe2,0x31,0x03,0x38,0xe2,0x31,0x03,0x38,0xe2,
0x31,0x03,0x39,0x03,0x31,0x03,0x38,0xe2,0x31,0x03,0x38,0xe3,0x31,0x03,0x38,0xe2,
0x30,0xe3,0x30,0xc2,0x30,0xe3,0x30,0xc2,0x28,0xc3,0x28,0xc2,0x28,0xc3,0x28,0xc2,
0x28,0xe3,0x28,0xa2,0x28,0xc2,0x28,0xa2,0x20,0xc2,0x28,0xa2,0x20,0xa2,0x28,0x82,
0x20,0xa2,0x20,0x81,0x20,0x82,0x20,0x81,0x20,0x82,0x20,0x81,0x20,0x82,0x20,0x81,
0x20,0x82,0x20,0x81,0x20,0xa2,0x20,0x61,0x18,0x82,0x20,0x61,0x18,0x61,0x20,0x61,
0x18,0x61,0x20,0x61,0x18,0x61,0x20,0x61,0x18,0x61,0x20,0x61,0x18,0x61,0x20,0x61,
0x18,0x61,0x20,0x61,0x18,0x61,0x20,0x61,0x18,0x81,0x18,0x61,0x18,0x61,0x18,0x61,
0x20,0x60,0x18,0x61,0x20,0x60,0x18,0x61,0x20,0x60,0x18,0x61,0x20,0x60,0x18,0x81,
0x20,0x61,0x18,0x81,0x20,0x61,0x20,0x81,0x20,0x61,0x20,0x81,0x20,0x61,0x20,0x81,
0x20,0x61,0x20,0x81,0x20,0x61,0x20,0x81,0x20,0x61,0x20,0x81,0x20,0x61,0x20,0x82,
0x28,0x81,0x20,0xa2,0x28,0x81,0x20,0xa2,0x28,0xa1,0x28,0xa2,0x30,0xa2,0x28,0xa2,
0x28,0xa1,0x28,0xc2,0x28,0xa1,0x28,0xc2,0x30,0xc1,0x28,0xc2,0x30,0xa2,0x28,0xc2,
0x30,0xc2,0x30,0xc2,0x30,0xc2,0x30,0xc3,0x38,0xc2,0x30,0xe3,0x38,0xe2,0x31,0x03,
0x39,0x02,0x31,0x03,0x39,0x02,0x39,0x23,0x39,0x02,0x39,0x03,0x39,0x02,0x39,0x23,
0x41,0x02,0x39,0x23,0x41,0x02,0x39,0x43,0x49,0x43,0x39,0x23,0x41,0x02,0x39,0x23,
0x39,0x02,0x39,0x03,0x39,0x02,0x39,0x03,0x39,0x02,0x39,0x03,0x39,0x02,0x39,0x03,
0x39,0x02,0x39,0x23,0x39,0x02,0x31,0x03,0x38,0xe2,0x31,0x03,0x38,0xe2,0x31,0x03,
0x38,0xe2,0x30,0xe2,0x30,0xe2,0x30,0xe2,0x30,0xc2,0x28,0xc2,0x30,0xc2,0x28,0xe2,
0x30,0xc2,0x28,0xc2,0x30,0xa1,0x28,0xa2,0x28,0xa2,0x28,0xa2,0x28,0xa1,0x20,0xa2,
0x28,0xa1,0x20,0xa2,0x20,0x81,0x20,0x81,0x20,0x81,0x20,0x81,0x20,0x81,0x20,0x81,
0x20,0x81,0x20,0x81,0x20,0x81,0x18,0x81,0x20,0x61,0x18,0x81,0x20,0x61,0x18,0x81,
0x20,0x61,0x18,0x81,0x20,0x61,0x18,0x81,0x20,0x61,0x18,0x81,0x20,0x61,0x18,0x81,
0x20,0x61,0x18,0x81,0x20,0x61,0x18,0x81,0x18,0x81,0x18,0x81,0x18,0x60,0x18,0x81,
0x18,0x61,0x18,0x41,0x18,0x61,0x18,0x41,0x18,0x61,0x18,0x41,0x18,0x61,0x20,0x61,
0x18,0x82,0x20,0x82,0x18,0x61,0x20,0x61,0x18,0x62,0x20,0x61,0x18,0x62,0x20,0x61,
0x18,0x62,0x20,0x61,0x20,0x82,0x20,0x61,0x20,0x82,0x20,0x61,0x20,0x82,0x20,0x61,
0x20,0x82,0x28,0x81,0x20,0x82,0x28,0x82,0x20,0xa2,0x28,0x82,0x28,0xa2,0x28,0x82,
0x20,0xa2,0x28,0xa2,0x28,0xc2,0x28,0xa2,0x28,0xc2,0x30,0xc2,0x28,0xc2,0x30,0xc2,
0x28,0xc3,0x30,0xc2,0x30,0xc3,0x30,0xc2,0x30,0xe3,0x30,0xc2,0x30,0xe3,0x38,0xe2,
0x31,0x03,0x39,0x02,0x31,0x03,0x39,0x03,0x31,0x03,0x39,0x03,0x39,0x03,0x39,0x03,
0x39,0x03,0x39,0x03,0x39,0x23,0x41,0x03,0x39,0x44,0x39,0x03,0x39,0x23,0x39,0x03,
0x31,0x03,0x39,0x03,0x31,0x03,0x39,0x03,0x31,0x03,0x39,0x03,0x31,0x03,0x38,0xe2,
0x31,0x03,0x39,0x02,0x31,0x03,0x38,0xe2,0x30,0xe3,0x38,0xe2,0x30,0xe3,0x38,0xe2,
0x31,0x03,0x30,0xe2,0x30,0xe3,0x30,0xc2,0x28,0xc2,0x30,0xc2,0x28,0xc3,0x28,0xa2,
0x28,0xc2,0x28,0xa2,0x28,0xc2,0x30,0xc2,0x20,0xa2,0x28,0x82,0x20,0xa2,0x28,0x82,
0x20,0xa2,0x20,0x81,0x20,0x82,0x20,0x81,0x20,0x82,0x20,0x81,0x20,0x82,0x20,0x81,
0x18,0x82,0x20,0x61,0x18,0x82,0x20,0x61,0x18,0x82,0x20,0x61,0x18,0x61,0x20,0x61,
0x18,0x61,0x20,0x61,0x18,0x61,0x20,0x61,0x18,0x61,0x20,0x61,0x18,0x61,0x20,0x61,
0x18,0x61,0x20,0x61,0x18,0x61,0x20,0x61,0x18,0x81,0x18,0x61,0x18,0x61,0x18,0x61,
0x20,0x60,0x18,0x61,0x20,0x60,0x18,0x61,0x20,0x40,0x28,0xc2,0x28,0xa1,0x20,0x81,
0x20,0x61,0x20,0x81,0x28,0x81,0x20,0x81,0x20,0x61,0x20,0x61,0x20,0x61,0x20,0x81,
0x20,0x61,0x20,0x81,0x20,0x61,0x20,0x81,0x20,0x61,0x20,0xa2,0x20,0x61,0x20,0x81,
0x28,0x81,0x20,0xa2,0x28,0x81,0x20,0xa2,0x28,0xa1,0x28,0xa2,0x28,0x81,0x28,0xa2,
0x28,0xa1,0x28,0xc2,0x28,0xa1,0x28,0xc2,0x30,0xc1,0x28,0xc2,0x30,0xc2,0x30,0xe2,
0x30,0xc2,0x30,0xe2,0x30,0xc2,0x30,0xe3,0x38,0xe2,0x31,0x02,0x38,0xe2,0x31,0x02,
0x39,0x02,0x39,0x03,0x39,0x02,0x39,0x23,0x41,0x02,0x39,0x23,0x41,0x02,0x39,0x23,
0x41,0x43,0x39,0x23,0x41,0x02,0x39,0x23,0x41,0x02,0x39,0x23,0x41,0x02,0x39,0x03,
0x39,0x02,0x39,0x23,0x39,0x02,0x39,0x03,0x39,0x02,0x39,0x03,0x39,0x02,0x39,0x03,
0x39,0x02,0x39,0x03,0x39,0x02,0x31,0x03,0x38,0xe2,0x31,0x02,0x38,0xe2,0x30,0xe2,
0x38,0xe2,0x30,0xe3,0x38,0xc2,0x30,0xe2,0x30,0xc2,0x30,0xe2,0x30,0xc2,0x28,0xc2,
0x30,0xc2,0x28,0xc2,0x30,0xc2,0x28,0xc2,0x28,0xa1,0x28,0xc2,0x28,0xa1,0x20,0xa2,
0x28,0xa1,0x20,0xa2,0x28,0x81,0x20,0x81,0x20,0x81,0x20,0x81,0x20,0x81,0x20,0x82,
0x20,0x81,0x20,0x81,0x20,0x61,0x18,0x81,0x20,0x81,0x18,0x81,0x20,0x61,0x18,0x81,
0x20,0x61,0x18,0x81,0x20,0x61,0x18,0x81,0x20,0x61,0x18,0x81,0x20,0x61,0x18,0x81,
0x18,0x60,0x18,0x81,0x18,0x60,0x18,0x81,0x18,0x60,0x18,0x81,0x18,0x60,0x18,0x81,
0x18,0x61,0x18,0x41,0x18,0x61,0x18,0x41,0x18,0x61,0x20,0x82,0x20,0x82,0x20,0x61,
0x18,0x82,0x20,0x61,0x20,0xa2,0x20,0x61,0x18,0x61,0x20,0x41,0x18,0x62,0x20,0x61,
0x18,0x62,0x20,0x61,0x20,0x82,0x20,0x61,0x20,0x82,0x28,0x82,0x20,0xa2,0x20,0x61,
0x20,0x82,0x28,0x82,0x20,0x82,0x28,0x82,0x20,0xa2,0x28,0x82,0x28,0xa2,0x28,0x82,
0x28,0xa2,0x28,0xa2,0x28,0xc2,0x30,0xa2,0x28,0xc2,0x30,0xc2,0x28,0xc2,0x30,0xc2,
0x28,0xe3,0x30,0xc2,0x30,0xe3,0x30,0xc2,0x30,0xe3,0x30,0xe2,0x31,0x03,0x38,0xe2,
0x31,0x03,0x38,0xe2,0x39,0x03,0x39,0x03,0x39,0x03,0x39,0x03,0x39,0x24,0x39,0x03,
0x39,0x23,0x41,0x03,0x39,0x23,0x39,0x03,0x39,0x23,0x39,0x03,0x39,0x03,0x39,0x03,
0x39,0x44,0x39,0x03,0x39,0x03,0x39,0x03,0x39,0x03,0x39,0x03,0x39,0x03,0x39,0x03,
0x31,0x03,0x39,0x03,0x31,0x03,0x38,0xe2,0x31,0x03,0x38,0xe2,0x31,0x03,0x38,0xe2,
0x30,0xe3,0x30,0xc2,0x30,0xe3,0x30,0xc2,0x28,0xe3,0x30,0xc2,0x28,0xc2,0x30,0xc2,
0x28,0xc2,0x28,0xa2,0x28,0xc2,0x28,0xa2,0x28,0xc2,0x28,0xa2,0x20,0xa2,0x28,0x81,
0x20,0xa2,0x20,0x81,0x20,0xa2,0x20,0x81,0x20,0x82,0x20,0x81,0x18,0x82,0x20,0x81,
0x18,0x82,0x20,0x61,0x18,0x82,0x20,0x61,0x18,0x82,0x20,0x61,0x18,0x61,0x20,0x61,
0x18,0x61,0x20,0x61,0x18,0x61,0x20,0x61,0x18,0x61,0x20,0x61,0x18,0x61,0x20,0x61,
0x18,0x61,0x18,0x61,0x18,0x61,0x18,0x61,0x18,0x61,0x18,0x61,0x18,0x61,0x18,0x61,
0x20,0x60,0x18,0x61,0x20,0x60,0x18,0x61,0x20,0x60,0x18,0x61,0x20,0x40,0x20,0x81,
0x20,0x61,0x18,0x81,0x20,0x61,0x20,0x81,0x20,0x61,0x20,0x61,0x20,0x61,0x20,0x81,
0x20,0x61,0x20,0x81,0x20,0x61,0x20,0x81,0x28,0x81,0x20,0x82,0x28,0x81,0x20,0x81,
0x28,0x81,0x20,0xa2,0x28,0x81,0x20,0xa2,0x28,0xa1,0x28,0xa2,0x28,0x81,0x28,0xa2,
0x30,0xa2,0x28,0xc2,0x30,0xa2,0x28,0xc2,0x30,0xc1,0x28,0xc2,0x38,0xe3,0x39,0x03,
0x30,0xc2,0x30,0xe2,0x38,0xc2,0x30,0xe3,0x38,0xe2,0x31,0x03,0x39,0x02,0x39,0x03,
0x39,0x02,0x39,0x03,0x39,0x02,0x39,0x03,0x39,0x02,0x39,0x23,0x41,0x23,0x39,0x23,
0x41,0x02,0x39,0x23,0x41,0x02,0x39,0x23,0x41,0x02,0x39,0x23,0x41,0x02,0x41,0x44,
0x41,0x23,0x39,0x23,0x41,0x02,0x39,0x23,0x39,0x02,0x39,0x03,0x41,0x02,0x39,0x23,
0x41,0x02,0x39,0x03,0x39,0x02,0x31,0x03,0x39,0x02,0x39,0x03,0x39,0x02,0x39,0x03,
0x41,0x23,0x30,0xe2,0x38,0xe2,0x31,0x03,0x30,0xe2,0x30,0xe2,0x30,0xc2,0x28,0xe2,
0x30,0xc2,0x28,0xc2,0x30,0xc2,0x28,0xc2,0x28,0xa1,0x28,0xc2,0x28,0xa1,0x20,0xa2,
0x28,0xa1,0x20,0xa2,0x28,0x81,0x20,0x81,0x20,0x81,0x20,0x81,0x20,0x81,0x20,0x82,
0x20,0x81,0x20,0x81,0x20,0x61,0x18,0x81,0x20,0x61,0x18,0x81,0x20,0x61,0x18,0x81,
0x20,0x61,0x18,0x81,0x20,0x61,0x18,0x81,0x20,0x61,0x18,0x81,0x20,0x61,0x18,0x81,
0x18,0x60,0x18,0x81,0x18,0x60,0x18,0x81,0x18,0x60,0x18,0x81,0x18,0x60,0x18,0x81,
0x18,0x61,0x18,0x41,0x18,0x61,0x18,0x41,0x18,0x61,0x20,0x41,0x18,0x61,0x20,0x61,
0x18,0x61,0x20,0x41,0x18,0x61,0x20,0x61,0x20,0x82,0x20,0x61,0x18,0x62,0x20,0x61,
0x20,0x82,0x20,0x61,0x20,0x82,0x20,0x61,0x20,0x82,0x20,0x61,0x20,0x82,0x20,0x61,
0x20,0x82,0x28,0x82,0x20,0xa2,0x28,0x82,0x20,0xa2,0x28,0x82,0x28,0xa2,0x28,0x82,
0x28,0xa3,0x28,0xa2,0x28,0xa2,0x30,0xa2,0x28,0xc2,0x30,0xa2,0x39,0x24,0x41,0x24,
0x28,0xc2,0x30,0xc2,0x30,0xe2,0x38,0xe2,0x31,0x03,0x38,0xe2,0x31,0x03,0x39,0x02,
0x39,0x03,0x38,0xe2,0x39,0x03,0x41,0x03,0x39,0x23,0x39,0x03,0x39,0x23,0x41,0x03,
0x39,0x23,0x41,0x03,0x41,0x64,0x41,0x23,0x39,0x44,0x41,0x03,0x39,0x23,0x41,0x23,
0x39,0x24,0x41,0x03,0x39,0x03,0x39,0x03,0x39,0x03,0x39,0x03,0x39,0x23,0x39,0x03,
0x39,0x03,0x39,0x02,0x39,0x03,0x39,0x03,0x39,0x03,0x38,0xe2,0x31,0x03,0x39,0x03,
0x31,0x03,0x38,0xe2,0x30,0xe3,0x30,0xc2,0x30,0xe3,0x30,0xc2,0x28,0xe3,0x30,0xc2,
0x28,0xc3,0x28,0xc2,0x28,0xc2,0x28,0xa2,0x28,0xc2,0x28,0xa2,0x20,0xc2,0x28,0x81,
0x20,0xa2,0x28,0xa2,0x20,0xa2,0x20,0x81,0x20,0x82,0x20,0x81,0x18,0x82,0x20,0x81,
0x18,0x82,0x20,0x61,0x18,0x82,0x20,0x61,0x18,0x82,0x20,0x61,0x18,0x61,0x20,0x61,
0x18,0x61,0x20,0x61,0x18,0x61,0x20,0x61,0x18,0x61,0x20,0x61,0x18,0x61,0x20,0x61,
0x18,0x61,0x18,0x61,0x18,0x61,0x18,0x61,0x18,0x61,0x18,0x61,0x18,0x61,0x18,0x61,
0x20,0x60,0x18,0x61,0x20,0x60,0x18,0x61,0x20,0x60,0x18,0x61,0x20,0x60,0x18,0x81,
0x20,0x61,0x18,0x81,0x20,0x61,0x20,0x81,0x20,0x61,0x20,0x81,0x20,0x61,0x20,0x81,
0x20,0x61,0x20,0x81,0x20,0x61,0x20,0x81,0x20,0x61,0x20,0x82,0x28,0x81,0x20,0x82,
0x28,0x81,0x20,0xa2,0x28,0x81,0x20,0xa2,0x28,0xa1,0x28,0xa2,0x28,0x81,0x28,0xa2,
0x30,0xa2,0x28,0xc2,0x30,0xa2,0x28,0xc2,0x30,0xc1,0x30,0xc2,0x30,0xc1,0x30,0xe2,
0x38,0xc2,0x30,0xe3,0x38,0xe2,0x31,0x03,0x38,0xe2,0x31,0x03,0x41,0x02,0x39,0x23,
0x41,0x02,0x39,0x03,0x41,0x02,0x41,0x44,0x49,0x23,0x41,0x23,0x41,0x23,0x39,0x23,
0x41,0x43,0x41,0x63,0x41,0x22,0x49,0x84,0x49,0x63,0x41,0x43,0x41,0x02,0x39,0x23,
0x41,0x23,0x41,0x23,0x41,0x03,0x41,0x23,0x41,0x23,0x41,0x64,0x41,0x02,0x39,0x23,
0x41,0x02,0x39,0x03,0x39,0x02,0x39,0x03,0x41,0x02,0x39,0x23,0x39,0x02,0x39,0x03,
0x38,0xe2,0x31,0x03,0x38,0xe2,0x31,0x03,0x30,0xe2,0x30,0xe2,0x30,0xc2,0x30,0xe2,
0x30,0xc2,0x28,0xc2,0x30,0xc2,0x28,0xc2,0x28,0xa1,0x28,0xc2,0x28,0xa1,0x20,0xc2,
0x28,0xa1,0x28,0xc2,0x28,0x81,0x20,0xa2,0x28,0x81,0x20,0x81,0x20,0x81,0x20,0x82,
0x20,0x81,0x20,0x81,0x20,0x61,0x18,0x81,0x20,0x61,0x18,0x81,0x20,0x61,0x18,0x81,
0x20,0x61,0x18,0x81,0x20,0x61,0x18,0x81,0x20,0x61,0x18,0x81,0x20,0x61,0x18,0x81,
0x18,0x60,0x18,0x81,0x18,0x60,0x18,0x81,0x18,0x60,0x18,0x81,0x18,0x60,0x18,0x81,
0x18,0x61,0x18,0x41,0x18,0x61,0x18,0x41,0x18,0x61,0x20,0x41,0x18,0x61,0x20,0x61,
0x18,0x61,0x20,0x61,0x18,0x61,0x20,0x61,0x18,0x62,0x20,0x61,0x18,0x62,0x20,0x61,
0x20,0x82,0x20,0x61,0x20,0x82,0x20,0x61,0x20,0x82,0x20,0x61,0x20,0x82,0x20,0x81,
0x20,0x82,0x28,0x82,0x20,0xa2,0x28,0x82,0x20,0xa2,0x28,0x82,0x28,0xa2,0x28,0x82,
0x28,0xa3,0x28,0xa2,0x28,0xa3,0x30,0xa2,0x28,0xc3,0x30,0xa2,0x30,0xc3,0x30,0xc2,
0x30,0xe3,0x38,0xc2,0x31,0x03,0x38,0xe2,0x31,0x03,0x38,0xe2,0x39,0x23,0x39,0x03,
0x39,0x03,0x41,0x03,0x39,0x23,0x41,0x23,0x41,0x44,0x49,0x43,0x49,0x84,0x41,0x02,
0x39,0x43,0x41,0x23,0x41,0x44,0x49,0x43,0x41,0x64,0x41,0x23,0x41,0x64,0x49,0x43,
0x39,0x23,0x41,0x23,0x41,0x23,0x51,0x84,0x41,0x64,0x49,0x43,0x39,0x23,0x39,0x03,
0x39,0x23,0x39,0x02,0x39,0x03,0x39,0x03,0x39,0x03,0x39,0x03,0x39,0x03,0x38,0xe2,
0x31,0x03,0x38,0xe2,0x31,0x03,0x38,0xe2,0x30,0xe3,0x30,0xc2,0x28,0xe3,0x30,0xc2,
0x28,0xc3,0x28,0xc2,0x28,0xc3,0x28,0xa2,0x28,0xc2,0x28,0xa2,0x20,0xc2,0x28,0xa1,
0x20,0xa2,0x28,0x82,0x20,0xa2,0x20,0x81,0x20,0x82,0x20,0x81,0x18,0x82,0x20,0x81,
0x18,0x82,0x20,0x61,0x18,0x82,0x20,0x61,0x18,0x61,0x20,0x61,0x18,0x61,0x20,0x61,
0x18,0x61,0x20,0x61,0x18,0x61,0x20,0x61,0x18,0x61,0x20,0x61,0x18,0x61,0x20,0x61,
0x18,0x61,0x18,0x61,0x18,0x61,0x18,0x61,0x18,0x61,0x18,0x61,0x18,0x61,0x18,0x61,
0x20,0x60,0x18,0x61,0x20,0x60,0x18,0x61,0x20,0x60,0x18,0x61,0x20,0x60,0x18,0x81,
0x20,0x61,0x18,0x81,0x20,0x61,0x20,0x81,0x20,0x61,0x20,0x81,0x20,0x61,0x20,0x81,
0x20,0x61,0x20,0x81,0x20,0x61,0x28,0xc2,0x28,0x81,0x20,0x82,0x28,0x81,0x20,0xa2,
0x28,0x81,0x28,0xa2,0x28,0xa1,0x28,0xc2,0x30,0xa2,0x28,0xa2,0x28,0x81,0x28,0xa2,
0x30,0xa1,0x30,0xc2,0x30,0xa2,0x30,0xc2,0x30,0xc2,0x30,0xc3,0x38,0xc2,0x30,0xe2,
0x38,0xe2,0x31,0x02,0x39,0x02,0x39,0x03,0x39,0x02,0x39,0x03,0x41,0x22,0x41,0x23,
0x41,0x03,0x41,0x23,0x41,0x02,0x41,0x23,0x41,0x03,0x41,0x44,0x51,0x63,0x41,0x43,
0x49,0x43,0x41,0x43,0x49,0x43,0x41,0x43,0x49,0x23,0x41,0x23,0x49,0x63,0x49,0x63,
0x49,0x23,0x41,0x43,0x49,0x23,0x49,0x64,0x49,0x23,0x41,0x43,0x41,0x23,0x39,0x23,
0x41,0x23,0x41,0x23,0x41,0x23,0x39,0x23,0x41,0x02,0x39,0x03,0x39,0x02,0x39,0x03,
0x39,0x02,0x39,0x03,0x39,0x02,0x39,0x03,0x38,0xe2,0x30,0xe2,0x30,0xe2,0x30,0xe2,
0x30,0xc2,0x28,0xc2,0x30,0xc1,0x28,0xc2,0x30,0xc2,0x28,0xc2,0x28,0xa1,0x28,0xc2,
0x28,0xa1,0x20,0xa2,0x28,0xa1,0x20,0xa2,0x28,0x81,0x20,0xa2,0x20,0x81,0x20,0x81,
0x20,0x81,0x20,0x81,0x20,0x61,0x18,0x81,0x20,0x61,0x18,0x81,0x20,0x61,0x18,0x81,
0x20,0x61,0x18,0x81,0x20,0x61,0x18,0x81,0x20,0x61,0x18,0x81,0x20,0x61,0x18,0x81,
0x20,0x61,0x18,0x81,0x18,0x60,0x18,0x81,0x18,0x60,0x18,0x81,0x18,0x60,0x18,0x81,
0x18,0x61,0x18,0x41,0x18,0x61,0x18,0x41,0x18,0x61,0x20,0x41,0x18,0x61,0x20,0x61,
0x18,0x61,0x20,0x61,0x18,0x61,0x20,0x61,0x18,0x62,0x20,0x61,0x20,0x82,0x20,0x61,
0x20,0x82,0x20,0x61,0x20,0x82,0x20,0x61,0x20,0x82,0x20,0x81,0x20,0x82,0x28,0x82,
0x20,0xa2,0x28,0x82,0x20,0xa2,0x28,0xa2,0x28,0xa2,0x28,0x82,0x28,0xa2,0x28,0x82,
0x28,0xa2,0x30,0xa2,0x39,0x03,0x30,0xa2,0x30,0xc3,0x30,0xc2,0x30,0xe3,0x30,0xc2,
0x30,0xe3,0x38,0xe2,0x31,0x03,0x38,0xe2,0x31,0x03,0x38,0xe2,0x41,0x44,0x41,0x03,
0x39,0x03,0x41,0x23,0x41,0x43,0x41,0x23,0x41,0x24,0x41,0x03,0x41,0x43,0x41,0x23,
0x41,0x43,0x49,0x63,0x41,0x44,0x49,0x23,0x41,0x44,0x49,0x23,0x59,0xc5,0x6a,0x05,
0x41,0x23,0x49,0x23,0x41,0x44,0x41,0x03,0x39,0x03,0x41,0x03,0x39,0x24,0x41,0x03,
0x39,0x03,0x41,0x03,0x39,0x23,0x41,0x03,0x39,0x03,0x38,0xe2,0x39,0x03,0x39,0x03,
0x31,0x03,0x39,0x03,0x39,0x03,0x38,0xe2,0x31,0x03,0x30,0xe2,0x30,0xe2,0x30,0xc2,
0x28,0xc2,0x30,0xc2,0x28,0xc2,0x30,0xa2,0x28,0xc2,0x28,0xa2,0x28,0xc2,0x28,0xa2,
0x20,0xa2,0x28,0x82,0x20,0xa2,0x28,0x82,0x20,0x82,0x28,0x81,0x20,0x82,0x20,0x81,
0x18,0x82,0x20,0x61,0x18,0x82,0x20,0x61,0x18,0x61,0x20,0x61,0x18,0x61,0x20,0x61,
0x18,0x61,0x20,0x61,0x18,0x61,0x20,0x61,0x18,0x81,0x18,0x61,0x18,0x81,0x18,0x61,
0x18,0x81,0x18,0x61,0x18,0x61,0x18,0x61,0x18,0x61,0x18,0x61,0x18,0x61,0x18,0x61,
0x20,0x60,0x18,0x61,0x20,0x60,0x18,0x61,0x20,0x60,0x18,0x61,0x20,0x60,0x18,0x81,
0x20,0x61,0x18,0x81,0x20,0x61,0x20,0x81,0x20,0x61,0x20,0x81,0x20,0x61,0x20,0x81,
0x20,0x61,0x20,0x81,0x20,0x61,0x20,0x82,0x28,0x81,0x20,0x82,0x28,0x81,0x20,0xa2,
0x28,0x81,0x28,0xa2,0x28,0xa1,0x28,0xc2,0x28,0xa2,0x31,0x03,0x30,0xa2,0x28,0xc2,
0x30,0xa2,0x30,0xc2,0x38,0xc2,0x30,0xc2,0x30,0xc2,0x30,0xe2,0x38,0xc2,0x30,0xe3,
0x38,0xe2,0x39,0x03,0x39,0x02,0x39,0x03,0x39,0x02,0x39,0x03,0x41,0x02,0x41,0x23,
0x41,0x02,0x49,0x64,0x49,0x43,0x41,0x63,0x49,0x43,0x41,0x43,0x49,0x43,0x41,0x43,
0x49,0x22,0x49,0x63,0x49,0x43,0x41,0x43,0x49,0x43,0x41,0x43,0x51,0x63,0x49,0x84,
0x49,0x43,0x41,0x43,0x49,0x23,0x41,0x43,0x41,0x22,0x41,0x43,0x49,0x23,0x41,0x43,
0x49,0x23,0x41,0x23,0x41,0x23,0x41,0x23,0x41,0x03,0x41,0x23,0x41,0x23,0x39,0x03,
0x41,0x03,0x39,0x23,0x41,0x02,0x39,0x23,0x38,0xe2,0x31,0x02,0x38,0xe2,0x30,0xe2,
0x30,0xc2,0x30,0xe2,0x30,0xc1,0x28,0xc2,0x30,0xc2,0x28,0xe3,0x28,0xa1,0x28,0xc2,
0x28,0xa1,0x20,0xa2,0x28,0xa1,0x20,0xc2,0x28,0x81,0x20,0xa2,0x20,0x81,0x20,0x81,
0x20,0x81,0x20,0x81,0x20,0x61,0x18,0x81,0x20,0x61,0x18,0x81,0x20,0x61,0x18,0x81,
0x20,0x61,0x18,0x81,0x20,0x61,0x18,0x81,0x20,0x61,0x18,0x81,0x20,0x61,0x18,0x81,
0x20,0x61,0x18,0x81,0x18,0x60,0x18,0x81,0x18,0x60,0x18,0x81,0x18,0x60,0x18,0x81,
0x18,0x61,0x18,0x41,0x18,0x61,0x18,0x41,0x18,0x61,0x20,0x41,0x18,0x61,0x20,0x61,
0x18,0x61,0x20,0x61,0x18,0x61,0x20,0x61,0x18,0x61,0x20,0x61,0x20,0x82,0x20,0x61,
0x20,0x82,0x20,0x61,0x20,0x82,0x20,0x61,0x20,0x82,0x20,0x81,0x20,0x82,0x28,0x82,
0x20,0xa2,0x28,0x82,0x20,0xa2,0x28,0x82,0x28,0xc3,0x30,0xe3,0x28,0xa2,0x30,0xa2,
0x28,0xc2,0x30,0xa2,0x28,0xc2,0x30,0xc2,0x30,0xc2,0x30,0xc2,0x30,0xc3,0x38,0xe2,
0x31,0x03,0x38,0xe2,0x39,0x03,0x49,0x43,0x41,0x64,0x39,0x02,0x39,0x03,0x41,0x03,
0x41,0x24,0x41,0x03,0x41,0x43,0x49,0x43,0x41,0x43,0x41,0x23,0x41,0x44,0x49,0x23,
0x41,0x43,0x49,0x43,0x41,0x43,0x49,0x43,0x41,0x44,0x49,0x43,0x49,0x64,0x49,0x43,
0x49,0x64,0x49,0x23,0x41,0x43,0x41,0x23,0x41,0x23,0x49,0x43,0x41,0x23,0x41,0x23,
0x41,0x43,0x41,0x23,0x41,0x24,0x41,0x03,0x39,0x23,0x49,0x43,0x49,0x84,0x41,0x02,
0x39,0x03,0x39,0x03,0x39,0x23,0x38,0xe2,0x31,0x03,0x38,0xe2,0x30,0xe3,0x30,0xc2,
0x28,0xe3,0x30,0xc2,0x28,0xc2,0x30,0xc2,0x28,0xc3,0x28,0xc2,0x20,0xc2,0x28,0xa2,
0x20,0xa2,0x28,0x82,0x20,0xa2,0x28,0x82,0x20,0x82,0x28,0x81,0x20,0x82,0x20,0x81,
0x20,0x82,0x20,0x81,0x18,0x82,0x20,0x61,0x18,0x82,0x20,0x61,0x18,0x61,0x20,0x61,
0x18,0x61,0x20,0x61,0x18,0x61,0x20,0x61,0x18,0x81,0x18,0x61,0x18,0x81,0x18,0x61,
0x18,0x81,0x18,0x61,0x18,0xa2,0x18,0x61,0x18,0x61,0x18,0x61,0x18,0x61,0x18,0x61,
0x20,0x60,0x18,0x61,0x20,0x60,0x18,0x61,0x20,0x60,0x18,0x61,0x20,0x60,0x18,0x81,
0x20,0x61,0x18,0x81,0x20,0x61,0x18,0x81,0x20,0x61,0x20,0x81,0x20,0x61,0x20,0x81,
0x20,0x61,0x20,0x81,0x20,0x61,0x20,0x81,0x28,0x81,0x20,0x82,0x28,0x81,0x20,0xa2,
0x28,0x81,0x28,0xa2,0x28,0xa1,0x28,0xa2,0x28,0xa1,0x28,0xc2,0x30,0xc2,0x28,0xc2,
0x30,0xa2,0x30,0xc2,0x30,0xc2,0x30,0xc2,0x30,0xc2,0x39,0x03,0x38,0xe2,0x38,0xe3,
0x41,0x02,0x39,0x03,0x40,0xe1,0x59,0xe5,0x49,0x63,0x39,0x03,0x49,0x03,0x41,0x23,
0x49,0x22,0x41,0x43,0x49,0x43,0x49,0x64,0x49,0x22,0x41,0x43,0x49,0x43,0x49,0x63,
0x51,0x83,0x49,0x63,0x49,0x43,0x49,0x63,0x49,0x43,0x49,0x63,0x51,0x43,0x49,0x64,
0x51,0x63,0x49,0x64,0x49,0x63,0x49,0x64,0x51,0x63,0x51,0x84,0x49,0x22,0x41,0x43,
0x49,0x23,0x41,0x43,0x41,0x22,0x41,0x43,0x41,0x23,0x41,0x64,0x49,0x63,0x41,0x23,
0x41,0x02,0x39,0x23,0x39,0x02,0x39,0x03,0x38,0xe2,0x31,0x03,0x38,0xe2,0x31,0x02,
0x30,0xe2,0x30,0xe2,0x30,0xc2,0x30,0xe2,0x30,0xc1,0x28,0xc2,0x28,0xc1,0x28,0xc2,
0x28,0xa1,0x20,0xa2,0x28,0xa2,0x28,0xa2,0x28,0xa2,0x20,0xa2,0x20,0x81,0x20,0xa2,
0x20,0x81,0x20,0x81,0x20,0x81,0x20,0x81,0x20,0x81,0x18,0x81,0x20,0x61,0x18,0x81,
0x20,0x61,0x18,0x81,0x20,0x61,0x18,0x81,0x20,0x61,0x18,0x81,0x20,0x61,0x18,0x81,
0x20,0x61,0x18,0x61,0x28,0xc2,0x18,0x81,0x18,0x60,0x18,0x81,0x18,0x60,0x18,0x81,
0x18,0x61,0x18,0x41,0x18,0x61,0x20,0x61,0x18,0x61,0x20,0x61,0x18,0x61,0x20,0x61,
0x18,0x61,0x20,0x61,0x18,0x61,0x20,0x61,0x18,0x62,0x20,0x61,0x20,0x82,0x20,0x61,
0x20,0x82,0x20,0x61,0x20,0x82,0x20,0x81,0x20,0x82,0x28,0x81,0x20,0x82,0x28,0x82,
0x20,0xa2,0x28,0x82,0x28,0xa2,0x28,0x82,0x28,0xa2,0x30,0xa2,0x28,0xc2,0x30,0xa2,
0x28,0xa2,0x30,0xa2,0x30,0xc3,0x30,0xc2,0x30,0xe3,0x38,0xe3,0x30,0xe3,0x38,0xe3,
0x41,0x44,0x38,0xe2,0x39,0x03,0x41,0x23,0x39,0x23,0x41,0x03,0x41,0x23,0x41,0x03,
0x41,0x23,0x49,0x43,0x49,0x85,0x49,0x43,0x49,0x64,0x49,0x43,0x41,0x63,0x49,0x43,
0x49,0x64,0x51,0x63,0x49,0x84,0x51,0x63,0x49,0x64,0x49,0x43,0x49,0x63,0x51,0x63,
0x59,0xe5,0x51,0x63,0x49,0x64,0x49,0x43,0x51,0xa4,0x51,0x84,0x41,0x43,0x49,0x43,
0x41,0x23,0x49,0x23,0x49,0x64,0x49,0x23,0x41,0x64,0x41,0x03,0x39,0x43,0x41,0x23,
0x39,0x23,0x39,0x03,0x39,0x03,0x39,0x03,0x31,0x03,0x38,0xe2,0x31,0x03,0x30,0xe2,
0x30,0xe3,0x30,0xc2,0x28,0xe3,0x30,0xc2,0x28,0xe2,0x28,0xc2,0x28,0xc2,0x28,0xa1,
0x20,0xc2,0x28,0xa1,0x20,0xa2,0x28,0xa2,0x20,0xa2,0x20,0x81,0x20,0xa2,0x20,0x81,
0x20,0x82,0x20,0x81,0x18,0x82,0x20,0x61,0x18,0x82,0x20,0x61,0x18,0x61,0x20,0x61,
0x18,0x61,0x20,0x61,0x18,0x61,0x20,0x61,0x18,0x61,0x18,0x41,0x18,0x61,0x18,0x61,
0x18,0x61,0x18,0x61,0x10,0x61,0x18,0x61,0x18,0x61,0x18,0x61,0x18,0x61,0x18,0x61,
0x20,0x60,0x18,0x61,0x20,0x60,0x18,0x81,0x20,0x61,0x18,0x81,0x20,0x61,0x18,0x81,
0x20,0x61,0x18,0x81,0x20,0x61,0x20,0x81,0x20,0x61,0x20,0x81,0x20,0x61,0x20,0x81,
0x20,0x61,0x20,0x81,0x28,0x81,0x20,0x82,0x28,0x81,0x20,0xa2,0x28,0x81,0x20,0xa2,
0x28,0xa1,0x28,0xa2,0x28,0x81,0x28,0xa2,0x30,0xa2,0x28,0xc2,0x30,0xa2,0x28,0xc2,
0x30,0xa2,0x30,0xc2,0x30,0xc2,0x30,0xe2,0x38,0xe2,0x31,0x02,0x38,0xe2,0x39,0x23,
0x41,0x03,0x39,0x03,0x41,0x02,0x39,0x23,0x41,0x02,0x41,0x23,0x49,0x43,0x49,0x64,
0x49,0x22,0x41,0x43,0x51,0x63,0x49,0x43,0x51,0x83,0x49,0x63,0x49,0x63,0x49,0x63,
0x49,0x63,0x49,0x63,0x49,0x63,0x49,0x63,0x51,0x63,0x49,0x63,0x51,0x83,0x49,0x83,
0x59,0xa3,0x49,0x83,0x51,0x63,0x49,0x63,0x49,0x42,0x49,0x63,0x49,0x43,0x49,0x63,
0x49,0x43,0x49,0x63,0x49,0x63,0x49,0x63,0x51,0x84,0x41,0x43,0x49,0x63,0x41,0x63,
0x41,0x22,0x39,0x43,0x41,0x23,0x39,0x23,0x39,0x02,0x39,0x03,0x38,0xe2,0x39,0x03,
0x38,0xe2,0x31,0x02,0x30,0xe2,0x30,0xe2,0x30,0xc2,0x28,0xe2,0x30,0xc1,0x28,0xc2,
0x28,0xa1,0x28,0xc2,0x28,0xa1,0x20,0xc2,0x28,0xa1,0x20,0xa2,0x28,0x81,0x20,0xa2,
0x28,0x81,0x20,0xa2,0x20,0x81,0x20,0x82,0x20,0x81,0x18,0x81,0x20,0x61,0x18,0x81,
0x20,0x61,0x18,0x81,0x20,0x61,0x18,0x81,0x20,0x61,0x18,0x81,0x20,0x61,0x18,0x81,
0x20,0x61,0x18,0x61,0x20,0x60,0x18,0x61,0x18,0x60,0x18,0x81,0x18,0x60,0x18,0x81,
0x18,0x61,0x18,0x41,0x18,0x61,0x20,0x61,0x18,0x61,0x20,0x61,0x18,0x61,0x20,0x61,
0x18,0x61,0x20,0x61,0x18,0x82,0x20,0x61,0x20,0x82,0x20,0x61,0x20,0x82,0x20,0x61,
0x20,0x82,0x20,0x61,0x20,0x82,0x20,0x81,0x20,0x82,0x28,0x81,0x20,0xa2,0x28,0x82,
0x20,0xa2,0x28,0x82,0x28,0xa2,0x28,0x82,0x28,0xa2,0x30,0xa2,0x28,0xc2,0x30,0xa2,
0x28,0xc3,0x30,0xc2,0x30,0xe3,0x30,0xc2,0x30,0xe3,0x38,0xe2,0x39,0x03,0x39,0x03,
0x39,0x03,0x41,0x03,0x39,0x03,0x41,0x03,0x39,0x23,0x49,0x23,0x41,0x44,0x41,0x23,
0x41,0x43,0x49,0x23,0x49,0x44,0x49,0x43,0x49,0x84,0x49,0x43,0x49,0x64,0x49,0x63,
0x49,0x84,0x51,0x63,0x49,0x64,0x51,0x63,0x51,0xa4,0x49,0x63,0x51,0xa4,0x59,0xa4,
0x49,0x64,0x49,0x63,0x49,0x64,0x49,0x63,0x49,0x84,0x49,0x63,0x41,0x63,0x49,0x43,
0x41,0x43,0x49,0x43,0x41,0x64,0x49,0x43,0x41,0x43,0x49,0x23,0x41,0x43,0x41,0x23,
0x39,0x23,0x41,0x23,0x39,0x44,0x39,0x03,0x39,0x23,0x41,0x03,0x39,0x03,0x41,0x23,
0x31,0x03,0x30,0xe2,0x30,0xe2,0x30,0xc2,0x28,0xe2,0x28,0xc2,0x28,0xc2,0x28,0xc2,
0x28,0xc3,0x28,0xa2,0x20,0xa2,0x28,0xa2,0x20,0xa2,0x20,0x82,0x20,0xa2,0x20,0x81,
0x20,0xa2,0x20,0x81,0x18,0x82,0x20,0x81,0x18,0x82,0x20,0x61,0x18,0x61,0x20,0x61,
0x18,0x61,0x20,0x61,0x18,0x61,0x20,0x61,0x18,0x61,0x20,0x61,0x18,0x61,0x20,0x61,
0x18,0x61,0x18,0x41,0x18,0x61,0x18,0x41,0x18,0x61,0x18,0x61,0x18,0x61,0x18,0x61,
0x20,0x60,0x18,0x61,0x20,0x60,0x18,0x81,0x20,0x61,0x18,0x81,0x20,0x61,0x18,0x81,
0x20,0x61,0x20,0x81,0x20,0x61,0x20,0x81,0x20,0x61,0x20,0x81,0x20,0x61,0x20,0x81,
0x20,0x61,0x20,0x81,0x28,0x81,0x20,0xa2,0x28,0x81,0x20,0xa2,0x28,0x81,0x28,0xa2,
0x28,0xa1,0x28,0xa2,0x30,0xa2,0x28,0xc2,0x30,0xa2,0x28,0xc2,0x30,0xa2,0x30,0xc3,
0x30,0xc2,0x30,0xc3,0x38,0xc2,0x30,0xe3,0x38,0xe2,0x39,0x03,0x41,0x02,0x49,0x84,
0x41,0x02,0x39,0x23,0x41,0x02,0x39,0x23,0x41,0x02,0x41,0x43,0x49,0x22,0x41,0x43,
0x51,0x43,0x49,0x63,0x49,0x43,0x51,0x84,0x51,0x63,0x49,0x63,0x51,0x63,0x49,0x84,
0x51,0x83,0x51,0x84,0x51,0x83,0x51,0x84,0x51,0x63,0x51,0xa4,0x51,0x63,0x51,0x63,
0x51,0x63,0x51,0xa4,0x51,0x83,0x51,0x84,0x59,0xa4,0x49,0x83,0x51,0x63,0x49,0x63,
0x49,0x43,0x49,0x63,0x49,0x43,0x49,0x63,0x49,0x43,0x49,0x63,0x49,0x43,0x41,0x23,
0x49,0x63,0x41,0x64,0x41,0x02,0x39,0x23,0x41,0x02,0x39,0x23,0x39,0x02,0x39,0x03,
0x38,0xe2,0x31,0x02,0x38,0xe2,0x30,0xe2,0x30,0xe2,0x28,0xe2,0x30,0xc1,0x28,0xc2,
0x30,0xc2,0x28,0xc2,0x28,0xa2,0x20,0xa2,0x28,0xa1,0x20,0xa2,0x28,0x81,0x20,0xa2,
0x28,0x81,0x20,0xa2,0x20,0x81,0x20,0xa2,0x20,0x81,0x20,0x81,0x20,0x61,0x18,0x81,
0x20,0x61,0x18,0x81,0x20,0x61,0x18,0x81,0x20,0x61,0x18,0x61,0x20,0x60,0x18,0x81,
0x20,0x81,0x18,0x61,0x20,0x60,0x18,0x61,0x18,0x60,0x18,0x81,0x18,0x60,0x18,0x81,
0x18,0x61,0x18,0x41,0x18,0x61,0x20,0x61,0x18,0x61,0x20,0x61,0x18,0x61,0x20,0x61,
0x18,0x82,0x20,0x61,0x18,0x82,0x20,0x61,0x20,0x82,0x20,0x61,0x20,0x82,0x20,0x61,
0x20,0x82,0x20,0x61,0x20,0x82,0x28,0x82,0x20,0xa2,0x28,0x82,0x20,0xa2,0x28,0x82,
0x20,0xa2,0x28,0x82,0x28,0xa2,0x28,0xa2,0x28,0xa3,0x30,0xa2,0x28,0xa3,0x30,0xc3,
0x28,0xc3,0x30,0xc2,0x30,0xe3,0x30,0xc2,0x31,0x03,0x38,0xe2,0x39,0x03,0x41,0x03,
0x39,0x03,0x41,0x03,0x39,0x03,0x41,0x03,0x41,0x23,0x49,0x23,0x49,0x64,0x49,0x43,
0x49,0x64,0x49,0x43,0x49,0x63,0x51,0x63,0x49,0x64,0x51,0x63,0x49,0x64,0x51,0x63,
0x49,0x64,0x51,0x63,0x49,0x84,0x51,0x63,0x49,0x63,0x59,0xa4,0x59,0xc5,0x51,0x63,
0x49,0x84,0x51,0x63,0x49,0x84,0x51,0x63,0x49,0x84,0x51,0x63,0x49,0x63,0x59,0xc5,
0x49,0x64,0x49,0x43,0x49,0x64,0x49,0x43,0x41,0x43,0x51,0x84,0x49,0x84,0x41,0x23,
0x41,0x64,0x49,0x43,0x39,0x23,0x41,0x03,0x39,0x23,0x39,0x03,0x39,0x03,0x39,0x03,
0x31,0x03,0x38,0xe2,0x30,0xe3,0x30,0xc2,0x28,0xe3,0x30,0xc2,0x28,0xe2,0x28,0xc2,
0x28,0xc2,0x28,0xa2,0x20,0xc2,0x28,0x82,0x20,0xa2,0x28,0x82,0x20,0xa2,0x20,0x81,
0x20,0xa2,0x20,0x81,0x20,0x82,0x20,0x81,0x18,0x82,0x20,0x61,0x18,0x82,0x20,0x61,
0x18,0x61,0x20,0x61,0x18,0x61,0x20,0x61,0x18,0x61,0x20,0x61,0x18,0x82,0x20,0x61,
0x18,0x61,0x18,0x41,0x18,0x61,0x18,0x41,0x18,0x61,0x18,0x61,0x18,0x61,0x18,0x61,
0x20,0x60,0x18,0x61,0x20,0x60,0x18,0x81,0x20,0x61,0x18,0x81,0x20,0x61,0x18,0x81,
0x20,0x61,0x20,0x81,0x20,0x61,0x20,0x81,0x20,0x61,0x20,0x81,0x20,0x61,0x20,0x81,
0x20,0x61,0x20,0x82,0x28,0x81,0x20,0xa2,0x28,0x81,0x28,0xa2,0x28,0xa1,0x28,0xa2,
0x28,0xa1,0x28,0xa2,0x30,0xa2,0x28,0xc2,0x30,0xa1,0x28,0xc2,0x30,0xa2,0x30,0xc3,
0x30,0xc2,0x30,0xe3,0x38,0xe2,0x31,0x03,0x39,0x02,0x39,0x03,0x41,0x23,0x39,0x23,
0x41,0x02,0x39,0x23,0x41,0x03,0x41,0x23,0x49,0x23,0x41,0x43,0x51,0x63,0x49,0x63,
0x51,0x83,0x51,0x84,0x51,0x63,0x51,0x84,0x51,0x83,0x51,0x83,0x51,0x63,0x51,0x83,
0x51,0x83,0x51,0xa4,0x51,0x83,0x51,0xa4,0x59,0x63,0x62,0x05,0x61,0xe4,0x51,0x83,
0x51,0x83,0x51,0x84,0x51,0x63,0x51,0xa4,0x51,0x63,0x49,0x84,0x51,0x63,0x59,0xe5,
0x59,0xa3,0x49,0x63,0x51,0x63,0x49,0x84,0x49,0x43,0x49,0x63,0x51,0x63,0x41,0x43,
0x41,0x03,0x39,0x23,0x41,0x03,0x41,0x23,0x41,0x02,0x39,0x23,0x41,0x02,0x39,0x03,
0x39,0x02,0x31,0x03,0x38,0xe2,0x30,0xe2,0x30,0xe2,0x28,0xe2,0x30,0xc2,0x28,0xe2,
0x30,0xc2,0x28,0xc2,0x28,0xa2,0x20,0xc2,0x28,0xa1,0x20,0xa2,0x28,0x81,0x20,0xa2,
0x28,0x81,0x20,0xa2,0x20,0x81,0x20,0xa2,0x20,0x81,0x20,0x82,0x20,0x61,0x18,0x81,
0x20,0x61,0x18,0x81,0x20,0x61,0x18,0x81,0x20,0x61,0x18,0x81,0x20,0x81,0x18,0x81,
0x20,0x60,0x18,0x81,0x20,0x61,0x18,0x81,0x18,0x60,0x18,0x81,0x18,0x60,0x18,0x81,
0x18,0x61,0x18,0x41,0x18,0x61,0x20,0x61,0x18,0x61,0x20,0x61,0x18,0x61,0x20,0x61,
0x18,0x82,0x20,0x61,0x18,0x82,0x20,0x61,0x20,0x82,0x20,0x61,0x20,0x82,0x20,0x61,
0x20,0x82,0x20,0x81,0x20,0x82,0x28,0x81,0x20,0xa2,0x28,0x82,0x20,0xa2,0x28,0x82,
0x20,0xa2,0x28,0x82,0x28,0xa3,0x28,0xa2,0x28,0xc3,0x30,0xa2,0x30,0xc3,0x30,0xc2,
0x30,0xe3,0x38,0xe2,0x30,0xe3,0x38,0xe3,0x31,0x03,0x38,0xe2,0x39,0x03,0x41,0x03,
0x39,0x24,0x41,0x03,0x41,0x23,0x41,0x03,0x41,0x43,0x49,0x43,0x49,0x43,0x51,0x63,
0x62,0x26,0x51,0x43,0x49,0x64,0x59,0x84,0x62,0x06,0x59,0x83,0x51,0xa4,0x59,0x84,
0x51,0xa4,0x59,0x84,0x51,0xa4,0x61,0xc4,0x59,0xc5,0x59,0x84,0x51,0xa4,0x59,0x84,
0x51,0xa4,0x59,0x83,0x51,0x84,0x51,0x84,0x51,0x84,0x51,0x84,0x51,0xa4,0x51,0x43,
0x49,0x84,0x51,0x63,0x51,0xa4,0x51,0x63,0x49,0x84,0x51,0x63,0x49,0x64,0x49,0x43,
0x41,0x43,0x49,0x43,0x41,0x43,0x41,0x22,0x39,0x23,0x41,0x03,0x39,0x23,0x39,0x02,
0x31,0x03,0x38,0xe2,0x31,0x03,0x38,0xe2,0x30,0xe3,0x30,0xc2,0x28,0xe2,0x28,0xc2,
0x28,0xc3,0x28,0xa2,0x20,0xc2,0x28,0xa2,0x20,0xc2,0x28,0xa1,0x20,0xa2,0x28,0x82,
0x20,0xa2,0x20,0x82,0x20,0xa2,0x20,0x81,0x20,0x82,0x20,0x81,0x18,0x82,0x20,0x61,
0x18,0x82,0x20,0x61,0x18,0x82,0x20,0x61,0x18,0x82,0x20,0x61,0x18,0x61,0x20,0x61,
0x18,0x61,0x18,0x41,0x18,0x61,0x20,0x61,0x18,0x81,0x18,0x61,0x18,0x61,0x18,0x61,
0x20,0x61,0x18,0x61,0x20,0x61,0x18,0x81,0x20,0x61,0x18,0x81,0x20,0x61,0x18,0x81,
0x20,0x61,0x20,0x81,0x20,0x81,0x20,0x81,0x20,0x61,0x20,0x81,0x28,0x81,0x20,0x81,
0x28,0x81,0x20,0x82,0x28,0x81,0x20,0xa2,0x28,0x81,0x20,0xa2,0x28,0xa1,0x28,0xc2,
0x28,0xa1,0x28,0xc2,0x30,0xa2,0x28,0xc3,0x30,0xa2,0x30,0xc2,0x38,0xc2,0x30,0xe3,
0x38,0xe2,0x31,0x03,0x38,0xe2,0x39,0x03,0x39,0x02,0x39,0x23,0x41,0x02,0x41,0x23,
0x41,0x22,0x41,0x43,0x49,0x22,0x41,0x43,0x49,0x43,0x51,0xa4,0x49,0x42,0x49,0x84,
0x59,0xa4,0x51,0x83,0x51,0x63,0x51,0xa4,0x59,0x83,0x51,0x83,0x7a,0x66,0x61,0xe4,
0x59,0xa3,0x59,0xa4,0x61,0xe4,0x62,0x25,0x59,0xa4,0x59,0xa4,0x59,0x83,0x51,0xa4,
0x59,0xa3,0x59,0xa4,0x59,0xa4,0x51,0xa4,0x59,0x83,0x51,0xa4,0x59,0x83,0x51,0x84,
0x51,0x83,0x51,0x84,0x51,0x83,0x51,0xa4,0x59,0xa4,0x51,0x84,0x51,0x63,0x49,0x63,
0x59,0xc3,0x6a,0x46,0x49,0x43,0x41,0x43,0x51,0x84,0x41,0x43,0x41,0x23,0x39,0x03,
0x41,0x02,0x39,0x23,0x38,0xe2,0x31,0x02,0x38,0xe2,0x30,0xe2,0x30,0xc2,0x28,0xe2,
0x30,0xc2,0x28,0xc2,0x28,0xc1,0x28,0xc2,0x28,0xa1,0x28,0xc2,0x28,0xa1,0x20,0xa2,
0x28,0xa1,0x20,0xa2,0x28,0x81,0x20,0xa2,0x20,0x81,0x20,0x82,0x20,0x81,0x18,0x81,
0x20,0x61,0x18,0x81,0x20,0x61,0x18,0x81,0x20,0x61,0x18,0x81,0x20,0x61,0x18,0x81,
0x20,0x61,0x18,0x81,0x20,0x61,0x18,0x81,0x18,0x60,0x18,0x81,0x18,0x60,0x18,0x81,
0x18,0x82,0x18,0x41,0x18,0x61,0x20,0x61,0x18,0x61,0x20,0x61,0x18,0x61,0x20,0x61,
0x18,0x82,0x20,0x61,0x18,0x82,0x20,0x61,0x20,0x82,0x20,0x61,0x20,0x82,0x20,0x81,
0x20,0x82,0x28,0x81,0x20,0x82,0x28,0x82,0x20,0xa2,0x28,0x82,0x20,0xa2,0x28,0x82,
0x20,0xa2,0x28,0xa2,0x28,0xc2,0x30,0xa2,0x28,0xc3,0x30,0xc2,0x30,0xe3,0x30,0xc2,
0x30,0xc3,0x30,0xc2,0x31,0x03,0x38,0xe2,0x39,0x03,0x41,0x03,0x39,0x03,0x41,0x03,
0x39,0x23,0x49,0x23,0x41,0x43,0x49,0x23,0x49,0x64,0x49,0x43,0x49,0x64,0x51,0x43,
0x49,0x64,0x51,0x63,0x49,0x64,0x59,0xa4,0x51,0xa4,0x51,0x63,0x59,0xe5,0x69,0xe5,
0x59,0xa4,0x61,0xc4,0x59,0xc4,0x61,0xc4,0x51,0xa4,0x59,0x84,0x51,0xa4,0x59,0xa4,
0x59,0xa4,0x61,0xc4,0x51,0xa4,0x51,0x63,0x51,0x84,0x51,0x84,0x51,0x84,0x51,0x83,
0x51,0x84,0x51,0x63,0x49,0x84,0x51,0x83,0x49,0x84,0x51,0x63,0x49,0x64,0x49,0x63,
0x49,0x64,0x51,0x63,0x41,0x43,0x49,0x43,0x41,0x43,0x41,0x23,0x39,0x23,0x41,0x23,
0x39,0x23,0x39,0x03,0x31,0x03,0x38,0xe2,0x31,0x03,0x30,0xc2,0x28,0xe2,0x30,0xc2,
0x28,0xc3,0x28,0xc2,0x28,0xc2,0x28,0xa2,0x20,0xa2,0x28,0x81,0x20,0xa2,0x28,0x82,
0x20,0xa2,0x28,0x82,0x20,0xa2,0x20,0x82,0x20,0xa2,0x20,0x81,0x18,0x82,0x20,0x61,
0x18,0x82,0x20,0x61,0x18,0x82,0x20,0x61,0x18,0x82,0x20,0x61,0x18,0x61,0x18,0x41,
0x20,0x82,0x20,0x81,0x18,0x61,0x20,0x61,0x18,0x61,0x18,0x61,0x18,0x61,0x18,0x61,
0x20,0x61,0x18,0x82,0x20,0x41,0x18,0x61,0x20,0x61,0x20,0x82,0x20,0x61,0x20,0x81,
0x20,0x81,0x20,0x81,0x20,0x81,0x20,0x81,0x20,0x61,0x20,0x81,0x28,0x81,0x20,0x82,
0x28,0x81,0x20,0xa2,0x28,0x81,0x28,0xc2,0x28,0xa1,0x28,0xa2,0x28,0xa1,0x28,0xa2,
0x28,0xa2,0x28,0xc2,0x30,0xa2,0x28,0xc2,0x30,0xc1,0x31,0x03,0x38,0xe2,0x30,0xe2,
0x38,0xc2,0x30,0xe2,0x38,0xe2,0x39,0x03,0x41,0x02,0x39,0x23,0x41,0x02,0x41,0x43,
0x41,0x02,0x41,0x43,0x49,0x43,0x49,0x63,0x51,0x43,0x49,0x63,0x51,0x63,0x51,0xa4,
0x51,0x83,0x51,0xa4,0x59,0x63,0x59,0xa4,0x59,0xa3,0x51,0xa4,0x59,0xa3,0x59,0xa4,
0x59,0xa4,0x59,0xa4,0x59,0xa3,0x59,0xa4,0x59,0xa3,0x59,0xc4,0x59,0xa3,0x59,0xc4,
0x59,0x83,0x59,0xe5,0x59,0x83,0x59,0xa4,0x59,0xa3,0x51,0x83,0x51,0x83,0x51,0xa4,
0x59,0xa3,0x51,0x83,0x51,0x63,0x51,0x84,0x51,0x83,0x51,0xa4,0x51,0x63,0x49,0x84,
0x49,0x63,0x49,0x63,0x49,0x63,0x41,0x63,0x49,0x42,0x41,0x43,0x49,0x23,0x41,0x43,
0x41,0x23,0x39,0x23,0x39,0x02,0x39,0x03,0x39,0x02,0x30,0xe2,0x38,0xe2,0x31,0x02,
0x30,0xc2,0x28,0xc2,0x30,0xc2,0x28,0xc2,0x28,0xa1,0x28,0xc2,0x28,0xa1,0x20,0xc2,
0x28,0xa1,0x20,0xa2,0x28,0xa1,0x20,0xa2,0x28,0x81,0x20,0xa2,0x20,0x81,0x20,0x82,
0x20,0x81,0x18,0x81,0x20,0x61,0x18,0x81,0x20,0x61,0x18,0x81,0x20,0x61,0x18,0x81,
0x20,0x60,0x18,0x61,0x20,0x61,0x18,0x81,0x18,0x60,0x18,0x81,0x18,0x60,0x18,0x81,
0x18,0x62,0x18,0x41,0x18,0x62,0x20,0x41,0x18,0x62,0x20,0x61,0x18,0x82,0x20,0x61,
0x18,0x82,0x20,0x61,0x18,0x82,0x20,0x61,0x20,0x82,0x20,0x61,0x20,0x82,0x28,0x81,
0x20,0x82,0x28,0x82,0x20,0xa2,0x28,0x82,0x20,0xa2,0x28,0x82,0x28,0xa2,0x28,0x82,
0x28,0xa2,0x28,0xa2,0x28,0xc2,0x30,0xa2,0x28,0xc3,0x30,0xc2,0x30,0xe3,0x30,0xc2,
0x30,0xe3,0x38,0xe3,0x39,0x03,0x39,0x03,0x41,0x23,0x41,0x23,0x41,0x23,0x49,0x23,
0x51,0xa5,0x51,0x63,0x49,0x64,0x49,0x43,0x49,0x63,0x51,0x64,0x51,0x64,0x59,0xa4,
0x51,0x84,0x59,0xa4,0x51,0x84,0x51,0x63,0x59,0xa4,0x59,0x84,0x59,0xa4,0x59,0xa4,
0x51,0xa4,0x59,0xa4,0x51,0xa4,0x59,0xa4,0x59,0xa4,0x59,0x83,0x59,0xc4,0x61,0xe5,
0x51,0xa4,0x59,0x84,0x51,0xa4,0x59,0xa4,0x51,0xa4,0x59,0x84,0x51,0xa4,0x59,0x84,
0x51,0xa4,0x61,0xe5,0x51,0xa4,0x51,0x83,0x49,0x84,0x51,0x84,0x49,0x64,0x51,0x63,
0x49,0x64,0x49,0x43,0x41,0x63,0x49,0x43,0x41,0x43,0x49,0x23,0x39,0x43,0x41,0x23,
0x39,0x23,0x39,0x03,0x39,0x03,0x39,0x03,0x39,0x44,0x38,0xe2,0x30,0xe3,0x30,0xc2,
0x28,0xc2,0x30,0xc2,0x28,0xc3,0x28,0xa2,0x28,0xc2,0x28,0xc2,0x20,0xc2,0x28,0xa2,
0x20,0xa2,0x28,0x82,0x20,0xa2,0x20,0x82,0x20,0xa2,0x20,0x81,0x18,0x82,0x20,0x81,
0x18,0x82,0x20,0x61,0x18,0x82,0x20,0x61,0x18,0x82,0x20,0x61,0x18,0x61,0x20,0x61,
0x18,0x61,0x20,0x61,0x18,0x61,0x18,0x41,0x18,0x61,0x18,0x61,0x18,0x61,0x18,0x61,
0x20,0x60,0x18,0x81,0x20,0x61,0x18,0x81,0x20,0x61,0x20,0x81,0x20,0x61,0x20,0x81,
0x20,0x81,0x20,0x81,0x20,0x81,0x20,0x81,0x20,0x61,0x20,0x81,0x28,0x81,0x20,0xa2,
0x28,0x81,0x28,0xa2,0x28,0xa1,0x28,0xa2,0x28,0xa2,0x28,0xc2,0x28,0x81,0x28,0xa2,
0x30,0xa2,0x28,0xc2,0x30,0xa2,0x28,0xc2,0x30,0xc2,0x30,0xc3,0x38,0xe2,0x31,0x03,
0x38,0xe2,0x39,0x03,0x41,0x02,0x39,0x03,0x41,0x02,0x41,0x43,0x49,0x22,0x41,0x43,
0x59,0xa4,0x51,0x84,0x51,0x63,0x51,0x84,0x51,0x63,0x51,0x64,0x59,0x83,0x51,0x83,
0x51,0x83,0x51,0xa4,0x59,0x83,0x59,0xa4,0x61,0xe4,0x61,0xe4,0x61,0xa4,0x59,0xc4,
0x61,0xa3,0x59,0xc4,0x61,0xa3,0x59,0xa4,0x69,0xe4,0x62,0x05,0x61,0xc4,0x62,0x05,
0x61,0xa3,0x59,0xc4,0x61,0xe4,0x61,0xe5,0x61,0xa4,0x59,0xc4,0x59,0xa3,0x59,0xc4,
0x59,0xa3,0x6a,0x46,0x59,0xa3,0x59,0xc4,0x51,0x83,0x51,0x84,0x51,0x63,0x51,0x84,
0x51,0x83,0x51,0xa4,0x61,0xe4,0x51,0xa4,0x49,0x42,0x49,0x63,0x41,0x43,0x41,0x63,
0x41,0x22,0x39,0x43,0x41,0x02,0x39,0x03,0x39,0x02,0x31,0x03,0x38,0xe2,0x30,0xe2,
0x30,0xe2,0x28,0xc2,0x30,0xc2,0x28,0xc2,0x30,0xc2,0x28,0xc2,0x28,0xa2,0x20,0xc2,
0x28,0xa1,0x20,0xc2,0x28,0xa1,0x20,0xa2,0x28,0x81,0x20,0xa2,0x20,0x81,0x20,0x82,
0x20,0x81,0x20,0x81,0x20,0x81,0x20,0x81,0x20,0x81,0x18,0x81,0x20,0x61,0x18,0x81,
0x20,0x61,0x18,0x81,0x20,0x61,0x18,0x81,0x18,0x60,0x18,0x81,0x18,0x60,0x18,0x81,
0x18,0x61,0x20,0x61,0x18,0x61,0x20,0x61,0x18,0x82,0x20,0x61,0x18,0x82,0x20,0x61,
0x18,0x82,0x20,0x61,0x18,0x82,0x20,0x61,0x20,0x82,0x20,0x61,0x20,0x82,0x28,0x82,
0x20,0xa2,0x28,0x82,0x28,0xa2,0x28,0x82,0x28,0xa2,0x28,0x82,0x28,0xa2,0x28,0xa2,
0x28,0xc3,0x30,0xa2,0x28,0xa3,0x30,0xa2,0x30,0xc3,0x30,0xc2,0x30,0xe3,0x38,0xe2,
0x31,0x03,0x38,0xe2,0x39,0x03,0x41,0x03,0x39,0x03,0x49,0x23,0x41,0x44,0x49,0x23,
0x51,0x85,0x51,0x43,0x49,0x64,0x51,0x63,0x49,0x84,0x51,0x63,0x51,0xa4,0x59,0xa4,
0x51,0x84,0x59,0x84,0x59,0xa4,0x59,0xa4,0x59,0xc5,0x61,0xa4,0x62,0x05,0x61,0xe4,
0x59,0xc4,0x61,0xc4,0x59,0xc4,0x61,0xa4,0x59,0xc5,0x61,0xc4,0x61,0xe5,0x61,0xc4,
0x62,0x05,0x61,0xc4,0x59,0xe5,0x61,0xc4,0x61,0xe5,0x61,0xc4,0x59,0xe5,0x59,0xc4,
0x59,0xe5,0x59,0xa4,0x59,0xe5,0x59,0xa3,0x51,0xa4,0x51,0x63,0x49,0x84,0x51,0x84,
0x49,0x84,0x51,0x83,0x51,0xa4,0x51,0x63,0x49,0x64,0x49,0x23,0x41,0x43,0x41,0x23,
0x41,0x64,0x49,0x43,0x39,0x23,0x39,0x02,0x31,0x03,0x38,0xe2,0x30,0xe3,0x30,0xc2,
0x28,0xe3,0x28,0xc2,0x28,0xc3,0x28,0xa2,0x28,0xc2,0x28,0xa2,0x20,0xc2,0x28,0xa2,
0x20,0xa2,0x28,0xa2,0x20,0xa2,0x20,0x82,0x20,0xa2,0x20,0x81,0x20,0x82,0x20,0x81,
0x18,0x82,0x20,0x81,0x18,0x82,0x20,0x81,0x18,0x82,0x20,0x61,0x18,0x82,0x20,0x61,
0x18,0x82,0x20,0x61,0x18,0x61,0x20,0x61,0x18,0x61,0x20,0x61,0x18,0x61,0x20,0x61,
0x20,0x60,0x18,0x81,0x20,0x61,0x20,0x81,0x20,0x81,0x20,0x81,0x20,0x81,0x20,0x81,
0x28,0x81,0x20,0xa2,0x20,0x81,0x20,0x82,0x28,0x81,0x20,0x82,0x28,0x81,0x20,0xa2,
0x28,0x81,0x28,0xa2,0x30,0xa2,0x28,0xa2,0x30,0xa2,0x28,0xa2,0x30,0xa2,0x28,0xc2,
0x30,0xa2,0x28,0xc2,0x30,0xa2,0x30,0xc2,0x30,0xc2,0x30,0xe2,0x38,0xe2,0x31,0x02,
0x38,0xe2,0x39,0x23,0x41,0x02,0x39,0x03,0x49,0x23,0x41,0x43,0x49,0x43,0x41,0x43,
0x51,0x43,0x49,0x63,0x51,0x63,0x51,0x84,0x59,0x83,0x51,0x84,0x59,0x83,0x51,0x84,
0x59,0xa3,0x59,0xa4,0x59,0xa3,0x61,0xe5,0x72,0x45,0x61,0xe4,0x69,0xe4,0x61,0xe5,
0x61,0xc4,0x61,0xe4,0x61,0xc4,0x61,0xe4,0x6a,0x05,0x61,0xe4,0x69,0xe4,0x6a,0x05,
0x69,0xe4,0x61,0xe4,0x61,0xc4,0x61,0xe4,0x6a,0x05,0x61,0xe5,0x61,0xe4,0x61,0xe4,
0x61,0xc4,0x61,0xe5,0x7a,0x66,0x61,0xe4,0x59,0xa3,0x59,0xc4,0x59,0xa3,0x51,0xa4,
0x51,0x83,0x51,0xa4,0x51,0x63,0x51,0xa4,0x51,0x63,0x49,0x63,0x49,0x43,0x41,0x63,
0x49,0x43,0x49,0x63,0x41,0x23,0x39,0x23,0x39,0x02,0x39,0x03,0x38,0xe2,0x30,0xe2,
0x30,0xe2,0x28,0xe2,0x30,0xc2,0x28,0xc2,0x30,0xc2,0x28,0xc2,0x28,0xa2,0x20,0xc2,
0x28,0xa1,0x20,0xc2,0x28,0xa1,0x20,0xa2,0x28,0xa1,0x20,0xa2,0x28,0x81,0x20,0xa2,
0x20,0x81,0x20,0x82,0x20,0x81,0x20,0x82,0x20,0x81,0x20,0x82,0x20,0x81,0x18,0x81,
0x20,0x61,0x18,0x81,0x20,0x61,0x18,0x81,0x20,0x61,0x18,0x81,0x20,0x61,0x18,0x81,
0x18,0x61,0x20,0x61,0x18,0x61,0x20,0x61,0x18,0x82,0x20,0x61,0x18,0x82,0x20,0x61,
0x18,0x82,0x20,0x81,0x20,0x82,0x20,0x81,0x20,0x82,0x20,0x81,0x20,0x82,0x28,0x81,
0x20,0xa2,0x28,0x82,0x28,0xa2,0x28,0x82,0x28,0xa2,0x28,0x82,0x28,0xa3,0x28,0xa2,
0x28,0xc3,0x30,0xa2,0x30,0xe3,0x38,0xe2,0x30,0xe3,0x38,0xc2,0x31,0x03,0x38,0xe2,
0x31,0x03,0x39,0x03,0x39,0x03,0x41,0x23,0x41,0x23,0x49,0x23,0x41,0x43,0x49,0x23,
0x49,0x63,0x51,0x63,0x49,0x64,0x51,0x63,0x51,0x84,0x59,0x84,0x51,0xa4,0x59,0x83,
0x51,0xa4,0x59,0xa4,0x59,0xc4,0x69,0xe5,0x62,0x05,0x61,0xa4,0x6a,0x25,0x6a,0x05,
0x61,0xe5,0x61,0xc4,0x61,0xe5,0x61,0xc4,0x61,0xe5,0x61,0xc4,0x61,0xe5,0x69,0xe5,
0x61,0xe5,0x61,0xc4,0x61,0xe5,0x61,0xc4,0x61,0xe5,0x61,0xe4,0x59,0xc4,0x61,0xa4,
0x59,0xc4,0x61,0xc4,0x61,0xe5,0x61,0xe4,0x59,0xa5,0x59,0xa4,0x51,0xa4,0x51,0x83,
0x49,0x84,0x51,0xa4,0x51,0xa4,0x51,0x83,0x49,0x84,0x49,0x43,0x41,0x43,0x49,0x23,
0x41,0x43,0x41,0x23,0x39,0x43,0x39,0x02,0x39,0x23,0x38,0xe2,0x31,0x03,0x30,0xe2,
0x28,0xe3,0x30,0xc2,0x28,0xc3,0x28,0xc2,0x28,0xc3,0x28,0xa2,0x20,0xc3,0x28,0xa2,
0x20,0xc2,0x28,0xa2,0x20,0xa2,0x20,0x82,0x20,0xa2,0x20,0x81,0x20,0x82,0x20,0x81,
0x18,0x82,0x20,0x81,0x18,0x82,0x20,0x81,0x18,0x82,0x20,0x81,0x18,0x82,0x20,0x61,
0x18,0x82,0x20,0x61,0x18,0x61,0x20,0x61,0x18,0x61,0x20,0x61,0x18,0x61,0x20,0x61,
0x20,0x60,0x18,0x81,0x20,0x61,0x20,0x81,0x20,0x81,0x20,0x81,0x20,0x81,0x20,0x81,
0x20,0x81,0x20,0x82,0x20,0x81,0x20,0x82,0x28,0x81,0x20,0x82,0x28,0x81,0x20,0xa2,
0x28,0x81,0x28,0xa2,0x30,0xa2,0x28,0xa2,0x30,0xa2,0x28,0xa2,0x30,0xa2,0x28,0xc2,
0x30,0xc2,0x28,0xc2,0x38,0xc2,0x30,0xe2,0x38,0xe2,0x31,0x02,0x39,0x02,0x39,0x23,
0x41,0x02,0x39,0x03,0x41,0x02,0x41,0x23,0x49,0x22,0x49,0x43,0x49,0x43,0x49,0x63,
0x51,0x63,0x51,0x83,0x59,0x63,0x59,0xa4,0x59,0x83,0x59,0xa4,0x59,0xa3,0x59,0xa4,
0x61,0xc4,0x59,0xc4,0x61,0xc4,0x6a,0x25,0x61,0xc3,0x6a,0x25,0x72,0x24,0x72,0x45,
0x61,0xc4,0x62,0x05,0x69,0xe4,0x61,0xe5,0x69,0xe4,0x6a,0x05,0x69,0xe4,0x61,0xe5,
0x69,0xe4,0x61,0xe5,0x69,0xe4,0x62,0x05,0x69,0xe4,0x61,0xc4,0x61,0xc4,0x61,0xe4,
0x61,0xc4,0x61,0xe4,0x61,0xa3,0x6a,0x45,0x7a,0x86,0x59,0xa3,0x59,0xa3,0x51,0xa4,
0x59,0xa3,0x51,0xa4,0x59,0xa3,0x51,0xa4,0x51,0x63,0x49,0x84,0x49,0x43,0x49,0x63,
0x49,0x43,0x41,0x43,0x41,0x22,0x39,0x43,0x41,0x23,0x39,0x03,0x39,0x02,0x31,0x02,
0x30,0xe2,0x30,0xe2,0x30,0xc2,0x28,0xe2,0x30,0xc2,0x28,0xc2,0x28,0xa2,0x28,0xc2,
0x28,0xa2,0x28,0xc2,0x28,0xa1,0x20,0xa2,0x28,0xa1,0x20,0xa2,0x28,0x81,0x20,0xa2,
0x20,0x81,0x20,0x82,0x20,0x81,0x20,0x82,0x20,0x81,0x20,0x82,0x20,0x81,0x20,0x81,
0x20,0x61,0x18,0x81,0x20,0x61,0x18,0x81,0x20,0x61,0x18,0x81,0x20,0x61,0x18,0x81,
0x18,0x61,0x20,0x61,0x18,0x61,0x20,0x61,0x18,0x82,0x20,0x61,0x18,0x82,0x20,0x61,
0x18,0x82,0x20,0x81,0x20,0x82,0x20,0x81,0x20,0x82,0x20,0x81,0x20,0x82,0x28,0x82,
0x20,0xa2,0x28,0x82,0x28,0xa2,0x28,0x82,0x20,0xa2,0x28,0xa2,0x28,0xa3,0x30,0xa2,
0x28,0xa2,0x30,0xa2,0x30,0xc3,0x30,0xc2,0x30,0xe2,0x38,0xe2,0x31,0x03,0x38,0xe2,
0x31,0x03,0x39,0x03,0x39,0x23,0x41,0x03,0x49,0x44,0x51,0x64,0x49,0x43,0x51,0x43,
0x49,0x64,0x51,0x63,0x51,0x63,0x72,0x26,0x62,0x06,0x59,0x83,0x59,0xe5,0x61,0xe4,
0x59,0xc4,0x61,0xa4,0x61,0xe5,0x61,0xc4,0x59,0xc5,0x69,0xe5,0x72,0x66,0x69,0xe4,
0x61,0xe5,0x69,0xe4,0x62,0x05,0x69,0xe5,0x6a,0x26,0x6a,0x05,0x61,0xe5,0x69,0xe4,
0x62,0x05,0x61,0xc4,0x61,0xe5,0x69,0xe4,0x59,0xc5,0x61,0xc4,0x59,0xe5,0x61,0xe4,
0x62,0x05,0x61,0xc4,0x59,0xe5,0x61,0xc4,0x59,0xc4,0x59,0xa3,0x59,0xa4,0x59,0xa4,
0x59,0xe5,0x51,0x63,0x49,0x84,0x51,0x63,0x49,0x84,0x51,0x63,0x49,0x64,0x49,0x43,
0x41,0x64,0x49,0x43,0x39,0x43,0x41,0x23,0x41,0x44,0x38,0xe2,0x31,0x03,0x38,0xe2,
0x30,0xe2,0x30,0xc2,0x28,0xe2,0x30,0xc2,0x28,0xc3,0x28,0xa2,0x28,0xc3,0x28,0xa2,
0x20,0xa2,0x28,0x82,0x20,0xa2,0x20,0x82,0x20,0xa2,0x20,0x82,0x20,0xa2,0x28,0x82,
0x18,0x82,0x20,0x81,0x18,0x82,0x20,0x81,0x18,0x82,0x20,0x81,0x18,0x82,0x20,0x61,
0x18,0x82,0x20,0x61,0x18,0x61,0x20,0x61,0x18,0x82,0x20,0x61,0x18,0x61,0x20,0x61,
0x20,0x60,0x18,0x81,0x20,0x61,0x20,0x81,0x20,0x81,0x20,0x81,0x20,0x81,0x20,0x81,
0x20,0x61,0x20,0x81,0x28,0x81,0x20,0x82,0x28,0x81,0x20,0xa2,0x28,0x81,0x28,0xa2,
0x28,0xa2,0x28,0xa2,0x28,0x81,0x28,0xa2,0x30,0xa1,0x28,0xc2,0x30,0xa2,0x28,0xc3,
0x30,0xa2,0x30,0xc2,0x30,0xc2,0x30,0xe3,0x38,0xe2,0x31,0x02,0x40,0xe2,0x39,0x03,
0x41,0x02,0x39,0x23,0x41,0x02,0x49,0x64,0x51,0x43,0x51,0xa4,0x51,0x63,0x51,0x83,
0x51,0x63,0x51,0x83,0x59,0x83,0x62,0x05,0x6a,0x05,0x59,0xc4,0x61,0xc4,0x6a,0x46,
0x69,0xe4,0x61,0xe5,0x6a,0x05,0x6a,0x25,0x69,0xe4,0x72,0x46,0x7a,0x45,0x6a,0x04,
0x72,0x25,0x62,0x04,0x72,0x04,0x72,0x45,0x7a,0x65,0x6a,0x25,0x69,0xe4,0x62,0x05,
0x69,0xe4,0x6a,0x05,0x8a,0xe6,0x93,0x47,0x69,0xe4,0x61,0xe4,0x69,0xe4,0x61,0xe4,
0x61,0xc4,0x61,0xe5,0x61,0xe4,0x61,0xe4,0x61,0xe4,0x59,0xc4,0x61,0xc3,0x62,0x05,
0x6a,0x05,0x51,0xa3,0x59,0x83,0x51,0x83,0x59,0xa3,0x49,0x83,0x49,0x63,0x49,0x63,
0x49,0x43,0x41,0x43,0x41,0x22,0x39,0x43,0x41,0x23,0x39,0x23,0x39,0x02,0x31,0x02,
0x38,0xe2,0x30,0xe2,0x30,0xe2,0x28,0xe2,0x30,0xc2,0x28,0xc2,0x28,0xa2,0x28,0xc2,
0x28,0xa2,0x28,0xa2,0x28,0xa2,0x20,0xc2,0x28,0xa1,0x20,0xa2,0x28,0x81,0x20,0xc2,
0x28,0xa1,0x20,0xa2,0x20,0x81,0x20,0xa2,0x20,0x81,0x20,0xa2,0x20,0x81,0x20,0x81,
0x20,0x61,0x18,0x81,0x20,0x61,0x18,0x81,0x20,0x61,0x20,0x82,0x20,0x61,0x18,0x81,
0x18,0x61,0x20,0x61,0x18,0x61,0x20,0x61,0x18,0x82,0x20,0x61,0x18,0x82,0x20,0x61,
0x20,0x82,0x20,0x61,0x20,0x82,0x20,0x81,0x20,0x82,0x28,0x81,0x20,0xa2,0x28,0x82,
0x20,0xa2,0x28,0x82,0x28,0xa2,0x28,0x82,0x28,0xa2,0x28,0xa2,0x28,0xc3,0x30,0xa2,
0x28,0xc3,0x30,0xa2,0x30,0xc3,0x30,0xc2,0x31,0x03,0x38,0xe2,0x39,0x03,0x38,0xe2,
0x39,0x03,0x41,0x03,0x49,0x64,0x49,0x23,0x49,0x43,0x51,0x43,0x49,0x64,0x51,0x43,
0x49,0x64,0x51,0x63,0x51,0xa4,0x61,0xc4,0x61,0xe5,0x61,0xa4,0x59,0xc5,0x69,0xe5,
0x62,0x05,0x7a,0xa7,0x6a,0x05,0x72,0x05,0x6a,0x05,0x6a,0x05,0x6a,0x26,0x69,0xe4,
0x6a,0x26,0x69,0xe4,0x6a,0x05,0x6a,0x05,0x6a,0x05,0x72,0x25,0x62,0x05,0x69,0xe4,
0x61,0xe4,0x72,0x04,0x93,0x48,0x7a,0x64,0x61,0xe5,0x69,0xc4,0x61,0xe5,0x69,0xe5,
0x62,0x05,0x72,0x26,0x59,0xe5,0x61,0xe5,0x61,0xe5,0x61,0xc4,0x59,0xc4,0x61,0xc4,
0x59,0xa4,0x59,0xa4,0x51,0xa4,0x51,0x63,0x51,0xa4,0x59,0xa4,0x51,0xa4,0x51,0x63,
0x41,0x64,0x49,0x43,0x39,0x43,0x41,0x23,0x39,0x23,0x39,0x03,0x31,0x03,0x38,0xe2,
0x31,0x03,0x30,0xc2,0x30,0xe2,0x30,0xc2,0x28,0xe3,0x30,0xc2,0x28,0xc3,0x28,0xa2,
0x20,0xa2,0x28,0xa2,0x20,0xc2,0x28,0xa2,0x20,0xa2,0x20,0x81,0x20,0xa2,0x20,0x81,
0x20,0x82,0x20,0x81,0x20,0x82,0x20,0x81,0x20,0x82,0x20,0x81,0x18,0x82,0x20,0x61,
0x18,0x82,0x20,0x61,0x18,0x61,0x20,0x61,0x18,0x82,0x20,0x61,0x18,0x61,0x20,0x61,
0x20,0x61,0x18,0x81,0x20,0x61,0x20,0x81,0x20,0x81,0x20,0x81,0x20,0x81,0x20,0x81,
0x20,0x61,0x20,0x81,0x28,0x81,0x20,0x82,0x28,0x81,0x20,0xa2,0x28,0xa2,0x28,0xa2,
0x28,0xa1,0x28,0xa2,0x28,0x81,0x28,0xa2,0x30,0xa1,0x28,0xc2,0x30,0xa2,0x28,0xc2,
0x30,0xc2,0x30,0xe2,0x30,0xc2,0x30,0xe3,0x38,0xe2,0x39,0x03,0x40,0xe2,0x41,0x44,
0x41,0x02,0x41,0x23,0x49,0x22,0x49,0x43,0x51,0x42,0x49,0x63,0x59,0xa4,0x59,0xc5,
0x51,0x63,0x51,0x84,0x59,0x83,0x59,0xc4,0x61,0xc4,0x61,0xc4,0x61,0xc4,0x6a,0x05,
0x69,0xe4,0x6a,0x45,0x72,0x25,0x72,0x46,0x72,0x25,0x6a,0x05,0x71,0xe4,0x6a,0x05,
0x71,0xe4,0x6a,0x05,0x72,0x04,0x72,0x66,0x72,0x04,0x72,0x25,0x72,0x04,0x6a,0x05,
0x72,0x04,0x6a,0x05,0x7a,0x45,0x6a,0x25,0x69,0xe4,0x61,0xe4,0x69,0xe4,0x61,0xe5,
0x69,0xe4,0x62,0x05,0x61,0xe4,0x62,0x05,0x61,0xe4,0x61,0xe4,0x61,0xc4,0x59,0xe4,
0x59,0xa3,0x59,0xa4,0x59,0x83,0x59,0xc4,0x59,0xa3,0x59,0xe5,0x6a,0x25,0x49,0x63,
0x51,0x83,0x41,0x43,0x49,0x23,0x41,0x43,0x41,0x03,0x39,0x23,0x39,0x02,0x39,0x03,
0x38,0xe2,0x31,0x02,0x30,0xe2,0x30,0xe2,0x31,0x02,0x28,0xe2,0x30,0xc2,0x28,0xc2,
0x30,0xc2,0x28,0xa2,0x28,0xa2,0x20,0xc2,0x28,0xa1,0x20,0xa2,0x28,0x81,0x20,0xa2,
0x28,0x81,0x20,0xa2,0x20,0x81,0x20,0xa2,0x20,0x81,0x20,0xa2,0x20,0x81,0x20,0x81,
0x20,0x81,0x20,0x81,0x20,0x61,0x18,0x81,0x20,0x61,0x18,0x81,0x20,0x61,0x18,0x81,
0x18,0x61,0x20,0x61,0x18,0x82,0x20,0x61,0x18,0x82,0x20,0x61,0x18,0x82,0x20,0x61,
0x20,0x82,0x20,0x61,0x20,0x82,0x20,0x81,0x20,0x82,0x28,0x81,0x20,0xa2,0x28,0x82,
0x20,0xa2,0x28,0xa2,0x28,0xa2,0x28,0x82,0x28,0xa3,0x28,0xa2,0x28,0xc2,0x30,0xa2,
0x28,0xc2,0x30,0xc2,0x30,0xe3,0x38,0xe2,0x31,0x03,0x38,0xe2,0x39,0x03,0x49,0x44,
0x39,0x23,0x41,0x03,0x41,0x23,0x49,0x23,0x49,0x63,0x49,0x63,0x51,0x84,0x59,0x83,
0x51,0x84,0x59,0x83,0x51,0x84,0x59,0xa4,0x61,0xe5,0x61,0xc4,0x59,0xc5,0x61,0xc4,
0x61,0xe5,0x69,0xe5,0x6a,0x25,0x69,0xe4,0x6a,0x05,0x69,0xe4,0x6a,0x05,0x72,0x05,
0x6a,0x05,0x71,0xe5,0x6a,0x45,0x8a,0xe7,0x6a,0x26,0x72,0x05,0x6a,0x26,0x72,0x05,
0x6a,0x25,0x72,0x04,0x6a,0x05,0x72,0x04,0x6a,0x05,0x69,0xe4,0x61,0xe5,0x61,0xc4,
0x61,0xe5,0x61,0xc4,0x61,0xe5,0x61,0xe4,0x61,0xe5,0x6a,0x25,0x59,0xe5,0x61,0xc4,
0x59,0xe5,0x59,0xa3,0x59,0xe5,0x51,0x83,0x51,0xa4,0x51,0xa4,0x59,0xe5,0x51,0x63,
0x41,0x63,0x49,0x43,0x41,0x43,0x49,0x43,0x39,0x23,0x41,0x02,0x31,0x03,0x38,0xe2,
0x31,0x03,0x38,0xe2,0x30,0xe2,0x30,0xc2,0x28,0xe3,0x30,0xc2,0x28,0xc2,0x28,0xa2,
0x28,0xc3,0x28,0xa2,0x20,0xa2,0x28,0xa2,0x20,0xa2,0x20,0x82,0x20,0xa2,0x20,0x81,
0x20,0xa2,0x20,0x81,0x20,0x82,0x20,0x81,0x20,0x82,0x20,0x81,0x18,0x82,0x20,0x81,
0x18,0x82,0x20,0x81,0x18,0x82,0x20,0x81,0x18,0x61,0x20,0x61,0x18,0x61,0x20,0x61,
0x20,0x61,0x18,0x81,0x20,0x61,0x20,0x81,0x20,0x81,0x20,0x81,0x20,0x81,0x20,0x81,
0x20,0x61,0x20,0x81,0x28,0x81,0x20,0x82,0x28,0x81,0x20,0xa2,0x28,0xa1,0x28,0xa2,
0x28,0xa2,0x28,0xc2,0x28,0x81,0x28,0xa2,0x30,0xa2,0x28,0xc2,0x30,0xa2,0x28,0xc2,
0x30,0xc2,0x30,0xe2,0x38,0xe2,0x39,0x03,0x39,0x02,0x39,0x03,0x41,0x02,0x41,0x23,
0x49,0x22,0x41,0x43,0x49,0x22,0x49,0x63,0x51,0x42,0x49,0x63,0x59,0x83,0x51,0x84,
0x59,0x83,0x51,0xa4,0x59,0x83,0x59,0xc4,0x61,0xc4,0x61,0xe5,0x61,0xc4,0x61,0xe4,
0x69,0xe4,0x6a,0x05,0x69,0xe4,0x6a,0x25,0x72,0x04,0x6a,0x05,0x71,0xe4,0x6a,0x05,
0x72,0x04,0x72,0x25,0x72,0x24,0x7a,0x86,0x7a,0x45,0x72,0x45,0x72,0x04,0x6a,0x25,
0x72,0x04,0x6a,0x25,0x72,0x04,0x6a,0x25,0x72,0x05,0x6a,0x05,0x72,0x45,0x72,0x45,
0x69,0xe4,0x61,0xe4,0x6a,0x05,0x62,0x05,0x61,0xe4,0x62,0x05,0x61,0xe4,0x61,0xe4,
0x61,0xc3,0x59,0xe4,0x59,0xa3,0x51,0xa3,0x51,0x83,0x51,0xa3,0x51,0x83,0x49,0x83,
0x49,0x63,0x49,0x63,0x49,0x43,0x41,0x43,0x41,0x22,0x39,0x23,0x39,0x02,0x39,0x03,
0x39,0x02,0x31,0x02,0x38,0xe2,0x30,0xe2,0x30,0xe2,0x28,0xe2,0x30,0xc2,0x28,0xc2,
0x28,0xa2,0x28,0xa2,0x28,0xa1,0x20,0xc2,0x28,0xa1,0x20,0xa2,0x28,0xa1,0x20,0xa2,
0x28,0x81,0x20,0xa2,0x28,0x81,0x20,0xa2,0x20,0x81,0x20,0xa2,0x20,0x81,0x20,0xa2,
0x20,0x81,0x18,0xa1,0x20,0x81,0x18,0x81,0x20,0x61,0x18,0x81,0x20,0x61,0x18,0x81,
0x18,0x61,0x20,0x61,0x18,0x82,0x20,0x61,0x18,0x82,0x20,0x81,0x18,0x82,0x20,0x81,
0x20,0x82,0x20,0x81,0x20,0x82,0x20,0x82,0x20,0xa2,0x28,0x82,0x20,0xa2,0x28,0xa2,
0x28,0xa2,0x28,0x82,0x28,0xa2,0x28,0x82,0x28,0xa2,0x30,0xa2,0x28,0xa2,0x30,0xa2,
0x28,0xc2,0x30,0xc2,0x30,0xe3,0x38,0xe3,0x31,0x03,0x38,0xe2,0x39,0x03,0x41,0x03,
0x41,0x23,0x49,0x23,0x41,0x43,0x49,0x43,0x49,0x43,0x49,0x43,0x51,0x84,0x59,0x84,
0x51,0x84,0x51,0x63,0x59,0xa4,0x59,0xa4,0x59,0xc4,0x61,0xa4,0x61,0xc5,0x72,0x26,
0x6a,0x26,0x69,0xe4,0x6a,0x05,0x71,0xe5,0x6a,0x25,0x72,0x25,0x82,0xc8,0x82,0x86,
0x72,0x25,0x7a,0x45,0x72,0x25,0x72,0x25,0x72,0x45,0x72,0x25,0x72,0x45,0x72,0x25,
0x72,0x46,0x72,0x05,0x6a,0x26,0x72,0x05,0x6a,0x05,0x69,0xe4,0x72,0x66,0x7a,0x66,
0x6a,0x05,0x69,0xe4,0x62,0x05,0x69,0xe5,0x61,0xe5,0x61,0xc4,0x62,0x05,0x61,0xc4,
0x59,0xc4,0x59,0xa3,0x51,0xa4,0x59,0xa4,0x59,0xc5,0x59,0x84,0x51,0xa4,0x51,0x63,
0x49,0x63,0x51,0x63,0x49,0x64,0x49,0x43,0x39,0x43,0x41,0x23,0x39,0x23,0x39,0x02,
0x31,0x03,0x38,0xe2,0x31,0x03,0x30,0xc2,0x28,0xe3,0x30,0xc2,0x28,0xc3,0x28,0xc2,
0x28,0xc3,0x30,0xc2,0x20,0xc2,0x28,0xa2,0x20,0xa2,0x28,0x82,0x20,0xa2,0x28,0x82,
0x20,0xa2,0x20,0x81,0x20,0xa2,0x20,0x82,0x20,0x82,0x20,0x81,0x20,0x82,0x20,0x81,
0x20,0x82,0x20,0x81,0x18,0x82,0x20,0x61,0x18,0x82,0x20,0x61,0x18,0x61,0x20,0x61,
0x20,0x61,0x18,0x81,0x20,0x61,0x20,0x81,0x20,0x81,0x20,0x82,0x20,0x81,0x20,0x82,
0x20,0x81,0x20,0x81,0x28,0x81,0x20,0xa2,0x28,0x81,0x28,0xa2,0x28,0x81,0x28,0xa2,
0x30,0xa2,0x28,0xa2,0x30,0xa1,0x28,0xc2,0x30,0xa1,0x28,0xc2,0x38,0xe2,0x30,0xe2,
0x30,0xc2,0x30,0xe2,0x38,0xe2,0x39,0x03,0x40,0xe2,0x39,0x03,0x40,0xe2,0x41,0x03,
0x49,0x02,0x49,0x43,0x51,0x43,0x49,0x43,0x51,0x42,0x49,0x63,0x59,0x63,0x51,0x84,
0x59,0x83,0x59,0xc4,0x61,0xa3,0x59,0xc4,0x61,0xa4,0x61,0xc4,0x69,0xe4,0x6a,0x05,
0x71,0xe4,0x69,0xe4,0x72,0x04,0x72,0x46,0x72,0x24,0x72,0x66,0x7a,0x44,0x82,0xa6,
0x7a,0x65,0x72,0x45,0x72,0x44,0x72,0x45,0x7a,0x24,0x72,0x45,0x7a,0x45,0x72,0x45,
0x7a,0x45,0x7a,0x66,0x7a,0x45,0x72,0x25,0x72,0x04,0x72,0x45,0x7a,0x65,0x6a,0x24,
0x69,0xe4,0x6a,0x05,0x69,0xe4,0x62,0x05,0x69,0xe4,0x61,0xe4,0x69,0xe4,0x62,0x05,
0x61,0xc4,0x59,0xc4,0x59,0xa3,0x59,0xc4,0x59,0xa4,0x51,0xa4,0x59,0xa3,0x51,0x83,
0x51,0x63,0x49,0x63,0x51,0x63,0x49,0x63,0x41,0x42,0x39,0x43,0x41,0x23,0x39,0x23,
0x39,0x02,0x31,0x02,0x39,0x02,0x31,0x02,0x30,0xe2,0x28,0xe2,0x30,0xe2,0x30,0xe3,
0x30,0xc2,0x28,0xc2,0x28,0xc2,0x28,0xc2,0x28,0xa1,0x20,0xc2,0x28,0xa1,0x20,0xa2,
0x28,0xa1,0x20,0xa2,0x28,0xa1,0x20,0xa2,0x20,0x81,0x20,0xa2,0x20,0x81,0x20,0xa2,
0x20,0x81,0x20,0xa2,0x20,0x81,0x20,0x81,0x20,0x61,0x18,0x81,0x20,0x61,0x18,0x81,
0x18,0x61,0x20,0x61,0x18,0x82,0x20,0x61,0x18,0x82,0x20,0x81,0x18,0x82,0x20,0x81,
0x20,0x82,0x20,0x81,0x20,0x82,0x20,0x82,0x20,0xa2,0x28,0x82,0x28,0xa2,0x28,0x82,
0x28,0xa2,0x28,0x82,0x28,0xc2,0x28,0xa1,0x28,0xc2,0x28,0xa1,0x39,0x03,0x38,0xc2,
0x28,0xc2,0x30,0xc2,0x38,0xe3,0x38,0xc2,0x39,0x03,0x41,0x03,0x39,0x03,0x41,0x03,
0x41,0x23,0x49,0x43,0x49,0x64,0x49,0x23,0x51,0x84,0x51,0x64,0x51,0x84,0x59,0x64,
0x51,0xa4,0x61,0xc4,0x59,0xa4,0x61,0xa4,0x59,0xc4,0x61,0xc4,0x61,0xe5,0x6a,0x05,
0x69,0xe5,0x72,0x05,0x6a,0x05,0x72,0x05,0x6a,0x25,0x72,0x05,0x72,0x45,0x72,0x25,
0x72,0x46,0x7a,0x45,0x72,0x45,0x7a,0x45,0x72,0x46,0x72,0x25,0x72,0x46,0x72,0x25,
0x72,0x46,0x7a,0x45,0x72,0x25,0x72,0x25,0x6a,0x25,0x72,0x25,0x72,0x66,0x72,0x04,
0x62,0x05,0x69,0xe5,0x62,0x05,0x69,0xe4,0x62,0x05,0x69,0xe4,0x61,0xe5,0x61,0xe4,
0x59,0xe5,0x59,0xa4,0x59,0xc4,0x59,0xa4,0x51,0xa4,0x59,0xa4,0x51,0xa4,0x51,0x63,
0x49,0x64,0x49,0x43,0x49,0x64,0x49,0x43,0x39,0x43,0x41,0x22,0x39,0x23,0x39,0x03,
0x31,0x03,0x38,0xe2,0x31,0x03,0x30,0xc2,0x28,0xe3,0x30,0xc2,0x28,0xc3,0x28,0xc2,
0x28,0xc3,0x28,0xc2,0x20,0xc3,0x28,0xa2,0x20,0xa2,0x28,0xa2,0x20,0xa2,0x20,0x82,
0x20,0xa2,0x20,0x82,0x20,0xa2,0x20,0x82,0x20,0x82,0x20,0x81,0x20,0x82,0x20,0x81,
0x20,0x82,0x20,0x81,0x18,0x82,0x20,0x61,0x18,0x82,0x20,0x61,0x18,0x61,0x20,0x61,
0x20,0x61,0x18,0x81,0x20,0x61,0x20,0x81,0x20,0x81,0x20,0x82,0x20,0x81,0x20,0x82,
0x20,0x81,0x20,0x81,0x28,0x81,0x20,0xa2,0x28,0x81,0x28,0xa2,0x28,0x81,0x28,0xa2,
0x30,0xa2,0x28,0xa2,0x30,0xa1,0x28,0xc2,0x30,0xc1,0x28,0xc2,0x30,0xc2,0x30,0xe2,
0x38,0xc2,0x30,0xe3,0x38,0xe2,0x39,0x03,0x41,0x02,0x39,0x23,0x41,0x03,0x41,0x23,
0x49,0x22,0x49,0x43,0x51,0x63,0x49,0x64,0x51,0x63,0x51,0x64,0x51,0x63,0x51,0x84,
0x59,0x83,0x59,0xc5,0x61,0xa4,0x59,0xc4,0x69,0xe4,0x61,0xc4,0x69,0xc4,0x6a,0x25,
0x71,0xe4,0x6a,0x05,0x72,0x04,0x72,0x25,0x7a,0x45,0x72,0x45,0x7a,0x24,0x72,0x45,
0x7a,0x44,0x7a,0x86,0x7a,0x24,0x72,0x45,0x7a,0x45,0x72,0x45,0x7a,0x45,0x72,0x45,
0x7a,0x45,0x72,0x45,0x7a,0x25,0x72,0x45,0x7a,0x25,0x6a,0x25,0x72,0x04,0x6a,0x25,
0x72,0x04,0x6a,0x05,0x6a,0x04,0x62,0x05,0x6a,0x04,0x6a,0x45,0x69,0xe4,0x61,0xe4,
0x61,0xe4,0x61,0xe5,0x61,0xc4,0x59,0xc4,0x61,0xc4,0x62,0x45,0x61,0xe4,0x51,0xa4,
0x51,0x63,0x49,0x63,0x49,0x42,0x41,0x43,0x49,0x22,0x41,0x23,0x41,0x22,0x39,0x23,
0x41,0x02,0x39,0x43,0x38,0xe2,0x31,0x02,0x30,0xe2,0x28,0xe2,0x30,0xc2,0x31,0x02,
0x30,0xc2,0x28,0xc2,0x28,0xa2,0x28,0xc2,0x28,0xc2,0x20,0xa2,0x28,0xa1,0x20,0xa2,
0x28,0xa1,0x20,0xa2,0x28,0xa1,0x20,0xa2,0x20,0x81,0x20,0xa2,0x20,0x81,0x20,0xa2,
0x20,0x81,0x20,0xa2,0x20,0x81,0x20,0x81,0x20,0x61,0x18,0x81,0x20,0x61,0x18,0x81,
0x18,0x61,0x20,0x61,0x18,0x82,0x20,0x61,0x18,0x82,0x20,0x81,0x18,0x82,0x20,0x81,
0x20,0x82,0x20,0x81,0x20,0x82,0x20,0x82,0x20,0xa2,0x28,0x82,0x28,0xa2,0x28,0x82,
0x28,0xa2,0x28,0x82,0x28,0xc2,0x28,0xa1,0x28,0xc2,0x30,0xc2,0x28,0xc2,0x30,0xc2,
0x30,0xe3,0x38,0xe2,0x31,0x03,0x38,0xe2,0x49,0x64,0x41,0x02,0x41,0x03,0x49,0x03,
0x41,0x43,0x49,0x43,0x49,0x64,0x49,0x43,0x49,0x64,0x51,0x63,0x51,0x84,0x59,0x84,
0x51,0x84,0x59,0xa4,0x59,0xc4,0x6a,0x25,0x62,0x05,0x61,0xa4,0x61,0xc4,0x6a,0x05,
0x6a,0x05,0x72,0x05,0x6a,0x05,0x72,0x04,0x72,0x25,0x72,0x25,0x72,0x45,0x72,0x25,
0x72,0x45,0x72,0x25,0x72,0x45,0x72,0x25,0x72,0x45,0x7a,0x45,0x72,0x66,0x7a,0x66,
0x72,0x66,0x72,0x25,0x72,0x25,0x7a,0x45,0x72,0x45,0x72,0x04,0x72,0x46,0x72,0x25,
0x6a,0x05,0x6a,0x05,0x6a,0x26,0x6a,0x05,0x62,0x05,0x69,0xe4,0x61,0xe5,0x61,0xe4,
0x62,0x05,0x61,0xe4,0x61,0xe5,0x59,0xa3,0x59,0xc4,0x59,0xa3,0x51,0xa4,0x51,0x83,
0x49,0x84,0x51,0x63,0x41,0x63,0x49,0x23,0x41,0x64,0x41,0x23,0x39,0x23,0x39,0x02,
0x31,0x03,0x39,0x02,0x31,0x03,0x30,0xe2,0x28,0xe3,0x30,0xc2,0x29,0x03,0x31,0x03,
0x28,0xc3,0x28,0xc2,0x28,0xc3,0x28,0xa2,0x20,0xc3,0x28,0xc2,0x20,0xa2,0x20,0x82,
0x20,0xa2,0x20,0x82,0x20,0xa2,0x20,0x82,0x20,0x82,0x20,0x81,0x20,0x82,0x20,0x81,
0x20,0x82,0x20,0x81,0x18,0x82,0x20,0x61,0x18,0x61,0x20,0x61,0x18,0x82,0x20,0x81,
0x20,0x61,0x18,0x81,0x20,0x61,0x20,0x81,0x20,0x81,0x20,0x82,0x20,0x81,0x20,0x82,
0x20,0x81,0x20,0x81,0x28,0x81,0x20,0xa2,0x28,0x81,0x28,0xa2,0x28,0x81,0x28,0xa2,
0x30,0xa2,0x28,0xa2,0x30,0xa1,0x28,0xc2,0x30,0xc1,0x28,0xc2,0x30,0xc2,0x30,0xc2,
0x38,0xc2,0x31,0x03,0x38,0xe2,0x39,0x03,0x41,0x03,0x41,0x03,0x41,0x02,0x41,0x23,
0x49,0x22,0x49,0x63,0x51,0x43,0x49,0x64,0x51,0x42,0x59,0xc5,0x61,0xa4,0x59,0xa4,
0x59,0x83,0x59,0xc4,0x61,0xa3,0x61,0xe5,0x69,0xe4,0x61,0xe4,0x69,0xe4,0x6a,0x25,
0x7a,0x65,0x6a,0x25,0x72,0x04,0x6a,0x25,0x72,0x24,0x72,0x45,0x7a,0x45,0x72,0x45,
0x7a,0x24,0x72,0x45,0x7a,0x45,0x7a,0x86,0x7a,0x45,0x72,0x45,0x7a,0x25,0x7a,0x66,
0x7a,0x65,0x72,0x45,0x72,0x24,0x72,0x45,0x7a,0x24,0x72,0x25,0x72,0x24,0x7a,0x66,
0x71,0xe4,0x6a,0x05,0x72,0x04,0x72,0x46,0x69,0xe4,0x6a,0x25,0x69,0xe4,0x62,0x05,
0x69,0xe4,0x61,0xe5,0x61,0xe4,0x59,0xc4,0x59,0xa3,0x51,0xa4,0x59,0xa3,0x51,0x83,
0x61,0xe4,0x62,0x05,0x49,0x43,0x41,0x43,0x49,0x63,0x49,0x64,0x41,0x22,0x39,0x23,
0x39,0x02,0x39,0x03,0x39,0x02,0x31,0x03,0x30,0xe2,0x28,0xe2,0x30,0xc2,0x28,0xc2,
0x30,0xc2,0x28,0xc2,0x28,0xa1,0x28,0xc2,0x28,0xa1,0x28,0xc2,0x28,0xa1,0x20,0xa2,
0x28,0xa1,0x20,0xa2,0x28,0xa1,0x20,0xa2,0x20,0x81,0x20,0xa2,0x20,0x81,0x20,0xa2,
0x20,0x81,0x20,0xa2,0x20,0x81,0x20,0x81,0x20,0x61,0x18,0x81,0x20,0x61,0x18,0x81,
0x18,0x61,0x20,0x61,0x18,0x82,0x20,0x61,0x18,0x82,0x20,0x81,0x18,0x82,0x20,0x81,
0x20,0x82,0x20,0x81,0x20,0x82,0x20,0x82,0x20,0x82,0x28,0x82,0x20,0xa2,0x28,0xa2,
0x28,0xa2,0x28,0x82,0x28,0xa2,0x28,0xa2,0x28,0xc2,0x30,0xa2,0x28,0xc2,0x30,0xc2,
0x30,0xe3,0x38,0xe2,0x30,0xe3,0x38,0xe2,0x39,0x03,0x41,0x03,0x39,0x03,0x41,0x03,
0x41,0x23,0x49,0x43,0x49,0x43,0x51,0x43,0x49,0x63,0x51,0x63,0x51,0xa4,0x59,0x83,
0x51,0xa4,0x59,0xa4,0x61,0xe5,0x61,0xc4,0x62,0x05,0x69,0xe5,0x61,0xe5,0x6a,0x05,
0x72,0x46,0x72,0x04,0x6a,0x25,0x72,0x25,0x72,0x25,0x7a,0x45,0x72,0x66,0x7a,0x45,
0x72,0x65,0x7a,0x45,0x72,0x45,0x7a,0x45,0x72,0x46,0x7a,0x25,0x72,0x45,0x7a,0x25,
0x7a,0x86,0x72,0x24,0x72,0x46,0x72,0x25,0x72,0x46,0x72,0x25,0x6a,0x25,0x72,0x04,
0x6a,0x25,0x71,0xe5,0x6a,0x05,0x72,0x05,0x62,0x05,0x69,0xe4,0x62,0x05,0x61,0xe4,
0x61,0xe5,0x6a,0x05,0x59,0xe5,0x61,0xe4,0x51,0xa4,0x59,0xa3,0x51,0xa4,0x51,0x83,
0x62,0x25,0x62,0x05,0x41,0x63,0x49,0x43,0x41,0x43,0x49,0x43,0x39,0x23,0x41,0x23,
0x39,0x03,0x41,0x23,0x30,0xe3,0x30,0xe2,0x29,0x03,0x30,0xe2,0x28,0xe3,0x30,0xc2,
0x28,0xc2,0x30,0xc2,0x28,0xe3,0x28,0xa1,0x20,0xa2,0x28,0xa2,0x20,0xa2,0x28,0x82,
0x20,0xa2,0x20,0x82,0x20,0xa2,0x20,0x82,0x20,0xa2,0x20,0x81,0x20,0x82,0x20,0x81,
0x18,0x82,0x20,0x81,0x18,0x82,0x20,0x61,0x18,0x82,0x20,0x61,0x18,0x82,0x20,0x61,
0x20,0x61,0x18,0x81,0x20,0x61,0x20,0x81,0x20,0x81,0x20,0x82,0x20,0x81,0x20,0x82,
0x20,0x81,0x20,0x81,0x28,0x81,0x20,0xa2,0x28,0x81,0x20,0xa2,0x28,0x81,0x28,0xa2,
0x28,0x81,0x28,0xa2,0x30,0xa1,0x28,0xc2,0x30,0xc1,0x28,0xc2,0x30,0xc2,0x30,0xe2,
0x30,0xc2,0x30,0xe3,0x38,0xe2,0x39,0x03,0x41,0x02,0x39,0x03,0x41,0x02,0x41,0x23,
0x51,0x63,0x49,0x63,0x51,0x43,0x49,0x63,0x51,0x63,0x51,0x83,0x59,0x83,0x51,0x84,
0x59,0x83,0x59,0xc4,0x61,0xa3,0x61,0xe4,0x69,0xe4,0x62,0x05,0x69,0xe4,0x6a,0x05,
0x71,0xe4,0x72,0x25,0x72,0x04,0x72,0x25,0x7a,0x24,0x72,0x45,0x7a,0x25,0x72,0x45,
0x7a,0x65,0x7a,0x86,0x82,0x85,0x7a,0x65,0x7a,0x25,0x72,0x45,0x7a,0x25,0x7a,0x45,
0x7a,0x24,0x72,0x45,0x7a,0x44,0x72,0x45,0x7a,0x45,0x72,0x45,0x72,0x24,0x72,0x45,
0x72,0x04,0x6a,0x25,0x72,0x04,0x6a,0x25,0x71,0xe4,0x69,0xe4,0x69,0xe4,0x61,0xe4,
0x6a,0x04,0x62,0x05,0x61,0xe4,0x59,0xe4,0x59,0xa3,0x51,0xc4,0x59,0xa3,0x51,0xa3,
0x51,0x63,0x49,0x63,0x49,0x43,0x49,0x63,0x49,0x43,0x41,0x43,0x41,0x22,0x39,0x22,
0x41,0x02,0x39,0x03,0x39,0x02,0x31,0x02,0x30,0xe2,0x31,0x02,0x30,0xc2,0x28,0xe2,
0x30,0xc2,0x28,0xc2,0x28,0xc2,0x20,0xc2,0x28,0xa1,0x20,0xc2,0x28,0xa1,0x20,0xa2,
0x28,0xa1,0x20,0xa2,0x28,0xa1,0x20,0xa2,0x28,0x81,0x20,0xa2,0x20,0x81,0x20,0x82,
0x20,0x81,0x20,0x82,0x20,0x81,0x20,0x81,0x20,0x61,0x18,0x81,0x20,0x61,0x18,0x81,
0x18,0x61,0x20,0x61,0x18,0x82,0x20,0x61,0x18,0x82,0x20,0x81,0x18,0x82,0x20,0x81,
0x20,0x82,0x20,0x81,0x20,0x82,0x20,0x82,0x20,0xa2,0x28,0x82,0x20,0xa2,0x28,0xa2,
0x28,0xc3,0x28,0x82,0x28,0xa2,0x28,0xa2,0x28,0xc2,0x30,0xa2,0x28,0xc2,0x30,0xc2,
0x30,0xe3,0x30,0xc2,0x30,0xe3,0x38,0xe2,0x39,0x03,0x41,0x03,0x39,0x23,0x41,0x23,
0x49,0x44,0x49,0x23,0x49,0x43,0x51,0x43,0x49,0x64,0x51,0x43,0x51,0x64,0x59,0xa4,
0x59,0xa4,0x61,0xa4,0x59,0xc4,0x61,0xe4,0x61,0xe5,0x69,0xe5,0x69,0xe5,0x69,0xe5,
0x6a,0x05,0x71,0xe5,0x6a,0x25,0x72,0x25,0x72,0x25,0x7a,0x25,0x72,0x46,0x7a,0x45,
0x7a,0x66,0x82,0x86,0x7a,0x86,0x7a,0x45,0x7a,0x46,0x7a,0x45,0x7a,0x46,0x7a,0x45,
0x72,0x45,0x7a,0x45,0x72,0x66,0x7a,0x45,0x72,0x45,0x7a,0x45,0x72,0x45,0x82,0x86,
0x82,0xc7,0x72,0x04,0x6a,0x05,0x72,0x25,0x72,0x66,0x69,0xe4,0x61,0xe5,0x69,0xe4,
0x59,0xc4,0x61,0xc4,0x59,0xc4,0x59,0xc4,0x51,0xc4,0x59,0xa3,0x51,0xa4,0x51,0x83,
0x49,0x84,0x49,0x63,0x49,0x84,0x49,0x63,0x41,0x43,0x41,0x23,0x39,0x43,0x41,0x23,
0x39,0x24,0x38,0xe2,0x31,0x03,0x30,0xe2,0x28,0xe3,0x30,0xe2,0x28,0xe2,0x30,0xc2,
0x31,0x23,0x28,0xc2,0x28,0xc3,0x28,0xa2,0x20,0xa2,0x28,0xa2,0x20,0xa2,0x28,0x82,
0x20,0xa2,0x20,0x82,0x20,0xa2,0x20,0x82,0x20,0xa2,0x20,0x81,0x20,0x82,0x20,0x81,
0x18,0x82,0x20,0x81,0x18,0x82,0x20,0x61,0x18,0x82,0x20,0x61,0x18,0x82,0x20,0x61,
0x20,0x61,0x18,0x81,0x20,0x61,0x20,0x81,0x20,0x81,0x20,0x82,0x20,0x81,0x20,0x82,
0x20,0x81,0x20,0x81,0x28,0x81,0x20,0xa2,0x30,0xc2,0x20,0xa2,0x28,0xa1,0x28,0xc2,
0x28,0x81,0x28,0xa2,0x30,0xa1,0x28,0xc2,0x30,0xc1,0x28,0xc2,0x30,0xc2,0x30,0xe2,
0x38,0xe2,0x30,0xe2,0x40,0xe2,0x39,0x03,0x41,0x02,0x41,0x23,0x49,0x02,0x41,0x23,
0x49,0x23,0x49,0x63,0x51,0x43,0x49,0x63,0x51,0x62,0x51,0x84,0x59,0xa3,0x62,0x05,
0x72,0x25,0x6a,0x04,0x69,0xe4,0x6a,0x25,0x72,0x04,0x6a,0x45,0x7a,0x65,0x72,0x45,
0x7a,0x45,0x7a,0x65,0x82,0x65,0x7a,0x85,0x8a,0x85,0x8a,0xc6,0x8a,0x85,0x82,0xa6,
0x93,0x06,0x82,0xc5,0x93,0x06,0x82,0xc6,0x82,0xa5,0x82,0xa6,0x8a,0xa5,0x8a,0xc6,
0x82,0xa5,0x82,0xa6,0x8a,0xa5,0x82,0xc6,0x8a,0xa5,0x82,0xc6,0x7a,0x65,0x7a,0x85,
0x82,0x85,0x7a,0x65,0x7a,0x45,0x7a,0x66,0x7a,0x45,0x72,0x25,0x72,0x24,0x72,0x45,
0x72,0x04,0x6a,0x04,0x6a,0x04,0x61,0xe4,0x61,0xc4,0x59,0xe4,0x59,0xa3,0x51,0xa4,
0x51,0x83,0x49,0x83,0x51,0xa3,0x49,0x63,0x49,0x42,0x41,0x63,0x41,0x22,0x41,0x43,
0x41,0x02,0x39,0x02,0x38,0xe2,0x31,0x02,0x30,0xe2,0x30,0xe2,0x30,0xe2,0x28,0xe2,
0x30,0xc1,0x28,0xc2,0x30,0xe2,0x28,0xc2,0x28,0xa1,0x20,0xc2,0x28,0xa1,0x20,0xa2,
0x28,0xa1,0x20,0xa2,0x28,0xa1,0x20,0xa2,0x28,0x81,0x20,0xa2,0x20,0x81,0x20,0x82,
0x20,0x81,0x20,0x82,0x20,0x81,0x20,0x81,0x20,0x61,0x18,0x81,0x20,0x61,0x18,0x81,
0x18,0x61,0x20,0x61,0x18,0x82,0x20,0x61,0x18,0x82,0x20,0x81,0x18,0x82,0x20,0x81,
0x20,0x82,0x20,0x81,0x20,0x82,0x20,0x81,0x20,0x82,0x28,0xa2,0x20,0xa2,0x28,0xa2,
0x28,0xa2,0x28,0x82,0x20,0xa2,0x28,0xa2,0x28,0xc2,0x30,0xa2,0x28,0xc2,0x30,0xc2,
0x30,0xe3,0x38,0xe2,0x39,0x03,0x41,0x03,0x49,0x64,0x49,0x23,0x49,0x43,0x51,0x43,
0x49,0x64,0x51,0x84,0x51,0xa4,0x59,0xa4,0x59,0xc4,0x61,0xc4,0x61,0xe5,0x69,0xe4,
0x6a,0x25,0x7a,0x66,0x82,0xc7,0x7a,0x85,0x8b,0x07,0x82,0xa6,0x82,0xc6,0x8a,0xe7,
0x82,0xe6,0x93,0x06,0x93,0x27,0x92,0xe6,0x8b,0x27,0x9b,0x67,0x93,0x47,0x9b,0x47,
0x93,0x68,0x9b,0x47,0x93,0x68,0x93,0x47,0x9b,0x88,0x9b,0x67,0x93,0x47,0x9b,0x47,
0x93,0x47,0x93,0x27,0x93,0x47,0x9b,0x47,0x93,0x48,0x93,0x27,0x8b,0x27,0x93,0x07,
0x8b,0x27,0x93,0x07,0x82,0xe7,0x8a,0xe7,0x82,0xc7,0x82,0xa6,0x7a,0xa6,0x82,0xa6,
0x7a,0x86,0x7a,0x65,0x72,0x66,0x72,0x45,0x6a,0x46,0x6a,0x25,0x59,0xe5,0x61,0xe4,
0x59,0xe5,0x59,0xa3,0x62,0x46,0x59,0xa3,0x49,0x64,0x49,0x43,0x39,0x43,0x41,0x23,
0x39,0x23,0x39,0x02,0x31,0x03,0x38,0xe2,0x30,0xe3,0x30,0xc2,0x28,0xe3,0x30,0xc2,
0x28,0xc2,0x28,0xc2,0x28,0xc2,0x28,0xa1,0x20,0xa2,0x28,0xa2,0x20,0xa2,0x28,0x82,
0x20,0xa2,0x20,0x82,0x20,0xa2,0x20,0x82,0x20,0xa2,0x20,0x81,0x20,0x82,0x20,0x81,
0x18,0x82,0x20,0x81,0x18,0x82,0x20,0x61,0x18,0x82,0x20,0x61,0x18,0x82,0x20,0x61,
0x20,0x61,0x18,0x81,0x20,0x61,0x20,0x81,0x20,0x81,0x20,0x82,0x20,0x81,0x20,0xa2,
0x28,0x81,0x20,0xa2,0x28,0x81,0x20,0x82,0x28,0x81,0x28,0xa2,0x28,0xa1,0x28,0xc2,
0x28,0xa1,0x28,0xc2,0x30,0xc1,0x28,0xe2,0x30,0xc1,0x30,0xe2,0x38,0xe2,0x39,0x03,
0x41,0x02,0x41,0x43,0x49,0x43,0x49,0x64,0x51,0x63,0x51,0xa4,0x59,0xa3,0x59,0xc4,
0x61,0xe4,0x62,0x05,0x72,0x24,0x6a,0x45,0x72,0x44,0x72,0x85,0x82,0x85,0x82,0xc6,
0x8b,0x06,0x8b,0x27,0x93,0x26,0x93,0x47,0xab,0xc8,0x93,0x67,0x9b,0x67,0x9b,0xa8,
0xa3,0xc8,0xa3,0xe8,0xab,0xc8,0xa4,0x09,0xab,0xe8,0xac,0x09,0xb4,0x29,0xac,0x29,
0xac,0x08,0xac,0x4a,0xac,0x29,0xa4,0x29,0xbc,0x8a,0xb4,0x6a,0xb4,0x29,0xac,0x4a,
0xac,0x08,0xa4,0x09,0xab,0xe8,0xac,0x09,0xac,0x08,0xa4,0x08,0xa3,0xe8,0xa4,0x09,
0xa3,0xc7,0x9b,0xc8,0xa3,0xc7,0x9b,0xc8,0x9b,0x87,0x9b,0x87,0x9b,0x67,0x93,0x67,
0x93,0x46,0x93,0x47,0x8b,0x26,0x83,0x06,0x82,0xe6,0x7a,0xe6,0x8a,0xe6,0x7a,0xa5,
0x72,0x65,0x6a,0x65,0x6a,0x25,0x62,0x25,0x62,0x04,0x59,0xe4,0x59,0xe4,0x49,0xa3,
0x49,0x63,0x41,0x63,0x41,0x43,0x39,0x43,0x39,0x02,0x31,0x02,0x38,0xe2,0x31,0x03,
0x30,0xc2,0x28,0xe2,0x28,0xc2,0x28,0xc2,0x28,0xa1,0x28,0xc2,0x28,0xa1,0x20,0xc2,
0x28,0xa1,0x20,0xa2,0x28,0xa1,0x20,0xa2,0x20,0x81,0x20,0xa2,0x20,0x81,0x20,0x82,
0x20,0x81,0x20,0x82,0x20,0x81,0x20,0x81,0x20,0x81,0x20,0x81,0x20,0x61,0x18,0x81,
0x18,0x61,0x20,0x61,0x18,0x82,0x20,0x61,0x18,0x82,0x20,0x81,0x20,0x82,0x20,0x81,
0x20,0xa2,0x28,0x82,0x20,0xa2,0x28,0x82,0x20,0xa2,0x28,0xa2,0x28,0xc2,0x30,0xc2,
0x28,0xe2,0x30,0xe2,0x31,0x03,0x39,0x03,0x39,0x43,0x41,0x23,0x41,0x63,0x49,0x63,
0x51,0xa4,0x59,0x84,0x59,0xc4,0x61,0xe4,0x6a,0x25,0x72,0x25,0x72,0x85,0x93,0x89,
0x82,0xc6,0x8a,0xc6,0x8b,0x27,0x93,0x26,0x8b,0x67,0x9b,0x87,0x9b,0xe8,0xa3,0xe8,
0xa4,0x29,0xac,0x49,0xac,0x6a,0xb4,0x8a,0xb4,0xcb,0xbc,0xcb,0xbd,0x0c,0xc5,0x0c,
0xbd,0x4d,0xc5,0x4d,0xc5,0x6e,0xcd,0x6e,0xc5,0xaf,0xcd,0x8e,0xcd,0xcf,0xd5,0xcf,
0xcd,0xf0,0xcd,0xcf,0xcd,0xf0,0xcd,0xcf,0xce,0x10,0xd5,0xef,0xcd,0xf0,0xcd,0xcf,
0xce,0x10,0xcd,0xcf,0xcd,0xf0,0xcd,0xcf,0xc5,0xcf,0xc5,0x8e,0xc5,0xaf,0xcd,0xae,
0xc5,0x8e,0xc5,0x6d,0xbd,0x4d,0xc5,0x6d,0xb5,0x0c,0xb4,0xcb,0xac,0xcb,0xb4,0xaa,
0xb4,0xcb,0xb4,0x8a,0xa4,0x4a,0xa4,0x08,0xa4,0x09,0xa3,0xc8,0x9b,0xe9,0x9b,0xa7,
0x8b,0x67,0x8b,0x26,0x83,0x07,0x82,0xe6,0x72,0xc6,0x72,0x85,0x6a,0x85,0x6a,0x44,
0x5a,0x05,0x59,0xc3,0x51,0xc4,0x51,0x83,0x49,0xa4,0x49,0x63,0x39,0x43,0x41,0x23,
0x39,0x03,0x38,0xe2,0x31,0x03,0x30,0xc2,0x28,0xc2,0x28,0xa1,0x28,0xc2,0x28,0xa2,
0x20,0xc2,0x28,0xa1,0x20,0xa2,0x20,0x82,0x20,0x82,0x20,0x81,0x18,0x82,0x20,0x81,
0x18,0x82,0x20,0x81,0x18,0x82,0x20,0x61,0x18,0x82,0x20,0x61,0x18,0x82,0x20,0x61,
0x20,0x61,0x18,0x81,0x20,0x61,0x20,0x81,0x20,0x81,0x20,0x82,0x20,0x81,0x20,0xa2,
0x28,0x81,0x28,0xa2,0x28,0xa1,0x28,0xc2,0x30,0xc1,0x30,0xe2,0x38,0xe1,0x39,0x22,
0x41,0x22,0x41,0x43,0x51,0x62,0x51,0x84,0x59,0x83,0x59,0xc4,0x61,0xe3,0x6a,0x25,
0x7a,0x85,0x7a,0xc6,0x8b,0x06,0x8b,0x07,0x9b,0x67,0x9b,0xc9,0xa4,0x29,0xd5,0xcf,
0xb4,0xaa,0xb4,0xec,0xc5,0x2c,0xc5,0x8e,0xcd,0x8e,0xcd,0xf0,0xd6,0x11,0xde,0x53,
0xe6,0x73,0xe6,0xb5,0xee,0xd5,0xee,0xf6,0xef,0x17,0xef,0x58,0xf7,0x58,0xf7,0x79,
0xf7,0x79,0xf7,0x9a,0xff,0x79,0xf7,0xba,0xff,0x9a,0xf7,0xbb,0xff,0xbb,0xff,0xbb,
0xff,0xdb,0xff,0xdb,0xff,0xdb,0xff,0xfb,0xff,0xdb,0xff,0xdc,0xff,0xdb,0xff,0xdc,
0xff,0xdb,0xff,0xfc,0xff,0xdb,0xff,0xdc,0xff,0xbb,0xf7,0xbb,0xff,0xba,0xf7,0xbb,
0xff,0x9a,0xf7,0x9a,0xf7,0x79,0xf7,0x9a,0xf7,0x79,0xef,0x58,0xef,0x37,0xe7,0x17,
0xef,0x15,0xe6,0xf5,0xe6,0x93,0xde,0x93,0xde,0x52,0xce,0x31,0xcd,0xf0,0xc5,0xcf,
0xc5,0x4d,0xb5,0x2d,0xbc,0xcb,0xac,0x8b,0xa4,0x29,0x9c,0x09,0x9b,0xa7,0x8b,0x87,
0x8b,0x26,0x7b,0x06,0x7a,0xa5,0x6a,0x85,0x6a,0x44,0x62,0x04,0x61,0xe4,0x59,0xe4,
0x51,0xa4,0x49,0x84,0x49,0x63,0x39,0x43,0x41,0x43,0x39,0x23,0x39,0x02,0x31,0x02,
0x30,0xe2,0x28,0xe2,0x28,0xc2,0x20,0xc2,0x28,0xa1,0x20,0xc2,0x28,0x81,0x20,0xa2,
0x20,0x81,0x20,0x82,0x20,0x81,0x20,0x82,0x20,0x81,0x20,0x81,0x20,0x61,0x18,0x81,
0x18,0x61,0x20,0x61,0x20,0x82,0x28,0x82,0x20,0x82,0x28,0x82,0x28,0xc2,0x28,0xc2,
0x30,0xc2,0x38,0xe2,0x39,0x23,0x41,0x23,0x49,0x43,0x51,0x63,0x51,0x83,0x59,0xa4,
0x61,0xe5,0x6a,0x05,0x72,0x65,0x7a,0xa6,0x7b,0x06,0x8b,0x47,0x93,0xc9,0xa4,0x0a,
0xac,0xac,0xbc,0xed,0xc5,0x6f,0xd5,0xd0,0xd6,0x33,0xe6,0x74,0xe6,0xd6,0xef,0x17,
0xef,0x59,0xf7,0x79,0xf7,0x9a,0xff,0x9a,0xf7,0xbb,0xff,0x9b,0xf7,0xbc,0xff,0xbb,
0xf7,0xbc,0xff,0x9b,0xf7,0xbb,0xff,0x9b,0xf7,0xbc,0xff,0x9b,0xf7,0xbc,0xff,0x9b,
0xf7,0xbb,0xff,0xbb,0xff,0xbb,0xff,0xba,0xff,0xbb,0xff,0xbb,0xff,0xbb,0xff,0x9b,
0xff,0xbc,0xff,0xbb,0xff,0xdc,0xff,0xbc,0xff,0xdd,0xff,0xdc,0xff,0xdd,0xff,0xdc,
0xf7,0xdd,0xff,0xdc,0xff,0xfd,0xff,0xdd,0xff,0xde,0xff,0xdd,0xff,0xde,0xff,0xbd,
0xf7,0xbd,0xff,0xdd,0xff,0xfd,0xff,0xdd,0xff,0xdd,0xff,0xdd,0xff,0xfd,0xff,0xdd,
0xff,0xfd,0xff,0xdc,0xff,0xfd,0xff,0xdd,0xff,0xfd,0xff,0xdd,0xff,0xdd,0xff,0xbc,
0xf7,0xbc,0xf7,0x7b,0xf7,0x7b,0xf7,0x59,0xe7,0x18,0xe6,0xd6,0xde,0x94,0xd6,0x32,
0xcd,0xf2,0xc5,0x6f,0xb4,0xed,0xac,0x8b,0x9c,0x4a,0x93,0xc8,0x83,0x87,0x8b,0x87,
0x7b,0x27,0x6a,0x84,0x62,0x45,0x62,0x04,0x51,0xc4,0x51,0xa3,0x41,0x84,0x49,0x63,
0x39,0x63,0x41,0x42,0x31,0x23,0x30,0xe2,0x29,0x03,0x30,0xe2,0x28,0xc3,0x28,0xa2,
0x20,0xc2,0x28,0xa2,0x20,0xa2,0x20,0x81,0x20,0x82,0x20,0x81,0x18,0x82,0x20,0x61,
0x28,0x81,0x28,0xc2,0x30,0xa2,0x30,0xc2,0x38,0xe2,0x39,0x03,0x49,0x02,0x49,0x43,
0x51,0x62,0x59,0xa4,0x61,0xc3,0x6a,0x25,0x7a,0x64,0x7a,0xc6,0x8b,0x26,0x9b,0xa9,
0xa4,0x09,0xb4,0xac,0xbd,0x2e,0xcd,0xb0,0xde,0x32,0xe6,0xb5,0xee,0xf6,0xf7,0x38,
0xf7,0x78,0xf7,0x99,0xff,0x99,0xf7,0xba,0xff,0x9a,0xf7,0x7a,0xf7,0x79,0xf7,0x79,
0xf7,0x59,0xef,0x79,0xf7,0x58,0xef,0x79,0xf7,0x58,0xef,0x58,0xf7,0x38,0xef,0x58,
0xef,0x38,0xe7,0x38,0xee,0xf6,0xde,0xd6,0xe6,0xb3,0xde,0xb4,0xef,0x16,0xe6,0xd5,
0xde,0x73,0xde,0xb4,0xe6,0x93,0xde,0xb4,0xe6,0x73,0xde,0x73,0xe6,0x73,0xde,0x73,
0xde,0x53,0xde,0x94,0xe6,0x94,0xde,0x94,0xe6,0x94,0xde,0xb5,0xe6,0x94,0xde,0x95,
0xe6,0x94,0xe6,0xd5,0xf7,0x16,0xee,0xf6,0xee,0xd6,0xee,0xf7,0xee,0xd7,0xef,0x18,
0xf7,0x39,0xef,0x39,0xf7,0x39,0xf7,0x79,0xf7,0x79,0xf7,0x9a,0xff,0x9a,0xf7,0x9a,
0xf7,0x79,0xef,0x79,0xf7,0x59,0xef,0x7a,0xf7,0x7a,0xef,0x7a,0xf7,0x7a,0xf7,0x9b,
0xff,0x7a,0xf7,0x9b,0xff,0x9b,0xff,0xbc,0xff,0xbb,0xff,0xfc,0xff,0xfd,0xff,0xfd,
0xff,0xfc,0xff,0xfd,0xff,0xdb,0xf7,0xbb,0xf7,0x79,0xef,0x39,0xe6,0xd5,0xd6,0x74,
0xcd,0xf1,0xbd,0x6f,0xb4,0xcc,0x9c,0x6b,0x93,0xc9,0x83,0x67,0x7a,0xe5,0x6a,0xa5,
0x6a,0x44,0x5a,0x24,0x59,0xe3,0x51,0xc3,0x49,0x83,0x41,0x63,0x39,0x42,0x31,0x22,
0x31,0x02,0x31,0x02,0x30,0xe2,0x28,0xe2,0x28,0xc2,0x28,0xc2,0x28,0xa1,0x28,0xc2,
0x30,0xe2,0x39,0x02,0x41,0x23,0x49,0x43,0x51,0xa4,0x59,0xe4,0x6a,0x24,0x7a,0x85,
0x83,0x07,0x93,0x68,0x9c,0x2a,0xb4,0xac,0xc5,0x4f,0xdd,0xf1,0xde,0x95,0xee,0xd6,
0xef,0x59,0xf7,0x79,0xf7,0xba,0xff,0x9a,0xf7,0xba,0xf7,0x79,0xef,0x79,0xf7,0x79,
0xef,0x79,0xf7,0x58,0xef,0x59,0xf7,0x38,0xef,0x38,0xf7,0x38,0xef,0x38,0xef,0x18,
0xef,0x38,0xef,0x38,0xe7,0x38,0xef,0x17,0xe7,0x18,0xe6,0xd7,0xe6,0xd7,0xe6,0xd7,
0xde,0xd6,0xde,0x95,0xde,0x95,0xde,0x74,0xd6,0x54,0xde,0x33,0xd6,0x54,0xd6,0x12,
0xd6,0x33,0xd5,0xf2,0xc5,0xb1,0xcd,0xb0,0xcd,0xb1,0xd5,0xb1,0xcd,0xb1,0xcd,0x8f,
0xc5,0x6f,0xcd,0x8f,0xc5,0xb0,0xcd,0x8f,0xc5,0x90,0xc5,0x6f,0xbd,0x4f,0xc5,0x2e,
0xbd,0x2e,0xc5,0x2e,0xc5,0x6f,0xc5,0x2e,0xc5,0x2e,0xc5,0x2e,0xc5,0x6f,0xcd,0x6f,
0xd5,0xd1,0xcd,0x6f,0xcd,0xd1,0xd6,0x11,0xd6,0x53,0xde,0x53,0xde,0x94,0xde,0x53,
0xd6,0x53,0xd6,0x33,0xd6,0x53,0xd6,0x33,0xd6,0x54,0xde,0x53,0xde,0x95,0xde,0x53,
0xd6,0x74,0xde,0x53,0xd6,0x74,0xde,0x94,0xde,0xb5,0xe6,0xd6,0xef,0x38,0xf7,0x59,
0xf7,0x7a,0xf7,0x7a,0xf7,0x7b,0xf7,0x7a,0xf7,0x7b,0xff,0x7b,0xf7,0xbc,0xff,0xbc,
0xff,0xdc,0xff,0xdc,0xff,0xdd,0xff,0x9c,0xef,0x5a,0xe6,0xd8,0xd6,0x95,0xcd,0xd2,
0xb5,0x4f,0xa4,0x8c,0x94,0x0b,0x8b,0x88,0x7b,0x27,0x72,0xa5,0x62,0x65,0x5a,0x03,
0x49,0xc4,0x49,0x83,0x41,0x63,0x41,0x22,0x31,0x23,0x31,0x02,0x31,0x03,0x30,0xe2,
0x59,0xa3,0x62,0x25,0x7a,0x85,0x83,0x27,0x9b,0xa8,0xac,0x4b,0xbd,0x0d,0xcd,0xd0,
0xe6,0x72,0xee,0xf5,0xf7,0x36,0xf7,0x77,0xff,0x77,0xf7,0x98,0xf7,0x57,0xef,0x57,
0xef,0x16,0xe6,0xf6,0xe6,0xd4,0xde,0xb5,0xe6,0x93,0xde,0x94,0xe6,0x73,0xd6,0x32,
0xd5,0xd1,0xcd,0xd1,0xd5,0xd1,0xd6,0x13,0xdd,0xf3,0xd6,0x13,0xde,0x33,0xde,0x54,
0xe6,0x95,0xe6,0xd6,0xde,0x13,0xd6,0x34,0xde,0x13,0xd6,0x34,0xde,0x53,0xde,0x54,
0xde,0x53,0xd6,0x53,0xde,0x32,0xde,0x53,0xde,0x33,0xde,0x54,0xde,0x33,0xde,0x54,
0xde,0x33,0xd6,0x34,0xdd,0xf2,0xd6,0x13,0xde,0x13,0xd6,0x33,0xd5,0xd1,0xcd,0x90,
0xd5,0x70,0xcd,0xb1,0xd5,0xb1,0xcd,0xb1,0xcd,0x4e,0xc5,0x4f,0xcd,0x4f,0xcd,0x90,
0xd5,0xb0,0xde,0x12,0xd5,0x8f,0xbd,0x0e,0xb4,0xab,0xa4,0x4a,0xa4,0x08,0xa4,0x29,
0xab,0xe8,0xac,0x29,0xac,0x08,0xa4,0x29,0xac,0x29,0xa4,0x49,0xac,0x49,0xac,0x6a,
0xac,0x6a,0xac,0x8a,0xb4,0x8b,0xac,0x8b,0xb4,0x8b,0xac,0xac,0xb4,0xab,0xac,0x8b,
0xb4,0xcc,0xb4,0xec,0xbc,0xec,0xbd,0x2d,0xbd,0x2e,0xbd,0x6f,0xc5,0x6f,0xc5,0x90,
0xc5,0x90,0xc5,0xb1,0xcd,0xf1,0xde,0x94,0xe6,0x95,0xe6,0xd6,0xe6,0xd6,0xe6,0xf7,
0xf7,0x39,0xf7,0x7a,0xff,0x9b,0xff,0xbc,0xff,0x9b,0xf7,0xbc,0xff,0xbc,0xff,0xfd,
0xff,0xfc,0xff,0xfc,0xff,0x9a,0xef,0x59,0xee,0xd5,0xd6,0x53,0xc5,0x6f,0xac,0xcd,
0x9c,0x09,0x83,0x87,0x7a,0xe5,0x6a,0x84,0x62,0x24,0x51,0xe3,0x49,0xa3,0x41,0x63,
0x9c,0x2a,0xb4,0xcc,0xcd,0xb0,0xe6,0x52,0xe6,0xf5,0xf7,0x35,0xef,0x56,0xf7,0x35,
0xef,0x15,0xe6,0xb4,0xe6,0x93,0xde,0x52,0xd6,0x32,0xd5,0xb0,0xc5,0x6f,0xc5,0x4e,
0xbd,0x2e,0xb4,0xac,0xac,0xac,0xb4,0x8b,0xac,0x8c,0xb4,0x8c,0xa4,0x4c,0x9b,0xe9,
0xa4,0x4b,0xb4,0x8c,0xa4,0x6c,0xac,0x4b,0xa4,0x4d,0xac,0x2c,0xac,0x8e,0xb4,0x8d,
0xb4,0xae,0xb4,0x8d,0xb4,0xce,0xb4,0xad,0xac,0x8e,0xac,0x4c,0x9b,0xeb,0x93,0xa9,
0x9b,0xeb,0xac,0x4c,0xb4,0xad,0xb4,0xad,0xbd,0x0f,0xc5,0x50,0xbd,0x30,0xc5,0x2f,
0xbd,0x2f,0xc5,0x4f,0xcd,0xb1,0xd5,0x91,0xcd,0x91,0xc5,0x2f,0xa4,0x6c,0xac,0x8b,
0xac,0x8d,0xac,0x6c,0xac,0x8c,0xa3,0xea,0x9b,0xea,0xa3,0xea,0xa4,0x2a,0xa3,0xe9,
0xa4,0x2b,0xac,0x4b,0xac,0x6c,0xa4,0x0a,0x9c,0x0a,0x9b,0xc9,0x8b,0x87,0x93,0x87,
0x9b,0xa8,0xa3,0xa8,0x9b,0xa9,0x9b,0x88,0x9b,0xc9,0x9b,0xc8,0x9c,0x0a,0xa3,0xe9,
0x9b,0xe9,0x9b,0xa8,0x9b,0xc9,0x9b,0xc9,0x9b,0xea,0x9b,0xa8,0x93,0xca,0x9b,0xc9,
0x93,0xea,0xa4,0x0a,0x9c,0x0b,0x9b,0xea,0x9c,0x4c,0xac,0x6c,0xac,0xad,0xb4,0xad,
0xb4,0xef,0xc5,0x2f,0xc5,0x71,0xcd,0x91,0xbd,0x72,0xc5,0x71,0xcd,0xf4,0xcd,0xf3,
0xcd,0xf4,0xcd,0xb3,0xc5,0xd3,0xcd,0xf3,0xce,0x14,0xd6,0x13,0xd6,0x54,0xde,0x74,
0xde,0x95,0xe6,0xb5,0xe7,0x18,0xf7,0x39,0xf7,0x7a,0xff,0x7a,0xff,0xbb,0xff,0xbb,
0xf7,0x9a,0xef,0x18,0xde,0x94,0xcd,0xd1,0xb5,0x0e,0x9c,0x4a,0x8b,0xa9,0x7a,0xe6,
0xf7,0x14,0xf7,0x35,0xf7,0x14,0xe6,0xd3,0xde,0x51,0xd6,0x10,0xd5,0xae,0xc5,0x6e,
0xc5,0x0d,0xbc,0xec,0xb4,0x8b,0xac,0x6b,0xa4,0x09,0x9b,0xe8,0x9b,0xa7,0x93,0xa8,
0x93,0x67,0x8b,0x67,0x93,0x67,0x9b,0xa9,0x9b,0xa9,0x93,0xa9,0x8b,0x27,0x8b,0x48,
0x93,0x68,0x8b,0x69,0x8b,0x28,0x83,0x28,0x83,0x07,0x83,0x28,0x83,0x07,0x7a,0xe7,
0x8b,0x28,0x83,0x08,0x8b,0x07,0x83,0x28,0x8b,0x27,0x8b,0x48,0x8b,0x07,0x7a,0xe7,
0x8b,0x06,0x8b,0x68,0x9b,0x89,0x9b,0xea,0xa4,0x0b,0xac,0x6c,0xac,0x6b,0x9c,0x2b,
0xa3,0xe9,0xac,0x6b,0xb4,0x8c,0xb4,0xed,0xbc,0xac,0xac,0x8c,0xa3,0xe9,0x93,0xa8,
0x93,0x87,0x8b,0x87,0x93,0x26,0x83,0x26,0x8b,0x06,0x8b,0x47,0x93,0x27,0x93,0x68,
0x93,0x27,0x8b,0x27,0x93,0x47,0x93,0xa9,0xa3,0xc9,0xa4,0x0a,0xa3,0xea,0xa4,0x2b,
0xac,0x2b,0xac,0x6c,0xac,0x6b,0xa4,0x6c,0xac,0x6c,0xa4,0x6c,0xac,0x6c,0x9c,0x4b,
0x93,0xa9,0x83,0x68,0x8b,0x68,0x93,0xa9,0x9b,0xa9,0x9b,0xea,0x9b,0xea,0xa4,0x8d,
0xbc,0xee,0xb5,0x2f,0xbd,0x0f,0xac,0xef,0xac,0x8d,0xb4,0xef,0xac,0x8d,0x8b,0xaa,
0x83,0x27,0x7b,0x48,0x83,0x28,0x7b,0x29,0x72,0x66,0x6a,0x45,0x6a,0x24,0x6a,0x45,
0x6a,0x65,0x6a,0x85,0x72,0xa5,0x72,0xc6,0x7a,0xe6,0x83,0x47,0x8b,0x67,0x8b,0xa8,
0x9b,0xc9,0x9c,0x2a,0xac,0x6a,0xac,0xac,0xbc,0xed,0xbd,0x4e,0xcd,0xb0,0xd6,0x12,
0xde,0x93,0xe6,0xf5,0xef,0x36,0xef,0x78,0xff,0x79,0xf7,0x79,0xf7,0x36,0xde,0xb4,
0xd5,0xf0,0xcd,0x6e,0xc5,0x2d,0xbc,0xcc,0xb4,0xab,0xac,0x4a,0xa4,0x2a,0xa3,0xe9,
0x9b,0xc9,0x9b,0x88,0x93,0x69,0x93,0x48,0x8b,0x69,0x8b,0x27,0x83,0x08,0x82,0xe7,
0x7a,0xc7,0x7a,0xa6,0x72,0xc7,0x7a,0xa7,0x72,0x87,0x72,0x46,0x6a,0x67,0x6a,0x46,
0x6a,0x46,0x61,0xe4,0x59,0xc5,0x59,0xa4,0x51,0xa4,0x59,0xa4,0x51,0xc4,0x59,0xc4,
0x62,0x05,0x61,0xe4,0x59,0xc4,0x59,0xc4,0x59,0xe4,0x61,0xe4,0x62,0x05,0x61,0xe4,
0x6a,0x45,0x7a,0xa6,0x93,0xaa,0xac,0x0c,0xa4,0x4d,0xa4,0x0c,0x9c,0x0c,0x93,0x8a,
0x8b,0x69,0x8b,0x49,0x8b,0x6a,0x93,0x69,0x8b,0x49,0x82,0xe7,0x7b,0x07,0x8b,0x07,
0x83,0x28,0x8b,0x27,0x82,0xe7,0x8a,0xe7,0x8b,0x49,0x93,0x48,0x8b,0x49,0x8b,0x28,
0x83,0x08,0x93,0x49,0x8b,0x69,0x9b,0x89,0x93,0xaa,0xac,0x0b,0xa4,0x6d,0xac,0x8d,
0xac,0xae,0xb4,0xad,0xb4,0xef,0xbc,0xef,0xbd,0x30,0xbd,0x30,0xbd,0x30,0xbd,0x0f,
0xac,0xef,0xac,0xae,0x9c,0x6d,0x9c,0x2c,0xa4,0x8e,0xac,0xae,0xad,0x10,0xbd,0x30,
0xc5,0xb3,0xbd,0x51,0xb5,0x52,0xbd,0x72,0xad,0x31,0x93,0xec,0x73,0x28,0x6a,0x85,
0x5a,0x25,0x51,0xe4,0x51,0xe4,0x51,0xc4,0x51,0xe5,0x59,0xc4,0x51,0xc5,0x59,0xe5,
0x51,0xe5,0x59,0xe4,0x51,0xe4,0x59,0xe4,0x62,0x65,0x6a,0x45,0x62,0x45,0x62,0x45,
0x6a,0x66,0x72,0xa6,0x7b,0x28,0x8b,0x68,0x8b,0xa9,0x93,0xa9,0x93,0xea,0x9b,0xe9,
0xa4,0x4b,0xac,0x8b,0xb4,0xed,0xc5,0x2d,0xc5,0xb0,0xd6,0x11,0xde,0x94,0xee,0xd5,
0xab,0xe8,0x9b,0xc8,0x9b,0x87,0x93,0x67,0x93,0x07,0x8a,0xe7,0x8a,0xe7,0x7a,0xc7,
0x7a,0x66,0x6a,0x45,0x6a,0x04,0x62,0x05,0x61,0xc4,0x59,0xc4,0x59,0x83,0x51,0xa3,
0x51,0x63,0x51,0x63,0x51,0x63,0x51,0x84,0x51,0x63,0x49,0x63,0x49,0x43,0x41,0x43,
0x49,0x23,0x41,0x43,0x49,0x23,0x41,0x43,0x49,0x43,0x41,0x64,0x49,0x63,0x49,0x63,
0x49,0x63,0x49,0x63,0x51,0x63,0x49,0x83,0x51,0x63,0x49,0x84,0x51,0x83,0x51,0xa4,
0x62,0x05,0x6a,0x46,0x6a,0x45,0x62,0x25,0x62,0x04,0x62,0x25,0x72,0x46,0x5a,0x05,
0x61,0xe4,0x61,0xe5,0x61,0xe4,0x62,0x05,0x61,0xe4,0x62,0x05,0x69,0xe4,0x62,0x05,
0x6a,0x24,0x72,0x86,0x7a,0x85,0x72,0xa6,0x7a,0xa6,0x7a,0xc7,0x82,0xa6,0x72,0x86,
0x7a,0x85,0x72,0xa6,0x7a,0xa6,0x7a,0xe7,0x82,0xe6,0x83,0x28,0x93,0xa9,0x93,0xea,
0x9b,0xea,0x93,0xea,0x9b,0xeb,0x9c,0x2c,0x9b,0xeb,0x9c,0x2c,0xa4,0x6c,0x9c,0x4c,
0xac,0x8d,0xac,0xae,0xb4,0xae,0xac,0xcf,0xbd,0x30,0xbd,0x72,0xc5,0x31,0xbd,0x51,
0xbd,0x51,0xb5,0x51,0xb5,0x30,0xad,0x10,0xb5,0x31,0xb5,0x51,0xb5,0x10,0xa4,0x8e,
0x8b,0xab,0x73,0x29,0x5a,0x25,0x51,0xe5,0x51,0xa4,0x51,0xc5,0x51,0xa4,0x49,0xa5,
0x49,0x84,0x49,0xa4,0x49,0xa3,0x6a,0xc8,0x72,0xa6,0x51,0xe4,0x51,0xc4,0x5a,0x25,
0x5a,0x05,0x52,0x05,0x59,0xe4,0x5a,0x45,0x6a,0x65,0x72,0xc7,0x7a,0xe7,0x7b,0x28,
0x8b,0x67,0x93,0xca,0x9b,0xe9,0x9c,0x2a,0xa4,0x2a,0xa4,0x6b,0xb4,0xab,0xbd,0x2d,
0x72,0x86,0x72,0x65,0x72,0x66,0x6a,0x24,0x62,0x05,0x61,0xe4,0x59,0xc5,0x59,0xa4,
0x49,0x84,0x49,0x43,0x49,0x64,0x49,0x43,0x41,0x64,0x49,0x23,0x39,0x23,0x41,0x02,
0x39,0x23,0x41,0x02,0x39,0x03,0x39,0x02,0x39,0x03,0x38,0xe2,0x31,0x03,0x38,0xe2,
0x31,0x03,0x38,0xe2,0x31,0x03,0x39,0x03,0x31,0x03,0x39,0x03,0x39,0x23,0x39,0x03,
0x39,0x24,0x41,0x23,0x39,0x43,0x41,0x43,0x39,0x44,0x41,0x43,0x41,0x64,0x49,0x63,
0x41,0x64,0x49,0x63,0x49,0x64,0x51,0x63,0x49,0x84,0x51,0x63,0x49,0x84,0x59,0xa4,
0x51,0xa4,0x59,0xa4,0x59,0xe5,0x61,0xc4,0x59,0xc5,0x59,0xa4,0x62,0x05,0x6a,0x05,
0x62,0x25,0x69,0xe4,0x61,0xe5,0x61,0xc4,0x62,0x05,0x6a,0x05,0x6a,0x25,0x6a,0x24,
0x72,0x86,0x7a,0xc7,0x8b,0x69,0x93,0x69,0x93,0xab,0x9b,0xcb,0x9c,0x0c,0xa4,0x2b,
0x9c,0x2c,0x9b,0xeb,0x93,0xec,0x9b,0xeb,0x8b,0xab,0x8b,0x69,0x7b,0x29,0x83,0x28,
0x73,0x08,0x7b,0x08,0x73,0x29,0x83,0x69,0x7b,0x4a,0x93,0xab,0x94,0x0d,0x8b,0xab,
0x8b,0xed,0x8b,0xab,0x6b,0x2a,0x62,0x87,0x5a,0x67,0x6a,0xc8,0x5a,0x87,0x62,0x67,
0x73,0x09,0x6a,0xa7,0x6a,0xc9,0x51,0xe5,0x41,0x84,0x39,0x23,0x39,0x64,0x39,0x43,
0x39,0x84,0x41,0x64,0x41,0xa5,0x51,0xe6,0x49,0xc5,0x52,0x06,0x73,0x2a,0x6a,0xc8,
0x73,0x4b,0x83,0xab,0x62,0xe9,0x62,0x87,0x52,0x46,0x62,0x66,0x5a,0x66,0x6a,0x86,
0x6a,0xa7,0x72,0xc7,0x73,0x29,0x7b,0x08,0x7b,0x69,0x8b,0x89,0x94,0x0b,0xa4,0x4c,
0x59,0x83,0x51,0xa4,0x51,0x83,0x51,0x84,0x49,0x63,0x41,0x43,0x41,0x23,0x39,0x23,
0x39,0x02,0x39,0x03,0x38,0xe2,0x31,0x03,0x38,0xe2,0x30,0xe3,0x30,0xc2,0x28,0xc2,
0x30,0xc2,0x28,0xc2,0x30,0xc2,0x28,0xc2,0x30,0xe2,0x28,0xe2,0x30,0xc2,0x28,0xc2,
0x30,0xc2,0x28,0xe2,0x30,0xe2,0x31,0x03,0x39,0x02,0x31,0x02,0x38,0xe2,0x31,0x02,
0x39,0x02,0x39,0x23,0x39,0x02,0x39,0x23,0x41,0x23,0x39,0x23,0x41,0x22,0x41,0x43,
0x49,0x43,0x49,0x84,0x49,0x43,0x49,0x63,0x51,0xa4,0x51,0xa4,0x51,0x63,0x49,0x84,
0x59,0x83,0x6a,0x66,0x61,0xc4,0x59,0xe5,0x6a,0x05,0x72,0x87,0x72,0x45,0x6a,0x66,
0x7a,0x86,0x6a,0x66,0x7a,0xa6,0x83,0x08,0x82,0xe7,0x7a,0xc6,0x72,0x65,0x6a,0x65,
0x7a,0x85,0x7a,0xa6,0x82,0xc7,0x83,0x08,0x8b,0x68,0x83,0x49,0x7a,0xe7,0x83,0x48,
0x8b,0x69,0x83,0x28,0x82,0xe7,0x72,0xa6,0x72,0x65,0x62,0x45,0x62,0x25,0x59,0xe5,
0x49,0x63,0x49,0x63,0x51,0xa3,0x51,0xe5,0x51,0xa3,0x49,0xc4,0x5a,0x25,0x52,0x25,
0x62,0x87,0x6a,0xe9,0x6a,0xa7,0x52,0x05,0x41,0x83,0x49,0xc4,0x41,0x62,0x49,0xe5,
0x49,0xa4,0x49,0xe5,0x5a,0x26,0x49,0xe6,0x62,0x47,0x49,0xc5,0x41,0x85,0x41,0xa5,
0x31,0x03,0x29,0x03,0x31,0x02,0x29,0x23,0x31,0x02,0x39,0x64,0x49,0xe5,0x4a,0x06,
0x73,0x0a,0x83,0xed,0x73,0x2a,0x73,0x4a,0x6a,0xc8,0x6b,0x09,0x73,0x09,0x62,0xc8,
0x6a,0xa7,0x6b,0x09,0x7b,0x29,0x73,0x09,0x6a,0x86,0x6a,0xe8,0x72,0xc7,0x6a,0xe8,
0x31,0x03,0x38,0xe2,0x31,0x03,0x39,0x03,0x31,0x03,0x30,0xe2,0x28,0xc3,0x30,0xc3,
0x28,0xc3,0x28,0xa2,0x20,0xc3,0x28,0xa2,0x20,0xa2,0x28,0x82,0x20,0xa2,0x28,0x82,
0x20,0xa2,0x20,0x81,0x20,0x82,0x20,0x81,0x20,0xa2,0x28,0x82,0x20,0xa2,0x28,0xa1,
0x20,0xc2,0x28,0xc2,0x28,0xc2,0x30,0xa2,0x28,0xc3,0x30,0xc2,0x28,0xe3,0x38,0xe3,
0x39,0x24,0x38,0xe2,0x31,0x03,0x39,0x02,0x39,0x23,0x39,0x03,0x39,0x43,0x41,0x43,
0x41,0x64,0x49,0x63,0x51,0xa5,0x51,0x84,0x51,0xe5,0x51,0xa4,0x51,0xc5,0x61,0xe5,
0x59,0xe4,0x83,0x09,0x62,0x25,0x62,0x05,0x6a,0x66,0x7a,0xc7,0x7a,0xe8,0x7a,0xc7,
0x83,0x08,0x8b,0x28,0x8b,0x69,0x8b,0x28,0x83,0x28,0x83,0x07,0x83,0x08,0x82,0xc7,
0x83,0x49,0x8b,0x28,0x83,0x6a,0x93,0xaa,0x8b,0xaa,0x93,0xaa,0x9c,0x0c,0xa4,0x0c,
0x9c,0x2c,0x93,0xaa,0x8b,0x6a,0x83,0x07,0x72,0xa7,0x6a,0x66,0x5a,0x26,0x62,0x05,
0x5a,0x26,0x51,0xa4,0x51,0xe5,0x51,0xc4,0x41,0x84,0x49,0x63,0x49,0xc5,0x49,0x83,
0x51,0xe5,0x6a,0xa8,0x5a,0x67,0x49,0xc4,0x5a,0x88,0x6a,0xa8,0x5a,0x88,0x49,0xa4,
0x39,0x64,0x39,0x23,0x29,0x03,0x30,0xe2,0x29,0x03,0x30,0xe2,0x29,0x04,0x39,0x44,
0x20,0xe3,0x28,0xe3,0x29,0x03,0x28,0xe3,0x29,0x04,0x28,0xe3,0x29,0x03,0x31,0x44,
0x31,0x64,0x41,0xa5,0x4a,0x27,0x5a,0x47,0x52,0x68,0x62,0x88,0x62,0xea,0x5a,0x68,
0x5a,0xc9,0x6b,0x09,0x5a,0x67,0x62,0xa8,0x7b,0x8b,0x83,0xab,0x94,0x4e,0x9c,0x4e,
0x28,0xa1,0x28,0xc2,0x28,0xa1,0x28,0xc2,0x28,0xa1,0x20,0xa2,0x28,0xa2,0x20,0xa2,
0x20,0x81,0x20,0xa2,0x20,0x81,0x20,0xa2,0x20,0x81,0x18,0x81,0x20,0x81,0x18,0x81,
0x20,0x81,0x18,0xa2,0x20,0x81,0x20,0x82,0x20,0x81,0x20,0xa2,0x28,0x81,0x20,0xa2,
0x28,0xa1,0x28,0xc2,0x30,0xc2,0x28,0xc2,0x28,0xa2,0x28,0xc3,0x30,0xe2,0x31,0x02,
0x39,0x02,0x31,0x03,0x39,0x02,0x39,0x23,0x41,0x23,0x41,0x64,0x49,0x63,0x49,0xa4,
0x51,0xa4,0x51,0xc5,0x62,0x05,0x62,0x26,0x62,0x05,0x59,0xe5,0x62,0x25,0x6a,0x86,
0x6a,0x45,0x6a,0x66,0x72,0x86,0x72,0xa7,0x7a,0xa6,0x83,0x28,0x8b,0x48,0x93,0xa9,
0x93,0x89,0x93,0x89,0x9b,0xa9,0x8b,0x68,0x93,0x68,0x8b,0x69,0x8b,0x48,0x8b,0x89,
0x9b,0xea,0x9c,0x0b,0x9b,0xeb,0x9c,0x0b,0x9b,0xeb,0x93,0xeb,0x9b,0xca,0x93,0xeb,
0x93,0xaa,0x83,0x69,0x7a,0xe7,0x72,0xe7,0x72,0x86,0x62,0x46,0x6a,0x25,0x62,0x26,
0x6a,0x66,0x6a,0x87,0x6a,0x66,0x6a,0x87,0x62,0x26,0x49,0xc4,0x49,0x83,0x41,0x84,
0x49,0x63,0x49,0xa4,0x51,0xc5,0x51,0xe6,0x62,0x26,0x62,0x67,0x62,0x87,0x5a,0x46,
0x6a,0xa8,0x52,0x47,0x49,0x85,0x49,0xe6,0x39,0x64,0x28,0xe3,0x28,0xc2,0x20,0xc2,
0x28,0xc2,0x20,0xe2,0x28,0xc2,0x29,0x03,0x31,0x23,0x31,0x24,0x31,0x23,0x39,0x85,
0x41,0xa5,0x41,0xe6,0x5a,0x47,0x5a,0x88,0x5a,0x47,0x5a,0x68,0x6a,0xe9,0x62,0xc9,
0x5a,0x87,0x6b,0x0a,0x62,0xa8,0x5a,0x88,0x6a,0xe9,0x73,0x4b,0x83,0xac,0x9c,0xb0,
0x20,0x82,0x20,0x81,0x20,0x82,0x20,0x81,0x18,0x82,0x18,0x61,0x18,0xa2,0x18,0x61,
0x18,0x81,0x18,0x61,0x18,0x81,0x18,0x81,0x18,0x82,0x18,0x61,0x18,0xc1,0x9c,0x90,
0xd6,0xb5,0xb5,0xb1,0x39,0x86,0x20,0x81,0x20,0xa2,0x28,0xa2,0x20,0xc3,0x28,0xc2,
0x20,0xa2,0x28,0x82,0x20,0xc2,0x28,0xa2,0x28,0xc3,0x28,0xa2,0x28,0xc2,0x30,0xc2,
0x31,0x03,0x38,0xe2,0x31,0x03,0x39,0x03,0x39,0x23,0x41,0x43,0x41,0x84,0x51,0xa4,
0x51,0xa5,0x59,0xc5,0x62,0x26,0x6a,0x46,0x6a,0x66,0x62,0x25,0x6a,0x66,0x7a,0xa7,
0x72,0xc7,0x7a,0xe7,0x7b,0x08,0x8b,0x28,0x8b,0x69,0x8b,0x48,0x8b,0x69,0x93,0x69,
0x8b,0xaa,0x93,0x69,0x83,0x48,0x8b,0x27,0x8b,0x69,0x93,0x69,0x93,0xca,0x93,0xa9,
0x8b,0x8a,0x93,0x89,0x8b,0x6a,0x8b,0x28,0x7b,0x09,0x7a,0xe8,0x7b,0x29,0x7a,0xc7,
0x62,0x66,0x62,0x45,0x62,0x46,0x62,0x05,0x5a,0x26,0x51,0xa4,0x49,0xa5,0x49,0x63,
0x49,0xa5,0x51,0xa4,0x49,0xc5,0x51,0xc5,0x51,0xe5,0x59,0xe5,0x52,0x06,0x5a,0x06,
0x41,0x64,0x41,0x44,0x41,0xa5,0x51,0xe5,0x5a,0x67,0x6a,0x88,0x52,0x06,0x49,0xc5,
0x39,0x64,0x41,0x64,0x31,0x24,0x39,0x64,0x39,0xa6,0x28,0xe3,0x20,0xc3,0x28,0xc2,
0x20,0xc3,0x20,0xa2,0x20,0xa2,0x28,0xc2,0x29,0x04,0x31,0x04,0x29,0x24,0x28,0xe3,
0x29,0x03,0x31,0x44,0x39,0x85,0x39,0x64,0x39,0x85,0x49,0xc6,0x52,0x47,0x5a,0x47,
0x41,0xe6,0x41,0xa5,0x4a,0x27,0x52,0x26,0x4a,0x27,0x5a,0x68,0x4a,0x47,0x62,0xa9,
0x20,0x61,0x18,0x81,0x18,0x60,0x18,0x61,0x18,0x60,0x18,0x61,0x18,0x40,0x18,0x61,
0x18,0x60,0x18,0x61,0x18,0x61,0x18,0x81,0x20,0x81,0x18,0x81,0xa5,0x2e,0xf7,0xfa,
0xff,0xf8,0xf7,0xf9,0xe6,0xd7,0x20,0xe0,0x41,0xe3,0xe7,0x18,0xf7,0xb7,0xef,0xb8,
0xc5,0xd4,0x20,0xc0,0x28,0xa1,0x28,0xc2,0x28,0xa2,0x28,0xc2,0x28,0xa1,0x28,0xe2,
0x30,0xe2,0x31,0x02,0x30,0xe2,0x31,0x03,0x39,0x02,0x39,0x43,0x49,0x63,0x49,0xa4,
0x51,0x84,0x51,0xa4,0x62,0x05,0x5a,0x05,0x62,0x25,0x6a,0x66,0x72,0x66,0x6a,0x66,
0x6a,0x45,0x72,0xa6,0x83,0x06,0x8b,0x89,0x8b,0x47,0x83,0x48,0x8b,0x48,0x8b,0x69,
0x8b,0x48,0x8b,0x48,0x8b,0x48,0x8b,0x69,0x8b,0x28,0x83,0x28,0x8b,0x28,0x83,0x08,
0x82,0xc7,0x7a,0xc7,0x6a,0x45,0x59,0xe4,0x59,0xa4,0x51,0xc4,0x51,0xa3,0x49,0x84,
0x49,0x63,0x41,0x63,0x49,0x63,0x41,0x84,0x49,0x63,0x41,0x63,0x41,0x62,0xb5,0x31,
0x62,0x67,0x41,0x63,0x41,0x43,0x39,0x64,0x41,0x22,0x39,0x43,0x41,0x23,0x39,0x43,
0x41,0x43,0x39,0x43,0x39,0x23,0x31,0x23,0x51,0xe5,0x41,0x84,0x28,0xc1,0x31,0x03,
0x39,0x43,0x31,0x43,0x31,0x02,0x29,0x03,0x31,0x03,0x28,0xe3,0x28,0xc2,0x28,0xe3,
0x28,0xe2,0x28,0xe3,0x28,0xa2,0x20,0xc2,0x20,0xa1,0x20,0xc2,0x20,0xa1,0x20,0xa2,
0x28,0xc2,0x20,0xe3,0x28,0xc2,0x29,0x03,0x39,0x64,0x31,0x44,0x31,0x02,0x31,0x63,
0x39,0x84,0x39,0xa4,0x39,0x84,0x41,0xc5,0x41,0xc4,0x41,0xe5,0x39,0x84,0x41,0xe5,
0x10,0x61,0x18,0x41,0x10,0x41,0x18,0x41,0x10,0x41,0x18,0x41,0x10,0x41,0x18,0x41,
0x10,0x41,0x18,0x41,0x10,0x41,0x18,0x41,0x10,0x61,0x18,0x41,0xe7,0x77,0xff,0xf9,
0xf7,0xf9,0xff,0xf8,0xff,0xdb,0x4a,0x24,0x42,0x25,0xf7,0x79,0xf7,0xf9,0xff,0xf8,
0xd6,0x77,0x20,0xc0,0x20,0xa2,0x28,0xa2,0x20,0xa2,0x28,0x82,0x20,0xa2,0x30,0xc2,
0x28,0xc3,0x30,0xc2,0x31,0x03,0x41,0x23,0x41,0x64,0x51,0xa5,0x51,0xc5,0x59,0xe5,
0x59,0xe6,0x59,0xc5,0x51,0xc5,0x59,0xc5,0x5a,0x05,0x6a,0x46,0x6a,0x66,0x62,0x05,
0x62,0x25,0x72,0x86,0x8b,0x89,0xa4,0x2b,0x7b,0x08,0x82,0xe7,0x7b,0x08,0x8b,0x28,
0x83,0x28,0x7a,0xc6,0x72,0xc7,0x72,0x66,0x6a,0x66,0x72,0x66,0x6a,0x46,0x6a,0x46,
0x62,0x46,0x62,0x05,0x5a,0x05,0x62,0x25,0x5a,0x05,0x59,0xc4,0x49,0x84,0x49,0x64,
0x41,0x64,0x49,0x63,0x41,0x64,0x41,0x43,0x39,0x64,0x41,0x43,0x73,0xa9,0xff,0xda,
0xde,0x97,0x39,0x82,0x39,0x44,0x39,0x23,0x39,0x23,0x39,0x03,0x31,0x23,0x39,0x03,
0x31,0x03,0x30,0xe2,0x29,0x03,0x30,0xe2,0x31,0x44,0x28,0xc2,0x28,0xe3,0x28,0xa2,
0x20,0xc2,0x28,0xa2,0x20,0xc3,0x28,0xc2,0x20,0xc3,0x20,0xa2,0x20,0xc2,0x28,0xc2,
0x29,0x03,0x28,0xe3,0x20,0xc3,0x20,0xa2,0x18,0xa2,0x20,0x81,0x18,0x82,0x20,0x82,
0x18,0x82,0x20,0x82,0x18,0x82,0x20,0x61,0x18,0xa2,0x20,0xc2,0x18,0xa2,0x20,0xa2,
0x18,0xc2,0x31,0x23,0x31,0x65,0x41,0x85,0x41,0xe6,0x49,0xe6,0x39,0xa6,0x39,0x85,
0x18,0x40,0x10,0x41,0x18,0x41,0x10,0x61,0x18,0x41,0x10,0x61,0x18,0x41,0x10,0x61,
0x18,0x40,0x10,0x61,0x18,0x40,0x10,0x61,0x18,0x40,0x10,0x61,0xf7,0xd8,0xf7,0xf9,
0xff,0xf8,0xf7,0xf9,0xff,0xda,0x52,0xc6,0x20,0x81,0x20,0xc2,0x28,0xc2,0x28,0xe3,
0x20,0x81,0x20,0xa2,0x28,0x81,0x20,0xa2,0x28,0xa1,0x20,0xc2,0x28,0xa1,0x28,0xc2,
0x28,0xa1,0x30,0xe3,0x39,0x02,0x31,0x23,0x41,0x02,0x41,0x64,0x51,0xa4,0x49,0x84,
0x49,0x63,0x41,0x64,0x49,0x63,0x49,0xa4,0x61,0xe4,0x62,0x26,0x6a,0x25,0x6a,0x66,
0x72,0x86,0x7a,0xc7,0x7a,0xa6,0x7a,0xe7,0x82,0xe6,0x7a,0xe7,0x82,0xe7,0x83,0x28,
0x82,0xe7,0x6a,0x65,0x61,0xe4,0x51,0xa4,0x51,0x63,0x49,0x84,0x51,0x63,0x49,0x63,
0x51,0x83,0x49,0x63,0x51,0x62,0x59,0xc5,0x51,0x63,0x49,0x84,0x41,0x43,0x41,0x63,
0x49,0x63,0x41,0x64,0x41,0x43,0x41,0x63,0x41,0x43,0x49,0xe5,0xef,0x76,0xf7,0xf9,
0xff,0xf9,0x9c,0xee,0x49,0x63,0x41,0x84,0x41,0x63,0x39,0x64,0x39,0x43,0x31,0x23,
0x30,0xe2,0x31,0x03,0x30,0xe2,0x28,0xe3,0x28,0xc2,0x28,0xc2,0x28,0xc1,0x28,0xc2,
0x28,0xc2,0x20,0xc2,0x28,0xc2,0x20,0xc2,0x28,0xc2,0x20,0xc2,0x28,0xc2,0x20,0xc2,
0x20,0xa1,0x20,0xa2,0x20,0x81,0x18,0x82,0x20,0x81,0x18,0x82,0x20,0x81,0x18,0x82,
0x20,0x81,0x18,0xa2,0x20,0x81,0x18,0xa2,0x20,0x81,0x18,0xa2,0x18,0x81,0x18,0x82,
0x20,0x81,0x18,0x82,0x18,0x81,0x18,0x82,0x20,0xa2,0x20,0xe3,0x28,0xe2,0x21,0x03,
0x10,0x41,0x10,0x41,0x10,0x41,0x10,0x41,0x10,0x41,0x10,0x41,0x10,0x41,0x18,0x41,
0x10,0x41,0x18,0x41,0x10,0x41,0x18,0x41,0x10,0x61,0x18,0x41,0xf7,0xf9,0xff,0xf9,
0xf7,0xf9,0xff,0xf8,0xf7,0xfb,0x52,0x86,0x29,0x42,0xbd,0x93,0xc6,0x54,0xce,0x53,
0x94,0x70,0x20,0x80,0x20,0x82,0x20,0x81,0x20,0xa2,0x28,0x82,0x20,0xa2,0x28,0x81,
0x20,0xa2,0x28,0xa2,0x28,0xc2,0x28,0xc2,0x28,0xe3,0x39,0x03,0x39,0x23,0x41,0x23,
0x41,0x64,0x49,0x84,0x51,0xe5,0x61,0xe6,0x5a,0x05,0x62,0x25,0x62,0x46,0x6a,0x46,
0x6a,0x66,0x6a,0x45,0x62,0x46,0x72,0x66,0x6a,0x86,0x72,0x66,0x72,0xa7,0x7a,0xa7,
0x72,0xa7,0x72,0x66,0x62,0x46,0x59,0xe4,0x51,0xa5,0x51,0x84,0x49,0xa4,0x59,0xc5,
0x51,0xe5,0x51,0x84,0x49,0xa4,0x51,0x84,0x49,0xa5,0x51,0x84,0x41,0x84,0x41,0x43,
0x41,0x64,0x49,0x63,0x41,0x64,0x49,0x63,0x39,0x83,0xb5,0x10,0xf7,0xf9,0xff,0xf8,
0xf7,0xf9,0xf7,0xd8,0x62,0xa8,0x49,0xa4,0x39,0x64,0x39,0x23,0x31,0x23,0x31,0x02,
0x28,0xe3,0x30,0xc2,0x28,0xe3,0x30,0xe2,0x28,0xe3,0x28,0xc2,0x28,0xc3,0x28,0xc2,
0x20,0xc3,0x28,0xa2,0x20,0xc3,0x20,0xa2,0x20,0xa2,0x20,0xa2,0x18,0xa2,0x20,0x82,
0x18,0xa2,0x20,0x81,0x18,0x82,0x18,0x81,0x18,0x82,0x18,0x62,0x18,0x82,0x18,0x81,
0x18,0x82,0x20,0x82,0x18,0x82,0x18,0x82,0x18,0x82,0x18,0x81,0x18,0x82,0x18,0x82,
0x18,0xc2,0x20,0xa2,0x18,0x82,0x20,0x82,0x18,0xa2,0x20,0x81,0x18,0xa2,0x20,0x81,
0x18,0x40,0x10,0x41,0x10,0x40,0x10,0x41,0x18,0x41,0x10,0x61,0x18,0x41,0x10,0x61,
0x18,0x41,0x10,0x61,0x18,0x40,0x10,0x61,0x18,0x40,0x10,0x61,0xf7,0xd8,0xf7,0xf9,
0xff,0xf8,0xf7,0xf9,0xff,0xda,0x52,0xa6,0x52,0x85,0xff,0xfb,0xff,0xf8,0xf7,0xf9,
0xef,0x39,0x18,0xc0,0x20,0x81,0x20,0xa2,0x28,0x81,0x20,0xa2,0x28,0x81,0x20,0xc2,
0x28,0xa1,0x28,0xc2,0x28,0xc2,0x28,0xe3,0x30,0xc2,0x28,0xe2,0x38,0xe2,0x39,0x43,
0x41,0x43,0x41,0x84,0x49,0x63,0x49,0xa4,0x59,0xc4,0x62,0x46,0x6a,0x25,0x62,0x26,
0x6a,0x25,0x6a,0x66,0x72,0x66,0x6a,0x66,0x6a,0x45,0x62,0x25,0x62,0x04,0x62,0x46,
0x62,0x25,0x62,0x46,0x59,0xc4,0x51,0xa4,0x59,0xa4,0x51,0xa4,0x51,0x83,0x51,0xa4,
0x51,0xa3,0x51,0xa4,0x51,0x83,0x51,0xc5,0x51,0xa4,0x49,0xa4,0x51,0x84,0x49,0x63,
0x51,0x63,0x49,0x84,0x49,0x63,0x49,0x84,0x6a,0xe6,0xff,0xda,0xff,0xf8,0xf7,0xf9,
0xff,0xf8,0xf7,0xf9,0xcd,0xd3,0x39,0x82,0x39,0x23,0x31,0x03,0x31,0x02,0x29,0x02,
0x30,0xe2,0x28,0xe3,0x30,0xe2,0x31,0x03,0x30,0xc2,0x28,0xe2,0x28,0xc2,0x28,0xe2,
0x28,0xc2,0x28,0xc2,0x28,0xc2,0x20,0xe3,0x28,0xc2,0x20,0xc2,0x20,0xa1,0x20,0xc2,
0x20,0xa1,0x18,0xa2,0x20,0x81,0x18,0x82,0x18,0x61,0x18,0x82,0x20,0x81,0x18,0x82,
0x20,0x81,0x18,0x82,0x20,0x81,0x18,0x82,0x20,0x81,0x18,0xa2,0x20,0xc2,0x20,0xc2,
0x28,0xc2,0x20,0xe3,0x20,0xc2,0x20,0xc2,0x28,0xc2,0x20,0xe2,0x28,0xe2,0x29,0x23,
0x10,0x41,0x10,0x21,0x08,0x41,0x10,0x41,0x10,0x41,0x10,0x41,0x10,0x41,0x10,0x41,
0x10,0x41,0x18,0x41,0x10,0x41,0x18,0x41,0x10,0x61,0x18,0x41,0xf7,0xf9,0xff,0xf9,
0x39,0xe4,0xce,0x15,0xf7,0xfb,0x52,0x86,0x18,0x81,0x41,0x85,0x4a,0x47,0x52,0x26,
0x29,0x04,0x20,0x61,0x18,0x82,0x20,0x81,0x20,0x82,0x20,0x82,0x20,0xa2,0x28,0xa2,
0x20,0xa2,0x28,0xa2,0x28,0xc3,0x31,0x03,0x39,0x44,0x39,0x23,0x39,0x44,0x41,0x23,
0x39,0x44,0x39,0x03,0x39,0x44,0x41,0x43,0x41,0x63,0x51,0xa4,0x51,0xc5,0x7a,0xc9,
0xa4,0x70,0x72,0xa8,0x62,0x26,0x61,0xe4,0x51,0xc5,0x51,0xa4,0x7b,0x6c,0xa4,0x70,
0x7b,0x4c,0x49,0x64,0x49,0x64,0x49,0x64,0x49,0xa4,0x51,0x84,0x51,0xc5,0x51,0xa5,
0x49,0xa4,0x51,0x84,0x49,0x84,0x49,0x63,0x49,0x64,0x51,0x84,0x51,0xa5,0x51,0xa4,
0x49,0xa4,0x49,0x84,0x41,0x84,0x49,0x84,0xb5,0xf1,0xff,0xf9,0xf7,0xf9,0xff,0xf8,
0xf7,0xf9,0xff,0xf8,0xff,0xda,0x6b,0x27,0x41,0x85,0x41,0x44,0x39,0x44,0x31,0x03,
0x28,0xe3,0x30,0xc2,0x28,0xc2,0x28,0xa2,0x20,0xc2,0x28,0xc2,0x20,0xc3,0x28,0xc2,
0x28,0xc3,0x28,0xa2,0x20,0xc2,0x20,0xa2,0x18,0xa2,0x20,0xa2,0x18,0x82,0x20,0x82,
0x18,0x82,0x20,0x61,0x18,0x82,0x20,0x82,0x20,0xc3,0x20,0x82,0x41,0xe7,0x28,0xc3,
0x18,0xa2,0x20,0x82,0x29,0x04,0x52,0x28,0x20,0xe3,0x29,0x03,0x29,0x03,0x39,0x44,
0x31,0x85,0x39,0x84,0x39,0xa6,0x39,0x65,0x39,0x85,0x39,0x85,0x39,0x85,0x41,0xa5,
0x18,0x41,0x10,0x41,0x18,0x41,0x10,0x41,0x18,0x41,0x10,0x41,0x10,0x40,0x10,0x61,
0x18,0x41,0x10,0x61,0x18,0x41,0x10,0x61,0x18,0x41,0x10,0x61,0xff,0xf8,0xf7,0xf9,
0x18,0x80,0xbd,0xd4,0xff,0xda,0x52,0xa6,0x18,0x61,0x18,0x61,0x20,0x61,0x18,0x81,
0x20,0x61,0x18,0x82,0x20,0x61,0x20,0x82,0x20,0x81,0x20,0xa2,0x28,0xa1,0x20,0xa2,
0x28,0xa1,0x20,0xa2,0x28,0xc1,0x41,0x84,0x41,0x43,0x39,0x44,0x41,0x43,0x39,0x43,
0x41,0x23,0x31,0x03,0x39,0x02,0x39,0x23,0x41,0x43,0x41,0x64,0x51,0xe6,0xb5,0x12,
0x5a,0x47,0xbd,0x53,0x59,0xc4,0x51,0xc4,0x49,0xa4,0xb5,0x33,0x83,0x6c,0x52,0x06,
0x93,0xee,0x52,0x07,0x41,0x03,0x39,0x23,0x39,0x02,0x39,0x23,0x41,0x43,0x41,0x64,
0x41,0x43,0x41,0x64,0x49,0x63,0x49,0x84,0x49,0x63,0x41,0x84,0x49,0x63,0x49,0x84,
0x49,0x63,0x41,0x64,0x41,0x43,0x5a,0x26,0xff,0xd8,0xf7,0xf9,0xff,0xf8,0xf7,0xf9,
0xff,0xf8,0xf7,0xf9,0xff,0xf9,0xce,0x93,0x49,0x64,0x39,0x43,0x41,0x43,0x39,0x43,
0x39,0x23,0x31,0x23,0x31,0x02,0x28,0xe2,0x28,0xa2,0x20,0xa2,0x28,0xa2,0x20,0xa2,
0x20,0x81,0x20,0x82,0x20,0x81,0x18,0x81,0x20,0x61,0x18,0x81,0x20,0x81,0x18,0x82,
0x20,0x81,0x20,0xa2,0x20,0x81,0x20,0xa2,0x28,0xe3,0x94,0x71,0x6b,0x0b,0xad,0x54,
0x39,0x44,0x29,0x24,0xad,0x13,0x4a,0x27,0x49,0xc5,0x41,0xe5,0x49,0xc5,0x4a,0x06,
0x52,0x26,0x52,0x67,0x5a,0x47,0x52,0x47,0x5a,0x67,0x52,0x67,0x5a,0x47,0x52,0x67,
0x10,0x41,0x10,0x21,0x10,0x41,0x10,0x21,0x10,0x41,0x10,0x21,0x10,0x42,0x18,0x41,
0x10,0x41,0x10,0x41,0x10,0x41,0x10,0x41,0x10,0x60,0x9c,0xb1,0xf7,0xf9,0xf7,0xb8,
0x10,0x80,0xb5,0x53,0xf7,0xf9,0xd6,0xb4,0x20,0xc3,0x18,0x61,0x18,0x62,0x18,0x61,
0x18,0x82,0x20,0x82,0x20,0xa2,0x20,0x81,0x20,0x82,0x20,0x82,0x20,0xa2,0x20,0x82,
0x20,0xa2,0x20,0x82,0x30,0xe2,0x51,0xe6,0x31,0x23,0x30,0xe2,0x29,0x03,0x30,0xc2,
0x28,0xe3,0x30,0xe2,0x30,0xe3,0x38,0xe2,0x31,0x23,0x39,0x23,0x52,0x07,0x9c,0x4f,
0x41,0x85,0xb4,0xf2,0x49,0x84,0x49,0x84,0x6a,0xca,0xa4,0x91,0x49,0xa4,0x49,0x84,
0x49,0xa5,0x49,0x84,0x49,0xa5,0x49,0x84,0x49,0x84,0x49,0x64,0x41,0x64,0x41,0x43,
0x39,0x64,0x41,0x63,0x41,0x84,0x49,0x63,0x41,0x84,0x41,0x63,0x41,0x84,0x49,0x64,
0x41,0x84,0x41,0x63,0x39,0x63,0xa4,0x8f,0xf7,0xf9,0xff,0xf8,0xf7,0xf9,0xff,0xf8,
0xf7,0xf9,0xff,0xf8,0xf7,0xf9,0xff,0xf8,0x5a,0x67,0x41,0x63,0x39,0x64,0x41,0x44,
0x39,0x64,0x41,0x84,0x41,0xa5,0x39,0x43,0x31,0x44,0x31,0x03,0x31,0x04,0x31,0x03,
0x29,0x03,0x28,0xe3,0x29,0x04,0x28,0xe3,0x29,0x03,0x28,0xe3,0x20,0xc3,0x28,0xc3,
0x21,0x03,0x29,0x03,0x29,0x03,0x28,0xc2,0x21,0x04,0xac,0xf3,0x31,0x44,0x7b,0x8d,
0x5a,0xca,0x73,0x4c,0x7b,0xce,0x39,0x65,0x31,0x85,0x41,0xa5,0x39,0xc5,0x41,0xc5,
0x41,0xe6,0x49,0xe5,0x52,0x47,0x5a,0x47,0x52,0x47,0x52,0x47,0x52,0x68,0x5a,0x88,
0x18,0x41,0x10,0x41,0x18,0x41,0x10,0x41,0x18,0x41,0x10,0x41,0x18,0x40,0x10,0x41,
0x10,0x40,0x10,0x41,0x18,0x41,0x10,0x61,0x52,0x85,0xff,0xfb,0xff,0xb9,0x5b,0x07,
0x18,0x60,0x31,0x65,0xdf,0x15,0xf7,0xf9,0x9c,0x90,0x10,0x80,0x18,0x61,0x18,0x81,
0x20,0x61,0x20,0xa2,0x28,0x81,0x20,0x82,0x20,0x81,0x20,0xa2,0x28,0xa1,0x20,0xa2,
0x28,0xa1,0x20,0xa2,0x30,0xc2,0x28,0xe3,0x30,0xc2,0x28,0xe3,0x31,0x02,0x31,0x23,
0x39,0x02,0x39,0x23,0x41,0x23,0x39,0x64,0x41,0x43,0x41,0x44,0x41,0x43,0x83,0xad,
0xa4,0x90,0x6a,0xea,0x49,0x63,0x49,0x84,0x9c,0x4f,0x73,0x2b,0x49,0x63,0x49,0xa4,
0x51,0xa4,0x51,0xe5,0x6a,0x46,0x59,0xe5,0x61,0xe5,0x59,0xe5,0x51,0xc4,0x49,0xa4,
0x51,0x84,0x49,0xa4,0x51,0xa4,0x49,0xa4,0x49,0x63,0x41,0x84,0x49,0x63,0x41,0x44,
0x49,0x63,0x41,0x64,0x41,0xa2,0xde,0x96,0xff,0xf8,0xf7,0xf9,0xff,0xf8,0xf7,0xf9,
0xff,0xf8,0xf7,0xf9,0xff,0xf8,0xf7,0xf9,0x9c,0x4d,0x41,0xa3,0x49,0x64,0x41,0x84,
0x49,0xa4,0x49,0xc5,0x41,0x84,0x39,0x64,0x39,0x23,0x31,0x23,0x31,0x03,0x31,0x23,
0x31,0x03,0x29,0x23,0x30,0xe2,0x29,0x03,0x30,0xe2,0x31,0x03,0x31,0x03,0x31,0x43,
0x31,0x23,0x31,0x44,0x31,0x43,0x31,0x43,0x31,0x03,0x8c,0x2f,0x83,0xce,0xad,0x54,
0x49,0xe6,0xad,0x54,0x39,0x64,0x31,0x44,0x31,0x03,0x29,0x03,0x31,0x03,0x29,0x23,
0x31,0x43,0x31,0x64,0x41,0xa5,0x39,0xa5,0x39,0x64,0x39,0x85,0x41,0xa5,0x31,0x64,
0x10,0x42,0x10,0x41,0x10,0x42,0x10,0x41,0x10,0x42,0x10,0x41,0x10,0x41,0x10,0x21,
0x08,0x41,0x10,0x21,0x10,0x41,0x10,0x41,0x9d,0x2f,0xff,0xda,0x84,0x0f,0x10,0x60,
0x10,0x62,0x18,0x41,0x42,0x25,0xff,0xdb,0xe7,0x3a,0x18,0x80,0x18,0x62,0x18,0x61,
0x18,0x82,0x20,0x61,0x18,0x82,0x20,0x81,0x20,0x82,0x20,0x82,0x20,0xa2,0x20,0x82,
0x20,0xa2,0x28,0xa2,0x20,0xc2,0x30,0xc2,0x29,0x03,0x30,0xe2,0x31,0x03,0x39,0x23,
0x39,0x23,0x41,0x23,0x41,0x84,0x51,0xa5,0x41,0x84,0x6a,0x67,0x51,0xc5,0x49,0x84,
0x41,0x64,0x49,0x63,0x41,0x84,0x41,0x63,0xa4,0xd2,0x62,0x89,0x49,0xa5,0x51,0xa4,
0x49,0xa4,0x49,0xa4,0x51,0xe5,0x59,0xc5,0x51,0xe5,0x59,0xc5,0x51,0xe5,0x59,0xc5,
0x51,0xe5,0x51,0xa4,0x41,0x84,0x51,0xa4,0x41,0x64,0x41,0x43,0x41,0x64,0x41,0x44,
0x39,0x44,0x41,0x44,0x39,0xc3,0xff,0x79,0xf7,0xf9,0xff,0xf8,0xf7,0xf9,0xff,0xf8,
0xf7,0xf9,0xff,0xf8,0xf7,0xf9,0xff,0xf8,0xad,0x31,0x41,0xa3,0x41,0xa5,0x49,0xa4,
0x39,0xa4,0x41,0x84,0x39,0x84,0x39,0x64,0x31,0x64,0x39,0x43,0x31,0x44,0x31,0x03,
0x29,0x03,0x30,0xe3,0x29,0x03,0x28,0xe3,0x29,0x03,0x31,0x03,0x29,0x24,0x31,0x03,
0x29,0x24,0x31,0x03,0x29,0x24,0x28,0xe3,0x20,0xe3,0x28,0xe3,0x39,0xa6,0x28,0xe2,
0x9c,0xd3,0x39,0x65,0x5a,0x8a,0x49,0xe7,0x20,0xc3,0x20,0x82,0x18,0xa3,0x18,0x82,
0x18,0xa2,0x20,0x82,0x18,0xa2,0x20,0x82,0x18,0xa2,0x18,0x82,0x18,0xc2,0x20,0xc2,
0x18,0x41,0x10,0x41,0x18,0x41,0x10,0x41,0x18,0x41,0x10,0x41,0x18,0x40,0x10,0x41,
0x10,0x40,0x10,0x41,0x10,0x40,0x10,0x41,0xbd,0xd1,0xf7,0xfa,0x5a,0x89,0x10,0x61,
0x18,0x41,0x10,0x61,0x18,0xa0,0xff,0xdb,0xff,0xbb,0x18,0xc0,0x18,0x61,0x18,0x81,
0x20,0x61,0x18,0x82,0x20,0x81,0x20,0xa2,0x28,0xa1,0x20,0xc2,0x28,0xa1,0x20,0xa2,
0x28,0xa1,0x28,0xe3,0x30,0xe2,0x31,0x23,0x31,0x02,0x31,0x03,0x39,0x02,0x39,0x43,
0x41,0x43,0x39,0x64,0x49,0x63,0x49,0xa4,0x49,0x83,0x49,0xa4,0x51,0xa4,0x41,0x84,
0x49,0x63,0x41,0x84,0x49,0x63,0x41,0x84,0x93,0xee,0x7b,0x8c,0x51,0xa4,0x51,0xe5,
0x51,0xa4,0x49,0xa4,0x51,0xa4,0x49,0xa4,0x51,0xa4,0x49,0xa4,0x51,0xa4,0x49,0xa4,
0x51,0x84,0x49,0xa4,0x49,0x83,0x49,0x84,0x49,0x84,0x41,0x84,0x41,0x63,0x41,0x64,
0x41,0x43,0x41,0x64,0x41,0x82,0xde,0xd7,0xff,0xf8,0xf7,0xf9,0xff,0xf8,0xf7,0xf9,
0xff,0xf8,0xf7,0xf9,0xff,0xf8,0xf7,0xf9,0xa4,0x6e,0x41,0xc4,0x49,0xa4,0x41,0xa4,
0x49,0xa4,0x41,0xa4,0x41,0x84,0x39,0x84,0x41,0x64,0x39,0x84,0x39,0x63,0x31,0x43,
0x31,0x03,0x29,0x03,0x31,0x03,0x31,0x23,0x31,0x23,0x31,0x44,0x31,0x23,0x29,0x23,
0x28,0xe2,0x20,0xe3,0x28,0xe2,0x29,0x03,0x28,0xe2,0x20,0xe3,0x20,0xa2,0x5a,0xaa,
0x73,0x4c,0x83,0xef,0x62,0xaa,0x94,0x51,0x52,0x48,0x20,0xc2,0x20,0xa2,0x18,0x82,
0x18,0x41,0x10,0x41,0x18,0x41,0x10,0x62,0x18,0x61,0x10,0x82,0x18,0x81,0x18,0xa2,
0x10,0x41,0x10,0x21,0x10,0x41,0x10,0x21,0x10,0x41,0x10,0x21,0x10,0x41,0x10,0x21,
0x08,0x41,0x10,0x21,0x08,0x41,0x10,0x41,0x8c,0x8d,0xff,0xda,0x94,0x70,0x10,0x40,
0x10,0x62,0x18,0x41,0x4a,0x86,0xff,0xda,0xd6,0x97,0x18,0x80,0x18,0x62,0x18,0x61,
0x18,0x82,0x18,0x61,0x18,0x82,0x20,0x81,0x20,0xa2,0x28,0xa2,0x20,0xc3,0x28,0xa2,
0x20,0xc2,0x28,0xc2,0x28,0xe3,0x30,0xe3,0x28,0xe3,0x30,0xc2,0x29,0x03,0x39,0x03,
0x39,0x44,0x41,0x43,0x39,0x44,0x41,0x23,0x39,0x24,0x39,0x23,0x39,0x24,0x41,0x23,
0x39,0x44,0x41,0x43,0x41,0x64,0x49,0x64,0x4a,0x07,0xc5,0x95,0x41,0x64,0x49,0x64,
0x41,0x85,0x49,0x84,0x49,0xa5,0x49,0x84,0x41,0x85,0x49,0x64,0x41,0x64,0x41,0x43,
0x39,0x64,0x41,0x64,0x41,0x84,0x49,0x64,0x41,0x84,0x49,0x64,0x41,0x64,0x41,0x23,
0x39,0x44,0x41,0x44,0x39,0x83,0xa4,0xaf,0xf7,0xf9,0xff,0xf8,0xf7,0xf9,0xff,0xf8,
0xf7,0xf9,0xff,0xf8,0xf7,0xf9,0xf7,0xb8,0x5a,0x88,0x41,0x63,0x39,0x84,0x41,0x64,
0x39,0x64,0x39,0x23,0x31,0x44,0x39,0x43,0x31,0x44,0x31,0x03,0x29,0x03,0x28,0xe3,
0x29,0x03,0x31,0x03,0x31,0x04,0x31,0x03,0x29,0x04,0x28,0xe3,0x20,0xe3,0x28,0xc3,
0x20,0xe3,0x28,0xc2,0x20,0xe3,0x28,0xc2,0x20,0xe3,0x28,0xc2,0x29,0x04,0xac,0xf3,
0x20,0xe3,0xa4,0xd2,0x18,0xa2,0x41,0xa6,0x73,0x8e,0x18,0x82,0x18,0x82,0x18,0x82,
0x18,0x82,0x18,0x61,0x10,0x62,0x10,0x41,0x10,0x41,0x10,0x41,0x10,0x62,0x18,0x61,
0x18,0x41,0x10,0x41,0x18,0x41,0x10,0x41,0x18,0x41,0x10,0x41,0x18,0x41,0x10,0x41,
0x18,0x41,0x10,0x41,0x18,0x41,0x10,0x41,0x39,0xc2,0xf7,0xbb,0xff,0xd9,0x8c,0x8c,
0x4a,0x26,0x6b,0x6b,0xef,0x76,0xf7,0xf9,0x83,0xac,0x10,0x80,0x18,0x61,0x18,0x82,
0x20,0x61,0x18,0x82,0x20,0x81,0x18,0x82,0x20,0x81,0x20,0x82,0x28,0x81,0x20,0xa2,
0x28,0xa1,0x20,0xc2,0x28,0xc2,0x28,0xe2,0x30,0xc2,0x28,0xe3,0x30,0xe2,0x31,0x03,
0x39,0x02,0x39,0x43,0x39,0x23,0x39,0x44,0x39,0x22,0x31,0x23,0x39,0x22,0x31,0x23,
0x39,0x23,0x39,0x64,0x41,0x43,0x41,0x84,0x41,0x84,0x73,0x4b,0xbd,0x95,0x9c,0x92,
0xbd,0x54,0x5a,0x69,0x41,0x43,0x39,0x43,0x41,0x23,0x39,0x43,0x39,0x23,0x39,0x64,
0x41,0x43,0x39,0x43,0x39,0x02,0x39,0x43,0x39,0x23,0x39,0x64,0x41,0x63,0x39,0x64,
0x41,0x63,0x41,0x64,0x41,0x63,0x41,0x84,0xc6,0x52,0xf7,0xf9,0xff,0xf8,0xf7,0xf9,
0xff,0xf8,0xf7,0xf9,0xff,0xb9,0x7b,0xea,0x30,0xe2,0x29,0x03,0x30,0xe2,0x29,0x03,
0x30,0xe2,0x31,0x03,0x39,0x23,0x31,0x44,0x39,0x23,0x31,0x03,0x28,0xe2,0x28,0xe3,
0x29,0x02,0x29,0x03,0x31,0x03,0x29,0x03,0x28,0xe2,0x20,0xe2,0x28,0xc2,0x20,0xe3,
0x28,0xe2,0x29,0x03,0x28,0xe2,0x20,0xe3,0x28,0xc2,0x20,0xc2,0xa4,0x91,0x39,0xa6,
0x28,0xe3,0x62,0xcb,0x94,0x30,0x9c,0xd3,0x39,0x44,0x18,0x82,0x18,0x81,0x18,0xa2,
0x20,0x82,0x18,0x82,0x18,0x41,0x10,0x61,0x18,0x41,0x10,0x61,0x18,0x61,0x10,0x61,
0x10,0x41,0x10,0x21,0x10,0x41,0x10,0x21,0x10,0x41,0x10,0x21,0x10,0x41,0x10,0x21,
0x10,0x41,0x10,0x21,0x10,0x41,0x10,0x21,0x08,0x40,0x73,0x4c,0xf7,0xf9,0xff,0xf8,
0xf7,0xf9,0xff,0xf8,0xf7,0xfa,0xad,0x70,0x10,0x62,0x18,0x61,0x18,0x82,0x18,0x62,
0x18,0x82,0x20,0x61,0x18,0x82,0x20,0x61,0x18,0x82,0x20,0x82,0x18,0x82,0x20,0x81,
0x18,0x82,0x20,0x81,0x20,0xa2,0x28,0xa2,0x20,0xc3,0x28,0xc2,0x28,0xc3,0x28,0xc2,
0x28,0xc3,0x30,0xe3,0x31,0x03,0x31,0x03,0x31,0x23,0x31,0x03,0x31,0x23,0x31,0x03,
0x31,0x03,0x31,0x03,0x31,0x03,0x31,0x03,0x31,0x03,0x31,0x03,0x31,0x03,0x41,0x65,
0x31,0x03,0x31,0x03,0x31,0x03,0x30,0xe2,0x29,0x03,0x31,0x03,0x31,0x03,0x30,0xe3,
0x29,0x03,0x31,0x03,0x31,0x04,0x31,0x03,0x29,0x03,0x30,0xe3,0x31,0x03,0x31,0x03,
0x31,0x23,0x31,0x03,0x31,0x03,0x31,0x03,0x29,0x23,0x83,0xac,0xc6,0x94,0xef,0x98,
0xe7,0x37,0xbd,0xd1,0x52,0x47,0x28,0xc2,0x20,0xe3,0x28,0xc2,0x18,0xa2,0x20,0xa2,
0x20,0xc2,0x28,0xe3,0x29,0x03,0x31,0x03,0x31,0x04,0x31,0x03,0x29,0x03,0x28,0xe3,
0x29,0x03,0x28,0xc2,0x20,0xc3,0x20,0xc2,0x20,0xc3,0x20,0xa2,0x20,0xc3,0x28,0xc2,
0x20,0xe3,0x28,0xc2,0x20,0xc3,0x20,0xa2,0x18,0xc2,0x20,0xa2,0x31,0x44,0x28,0xc2,
0x20,0xe3,0x28,0xc2,0x21,0x03,0x20,0xa2,0x18,0x82,0x18,0x81,0x10,0x82,0x18,0x82,
0x18,0xa3,0x18,0x62,0x10,0x62,0x10,0x41,0x10,0x41,0x10,0x41,0x10,0x62,0x18,0x41,
0x10,0x20,0x10,0x41,0x10,0x20,0x10,0x41,0x10,0x20,0x10,0x41,0x10,0x20,0x10,0x41,
0x18,0x41,0x10,0x41,0x18,0x41,0x10,0x41,0x18,0x41,0x10,0x41,0x41,0xc4,0x9c,0xb0,
0xc6,0x13,0xa5,0x50,0x62,0xc9,0x10,0x60,0x18,0x41,0x10,0x61,0x18,0x61,0x18,0x82,
0x18,0x61,0x18,0x81,0x20,0x81,0x18,0x82,0x20,0x81,0x18,0x82,0x20,0x81,0x20,0xa2,
0x20,0x81,0x18,0xa2,0x20,0xa1,0x20,0xc2,0x28,0xc2,0x28,0xe2,0x30,0xc2,0x28,0xe3,
0x30,0xc2,0x28,0xe3,0x30,0xc2,0x28,0xe3,0x30,0xe2,0x31,0x03,0x30,0xe2,0x31,0x03,
0x30,0xe2,0x29,0x03,0x31,0x02,0x31,0x03,0x30,0xe2,0x28,0xe2,0x28,0xc2,0x28,0xc2,
0x30,0xc2,0x31,0x03,0x30,0xe2,0x29,0x03,0x30,0xe2,0x29,0x03,0x30,0xe2,0x28,0xe3,
0x30,0xe2,0x29,0x03,0x30,0xe2,0x28,0xe3,0x30,0xe2,0x28,0xe3,0x28,0xc2,0x28,0xc2,
0x28,0xc2,0x28,0xc2,0x28,0xc2,0x20,0xc2,0x28,0xa2,0x20,0xc2,0x28,0xa1,0x20,0xc2,
0x20,0xa1,0x20,0xa2,0x28,0xa2,0x28,0xe3,0x30,0xe2,0x28,0xe3,0x28,0xc2,0x28,0xe3,
0x30,0xe2,0x28,0xe3,0x28,0xc2,0x28,0xe3,0x30,0xe2,0x31,0x03,0x31,0x03,0x29,0x23,
0x31,0x03,0x29,0x03,0x28,0xe2,0x20,0xc2,0x20,0xc2,0x20,0xe3,0x28,0xe2,0x29,0x03,
0x29,0x02,0x29,0x03,0x28,0xe2,0x20,0xc2,0x20,0xa2,0x20,0xc2,0x20,0xa2,0x20,0xc3,
0x28,0xc2,0x20,0xc3,0x20,0xa2,0x18,0xa2,0x18,0x61,0x10,0x82,0x18,0x61,0x10,0x61,
0x20,0x82,0x18,0xa2,0x18,0x61,0x10,0x61,0x18,0x61,0x10,0x61,0x18,0x41,0x10,0x61,
0x10,0x41,0x10,0x21,0x10,0x41,0x10,0x21,0x10,0x41,0x10,0x21,0x10,0x41,0x10,0x21,
0x10,0x41,0x10,0x21,0x10,0x41,0x10,0x21,0x10,0x41,0x10,0x21,0x08,0x41,0x10,0x21,
0x08,0x41,0x10,0x41,0x10,0x41,0x10,0x41,0x10,0x41,0x10,0x41,0x10,0x41,0x18,0x41,
0x10,0x61,0x18,0x41,0x10,0x62,0x18,0x61,0x10,0x62,0x18,0x61,0x18,0x82,0x20,0x81,
0x18,0xa2,0x20,0x81,0x20,0xa2,0x28,0xc2,0x28,0xc3,0x28,0xc2,0x28,0xc3,0x28,0xa2,
0x20,0xc3,0x28,0xc2,0x28,0xc3,0x28,0xc2,0x28,0xe3,0x28,0xc2,0x28,0xe3,0x28,0xc2,
0x28,0xe3,0x28,0xc2,0x29,0x03,0x31,0x03,0x31,0x23,0x31,0x02,0x29,0x03,0x30,0xe3,
0x31,0x04,0x31,0x03,0x29,0x03,0x30,0xe3,0x28,0xe3,0x28,0xc2,0x28,0xc3,0x28,0xc2,
0x20,0xe3,0x28,0xc2,0x20,0xc3,0x28,0xc2,0x20,0xc2,0x28,0xc2,0x20,0xa2,0x20,0x81,
0x18,0xa2,0x20,0x81,0x18,0xa2,0x20,0xa2,0x18,0xa2,0x20,0xa2,0x20,0xa2,0x20,0xa2,
0x18,0xa2,0x20,0x81,0x18,0xa2,0x28,0xc2,0x20,0xe3,0x28,0xc2,0x20,0xe3,0x28,0xc2,
0x20,0xc3,0x28,0xc2,0x20,0xc3,0x28,0xc2,0x20,0xc3,0x28,0xc2,0x20,0xc3,0x28,0xc2,
0x20,0xc3,0x20,0xc2,0x20,0xc3,0x28,0xc2,0x20,0xc3,0x28,0xc2,0x20,0xe3,0x20,0xc2,
0x20,0xc2,0x20,0xc2,0x20,0xc3,0x20,0xc2,0x18,0xa3,0x18,0x61,0x10,0x62,0x18,0x61,
0x18,0x82,0x20,0x82,0x18,0xa3,0x20,0x82,0x18,0x82,0x18,0x61,0x10,0x41,0x10,0x41,
0x10,0x62,0x18,0x62,0x18,0x82,0x18,0x61,0x10,0x62,0x10,0x41,0x10,0x62,0x10,0x41,
0x10,0x20,0x10,0x41,0x10,0x20,0x10,0x41,0x10,0x20,0x10,0x41,0x10,0x20,0x10,0x41,
0x10,0x20,0x10,0x41,0x10,0x20,0x10,0x41,0x10,0x20,0x10,0x41,0x10,0x40,0x10,0x41,
0x10,0x40,0x10,0x41,0x10,0x40,0x10,0x41,0x10,0x40,0x10,0x41,0x10,0x40,0x10,0x41,
0x18,0x41,0x10,0x61,0x18,0x41,0x10,0x61,0x18,0x40,0x10,0x61,0x18,0x60,0x18,0x81,
0x18,0x81,0x18,0xa1,0x20,0xa1,0x20,0xc2,0x28,0xa2,0x20,0xc2,0x28,0xa1,0x20,0xa2,
0x28,0xa2,0x20,0xc2,0x28,0xc2,0x28,0xc3,0x28,0xc2,0x28,0xc3,0x28,0xc2,0x28,0xc3,
0x28,0xc2,0x28,0xc2,0x28,0xc2,0x28,0xe3,0x30,0xe2,0x29,0x03,0x30,0xe2,0x29,0x03,
0x31,0x02,0x29,0x03,0x31,0x02,0x31,0x23,0x30,0xe2,0x20,0xc2,0x28,0xa2,0x20,0xc2,
0x28,0xc2,0x20,0xc2,0x20,0xa1,0x20,0xa2,0x20,0x81,0x18,0xa2,0x20,0x81,0x18,0xa2,
0x20,0x81,0x18,0x81,0x20,0x81,0x18,0xa1,0x20,0xa1,0x20,0xc2,0x20,0xa1,0x20,0xc2,
0x20,0xa1,0x18,0xa2,0x20,0x81,0x20,0xc2,0x28,0xc2,0x28,0xe3,0x28,0xc2,0x20,0xe3,
0x28,0xc2,0x20,0xc2,0x20,0xa1,0x20,0xc2,0x20,0xa1,0x18,0xa2,0x18,0x81,0x18,0x82,
0x18,0x61,0x18,0x82,0x20,0xa1,0x20,0xc2,0x28,0xe2,0x20,0xe3,0x28,0xe2,0x20,0xe3,
0x20,0xc2,0x18,0xa2,0x20,0xa2,0x20,0xc2,0x20,0x82,0x10,0x61,0x18,0x40,0x10,0x41,
0x18,0x41,0x10,0x61,0x10,0x40,0x10,0x41,0x10,0x40,0x10,0x41,0x10,0x40,0x10,0x41,
0x10,0x20,0x10,0x41,0x18,0x41,0x10,0x61,0x18,0x41,0x10,0x41,0x10,0x40,0x10,0x41,
0x08,0x21,0x10,0x21,0x08,0x21,0x10,0x21,0x08,0x21,0x10,0x21,0x08,0x21,0x10,0x21,
0x08,0x21,0x10,0x21,0x08,0x41,0x10,0x21,0x08,0x41,0x10,0x21,0x08,0x41,0x10,0x21,
0x08,0x41,0x10,0x21,0x08,0x41,0x10,0x21,0x10,0x41,0x10,0x41,0x08,0x41,0x10,0x21,
0x10,0x41,0x10,0x41,0x10,0x41,0x10,0x41,0x10,0x62,0x18,0x41,0x10,0x62,0x18,0x41,
0x10,0x62,0x18,0x61,0x18,0xa2,0x20,0xa2,0x20,0xa2,0x20,0x82,0x20,0xa2,0x20,0x81,
0x20,0x82,0x20,0x82,0x20,0xa2,0x28,0xa2,0x20,0xc2,0x20,0xa2,0x20,0xc3,0x28,0xa2,
0x20,0xc3,0x28,0xa2,0x20,0xa2,0x28,0xa2,0x20,0xa2,0x20,0xa2,0x18,0xa2,0x20,0x81,
0x18,0x82,0x20,0x81,0x18,0x82,0x20,0x81,0x18,0xa2,0x20,0x81,0x18,0x82,0x20,0x81,
0x18,0xa2,0x20,0x81,0x18,0xa2,0x20,0x81,0x18,0x82,0x20,0x82,0x18,0xa2,0x20,0x81,
0x18,0x82,0x18,0x81,0x18,0x82,0x18,0x61,0x18,0x82,0x18,0x81,0x18,0x82,0x18,0x81,
0x18,0xa2,0x20,0x81,0x18,0x82,0x20,0x81,0x20,0xc3,0x28,0xc2,0x20,0xe3,0x28,0xc3,
0x20,0xc3,0x20,0xa2,0x18,0xa2,0x20,0x81,0x18,0xa2,0x18,0x82,0x18,0x82,0x18,0x61,
0x10,0x82,0x18,0x81,0x18,0x82,0x18,0x82,0x18,0xc2,0x20,0xa2,0x18,0xa3,0x18,0x82,
0x18,0x82,0x18,0x82,0x18,0xa3,0x20,0xa2,0x18,0xa3,0x18,0x62,0x10,0x62,0x10,0x21,
0x08,0x41,0x10,0x21,0x08,0x41,0x10,0x21,0x10,0x41,0x10,0x41,0x10,0x41,0x10,0x41,
0x08,0x41,0x10,0x20,0x08,0x41,0x10,0x21,0x10,0x41,0x10,0x21,0x08,0x41,0x10,0x20,
0x10,0x20,0x08,0x41,0x10,0x20,0x08,0x41,0x10,0x20,0x08,0x41,0x10,0x20,0x08,0x41,
0x10,0x20,0x10,0x41,0x10,0x20,0x10,0x41,0x10,0x20,0x10,0x41,0x10,0x41,0x10,0x41,
0x10,0x41,0x10,0x41,0x10,0x41,0x10,0x41,0x10,0x41,0x10,0x41,0x10,0x41,0x10,0x41,
0x10,0x40,0x10,0x41,0x10,0x40,0x10,0x41,0x18,0x41,0x10,0x61,0x18,0x61,0x10,0x61,
0x18,0x61,0x18,0x81,0x20,0x81,0x18,0x82,0x20,0x81,0x18,0x82,0x20,0x81,0x18,0x82,
0x20,0x81,0x20,0xa2,0x20,0xa1,0x20,0xa2,0x20,0xa1,0x20,0xc2,0x28,0xa2,0x20,0xc2,
0x20,0xa1,0x20,0xc2,0x20,0xa1,0x20,0xa2,0x20,0xa1,0x20,0xa2,0x20,0x81,0x18,0x82,
0x20,0x81,0x18,0x82,0x20,0x81,0x18,0x82,0x20,0x81,0x18,0x82,0x20,0x61,0x18,0x82,
0x20,0x81,0x18,0x82,0x20,0x81,0x18,0x82,0x20,0x81,0x18,0x82,0x20,0x81,0x18,0x82,
0x20,0x81,0x18,0x82,0x20,0x81,0x18,0x82,0x20,0x81,0x18,0x82,0x18,0x81,0x18,0x82,
0x20,0x81,0x18,0xa2,0x20,0xa1,0x20,0xc2,0x20,0xa1,0x20,0xc2,0x28,0xc2,0x20,0xc2,
0x20,0xa1,0x18,0xa1,0x18,0x81,0x10,0x81,0x18,0x61,0x18,0x82,0x18,0x81,0x18,0x82,
0x20,0x81,0x18,0x82,0x18,0x81,0x18,0x82,0x18,0x81,0x18,0x81,0x18,0x61,0x10,0x61,
0x18,0x61,0x10,0x82,0x18,0x61,0x10,0x82,0x18,0x61,0x18,0x82,0x20,0x82,0x18,0xa2,
0x18,0x61,0x10,0x61,0x10,0x40,0x10,0x41,0x10,0x40,0x10,0x41,0x10,0x20,0x10,0x41,
0x10,0x20,0x10,0x41,0x10,0x41,0x10,0x41,0x10,0x41,0x10,0x41,0x10,0x20,0x10,0x41,
0x08,0x21,0x10,0x21,0x08,0x21,0x10,0x21,0x08,0x21,0x10,0x21,0x08,0x21,0x10,0x21,
0x08,0x21,0x10,0x21,0x08,0x41,0x10,0x21,0x08,0x41,0x10,0x21,0x08,0x41,0x10,0x21,
0x08,0x41,0x10,0x21,0x08,0x41,0x10,0x21,0x08,0x41,0x10,0x21,0x08,0x41,0x10,0x21,
0x08,0x41,0x10,0x21,0x08,0x41,0x10,0x41,0x10,0x41,0x10,0x41,0x10,0x61,0x18,0x61,
0x18,0x82,0x18,0x61,0x18,0x82,0x18,0x61,0x18,0x82,0x18,0x61,0x18,0x82,0x18,0x61,
0x18,0x82,0x18,0x61,0x18,0x82,0x20,0x61,0x18,0xa2,0x20,0x82,0x20,0xa2,0x20,0xa2,
0x18,0xa2,0x20,0x82,0x18,0x82,0x20,0x81,0x18,0x82,0x20,0x81,0x18,0x82,0x18,0x61,
0x18,0x82,0x18,0x61,0x18,0x82,0x18,0x61,0x18,0x82,0x18,0x61,0x18,0x82,0x18,0x81,
0x18,0x82,0x18,0x81,0x18,0x82,0x18,0x61,0x18,0x82,0x18,0x61,0x18,0x82,0x18,0x61,
0x18,0x82,0x18,0x61,0x18,0x82,0x18,0x61,0x18,0x82,0x18,0x61,0x10,0x82,0x18,0x61,
0x18,0x82,0x20,0x81,0x18,0xa2,0x20,0xa2,0x20,0xc3,0x28,0xc2,0x20,0xe3,0x28,0xc2,
0x20,0xe3,0x20,0xc2,0x18,0xc2,0x20,0xa2,0x18,0x82,0x18,0x81,0x18,0x82,0x18,0x82,
0x18,0xa2,0x18,0x82,0x18,0x82,0x18,0x61,0x10,0x62,0x18,0x61,0x10,0x62,0x10,0x41,
0x10,0x41,0x10,0x41,0x10,0x41,0x10,0x41,0x10,0x62,0x18,0x41,0x10,0x62,0x18,0x82,
0x18,0x82,0x18,0x62,0x10,0x82,0x18,0x41,0x08,0x41,0x10,0x41,0x08,0x41,0x10,0x21,
0x08,0x41,0x10,0x41,0x10,0x42,0x10,0x41,0x08,0x41,0x10,0x21,0x08,0x41,0x10,0x21,
0x10,0x20,0x08,0x41,0x10,0x20,0x08,0x41,0x10,0x20,0x08,0x41,0x10,0x20,0x08,0x41,
0x10,0x20,0x10,0x41,0x10,0x20,0x10,0x41,0x10,0x20,0x10,0x41,0x10,0x20,0x10,0x41,
0x10,0x20,0x10,0x41,0x10,0x20,0x10,0x41,0x10,0x20,0x10,0x41,0x10,0x41,0x10,0x41,
0x10,0x40,0x10,0x41,0x18,0x41,0x10,0x61,0x18,0x41,0x10,0x61,0x18,0x40,0x10,0x81,
0x18,0x61,0x18,0x81,0x18,0x61,0x18,0x81,0x18,0x61,0x18,0x81,0x18,0x61,0x18,0x81,
0x18,0x61,0x18,0x81,0x18,0x61,0x18,0x82,0x20,0x81,0x20,0xa2,0x20,0xa1,0x20,0xa2,
0x20,0x81,0x18,0xa2,0x20,0x81,0x18,0x81,0x20,0x81,0x18,0x81,0x20,0x81,0x18,0x82,
0x20,0x81,0x18,0x82,0x20,0x81,0x18,0x82,0x18,0x61,0x18,0x81,0x18,0x61,0x18,0x82,
0x20,0x81,0x18,0x82,0x20,0x81,0x18,0x82,0x20,0x81,0x18,0x82,0x20,0x81,0x18,0x82,
0x20,0x81,0x18,0x82,0x20,0x81,0x18,0x82,0x20,0x81,0x18,0x82,0x20,0x81,0x18,0x82,
0x20,0x81,0x18,0xa1,0x20,0x81,0x18,0xa2,0x20,0xa1,0x20,0xc2,0x28,0xc2,0x20,0xc2,
0x28,0xc2,0x20,0xc2,0x28,0xc2,0x20,0xc2,0x20,0x81,0x20,0xa2,0x20,0xa2,0x20,0xc2,
0x20,0xa2,0x18,0xa2,0x18,0x61,0x10,0x61,0x18,0x41,0x10,0x61,0x18,0x41,0x10,0x61,
0x18,0x41,0x10,0x61,0x18,0x41,0x10,0x61,0x18,0x41,0x10,0x61,0x18,0x61,0x18,0x82,
0x18,0x81,0x18,0x82,0x18,0x81,0x18,0x82,0x18,0x61,0x10,0x61,0x10,0x41,0x10,0x41,
0x10,0x20,0x10,0x41,0x10,0x20,0x10,0x41,0x10,0x41,0x10,0x41,0x10,0x41,0x10,0x41,
0x08,0x21,0x10,0x21,0x08,0x21,0x10,0x21,0x08,0x21,0x10,0x21,0x08,0x21,0x10,0x21,
0x08,0x21,0x10,0x21,0x08,0x41,0x10,0x21,0x08,0x41,0x10,0x21,0x08,0x41,0x10,0x21,
0x08,0x41,0x10,0x21,0x08,0x41,0x10,0x21,0x08,0x41,0x10,0x21,0x08,0x41,0x10,0x21,
0x08,0x41,0x10,0x41,0x10,0x41,0x10,0x41,0x10,0x62,0x10,0x41,0x10,0x61,0x18,0x41,
0x10,0x62,0x18,0x61,0x18,0x82,0x18,0x61,0x18,0x82,0x18,0x61,0x10,0x62,0x18,0x61,
0x10,0x62,0x18,0x61,0x18,0x82,0x18,0x81,0x18,0x82,0x20,0x81,0x18,0x82,0x20,0x81,
0x18,0x82,0x18,0x61,0x10,0x81,0x18,0x61,0x18,0x81,0x18,0x61,0x18,0x82,0x18,0x61,
0x18,0x82,0x18,0x61,0x18,0x82,0x18,0x61,0x18,0x82,0x18,0x61,0x18,0x82,0x18,0x61,
0x18,0x82,0x18,0x61,0x18,0x82,0x18,0x81,0x18,0x82,0x18,0x81,0x18,0x82,0x18,0x81,
0x18,0x82,0x18,0x61,0x18,0x82,0x18,0x61,0x18,0x82,0x18,0x61,0x18,0x82,0x18,0x61,
0x18,0x82,0x20,0x81,0x18,0xa2,0x20,0xa2,0x18,0xa2,0x20,0xa2,0x18,0xc2,0x20,0xa2,
0x20,0xc2,0x20,0xa2,0x18,0x82,0x18,0x81,0x10,0x82,0x18,0x61,0x10,0x82,0x18,0x61,
0x10,0x62,0x10,0x41,0x10,0x41,0x10,0x41,0x08,0x41,0x10,0x21,0x08,0x41,0x10,0x21,
0x10,0x41,0x10,0x41,0x10,0x41,0x10,0x41,0x10,0x41,0x10,0x41,0x10,0x62,0x18,0x41,
0x10,0x62,0x10,0x41,0x10,0x62,0x10,0x41,0x10,0x62,0x10,0x41,0x10,0x42,0x10,0x41,
0x08,0x41,0x10,0x21,0x08,0x21,0x10,0x21,0x08,0x41,0x10,0x21,0x08,0x41,0x10,0x41,
0x10,0x20,0x08,0x41,0x10,0x20,0x08,0x41,0x10,0x20,0x08,0x41,0x10,0x20,0x08,0x41,
0x10,0x20,0x10,0x41,0x10,0x20,0x10,0x41,0x10,0x20,0x10,0x41,0x10,0x20,0x10,0x41,
0x10,0x20,0x10,0x41,0x10,0x20,0x10,0x41,0x10,0x20,0x10,0x41,0x10,0x41,0x10,0x41,
0x10,0x40,0x10,0x41,0x10,0x40,0x10,0x41,0x18,0x41,0x10,0x61,0x18,0x61,0x10,0x61,
0x18,0x61,0x18,0x81,0x18,0x61,0x18,0x81,0x18,0x61,0x18,0x82,0x18,0x61,0x18,0x81,
0x18,0x61,0x18,0x81,0x18,0x61,0x18,0x82,0x20,0x81,0x18,0x81,0x20,0x81,0x18,0x81,
0x20,0x81,0x18,0x81,0x18,0x61,0x18,0x82,0x20,0x61,0x18,0x81,0x20,0x81,0x18,0x81,
0x18,0x61,0x18,0x81,0x18,0x61,0x18,0x81,0x18,0x61,0x18,0x82,0x20,0x81,0x18,0x82,
0x20,0x81,0x18,0x82,0x20,0x81,0x18,0x82,0x20,0x81,0x18,0x82,0x20,0x81,0x18,0x81,
0x18,0x61,0x18,0x82,0x20,0x81,0x18,0x82,0x20,0x81,0x18,0x82,0x20,0x81,0x18,0x82,
0x20,0x81,0x18,0xa2,0x20,0x81,0x20,0xc2,0x20,0xa1,0x20,0xc2,0x20,0xa2,0x18,0xa2,
0x20,0x81,0x18,0xa2,0x18,0x81,0x10,0x81,0x18,0x61,0x18,0x81,0x18,0x81,0x18,0x81,
0x18,0x61,0x10,0x61,0x18,0x41,0x10,0x41,0x10,0x20,0x10,0x41,0x10,0x40,0x10,0x41,
0x10,0x40,0x10,0x61,0x18,0x41,0x10,0x82,0x18,0x41,0x10,0x41,0x10,0x40,0x10,0x61,
0x18,0x41,0x10,0x61,0x18,0x41,0x10,0x61,0x18,0x41,0x10,0x41,0x10,0x41,0x10,0x41,
0x10,0x20,0x10,0x41,0x10,0x20,0x10,0x41,0x10,0x41,0x10,0x41,0x10,0x41,0x10,0x62,
0x08,0x21,0x10,0x21,0x08,0x21,0x10,0x21,0x08,0x21,0x10,0x21,0x08,0x21,0x10,0x21,
0x08,0x21,0x10,0x21,0x08,0x41,0x10,0x21,0x08,0x41,0x10,0x21,0x08,0x41,0x10,0x21,
0x08,0x41,0x10,0x21,0x08,0x41,0x10,0x21,0x08,0x41,0x10,0x21,0x08,0x41,0x10,0x21,
0x08,0x41,0x10,0x21,0x10,0x42,0x10,0x41,0x10,0x41,0x10,0x41,0x10,0x62,0x10,0x41,
0x10,0x62,0x18,0x41,0x10,0x62,0x18,0x61,0x10,0x61,0x18,0x41,0x10,0x62,0x18,0x61,
0x18,0x82,0x18,0x61,0x18,0x82,0x18,0x61,0x18,0x82,0x18,0x61,0x10,0x62,0x18,0x61,
0x18,0x82,0x18,0x61,0x18,0x62,0x18,0x41,0x10,0x62,0x18,0x61,0x10,0x62,0x18,0x61,
0x18,0x82,0x18,0x61,0x18,0x82,0x18,0x61,0x18,0x82,0x18,0x81,0x18,0x82,0x18,0x61,
0x18,0x82,0x18,0x81,0x18,0x82,0x18,0x81,0x18,0x82,0x18,0x61,0x18,0x82,0x18,0x61,
0x10,0x62,0x18,0x61,0x18,0x82,0x18,0x61,0x18,0x82,0x18,0x61,0x18,0x82,0x18,0x61,
0x10,0x82,0x18,0x61,0x10,0x82,0x18,0x81,0x18,0xa2,0x18,0x82,0x18,0xa2,0x18,0x81,
0x10,0x82,0x18,0x61,0x10,0x62,0x18,0x61,0x10,0x61,0x18,0x41,0x18,0x82,0x18,0x81,
0x10,0x82,0x18,0x61,0x10,0x62,0x10,0x21,0x08,0x41,0x10,0x41,0x10,0x42,0x10,0x41,
0x08,0x41,0x10,0x21,0x10,0x62,0x18,0x62,0x10,0x62,0x10,0x41,0x10,0x42,0x10,0x41,
0x10,0x62,0x18,0x41,0x10,0x62,0x18,0x41,0x10,0x62,0x10,0x41,0x08,0x41,0x10,0x21,
0x08,0x41,0x10,0x41,0x08,0x41,0x10,0x21,0x08,0x41,0x10,0x41,0x10,0x42,0x10,0x41,
0x10,0x20,0x08,0x41,0x10,0x20,0x08,0x41,0x10,0x20,0x08,0x41,0x10,0x20,0x08,0x41,
0x10,0x20,0x10,0x41,0x10,0x20,0x10,0x41,0x10,0x20,0x10,0x41,0x10,0x20,0x10,0x41,
0x10,0x20,0x10,0x41,0x10,0x20,0x10,0x41,0x10,0x20,0x10,0x41,0x10,0x41,0x10,0x41,
0x10,0x41,0x10,0x41,0x10,0x41,0x10,0x41,0x10,0x40,0x10,0x61,0x18,0x41,0x10,0x61,
0x18,0x41,0x10,0x61,0x18,0x61,0x10,0x61,0x18,0x41,0x18,0x61,0x18,0x61,0x18,0x81,
0x18,0x61,0x18,0x81,0x18,0x61,0x18,0x82,0x20,0x81,0x18,0x82,0x18,0x61,0x18,0x81,
0x18,0x61,0x18,0x81,0x18,0x61,0x18,0x81,0x18,0x61,0x18,0x81,0x20,0x81,0x18,0x82,
0x20,0x81,0x18,0x82,0x18,0x61,0x18,0x81,0x18,0x61,0x18,0x82,0x18,0x61,0x18,0x61,
0x20,0x81,0x18,0x82,0x20,0x81,0x18,0x82,0x20,0x81,0x18,0x82,0x20,0x81,0x18,0x82,
0x18,0x61,0x18,0x82,0x20,0x81,0x18,0x82,0x20,0x81,0x18,0x82,0x20,0x81,0x18,0x82,
0x18,0x81,0x18,0x82,0x18,0x81,0x18,0x82,0x18,0x81,0x18,0xa2,0x18,0x81,0x18,0x82,
0x18,0x81,0x18,0x82,0x18,0x81,0x18,0x82,0x18,0x61,0x10,0x81,0x18,0x81,0x18,0x82,
0x18,0x61,0x18,0x82,0x18,0x61,0x10,0x61,0x10,0x41,0x10,0x41,0x10,0x41,0x10,0x41,
0x10,0x41,0x10,0x41,0x10,0x20,0x10,0x41,0x10,0x41,0x10,0x41,0x10,0x41,0x10,0x41,
0x10,0x41,0x10,0x61,0x10,0x41,0x10,0x41,0x18,0x41,0x10,0x61,0x10,0x41,0x10,0x41,
0x10,0x20,0x10,0x41,0x10,0x20,0x10,0x41,0x10,0x41,0x10,0x62,0x18,0x41,0x10,0x41,
0x08,0x21,0x10,0x21,0x08,0x21,0x10,0x21,0x08,0x21,0x10,0x21,0x08,0x21,0x10,0x21,
0x08,0x21,0x10,0x21,0x08,0x41,0x10,0x21,0x08,0x41,0x10,0x21,0x08,0x41,0x10,0x21,
0x08,0x41,0x10,0x21,0x08,0x41,0x10,0x21,0x08,0x41,0x10,0x21,0x08,0x41,0x10,0x21,
0x08,0x41,0x10,0x21,0x10,0x42,0x10,0x41,0x10,0x41,0x10,0x41,0x10,0x41,0x10,0x41,
0x10,0x41,0x10,0x41,0x10,0x62,0x10,0x41,0x10,0x62,0x18,0x61,0x10,0x62,0x18,0x61,
0x10,0x62,0x18,0x61,0x18,0x82,0x18,0x61,0x18,0x82,0x18,0x61,0x18,0x82,0x18,0x61,
0x18,0x82,0x18,0x61,0x18,0x82,0x18,0x61,0x18,0x82,0x18,0x61,0x18,0x82,0x18,0x81,
0x18,0x82,0x18,0x81,0x18,0x82,0x18,0x61,0x18,0x82,0x18,0x61,0x18,0x82,0x18,0x61,
0x18,0x82,0x18,0x61,0x18,0x82,0x18,0x61,0x18,0x82,0x18,0x61,0x18,0x82,0x18,0x61,
0x10,0x61,0x18,0x61,0x10,0x61,0x18,0x61,0x10,0x62,0x18,0x61,0x10,0x62,0x18,0x61,
0x10,0x62,0x18,0x61,0x10,0x82,0x18,0x61,0x10,0x82,0x18,0x81,0x10,0x82,0x18,0x81,
0x18,0x82,0x18,0x81,0x18,0x82,0x18,0x82,0x18,0x82,0x18,0x81,0x18,0x82,0x18,0x61,
0x10,0x62,0x18,0x41,0x10,0x62,0x10,0x41,0x10,0x62,0x18,0x41,0x10,0x62,0x10,0x41,
0x10,0x42,0x10,0x21,0x08,0x41,0x10,0x21,0x08,0x41,0x10,0x21,0x08,0x41,0x10,0x21,
0x08,0x41,0x10,0x21,0x10,0x42,0x10,0x41,0x10,0x42,0x10,0x41,0x10,0x42,0x10,0x41,
0x08,0x41,0x10,0x21,0x08,0x41,0x10,0x41,0x10,0x42,0x10,0x41,0x08,0x41,0x10,0x21
};

#endif

